evidence_block,grain,item,item_2,item_3,rank_label,rank_value,inspections,establishments,violations,critical_violations,serious_violations,minor_violations,total_fine,pass_count,conditional_count,fail_count,issue_rate_pct,avg_violations_per_inspection,avg_fine_per_inspection,notes
inspection_type_baseline,inspection_type,Canvass,,,inspection_volume_rank,1.0,76656,24776,246225,12997,21747,211481,33083350.0,39817,8296,12688,27.3742,3.2121,431.582,Establish the volume and outcome baseline for each inspection type.
inspection_type_baseline,inspection_type,License,,,inspection_volume_rank,2.0,18207,14980,45104,4266,6262,34576,7156100.0,9979,354,6952,40.1274,2.4773,393.0411,Establish the volume and outcome baseline for each inspection type.
inspection_type_baseline,inspection_type,Canvass Re-Inspection,,,inspection_volume_rank,3.0,14391,8516,77832,3291,16489,58052,5010100.0,12426,935,823,12.216,5.4084,348.1412,Establish the volume and outcome baseline for each inspection type.
inspection_type_baseline,inspection_type,Complaint,,,inspection_volume_rank,4.0,12821,6795,62045,5207,7139,49699,9358150.0,6069,2188,4162,49.5281,4.8393,729.908,Establish the volume and outcome baseline for each inspection type.
inspection_type_baseline,inspection_type,License Re-Inspection,,,inspection_volume_rank,5.0,6804,5804,32842,4401,6721,21720,1707950.0,5799,77,886,14.1534,4.8269,251.0215,Establish the volume and outcome baseline for each inspection type.
inspection_type_baseline,inspection_type,Short Form Complaint,,,inspection_volume_rank,6.0,5498,3196,18104,650,1410,16044,2281900.0,3987,728,709,26.1368,3.2928,415.0418,Establish the volume and outcome baseline for each inspection type.
inspection_type_baseline,inspection_type,Complaint Re-Inspection,,,inspection_volume_rank,7.0,5270,3288,30495,1552,6493,22450,2063300.0,4344,438,433,16.5275,5.7865,391.518,Establish the volume and outcome baseline for each inspection type.
inspection_type_baseline,inspection_type,Suspected Food Poisoning,,,inspection_volume_rank,8.0,682,620,3252,382,294,2576,522100.0,346,162,170,48.6804,4.7683,765.5425,Establish the volume and outcome baseline for each inspection type.
inspection_type_baseline,inspection_type,Consultation,,,inspection_volume_rank,9.0,641,585,1715,93,171,1451,234350.0,406,120,102,34.6334,2.6755,365.6006,Establish the volume and outcome baseline for each inspection type.
inspection_type_baseline,inspection_type,License-Task Force,,,inspection_volume_rank,10.0,605,590,1634,209,294,1131,291100.0,236,0,367,60.6612,2.7008,481.157,Establish the volume and outcome baseline for each inspection type.
inspection_type_baseline,inspection_type,Tag Removal,,,inspection_volume_rank,11.0,602,549,2471,163,123,2185,330750.0,406,169,27,32.5581,4.1047,549.4186,Establish the volume and outcome baseline for each inspection type.
inspection_type_baseline,inspection_type,Out of Business,,,inspection_volume_rank,12.0,284,282,0,0,0,0,0.0,167,0,112,39.4366,0.0,0.0,Establish the volume and outcome baseline for each inspection type.
inspection_type_baseline,inspection_type,Task Force Liquor 1475,,,inspection_volume_rank,13.0,253,239,423,56,50,317,72200.0,120,0,133,52.5692,1.6719,285.3755,Establish the volume and outcome baseline for each inspection type.
inspection_type_baseline,inspection_type,Recent Inspection,,,inspection_volume_rank,14.0,192,185,587,28,47,512,76950.0,117,54,16,36.4583,3.0573,400.7813,Establish the volume and outcome baseline for each inspection type.
inspection_type_baseline,inspection_type,Complaint-Fire,,,inspection_volume_rank,15.0,160,147,598,26,58,514,78900.0,83,12,59,44.375,3.7375,493.125,Establish the volume and outcome baseline for each inspection type.
inspection_type_baseline,inspection_type,Suspected Food Poisoning Re-inspection,,,inspection_volume_rank,16.0,160,143,925,41,184,700,77400.0,140,9,11,12.5,5.7813,483.75,Establish the volume and outcome baseline for each inspection type.
inspection_type_baseline,inspection_type,Short Form Fire-Complaint,,,inspection_volume_rank,17.0,113,110,290,4,12,274,25450.0,68,4,32,31.8584,2.5664,225.2212,Establish the volume and outcome baseline for each inspection type.
inspection_type_baseline,inspection_type,No Entry,,,inspection_volume_rank,18.0,60,57,14,0,1,13,1550.0,31,0,29,48.3333,0.2333,25.8333,Establish the volume and outcome baseline for each inspection type.
inspection_type_baseline,inspection_type,Complaint-Fire Re-inspection,,,inspection_volume_rank,19.0,44,38,279,16,67,196,23000.0,35,2,6,18.1818,6.3409,522.7273,Establish the volume and outcome baseline for each inspection type.
inspection_type_baseline,inspection_type,Package Liquor 1474,,,inspection_volume_rank,20.0,44,43,39,3,6,30,6000.0,28,0,16,36.3636,0.8864,136.3636,Establish the volume and outcome baseline for each inspection type.
inspection_type_baseline,inspection_type,Special Events (Festivals),,,inspection_volume_rank,21.0,31,26,128,8,5,115,16750.0,26,1,4,16.129,4.129,540.3226,Establish the volume and outcome baseline for each inspection type.
inspection_type_baseline,inspection_type,OUT OF BUSINESS,,,inspection_volume_rank,22.0,22,22,0,0,0,0,0.0,0,0,8,36.3636,0.0,0.0,Establish the volume and outcome baseline for each inspection type.
inspection_type_baseline,inspection_type,LICENSE REQUEST,,,inspection_volume_rank,23.0,19,19,0,0,0,0,0.0,0,0,4,21.0526,0.0,0.0,Establish the volume and outcome baseline for each inspection type.
inspection_type_baseline,inspection_type,Not Ready,,,inspection_volume_rank,24.0,10,10,0,0,0,0,0.0,0,0,6,60.0,0.0,0.0,Establish the volume and outcome baseline for each inspection type.
inspection_type_baseline,inspection_type,Non-Inspection,,,inspection_volume_rank,25.0,9,9,20,0,5,15,2750.0,1,2,6,88.8889,2.2222,305.5556,Establish the volume and outcome baseline for each inspection type.
inspection_type_baseline,inspection_type,Pre-License Consultation,,,inspection_volume_rank,26.0,9,9,15,2,2,11,2400.0,3,0,6,66.6667,1.6667,266.6667,Establish the volume and outcome baseline for each inspection type.
inspection_type_baseline,inspection_type,NO ENTRY,,,inspection_volume_rank,27.0,7,7,0,0,0,0,0.0,1,0,6,85.7143,0.0,0.0,Establish the volume and outcome baseline for each inspection type.
inspection_type_baseline,inspection_type,SFP,,,inspection_volume_rank,28.0,4,4,17,7,1,9,4650.0,0,3,1,100.0,4.25,1162.5,Establish the volume and outcome baseline for each inspection type.
inspection_type_baseline,inspection_type,SFP/COMPLAINT,,,inspection_volume_rank,29.0,4,4,23,4,3,16,4350.0,2,1,1,50.0,5.75,1087.5,Establish the volume and outcome baseline for each inspection type.
inspection_type_baseline,inspection_type,no entry,,,inspection_volume_rank,30.0,4,4,0,0,0,0,0.0,0,0,4,100.0,0.0,0.0,Establish the volume and outcome baseline for each inspection type.
inspection_type_baseline,inspection_type,Illegal Operation,,,inspection_volume_rank,31.0,2,2,2,2,0,0,1000.0,1,1,0,50.0,1.0,500.0,Establish the volume and outcome baseline for each inspection type.
inspection_type_baseline,inspection_type,LICENSE CONSULTATION,,,inspection_volume_rank,32.0,2,2,0,0,0,0,0.0,2,0,0,0.0,0.0,0.0,Establish the volume and outcome baseline for each inspection type.
inspection_type_baseline,inspection_type,LICENSE RENEWAL FOR DAYCARE,,,inspection_volume_rank,33.0,2,2,5,2,0,3,1300.0,1,1,0,50.0,2.5,650.0,Establish the volume and outcome baseline for each inspection type.
inspection_type_baseline,inspection_type,LICENSE/NOT READY,,,inspection_volume_rank,34.0,2,2,0,0,0,0,0.0,0,0,2,100.0,0.0,0.0,Establish the volume and outcome baseline for each inspection type.
inspection_type_baseline,inspection_type,REINSPECTION,,,inspection_volume_rank,35.0,2,2,7,0,2,5,1000.0,2,0,0,0.0,3.5,500.0,Establish the volume and outcome baseline for each inspection type.
inspection_type_baseline,inspection_type,REINSPECTION OF 48 HOUR NOTICE,,,inspection_volume_rank,36.0,2,2,19,3,1,15,3250.0,0,0,2,100.0,9.5,1625.0,Establish the volume and outcome baseline for each inspection type.
inspection_type_baseline,inspection_type,SPECIAL TASK FORCE,,,inspection_volume_rank,37.0,2,2,7,0,5,2,1450.0,0,0,2,100.0,3.5,725.0,Establish the volume and outcome baseline for each inspection type.
inspection_type_baseline,inspection_type,TASK FORCE LIQUOR 1470,,,inspection_volume_rank,38.0,2,2,0,0,0,0,0.0,1,0,1,50.0,0.0,0.0,Establish the volume and outcome baseline for each inspection type.
inspection_type_baseline,inspection_type,TASK FORCE LIQUOR 1474,,,inspection_volume_rank,39.0,2,2,9,0,1,8,1050.0,1,0,1,50.0,4.5,525.0,Establish the volume and outcome baseline for each inspection type.
inspection_type_baseline,inspection_type,task force,,,inspection_volume_rank,40.0,2,2,5,0,1,4,650.0,2,0,0,0.0,2.5,325.0,Establish the volume and outcome baseline for each inspection type.
inspection_type_baseline,inspection_type,1315 license reinspection,,,inspection_volume_rank,41.0,1,1,5,4,1,0,2250.0,0,0,1,100.0,5.0,2250.0,Establish the volume and outcome baseline for each inspection type.
inspection_type_baseline,inspection_type,ADDENDUM,,,inspection_volume_rank,42.0,1,1,0,0,0,0,0.0,1,0,0,0.0,0.0,0.0,Establish the volume and outcome baseline for each inspection type.
inspection_type_baseline,inspection_type,Business Not Located,,,inspection_volume_rank,43.0,1,1,0,0,0,0,0.0,0,0,1,100.0,0.0,0.0,Establish the volume and outcome baseline for each inspection type.
inspection_type_baseline,inspection_type,CANVAS,,,inspection_volume_rank,44.0,1,1,4,0,0,4,400.0,1,0,0,0.0,4.0,400.0,Establish the volume and outcome baseline for each inspection type.
inspection_type_baseline,inspection_type,CANVASS,,,inspection_volume_rank,45.0,1,1,0,0,0,0,0.0,0,0,0,0.0,0.0,0.0,Establish the volume and outcome baseline for each inspection type.
inspection_type_baseline,inspection_type,CANVASS FOR RIB FEST,,,inspection_volume_rank,46.0,1,1,3,0,0,3,300.0,1,0,0,0.0,3.0,300.0,Establish the volume and outcome baseline for each inspection type.
inspection_type_baseline,inspection_type,CANVASS RE INSPECTION OF CLOSE UP,,,inspection_volume_rank,47.0,1,1,4,1,1,2,950.0,1,0,0,0.0,4.0,950.0,Establish the volume and outcome baseline for each inspection type.
inspection_type_baseline,inspection_type,CANVASS SCHOOL/SPECIAL EVENT,,,inspection_volume_rank,48.0,1,1,1,0,0,1,100.0,1,0,0,0.0,1.0,100.0,Establish the volume and outcome baseline for each inspection type.
inspection_type_baseline,inspection_type,CANVASS SPECIAL EVENTS,,,inspection_volume_rank,49.0,1,1,3,0,0,3,300.0,1,0,0,0.0,3.0,300.0,Establish the volume and outcome baseline for each inspection type.
inspection_type_baseline,inspection_type,CANVASS/SPECIAL EVENT,,,inspection_volume_rank,50.0,1,1,5,0,0,5,500.0,1,0,0,0.0,5.0,500.0,Establish the volume and outcome baseline for each inspection type.
inspection_type_baseline,inspection_type,CHANGED COURT DATE,,,inspection_volume_rank,51.0,1,1,0,0,0,0,0.0,1,0,0,0.0,0.0,0.0,Establish the volume and outcome baseline for each inspection type.
inspection_type_baseline,inspection_type,CITF,,,inspection_volume_rank,52.0,1,1,1,0,0,1,100.0,1,0,0,0.0,1.0,100.0,Establish the volume and outcome baseline for each inspection type.
inspection_type_baseline,inspection_type,CLOSE-UP/COMPLAINT REINSPECTION,,,inspection_volume_rank,53.0,1,1,9,1,2,6,1600.0,1,0,0,0.0,9.0,1600.0,Establish the volume and outcome baseline for each inspection type.
inspection_type_baseline,inspection_type,CORRECTIVE ACTION,,,inspection_volume_rank,54.0,1,1,0,0,0,0,0.0,0,1,0,100.0,0.0,0.0,Establish the volume and outcome baseline for each inspection type.
inspection_type_baseline,inspection_type,DAY CARE LICENSE RENEWAL,,,inspection_volume_rank,55.0,1,1,3,0,0,3,300.0,1,0,0,0.0,3.0,300.0,Establish the volume and outcome baseline for each inspection type.
inspection_type_baseline,inspection_type,Duplicated,,,inspection_volume_rank,56.0,1,1,0,0,0,0,0.0,0,0,1,100.0,0.0,0.0,Establish the volume and outcome baseline for each inspection type.
inspection_type_baseline,inspection_type,FIRE,,,inspection_volume_rank,57.0,1,1,0,0,0,0,0.0,0,0,0,0.0,0.0,0.0,Establish the volume and outcome baseline for each inspection type.
inspection_type_baseline,inspection_type,FIRE/COMPLAIN,,,inspection_volume_rank,58.0,1,1,5,1,2,2,1200.0,0,0,1,100.0,5.0,1200.0,Establish the volume and outcome baseline for each inspection type.
inspection_type_baseline,inspection_type,HACCP QUESTIONAIRE,,,inspection_volume_rank,59.0,1,1,0,0,0,0,0.0,1,0,0,0.0,0.0,0.0,Establish the volume and outcome baseline for each inspection type.
inspection_type_baseline,inspection_type,KITCHEN CLOSED FOR RENOVATION,,,inspection_volume_rank,60.0,1,1,0,0,0,0,0.0,0,0,0,0.0,0.0,0.0,Establish the volume and outcome baseline for each inspection type.
inspection_type_baseline,inspection_type,Kids Cafe',,,inspection_volume_rank,61.0,1,1,0,0,0,0,0.0,1,0,0,0.0,0.0,0.0,Establish the volume and outcome baseline for each inspection type.
inspection_type_baseline,inspection_type,LICENSE,,,inspection_volume_rank,62.0,1,1,0,0,0,0,0.0,1,0,0,0.0,0.0,0.0,Establish the volume and outcome baseline for each inspection type.
inspection_type_baseline,inspection_type,LICENSE CANCELED BY OWNER,,,inspection_volume_rank,63.0,1,1,0,0,0,0,0.0,0,0,0,0.0,0.0,0.0,Establish the volume and outcome baseline for each inspection type.
inspection_type_baseline,inspection_type,LICENSE DAYCARE 1586,,,inspection_volume_rank,64.0,1,1,5,0,0,5,500.0,1,0,0,0.0,5.0,500.0,Establish the volume and outcome baseline for each inspection type.
inspection_type_baseline,inspection_type,LICENSE RENEWAL INSPECTION FOR DAYCARE,,,inspection_volume_rank,65.0,1,1,2,0,0,2,200.0,1,0,0,0.0,2.0,200.0,Establish the volume and outcome baseline for each inspection type.
inspection_type_baseline,inspection_type,LICENSE TASK FORCE / NOT -FOR-PROFIT CLU,,,inspection_volume_rank,66.0,1,1,0,0,0,0,0.0,1,0,0,0.0,0.0,0.0,Establish the volume and outcome baseline for each inspection type.
inspection_type_baseline,inspection_type,LICENSE TASK FORCE / NOT -FOR-PROFIT CLUB,,,inspection_volume_rank,67.0,1,1,0,0,0,0,0.0,1,0,0,0.0,0.0,0.0,Establish the volume and outcome baseline for each inspection type.
inspection_type_baseline,inspection_type,LICENSE WRONG ADDRESS,,,inspection_volume_rank,68.0,1,1,0,0,0,0,0.0,0,0,1,100.0,0.0,0.0,Establish the volume and outcome baseline for each inspection type.
inspection_type_baseline,inspection_type,LIQOUR TASK FORCE NOT READY,,,inspection_volume_rank,69.0,1,1,0,0,0,0,0.0,0,0,1,100.0,0.0,0.0,Establish the volume and outcome baseline for each inspection type.
inspection_type_baseline,inspection_type,LIQUOR CATERING,,,inspection_volume_rank,70.0,1,1,6,1,0,5,1000.0,0,0,1,100.0,6.0,1000.0,Establish the volume and outcome baseline for each inspection type.
inspection_type_baseline,inspection_type,License consultation,,,inspection_volume_rank,71.0,1,1,0,0,0,0,0.0,1,0,0,0.0,0.0,0.0,Establish the volume and outcome baseline for each inspection type.
inspection_type_baseline,inspection_type,NO ENTRY-SHORT COMPLAINT),,,inspection_volume_rank,72.0,1,1,0,0,0,0,0.0,0,0,1,100.0,0.0,0.0,Establish the volume and outcome baseline for each inspection type.
inspection_type_baseline,inspection_type,No entry,,,inspection_volume_rank,73.0,1,1,12,1,2,9,1900.0,0,0,1,100.0,12.0,1900.0,Establish the volume and outcome baseline for each inspection type.
inspection_type_baseline,inspection_type,O.B.,,,inspection_volume_rank,74.0,1,1,0,0,0,0,0.0,0,0,0,0.0,0.0,0.0,Establish the volume and outcome baseline for each inspection type.
inspection_type_baseline,inspection_type,POSSIBLE FBI,,,inspection_volume_rank,75.0,1,1,6,0,0,6,600.0,1,0,0,0.0,6.0,600.0,Establish the volume and outcome baseline for each inspection type.
inspection_type_baseline,inspection_type,RE-INSPECTION OF CLOSE-UP,,,inspection_volume_rank,76.0,1,1,9,3,0,6,500.0,0,0,1,100.0,9.0,500.0,Establish the volume and outcome baseline for each inspection type.
inspection_type_baseline,inspection_type,RECALL INSPECTION,,,inspection_volume_rank,77.0,1,1,0,0,0,0,0.0,0,0,1,100.0,0.0,0.0,Establish the volume and outcome baseline for each inspection type.
inspection_type_baseline,inspection_type,SFP RECENTLY INSPECTED,,,inspection_volume_rank,78.0,1,1,0,0,0,0,0.0,1,0,0,0.0,0.0,0.0,Establish the volume and outcome baseline for each inspection type.
inspection_type_baseline,inspection_type,SFP/Complaint,,,inspection_volume_rank,79.0,1,1,9,2,2,5,2000.0,0,0,1,100.0,9.0,2000.0,Establish the volume and outcome baseline for each inspection type.
inspection_type_baseline,inspection_type,SMOKING COMPLAINT,,,inspection_volume_rank,80.0,1,1,4,0,0,4,400.0,1,0,0,0.0,4.0,400.0,Establish the volume and outcome baseline for each inspection type.
inspection_type_baseline,inspection_type,Sample Collection,,,inspection_volume_rank,81.0,1,1,0,0,0,0,0.0,0,1,0,100.0,0.0,0.0,Establish the volume and outcome baseline for each inspection type.
inspection_type_baseline,inspection_type,Special Task Force,,,inspection_volume_rank,82.0,1,1,3,1,1,1,850.0,0,1,0,100.0,3.0,850.0,Establish the volume and outcome baseline for each inspection type.
inspection_type_baseline,inspection_type,Summer Feeding,,,inspection_volume_rank,83.0,1,1,0,0,0,0,0.0,1,0,0,0.0,0.0,0.0,Establish the volume and outcome baseline for each inspection type.
inspection_type_baseline,inspection_type,TASK FORCE LIQUOR (1481),,,inspection_volume_rank,84.0,1,1,0,0,0,0,0.0,1,0,0,0.0,0.0,0.0,Establish the volume and outcome baseline for each inspection type.
inspection_type_baseline,inspection_type,TASK FORCE NIGHT,,,inspection_volume_rank,85.0,1,1,7,1,3,3,1550.0,0,0,1,100.0,7.0,1550.0,Establish the volume and outcome baseline for each inspection type.
inspection_type_baseline,inspection_type,TASK FORCE NOT READY,,,inspection_volume_rank,86.0,1,1,0,0,0,0,0.0,0,0,1,100.0,0.0,0.0,Establish the volume and outcome baseline for each inspection type.
inspection_type_baseline,inspection_type,TASK FORCE PACKAGE GOODS 1474,,,inspection_volume_rank,87.0,1,1,0,0,0,0,0.0,1,0,0,0.0,0.0,0.0,Establish the volume and outcome baseline for each inspection type.
inspection_type_baseline,inspection_type,TASK FORCE PACKAGE LIQUOR,,,inspection_volume_rank,88.0,1,1,5,0,2,3,800.0,0,0,1,100.0,5.0,800.0,Establish the volume and outcome baseline for each inspection type.
inspection_type_baseline,inspection_type,TASKFORCE,,,inspection_volume_rank,89.0,1,1,10,2,2,6,2100.0,0,0,1,100.0,10.0,2100.0,Establish the volume and outcome baseline for each inspection type.
inspection_type_baseline,inspection_type,TASTE OF CHICAGO,,,inspection_volume_rank,90.0,1,1,0,0,0,0,0.0,1,0,0,0.0,0.0,0.0,Establish the volume and outcome baseline for each inspection type.
inspection_type_baseline,inspection_type,TAVERN 1470,,,inspection_volume_rank,91.0,1,1,2,1,1,0,750.0,0,0,1,100.0,2.0,750.0,Establish the volume and outcome baseline for each inspection type.
inspection_type_baseline,inspection_type,TWO PEOPLE ATE AND GOT SICK.,,,inspection_volume_rank,92.0,1,1,5,0,2,3,800.0,0,0,1,100.0,5.0,800.0,Establish the volume and outcome baseline for each inspection type.
inspection_type_baseline,inspection_type,Task Force Liquor Catering,,,inspection_volume_rank,93.0,1,1,0,0,0,0,0.0,1,0,0,0.0,0.0,0.0,Establish the volume and outcome baseline for each inspection type.
inspection_type_baseline,inspection_type,Task Force for liquor 1474,,,inspection_volume_rank,94.0,1,1,0,0,0,0,0.0,0,0,1,100.0,0.0,0.0,Establish the volume and outcome baseline for each inspection type.
inspection_type_baseline,inspection_type,Task force liquor inspection 1474,,,inspection_volume_rank,95.0,1,1,0,0,0,0,0.0,1,0,0,0.0,0.0,0.0,Establish the volume and outcome baseline for each inspection type.
inspection_type_baseline,inspection_type,citation re-issued,,,inspection_volume_rank,96.0,1,1,0,0,0,0,0.0,1,0,0,0.0,0.0,0.0,Establish the volume and outcome baseline for each inspection type.
inspection_type_baseline,inspection_type,error save,,,inspection_volume_rank,97.0,1,1,0,0,0,0,0.0,1,0,0,0.0,0.0,0.0,Establish the volume and outcome baseline for each inspection type.
inspection_type_baseline,inspection_type,expansion,,,inspection_volume_rank,98.0,1,1,2,0,0,2,200.0,1,0,0,0.0,2.0,200.0,Establish the volume and outcome baseline for each inspection type.
inspection_type_baseline,inspection_type,finish complaint inspection from 5-18-10,,,inspection_volume_rank,99.0,1,1,0,0,0,0,0.0,0,0,1,100.0,0.0,0.0,Establish the volume and outcome baseline for each inspection type.
inspection_type_baseline,inspection_type,fire complaint,,,inspection_volume_rank,100.0,1,1,0,0,0,0,0.0,1,0,0,0.0,0.0,0.0,Establish the volume and outcome baseline for each inspection type.
inspection_type_baseline,inspection_type,license,,,inspection_volume_rank,101.0,1,1,0,0,0,0,0.0,1,0,0,0.0,0.0,0.0,Establish the volume and outcome baseline for each inspection type.
inspection_type_baseline,inspection_type,license task 1474,,,inspection_volume_rank,102.0,1,1,0,0,0,0,0.0,1,0,0,0.0,0.0,0.0,Establish the volume and outcome baseline for each inspection type.
inspection_type_baseline,inspection_type,out ofbusiness,,,inspection_volume_rank,103.0,1,1,0,0,0,0,0.0,0,0,1,100.0,0.0,0.0,Establish the volume and outcome baseline for each inspection type.
inspection_type_baseline,inspection_type,sfp/complaint,,,inspection_volume_rank,104.0,1,1,6,0,0,6,600.0,1,0,0,0.0,6.0,600.0,Establish the volume and outcome baseline for each inspection type.
inspection_type_baseline,inspection_type,task force(1470) liquor tavern,,,inspection_volume_rank,105.0,1,1,7,2,1,4,1650.0,0,0,1,100.0,7.0,1650.0,Establish the volume and outcome baseline for each inspection type.
inspection_type_baseline,inspection_type,,,,inspection_volume_rank,106.0,1,1,2,0,2,0,500.0,1,0,0,0.0,2.0,500.0,Establish the volume and outcome baseline for each inspection type.
inspection_type_result_profile,inspection_type_result,CANVASS RE INSPECTION OF CLOSE UP,pass,,result_rank_within_type,1.0,1,1,4,1,1,2,950.0,1,0,0,0.0,4.0,950.0,Separate high-volume inspection types from weak-outcome inspection types.
inspection_type_result_profile,inspection_type_result,Consultation,pass,,result_rank_within_type,1.0,406,383,926,29,46,851,111100.0,406,0,0,0.0,2.2808,273.6453,Separate high-volume inspection types from weak-outcome inspection types.
inspection_type_result_profile,inspection_type_result,Consultation,conditional_pass,,result_rank_within_type,2.0,120,117,442,33,44,365,64000.0,0,120,0,100.0,3.6833,533.3333,Separate high-volume inspection types from weak-outcome inspection types.
inspection_type_result_profile,inspection_type_result,Consultation,fail,,result_rank_within_type,3.0,102,96,324,26,76,222,54200.0,0,0,102,100.0,3.1765,531.3725,Separate high-volume inspection types from weak-outcome inspection types.
inspection_type_result_profile,inspection_type_result,Consultation,other_result,,result_rank_within_type,4.0,13,13,23,5,5,13,5050.0,0,0,0,0.0,1.7692,388.4615,Separate high-volume inspection types from weak-outcome inspection types.
inspection_type_result_profile,inspection_type_result,LIQOUR TASK FORCE NOT READY,fail,,result_rank_within_type,1.0,1,1,0,0,0,0,0.0,0,0,1,100.0,0.0,0.0,Separate high-volume inspection types from weak-outcome inspection types.
inspection_type_result_profile,inspection_type_result,SFP/Complaint,fail,,result_rank_within_type,1.0,1,1,9,2,2,5,2000.0,0,0,1,100.0,9.0,2000.0,Separate high-volume inspection types from weak-outcome inspection types.
inspection_type_result_profile,inspection_type_result,TWO PEOPLE ATE AND GOT SICK.,fail,,result_rank_within_type,1.0,1,1,5,0,2,3,800.0,0,0,1,100.0,5.0,800.0,Separate high-volume inspection types from weak-outcome inspection types.
inspection_type_result_profile,inspection_type_result,expansion,pass,,result_rank_within_type,1.0,1,1,2,0,0,2,200.0,1,0,0,0.0,2.0,200.0,Separate high-volume inspection types from weak-outcome inspection types.
inspection_type_result_profile,inspection_type_result,LICENSE TASK FORCE / NOT -FOR-PROFIT CLUB,pass,,result_rank_within_type,1.0,1,1,0,0,0,0,0.0,1,0,0,0.0,0.0,0.0,Separate high-volume inspection types from weak-outcome inspection types.
inspection_type_result_profile,inspection_type_result,License-Task Force,fail,,result_rank_within_type,1.0,367,359,1556,209,294,1053,283300.0,0,0,367,100.0,4.2398,771.9346,Separate high-volume inspection types from weak-outcome inspection types.
inspection_type_result_profile,inspection_type_result,License-Task Force,pass,,result_rank_within_type,2.0,236,236,78,0,0,78,7800.0,236,0,0,0.0,0.3305,33.0508,Separate high-volume inspection types from weak-outcome inspection types.
inspection_type_result_profile,inspection_type_result,License-Task Force,other_result,,result_rank_within_type,3.0,2,2,0,0,0,0,0.0,0,0,0,0.0,0.0,0.0,Separate high-volume inspection types from weak-outcome inspection types.
inspection_type_result_profile,inspection_type_result,Not Ready,fail,,result_rank_within_type,1.0,6,6,0,0,0,0,0.0,0,0,6,100.0,0.0,0.0,Separate high-volume inspection types from weak-outcome inspection types.
inspection_type_result_profile,inspection_type_result,Not Ready,other_result,,result_rank_within_type,2.0,4,4,0,0,0,0,0.0,0,0,0,0.0,0.0,0.0,Separate high-volume inspection types from weak-outcome inspection types.
inspection_type_result_profile,inspection_type_result,SMOKING COMPLAINT,pass,,result_rank_within_type,1.0,1,1,4,0,0,4,400.0,1,0,0,0.0,4.0,400.0,Separate high-volume inspection types from weak-outcome inspection types.
inspection_type_result_profile,inspection_type_result,Task Force for liquor 1474,fail,,result_rank_within_type,1.0,1,1,0,0,0,0,0.0,0,0,1,100.0,0.0,0.0,Separate high-volume inspection types from weak-outcome inspection types.
inspection_type_result_profile,inspection_type_result,finish complaint inspection from 5-18-10,fail,,result_rank_within_type,1.0,1,1,0,0,0,0,0.0,0,0,1,100.0,0.0,0.0,Separate high-volume inspection types from weak-outcome inspection types.
inspection_type_result_profile,inspection_type_result,out ofbusiness,fail,,result_rank_within_type,1.0,1,1,0,0,0,0,0.0,0,0,1,100.0,0.0,0.0,Separate high-volume inspection types from weak-outcome inspection types.
inspection_type_result_profile,inspection_type_result,Business Not Located,fail,,result_rank_within_type,1.0,1,1,0,0,0,0,0.0,0,0,1,100.0,0.0,0.0,Separate high-volume inspection types from weak-outcome inspection types.
inspection_type_result_profile,inspection_type_result,CORRECTIVE ACTION,conditional_pass,,result_rank_within_type,1.0,1,1,0,0,0,0,0.0,0,1,0,100.0,0.0,0.0,Separate high-volume inspection types from weak-outcome inspection types.
inspection_type_result_profile,inspection_type_result,SFP RECENTLY INSPECTED,pass,,result_rank_within_type,1.0,1,1,0,0,0,0,0.0,1,0,0,0.0,0.0,0.0,Separate high-volume inspection types from weak-outcome inspection types.
inspection_type_result_profile,inspection_type_result,TASK FORCE LIQUOR 1470,fail,,result_rank_within_type,1.0,1,1,0,0,0,0,0.0,0,0,1,100.0,0.0,0.0,Separate high-volume inspection types from weak-outcome inspection types.
inspection_type_result_profile,inspection_type_result,TASK FORCE LIQUOR 1470,pass,,result_rank_within_type,2.0,1,1,0,0,0,0,0.0,1,0,0,0.0,0.0,0.0,Separate high-volume inspection types from weak-outcome inspection types.
inspection_type_result_profile,inspection_type_result,task force,pass,,result_rank_within_type,1.0,2,2,5,0,1,4,650.0,2,0,0,0.0,2.5,325.0,Separate high-volume inspection types from weak-outcome inspection types.
inspection_type_result_profile,inspection_type_result,CHANGED COURT DATE,pass,,result_rank_within_type,1.0,1,1,0,0,0,0,0.0,1,0,0,0.0,0.0,0.0,Separate high-volume inspection types from weak-outcome inspection types.
inspection_type_result_profile,inspection_type_result,Canvass,pass,,result_rank_within_type,1.0,39817,14392,129393,68,60,129265,12975500.0,39817,0,0,0.0,3.2497,325.8784,Separate high-volume inspection types from weak-outcome inspection types.
inspection_type_result_profile,inspection_type_result,Canvass,other_result,,result_rank_within_type,2.0,15855,13722,256,1,6,249,26900.0,0,0,0,0.0,0.0161,1.6966,Separate high-volume inspection types from weak-outcome inspection types.
inspection_type_result_profile,inspection_type_result,Canvass,fail,,result_rank_within_type,3.0,12688,8377,74671,5760,16940,51971,12312100.0,0,0,12688,100.0,5.8852,970.3736,Separate high-volume inspection types from weak-outcome inspection types.
inspection_type_result_profile,inspection_type_result,Canvass,conditional_pass,,result_rank_within_type,4.0,8296,6035,41905,7168,4741,29996,7768850.0,0,8296,0,100.0,5.0512,936.4573,Separate high-volume inspection types from weak-outcome inspection types.
inspection_type_result_profile,inspection_type_result,KITCHEN CLOSED FOR RENOVATION,other_result,,result_rank_within_type,1.0,1,1,0,0,0,0,0.0,0,0,0,0.0,0.0,0.0,Separate high-volume inspection types from weak-outcome inspection types.
inspection_type_result_profile,inspection_type_result,LICENSE RENEWAL INSPECTION FOR DAYCARE,pass,,result_rank_within_type,1.0,1,1,2,0,0,2,200.0,1,0,0,0.0,2.0,200.0,Separate high-volume inspection types from weak-outcome inspection types.
inspection_type_result_profile,inspection_type_result,SPECIAL TASK FORCE,fail,,result_rank_within_type,1.0,2,2,7,0,5,2,1450.0,0,0,2,100.0,3.5,725.0,Separate high-volume inspection types from weak-outcome inspection types.
inspection_type_result_profile,inspection_type_result,Complaint Re-Inspection,pass,,result_rank_within_type,1.0,4344,3037,23621,727,5050,17844,1283400.0,4344,0,0,0.0,5.4376,295.442,Separate high-volume inspection types from weak-outcome inspection types.
inspection_type_result_profile,inspection_type_result,Complaint Re-Inspection,conditional_pass,,result_rank_within_type,2.0,438,402,3106,304,744,2058,332400.0,0,438,0,100.0,7.0913,758.9041,Separate high-volume inspection types from weak-outcome inspection types.
inspection_type_result_profile,inspection_type_result,Complaint Re-Inspection,fail,,result_rank_within_type,3.0,433,325,3520,516,641,2363,418400.0,0,0,433,100.0,8.1293,966.2818,Separate high-volume inspection types from weak-outcome inspection types.
inspection_type_result_profile,inspection_type_result,Complaint Re-Inspection,other_result,,result_rank_within_type,4.0,55,46,248,5,58,185,29100.0,0,0,0,0.0,4.5091,529.0909,Separate high-volume inspection types from weak-outcome inspection types.
inspection_type_result_profile,inspection_type_result,Complaint-Fire Re-inspection,pass,,result_rank_within_type,1.0,35,33,204,9,49,146,11700.0,35,0,0,0.0,5.8286,334.2857,Separate high-volume inspection types from weak-outcome inspection types.
inspection_type_result_profile,inspection_type_result,Complaint-Fire Re-inspection,fail,,result_rank_within_type,2.0,6,5,43,6,9,28,6600.0,0,0,6,100.0,7.1667,1100.0,Separate high-volume inspection types from weak-outcome inspection types.
inspection_type_result_profile,inspection_type_result,Complaint-Fire Re-inspection,conditional_pass,,result_rank_within_type,3.0,2,2,22,1,6,15,3250.0,0,2,0,100.0,11.0,1625.0,Separate high-volume inspection types from weak-outcome inspection types.
inspection_type_result_profile,inspection_type_result,Complaint-Fire Re-inspection,other_result,,result_rank_within_type,4.0,1,1,10,0,3,7,1450.0,0,0,0,0.0,10.0,1450.0,Separate high-volume inspection types from weak-outcome inspection types.
inspection_type_result_profile,inspection_type_result,Kids Cafe',pass,,result_rank_within_type,1.0,1,1,0,0,0,0,0.0,1,0,0,0.0,0.0,0.0,Separate high-volume inspection types from weak-outcome inspection types.
inspection_type_result_profile,inspection_type_result,LICENSE TASK FORCE / NOT -FOR-PROFIT CLU,pass,,result_rank_within_type,1.0,1,1,0,0,0,0,0.0,1,0,0,0.0,0.0,0.0,Separate high-volume inspection types from weak-outcome inspection types.
inspection_type_result_profile,inspection_type_result,TASK FORCE NOT READY,fail,,result_rank_within_type,1.0,1,1,0,0,0,0,0.0,0,0,1,100.0,0.0,0.0,Separate high-volume inspection types from weak-outcome inspection types.
inspection_type_result_profile,inspection_type_result,error save,pass,,result_rank_within_type,1.0,1,1,0,0,0,0,0.0,1,0,0,0.0,0.0,0.0,Separate high-volume inspection types from weak-outcome inspection types.
inspection_type_result_profile,inspection_type_result,CANVASS FOR RIB FEST,pass,,result_rank_within_type,1.0,1,1,3,0,0,3,300.0,1,0,0,0.0,3.0,300.0,Separate high-volume inspection types from weak-outcome inspection types.
inspection_type_result_profile,inspection_type_result,Illegal Operation,conditional_pass,,result_rank_within_type,1.0,1,1,2,2,0,0,1000.0,0,1,0,100.0,2.0,1000.0,Separate high-volume inspection types from weak-outcome inspection types.
inspection_type_result_profile,inspection_type_result,Illegal Operation,pass,,result_rank_within_type,2.0,1,1,0,0,0,0,0.0,1,0,0,0.0,0.0,0.0,Separate high-volume inspection types from weak-outcome inspection types.
inspection_type_result_profile,inspection_type_result,LICENSE CANCELED BY OWNER,other_result,,result_rank_within_type,1.0,1,1,0,0,0,0,0.0,0,0,0,0.0,0.0,0.0,Separate high-volume inspection types from weak-outcome inspection types.
inspection_type_result_profile,inspection_type_result,O.B.,other_result,,result_rank_within_type,1.0,1,1,0,0,0,0,0.0,0,0,0,0.0,0.0,0.0,Separate high-volume inspection types from weak-outcome inspection types.
inspection_type_result_profile,inspection_type_result,TASKFORCE,fail,,result_rank_within_type,1.0,1,1,10,2,2,6,2100.0,0,0,1,100.0,10.0,2100.0,Separate high-volume inspection types from weak-outcome inspection types.
inspection_type_result_profile,inspection_type_result,Tag Removal,pass,,result_rank_within_type,1.0,406,382,1677,117,69,1491,224850.0,406,0,0,0.0,4.1305,553.8177,Separate high-volume inspection types from weak-outcome inspection types.
inspection_type_result_profile,inspection_type_result,Tag Removal,conditional_pass,,result_rank_within_type,2.0,169,156,651,32,28,591,82100.0,0,169,0,100.0,3.8521,485.7988,Separate high-volume inspection types from weak-outcome inspection types.
inspection_type_result_profile,inspection_type_result,Tag Removal,fail,,result_rank_within_type,3.0,27,27,143,14,26,103,23800.0,0,0,27,100.0,5.2963,881.4815,Separate high-volume inspection types from weak-outcome inspection types.
inspection_type_result_profile,inspection_type_result,FIRE/COMPLAIN,fail,,result_rank_within_type,1.0,1,1,5,1,2,2,1200.0,0,0,1,100.0,5.0,1200.0,Separate high-volume inspection types from weak-outcome inspection types.
inspection_type_result_profile,inspection_type_result,NO ENTRY,fail,,result_rank_within_type,1.0,6,6,0,0,0,0,0.0,0,0,6,100.0,0.0,0.0,Separate high-volume inspection types from weak-outcome inspection types.
inspection_type_result_profile,inspection_type_result,NO ENTRY,pass,,result_rank_within_type,2.0,1,1,0,0,0,0,0.0,1,0,0,0.0,0.0,0.0,Separate high-volume inspection types from weak-outcome inspection types.
inspection_type_result_profile,inspection_type_result,No Entry,pass,,result_rank_within_type,1.0,31,30,6,0,0,6,600.0,31,0,0,0.0,0.1935,19.3548,Separate high-volume inspection types from weak-outcome inspection types.
inspection_type_result_profile,inspection_type_result,No Entry,fail,,result_rank_within_type,2.0,29,27,8,0,1,7,950.0,0,0,29,100.0,0.2759,32.7586,Separate high-volume inspection types from weak-outcome inspection types.
inspection_type_result_profile,inspection_type_result,Pre-License Consultation,fail,,result_rank_within_type,1.0,6,6,10,1,1,8,1550.0,0,0,6,100.0,1.6667,258.3333,Separate high-volume inspection types from weak-outcome inspection types.
inspection_type_result_profile,inspection_type_result,Pre-License Consultation,pass,,result_rank_within_type,2.0,3,3,5,1,1,3,850.0,3,0,0,0.0,1.6667,283.3333,Separate high-volume inspection types from weak-outcome inspection types.
inspection_type_result_profile,inspection_type_result,sfp/complaint,pass,,result_rank_within_type,1.0,1,1,6,0,0,6,600.0,1,0,0,0.0,6.0,600.0,Separate high-volume inspection types from weak-outcome inspection types.
inspection_type_result_profile,inspection_type_result,CANVASS SPECIAL EVENTS,pass,,result_rank_within_type,1.0,1,1,3,0,0,3,300.0,1,0,0,0.0,3.0,300.0,Separate high-volume inspection types from weak-outcome inspection types.
inspection_type_result_profile,inspection_type_result,LICENSE WRONG ADDRESS,fail,,result_rank_within_type,1.0,1,1,0,0,0,0,0.0,0,0,1,100.0,0.0,0.0,Separate high-volume inspection types from weak-outcome inspection types.
inspection_type_result_profile,inspection_type_result,LICENSE/NOT READY,fail,,result_rank_within_type,1.0,2,2,0,0,0,0,0.0,0,0,2,100.0,0.0,0.0,Separate high-volume inspection types from weak-outcome inspection types.
inspection_type_result_profile,inspection_type_result,LIQUOR CATERING,fail,,result_rank_within_type,1.0,1,1,6,1,0,5,1000.0,0,0,1,100.0,6.0,1000.0,Separate high-volume inspection types from weak-outcome inspection types.
inspection_type_result_profile,inspection_type_result,License,pass,,result_rank_within_type,1.0,9979,9345,15602,10,19,15573,1567050.0,9979,0,0,0.0,1.5635,157.0348,Separate high-volume inspection types from weak-outcome inspection types.
inspection_type_result_profile,inspection_type_result,License,fail,,result_rank_within_type,2.0,6952,6371,28280,3944,6138,18198,5326300.0,0,0,6952,100.0,4.0679,766.1536,Separate high-volume inspection types from weak-outcome inspection types.
inspection_type_result_profile,inspection_type_result,License,other_result,,result_rank_within_type,3.0,922,875,32,3,8,21,5600.0,0,0,0,0.0,0.0347,6.0738,Separate high-volume inspection types from weak-outcome inspection types.
inspection_type_result_profile,inspection_type_result,License,conditional_pass,,result_rank_within_type,4.0,354,337,1190,309,97,784,257150.0,0,354,0,100.0,3.3616,726.4124,Separate high-volume inspection types from weak-outcome inspection types.
inspection_type_result_profile,inspection_type_result,SFP/COMPLAINT,pass,,result_rank_within_type,1.0,2,2,4,0,0,4,400.0,2,0,0,0.0,2.0,200.0,Separate high-volume inspection types from weak-outcome inspection types.
inspection_type_result_profile,inspection_type_result,SFP/COMPLAINT,conditional_pass,,result_rank_within_type,2.0,1,1,9,1,1,7,1450.0,0,1,0,100.0,9.0,1450.0,Separate high-volume inspection types from weak-outcome inspection types.
inspection_type_result_profile,inspection_type_result,SFP/COMPLAINT,fail,,result_rank_within_type,3.0,1,1,10,3,2,5,2500.0,0,0,1,100.0,10.0,2500.0,Separate high-volume inspection types from weak-outcome inspection types.
inspection_type_result_profile,inspection_type_result,Sample Collection,conditional_pass,,result_rank_within_type,1.0,1,1,0,0,0,0,0.0,0,1,0,100.0,0.0,0.0,Separate high-volume inspection types from weak-outcome inspection types.
inspection_type_result_profile,inspection_type_result,Special Events (Festivals),pass,,result_rank_within_type,1.0,26,22,90,0,0,90,9000.0,26,0,0,0.0,3.4615,346.1538,Separate high-volume inspection types from weak-outcome inspection types.
inspection_type_result_profile,inspection_type_result,Special Events (Festivals),fail,,result_rank_within_type,2.0,4,4,32,7,5,20,6750.0,0,0,4,100.0,8.0,1687.5,Separate high-volume inspection types from weak-outcome inspection types.
inspection_type_result_profile,inspection_type_result,Special Events (Festivals),conditional_pass,,result_rank_within_type,3.0,1,1,6,1,0,5,1000.0,0,1,0,100.0,6.0,1000.0,Separate high-volume inspection types from weak-outcome inspection types.
inspection_type_result_profile,inspection_type_result,license task 1474,pass,,result_rank_within_type,1.0,1,1,0,0,0,0,0.0,1,0,0,0.0,0.0,0.0,Separate high-volume inspection types from weak-outcome inspection types.
inspection_type_result_profile,inspection_type_result,Canvass Re-Inspection,pass,,result_rank_within_type,1.0,12426,8072,65303,1870,13585,49848,3615700.0,12426,0,0,0.0,5.2554,290.9786,Separate high-volume inspection types from weak-outcome inspection types.
inspection_type_result_profile,inspection_type_result,Canvass Re-Inspection,conditional_pass,,result_rank_within_type,2.0,935,875,6023,581,1496,3946,633800.0,0,935,0,100.0,6.4417,677.861,Separate high-volume inspection types from weak-outcome inspection types.
inspection_type_result_profile,inspection_type_result,Canvass Re-Inspection,fail,,result_rank_within_type,3.0,823,701,5792,821,1212,3759,674200.0,0,0,823,100.0,7.0377,819.1981,Separate high-volume inspection types from weak-outcome inspection types.
inspection_type_result_profile,inspection_type_result,Canvass Re-Inspection,other_result,,result_rank_within_type,4.0,207,184,714,19,196,499,86400.0,0,0,0,0.0,3.4493,417.3913,Separate high-volume inspection types from weak-outcome inspection types.
inspection_type_result_profile,inspection_type_result,Complaint,pass,,result_rank_within_type,1.0,6069,4119,22237,8,9,22220,2228250.0,6069,0,0,0.0,3.664,367.1527,Separate high-volume inspection types from weak-outcome inspection types.
inspection_type_result_profile,inspection_type_result,Complaint,fail,,result_rank_within_type,2.0,4162,3034,27716,2836,6026,18854,4809900.0,0,0,4162,100.0,6.6593,1155.6704,Separate high-volume inspection types from weak-outcome inspection types.
inspection_type_result_profile,inspection_type_result,Complaint,conditional_pass,,result_rank_within_type,3.0,2188,1819,12063,2360,1103,8600,2315750.0,0,2188,0,100.0,5.5133,1058.3867,Separate high-volume inspection types from weak-outcome inspection types.
inspection_type_result_profile,inspection_type_result,Complaint,other_result,,result_rank_within_type,4.0,402,331,29,3,1,25,4250.0,0,0,0,0.0,0.0721,10.5721,Separate high-volume inspection types from weak-outcome inspection types.
inspection_type_result_profile,inspection_type_result,Complaint-Fire,pass,,result_rank_within_type,1.0,83,82,291,0,1,290,29250.0,83,0,0,0.0,3.506,352.4096,Separate high-volume inspection types from weak-outcome inspection types.
inspection_type_result_profile,inspection_type_result,Complaint-Fire,fail,,result_rank_within_type,2.0,59,55,251,16,53,182,39450.0,0,0,59,100.0,4.2542,668.6441,Separate high-volume inspection types from weak-outcome inspection types.
inspection_type_result_profile,inspection_type_result,Complaint-Fire,conditional_pass,,result_rank_within_type,3.0,12,12,56,10,4,42,10200.0,0,12,0,100.0,4.6667,850.0,Separate high-volume inspection types from weak-outcome inspection types.
inspection_type_result_profile,inspection_type_result,Complaint-Fire,other_result,,result_rank_within_type,4.0,6,6,0,0,0,0,0.0,0,0,0,0.0,0.0,0.0,Separate high-volume inspection types from weak-outcome inspection types.
inspection_type_result_profile,inspection_type_result,Suspected Food Poisoning,pass,,result_rank_within_type,1.0,346,330,1220,0,0,1220,122000.0,346,0,0,0.0,3.526,352.6012,Separate high-volume inspection types from weak-outcome inspection types.
inspection_type_result_profile,inspection_type_result,Suspected Food Poisoning,fail,,result_rank_within_type,2.0,170,164,1171,171,246,754,222400.0,0,0,170,100.0,6.8882,1308.2353,Separate high-volume inspection types from weak-outcome inspection types.
inspection_type_result_profile,inspection_type_result,Suspected Food Poisoning,conditional_pass,,result_rank_within_type,3.0,162,155,861,211,48,602,177700.0,0,162,0,100.0,5.3148,1096.9136,Separate high-volume inspection types from weak-outcome inspection types.
inspection_type_result_profile,inspection_type_result,Suspected Food Poisoning,other_result,,result_rank_within_type,4.0,4,4,0,0,0,0,0.0,0,0,0,0.0,0.0,0.0,Separate high-volume inspection types from weak-outcome inspection types.
inspection_type_result_profile,inspection_type_result,TASK FORCE NIGHT,fail,,result_rank_within_type,1.0,1,1,7,1,3,3,1550.0,0,0,1,100.0,7.0,1550.0,Separate high-volume inspection types from weak-outcome inspection types.
inspection_type_result_profile,inspection_type_result,Task Force Liquor Catering,pass,,result_rank_within_type,1.0,1,1,0,0,0,0,0.0,1,0,0,0.0,0.0,0.0,Separate high-volume inspection types from weak-outcome inspection types.
inspection_type_result_profile,inspection_type_result,task force(1470) liquor tavern,fail,,result_rank_within_type,1.0,1,1,7,2,1,4,1650.0,0,0,1,100.0,7.0,1650.0,Separate high-volume inspection types from weak-outcome inspection types.
inspection_type_result_profile,inspection_type_result,CANVASS SCHOOL/SPECIAL EVENT,pass,,result_rank_within_type,1.0,1,1,1,0,0,1,100.0,1,0,0,0.0,1.0,100.0,Separate high-volume inspection types from weak-outcome inspection types.
inspection_type_result_profile,inspection_type_result,Duplicated,fail,,result_rank_within_type,1.0,1,1,0,0,0,0,0.0,0,0,1,100.0,0.0,0.0,Separate high-volume inspection types from weak-outcome inspection types.
inspection_type_result_profile,inspection_type_result,LICENSE,pass,,result_rank_within_type,1.0,1,1,0,0,0,0,0.0,1,0,0,0.0,0.0,0.0,Separate high-volume inspection types from weak-outcome inspection types.
inspection_type_result_profile,inspection_type_result,Non-Inspection,fail,,result_rank_within_type,1.0,6,6,12,0,5,7,1950.0,0,0,6,100.0,2.0,325.0,Separate high-volume inspection types from weak-outcome inspection types.
inspection_type_result_profile,inspection_type_result,Non-Inspection,conditional_pass,,result_rank_within_type,2.0,2,2,5,0,0,5,500.0,0,2,0,100.0,2.5,250.0,Separate high-volume inspection types from weak-outcome inspection types.
inspection_type_result_profile,inspection_type_result,Non-Inspection,pass,,result_rank_within_type,3.0,1,1,3,0,0,3,300.0,1,0,0,0.0,3.0,300.0,Separate high-volume inspection types from weak-outcome inspection types.
inspection_type_result_profile,inspection_type_result,Package Liquor 1474,pass,,result_rank_within_type,1.0,28,28,3,0,0,3,300.0,28,0,0,0.0,0.1071,10.7143,Separate high-volume inspection types from weak-outcome inspection types.
inspection_type_result_profile,inspection_type_result,Package Liquor 1474,fail,,result_rank_within_type,2.0,16,16,36,3,6,27,5700.0,0,0,16,100.0,2.25,356.25,Separate high-volume inspection types from weak-outcome inspection types.
inspection_type_result_profile,inspection_type_result,REINSPECTION OF 48 HOUR NOTICE,fail,,result_rank_within_type,1.0,2,2,19,3,1,15,3250.0,0,0,2,100.0,9.5,1625.0,Separate high-volume inspection types from weak-outcome inspection types.
inspection_type_result_profile,inspection_type_result,TASK FORCE LIQUOR (1481),pass,,result_rank_within_type,1.0,1,1,0,0,0,0,0.0,1,0,0,0.0,0.0,0.0,Separate high-volume inspection types from weak-outcome inspection types.
inspection_type_result_profile,inspection_type_result,TASK FORCE LIQUOR 1474,fail,,result_rank_within_type,1.0,1,1,9,0,1,8,1050.0,0,0,1,100.0,9.0,1050.0,Separate high-volume inspection types from weak-outcome inspection types.
inspection_type_result_profile,inspection_type_result,TASK FORCE LIQUOR 1474,pass,,result_rank_within_type,2.0,1,1,0,0,0,0,0.0,1,0,0,0.0,0.0,0.0,Separate high-volume inspection types from weak-outcome inspection types.
inspection_type_result_profile,inspection_type_result,Task force liquor inspection 1474,pass,,result_rank_within_type,1.0,1,1,0,0,0,0,0.0,1,0,0,0.0,0.0,0.0,Separate high-volume inspection types from weak-outcome inspection types.
inspection_type_result_profile,inspection_type_result,CANVASS/SPECIAL EVENT,pass,,result_rank_within_type,1.0,1,1,5,0,0,5,500.0,1,0,0,0.0,5.0,500.0,Separate high-volume inspection types from weak-outcome inspection types.
inspection_type_result_profile,inspection_type_result,DAY CARE LICENSE RENEWAL,pass,,result_rank_within_type,1.0,1,1,3,0,0,3,300.0,1,0,0,0.0,3.0,300.0,Separate high-volume inspection types from weak-outcome inspection types.
inspection_type_result_profile,inspection_type_result,LICENSE DAYCARE 1586,pass,,result_rank_within_type,1.0,1,1,5,0,0,5,500.0,1,0,0,0.0,5.0,500.0,Separate high-volume inspection types from weak-outcome inspection types.
inspection_type_result_profile,inspection_type_result,LICENSE REQUEST,other_result,,result_rank_within_type,1.0,15,15,0,0,0,0,0.0,0,0,0,0.0,0.0,0.0,Separate high-volume inspection types from weak-outcome inspection types.
inspection_type_result_profile,inspection_type_result,LICENSE REQUEST,fail,,result_rank_within_type,2.0,4,4,0,0,0,0,0.0,0,0,4,100.0,0.0,0.0,Separate high-volume inspection types from weak-outcome inspection types.
inspection_type_result_profile,inspection_type_result,License Re-Inspection,pass,,result_rank_within_type,1.0,5799,5698,26599,3487,5494,17618,1041000.0,5799,0,0,0.0,4.5868,179.5137,Separate high-volume inspection types from weak-outcome inspection types.
inspection_type_result_profile,inspection_type_result,License Re-Inspection,fail,,result_rank_within_type,2.0,886,755,5677,800,1109,3768,588400.0,0,0,886,100.0,6.4074,664.1084,Separate high-volume inspection types from weak-outcome inspection types.
inspection_type_result_profile,inspection_type_result,License Re-Inspection,conditional_pass,,result_rank_within_type,3.0,77,72,456,90,93,273,55500.0,0,77,0,100.0,5.9221,720.7792,Separate high-volume inspection types from weak-outcome inspection types.
inspection_type_result_profile,inspection_type_result,License Re-Inspection,other_result,,result_rank_within_type,4.0,42,41,110,24,25,61,23050.0,0,0,0,0.0,2.619,548.8095,Separate high-volume inspection types from weak-outcome inspection types.
inspection_type_result_profile,inspection_type_result,TAVERN 1470,fail,,result_rank_within_type,1.0,1,1,2,1,1,0,750.0,0,0,1,100.0,2.0,750.0,Separate high-volume inspection types from weak-outcome inspection types.
inspection_type_result_profile,inspection_type_result,Task Force Liquor 1475,fail,,result_rank_within_type,1.0,133,128,384,56,50,278,68300.0,0,0,133,100.0,2.8872,513.5338,Separate high-volume inspection types from weak-outcome inspection types.
inspection_type_result_profile,inspection_type_result,Task Force Liquor 1475,pass,,result_rank_within_type,2.0,120,120,39,0,0,39,3900.0,120,0,0,0.0,0.325,32.5,Separate high-volume inspection types from weak-outcome inspection types.
inspection_type_result_profile,inspection_type_result,,pass,,result_rank_within_type,1.0,1,1,2,0,2,0,500.0,1,0,0,0.0,2.0,500.0,Separate high-volume inspection types from weak-outcome inspection types.
inspection_type_result_profile,inspection_type_result,1315 license reinspection,fail,,result_rank_within_type,1.0,1,1,5,4,1,0,2250.0,0,0,1,100.0,5.0,2250.0,Separate high-volume inspection types from weak-outcome inspection types.
inspection_type_result_profile,inspection_type_result,CLOSE-UP/COMPLAINT REINSPECTION,pass,,result_rank_within_type,1.0,1,1,9,1,2,6,1600.0,1,0,0,0.0,9.0,1600.0,Separate high-volume inspection types from weak-outcome inspection types.
inspection_type_result_profile,inspection_type_result,RE-INSPECTION OF CLOSE-UP,fail,,result_rank_within_type,1.0,1,1,9,3,0,6,500.0,0,0,1,100.0,9.0,500.0,Separate high-volume inspection types from weak-outcome inspection types.
inspection_type_result_profile,inspection_type_result,RECALL INSPECTION,fail,,result_rank_within_type,1.0,1,1,0,0,0,0,0.0,0,0,1,100.0,0.0,0.0,Separate high-volume inspection types from weak-outcome inspection types.
inspection_type_result_profile,inspection_type_result,CANVAS,pass,,result_rank_within_type,1.0,1,1,4,0,0,4,400.0,1,0,0,0.0,4.0,400.0,Separate high-volume inspection types from weak-outcome inspection types.
inspection_type_result_profile,inspection_type_result,CANVASS,other_result,,result_rank_within_type,1.0,1,1,0,0,0,0,0.0,0,0,0,0.0,0.0,0.0,Separate high-volume inspection types from weak-outcome inspection types.
inspection_type_result_profile,inspection_type_result,LICENSE CONSULTATION,pass,,result_rank_within_type,1.0,2,2,0,0,0,0,0.0,2,0,0,0.0,0.0,0.0,Separate high-volume inspection types from weak-outcome inspection types.
inspection_type_result_profile,inspection_type_result,License consultation,pass,,result_rank_within_type,1.0,1,1,0,0,0,0,0.0,1,0,0,0.0,0.0,0.0,Separate high-volume inspection types from weak-outcome inspection types.
inspection_type_result_profile,inspection_type_result,Out of Business,pass,,result_rank_within_type,1.0,167,167,0,0,0,0,0.0,167,0,0,0.0,0.0,0.0,Separate high-volume inspection types from weak-outcome inspection types.
inspection_type_result_profile,inspection_type_result,Out of Business,fail,,result_rank_within_type,2.0,112,111,0,0,0,0,0.0,0,0,112,100.0,0.0,0.0,Separate high-volume inspection types from weak-outcome inspection types.
inspection_type_result_profile,inspection_type_result,Out of Business,other_result,,result_rank_within_type,3.0,5,5,0,0,0,0,0.0,0,0,0,0.0,0.0,0.0,Separate high-volume inspection types from weak-outcome inspection types.
inspection_type_result_profile,inspection_type_result,TASK FORCE PACKAGE LIQUOR,fail,,result_rank_within_type,1.0,1,1,5,0,2,3,800.0,0,0,1,100.0,5.0,800.0,Separate high-volume inspection types from weak-outcome inspection types.
inspection_type_result_profile,inspection_type_result,TASTE OF CHICAGO,pass,,result_rank_within_type,1.0,1,1,0,0,0,0,0.0,1,0,0,0.0,0.0,0.0,Separate high-volume inspection types from weak-outcome inspection types.
inspection_type_result_profile,inspection_type_result,HACCP QUESTIONAIRE,pass,,result_rank_within_type,1.0,1,1,0,0,0,0,0.0,1,0,0,0.0,0.0,0.0,Separate high-volume inspection types from weak-outcome inspection types.
inspection_type_result_profile,inspection_type_result,LICENSE RENEWAL FOR DAYCARE,conditional_pass,,result_rank_within_type,1.0,1,1,2,2,0,0,1000.0,0,1,0,100.0,2.0,1000.0,Separate high-volume inspection types from weak-outcome inspection types.
inspection_type_result_profile,inspection_type_result,LICENSE RENEWAL FOR DAYCARE,pass,,result_rank_within_type,2.0,1,1,3,0,0,3,300.0,1,0,0,0.0,3.0,300.0,Separate high-volume inspection types from weak-outcome inspection types.
inspection_type_result_profile,inspection_type_result,POSSIBLE FBI,pass,,result_rank_within_type,1.0,1,1,6,0,0,6,600.0,1,0,0,0.0,6.0,600.0,Separate high-volume inspection types from weak-outcome inspection types.
inspection_type_result_profile,inspection_type_result,REINSPECTION,pass,,result_rank_within_type,1.0,2,2,7,0,2,5,1000.0,2,0,0,0.0,3.5,500.0,Separate high-volume inspection types from weak-outcome inspection types.
inspection_type_result_profile,inspection_type_result,Recent Inspection,pass,,result_rank_within_type,1.0,117,115,293,4,10,279,32400.0,117,0,0,0.0,2.5043,276.9231,Separate high-volume inspection types from weak-outcome inspection types.
inspection_type_result_profile,inspection_type_result,Recent Inspection,conditional_pass,,result_rank_within_type,2.0,54,52,220,17,22,181,32100.0,0,54,0,100.0,4.0741,594.4444,Separate high-volume inspection types from weak-outcome inspection types.
inspection_type_result_profile,inspection_type_result,Recent Inspection,fail,,result_rank_within_type,3.0,16,16,74,7,15,52,12450.0,0,0,16,100.0,4.625,778.125,Separate high-volume inspection types from weak-outcome inspection types.
inspection_type_result_profile,inspection_type_result,Recent Inspection,other_result,,result_rank_within_type,4.0,5,5,0,0,0,0,0.0,0,0,0,0.0,0.0,0.0,Separate high-volume inspection types from weak-outcome inspection types.
inspection_type_result_profile,inspection_type_result,Short Form Complaint,pass,,result_rank_within_type,1.0,3987,2489,11320,21,94,11205,1154500.0,3987,0,0,0.0,2.8392,289.5661,Separate high-volume inspection types from weak-outcome inspection types.
inspection_type_result_profile,inspection_type_result,Short Form Complaint,conditional_pass,,result_rank_within_type,2.0,728,644,3297,475,461,2361,588850.0,0,728,0,100.0,4.5288,808.8599,Separate high-volume inspection types from weak-outcome inspection types.
inspection_type_result_profile,inspection_type_result,Short Form Complaint,fail,,result_rank_within_type,3.0,709,587,3408,154,855,2399,530650.0,0,0,709,100.0,4.8068,748.4485,Separate high-volume inspection types from weak-outcome inspection types.
inspection_type_result_profile,inspection_type_result,Short Form Complaint,other_result,,result_rank_within_type,4.0,74,69,79,0,0,79,7900.0,0,0,0,0.0,1.0676,106.7568,Separate high-volume inspection types from weak-outcome inspection types.
inspection_type_result_profile,inspection_type_result,Suspected Food Poisoning Re-inspection,pass,,result_rank_within_type,1.0,140,136,771,24,154,593,54900.0,140,0,0,0.0,5.5071,392.1429,Separate high-volume inspection types from weak-outcome inspection types.
inspection_type_result_profile,inspection_type_result,Suspected Food Poisoning Re-inspection,fail,,result_rank_within_type,2.0,11,10,92,11,13,68,13800.0,0,0,11,100.0,8.3636,1254.5455,Separate high-volume inspection types from weak-outcome inspection types.
inspection_type_result_profile,inspection_type_result,Suspected Food Poisoning Re-inspection,conditional_pass,,result_rank_within_type,3.0,9,9,62,6,17,39,8700.0,0,9,0,100.0,6.8889,966.6667,Separate high-volume inspection types from weak-outcome inspection types.
inspection_type_result_profile,inspection_type_result,TASK FORCE PACKAGE GOODS 1474,pass,,result_rank_within_type,1.0,1,1,0,0,0,0,0.0,1,0,0,0.0,0.0,0.0,Separate high-volume inspection types from weak-outcome inspection types.
inspection_type_result_profile,inspection_type_result,no entry,fail,,result_rank_within_type,1.0,4,4,0,0,0,0,0.0,0,0,4,100.0,0.0,0.0,Separate high-volume inspection types from weak-outcome inspection types.
inspection_type_result_profile,inspection_type_result,CITF,pass,,result_rank_within_type,1.0,1,1,1,0,0,1,100.0,1,0,0,0.0,1.0,100.0,Separate high-volume inspection types from weak-outcome inspection types.
inspection_type_result_profile,inspection_type_result,FIRE,other_result,,result_rank_within_type,1.0,1,1,0,0,0,0,0.0,0,0,0,0.0,0.0,0.0,Separate high-volume inspection types from weak-outcome inspection types.
inspection_type_result_profile,inspection_type_result,No entry,fail,,result_rank_within_type,1.0,1,1,12,1,2,9,1900.0,0,0,1,100.0,12.0,1900.0,Separate high-volume inspection types from weak-outcome inspection types.
inspection_type_result_profile,inspection_type_result,SFP,conditional_pass,,result_rank_within_type,1.0,3,3,8,4,0,4,2400.0,0,3,0,100.0,2.6667,800.0,Separate high-volume inspection types from weak-outcome inspection types.
inspection_type_result_profile,inspection_type_result,SFP,fail,,result_rank_within_type,2.0,1,1,9,3,1,5,2250.0,0,0,1,100.0,9.0,2250.0,Separate high-volume inspection types from weak-outcome inspection types.
inspection_type_result_profile,inspection_type_result,Special Task Force,conditional_pass,,result_rank_within_type,1.0,1,1,3,1,1,1,850.0,0,1,0,100.0,3.0,850.0,Separate high-volume inspection types from weak-outcome inspection types.
inspection_type_result_profile,inspection_type_result,Summer Feeding,pass,,result_rank_within_type,1.0,1,1,0,0,0,0,0.0,1,0,0,0.0,0.0,0.0,Separate high-volume inspection types from weak-outcome inspection types.
inspection_type_result_profile,inspection_type_result,fire complaint,pass,,result_rank_within_type,1.0,1,1,0,0,0,0,0.0,1,0,0,0.0,0.0,0.0,Separate high-volume inspection types from weak-outcome inspection types.
inspection_type_result_profile,inspection_type_result,ADDENDUM,pass,,result_rank_within_type,1.0,1,1,0,0,0,0,0.0,1,0,0,0.0,0.0,0.0,Separate high-volume inspection types from weak-outcome inspection types.
inspection_type_result_profile,inspection_type_result,NO ENTRY-SHORT COMPLAINT),fail,,result_rank_within_type,1.0,1,1,0,0,0,0,0.0,0,0,1,100.0,0.0,0.0,Separate high-volume inspection types from weak-outcome inspection types.
inspection_type_result_profile,inspection_type_result,OUT OF BUSINESS,other_result,,result_rank_within_type,1.0,14,14,0,0,0,0,0.0,0,0,0,0.0,0.0,0.0,Separate high-volume inspection types from weak-outcome inspection types.
inspection_type_result_profile,inspection_type_result,OUT OF BUSINESS,fail,,result_rank_within_type,2.0,8,8,0,0,0,0,0.0,0,0,8,100.0,0.0,0.0,Separate high-volume inspection types from weak-outcome inspection types.
inspection_type_result_profile,inspection_type_result,Short Form Fire-Complaint,pass,,result_rank_within_type,1.0,68,66,176,0,2,174,12750.0,68,0,0,0.0,2.5882,187.5,Separate high-volume inspection types from weak-outcome inspection types.
inspection_type_result_profile,inspection_type_result,Short Form Fire-Complaint,fail,,result_rank_within_type,2.0,32,32,94,3,7,84,10050.0,0,0,32,100.0,2.9375,314.0625,Separate high-volume inspection types from weak-outcome inspection types.
inspection_type_result_profile,inspection_type_result,Short Form Fire-Complaint,other_result,,result_rank_within_type,3.0,9,9,4,0,0,4,400.0,0,0,0,0.0,0.4444,44.4444,Separate high-volume inspection types from weak-outcome inspection types.
inspection_type_result_profile,inspection_type_result,Short Form Fire-Complaint,conditional_pass,,result_rank_within_type,4.0,4,4,16,1,3,12,2250.0,0,4,0,100.0,4.0,562.5,Separate high-volume inspection types from weak-outcome inspection types.
inspection_type_result_profile,inspection_type_result,citation re-issued,pass,,result_rank_within_type,1.0,1,1,0,0,0,0,0.0,1,0,0,0.0,0.0,0.0,Separate high-volume inspection types from weak-outcome inspection types.
inspection_type_result_profile,inspection_type_result,license,pass,,result_rank_within_type,1.0,1,1,0,0,0,0,0.0,1,0,0,0.0,0.0,0.0,Separate high-volume inspection types from weak-outcome inspection types.
inspection_type_facility_mix,inspection_type_facility_type,CANVASS RE INSPECTION OF CLOSE UP,Restaurant,,facility_rank_within_type,1.0,1,1,4,1,1,2,950.0,1,0,0,0.0,4.0,950.0,Check whether type differences mainly reflect facility mix.
inspection_type_facility_mix,inspection_type_facility_type,Consultation,Restaurant,,facility_rank_within_type,1.0,383,355,1108,64,101,943,151550.0,245,79,52,34.2037,2.893,395.6919,Check whether type differences mainly reflect facility mix.
inspection_type_facility_mix,inspection_type_facility_type,Consultation,Grocery Store,,facility_rank_within_type,2.0,106,96,317,11,29,277,40450.0,70,18,16,32.0755,2.9906,381.6038,Check whether type differences mainly reflect facility mix.
inspection_type_facility_mix,inspection_type_facility_type,Consultation,School,,facility_rank_within_type,3.0,41,38,98,5,19,74,14650.0,24,6,11,41.4634,2.3902,357.3171,Check whether type differences mainly reflect facility mix.
inspection_type_facility_mix,inspection_type_facility_type,Consultation,Daycare (2 - 6 Years),,facility_rank_within_type,4.0,17,12,37,3,9,25,6250.0,9,2,6,47.0588,2.1765,367.6471,Check whether type differences mainly reflect facility mix.
inspection_type_facility_mix,inspection_type_facility_type,Consultation,Bakery,,facility_rank_within_type,5.0,9,9,14,0,0,14,1400.0,6,1,2,33.3333,1.5556,155.5556,Check whether type differences mainly reflect facility mix.
inspection_type_facility_mix,inspection_type_facility_type,Consultation,Daycare Above and Under 2 Years,,facility_rank_within_type,6.0,8,6,10,1,1,8,1550.0,6,1,1,25.0,1.25,193.75,Check whether type differences mainly reflect facility mix.
inspection_type_facility_mix,inspection_type_facility_type,Consultation,Long Term Care,,facility_rank_within_type,7.0,8,8,34,1,0,33,3800.0,7,1,0,12.5,4.25,475.0,Check whether type differences mainly reflect facility mix.
inspection_type_facility_mix,inspection_type_facility_type,Consultation,Daycare Combo 1586,,facility_rank_within_type,8.0,5,5,16,1,1,14,2150.0,3,1,1,40.0,3.2,430.0,Check whether type differences mainly reflect facility mix.
inspection_type_facility_mix,inspection_type_facility_type,Consultation,Liquor,,facility_rank_within_type,9.0,5,4,10,0,2,8,1300.0,4,1,0,20.0,2.0,260.0,Check whether type differences mainly reflect facility mix.
inspection_type_facility_mix,inspection_type_facility_type,Consultation,unknown,,facility_rank_within_type,10.0,5,4,0,0,0,0,0.0,2,1,1,40.0,0.0,0.0,Check whether type differences mainly reflect facility mix.
inspection_type_facility_mix,inspection_type_facility_type,LIQOUR TASK FORCE NOT READY,Restaurant,,facility_rank_within_type,1.0,1,1,0,0,0,0,0.0,0,0,1,100.0,0.0,0.0,Check whether type differences mainly reflect facility mix.
inspection_type_facility_mix,inspection_type_facility_type,SFP/Complaint,Restaurant,,facility_rank_within_type,1.0,1,1,9,2,2,5,2000.0,0,0,1,100.0,9.0,2000.0,Check whether type differences mainly reflect facility mix.
inspection_type_facility_mix,inspection_type_facility_type,TWO PEOPLE ATE AND GOT SICK.,Restaurant,,facility_rank_within_type,1.0,1,1,5,0,2,3,800.0,0,0,1,100.0,5.0,800.0,Check whether type differences mainly reflect facility mix.
inspection_type_facility_mix,inspection_type_facility_type,expansion,Restaurant,,facility_rank_within_type,1.0,1,1,2,0,0,2,200.0,1,0,0,0.0,2.0,200.0,Check whether type differences mainly reflect facility mix.
inspection_type_facility_mix,inspection_type_facility_type,LICENSE TASK FORCE / NOT -FOR-PROFIT CLUB,Restaurant,,facility_rank_within_type,1.0,1,1,0,0,0,0,0.0,1,0,0,0.0,0.0,0.0,Check whether type differences mainly reflect facility mix.
inspection_type_facility_mix,inspection_type_facility_type,License-Task Force,Restaurant,,facility_rank_within_type,1.0,290,282,804,102,130,572,140700.0,115,0,173,59.6552,2.7724,485.1724,Check whether type differences mainly reflect facility mix.
inspection_type_facility_mix,inspection_type_facility_type,License-Task Force,Grocery Store,,facility_rank_within_type,2.0,131,130,239,21,29,189,36650.0,69,0,62,47.3282,1.8244,279.771,Check whether type differences mainly reflect facility mix.
inspection_type_facility_mix,inspection_type_facility_type,License-Task Force,Liquor,,facility_rank_within_type,3.0,38,36,113,11,20,82,18700.0,16,0,22,57.8947,2.9737,492.1053,Check whether type differences mainly reflect facility mix.
inspection_type_facility_mix,inspection_type_facility_type,License-Task Force,Daycare Combo 1586,,facility_rank_within_type,4.0,30,29,124,19,35,70,25250.0,5,0,25,83.3333,4.1333,841.6667,Check whether type differences mainly reflect facility mix.
inspection_type_facility_mix,inspection_type_facility_type,License-Task Force,Children's Services Facility,,facility_rank_within_type,5.0,23,23,102,18,23,61,20850.0,6,0,17,73.913,4.4348,906.5217,Check whether type differences mainly reflect facility mix.
inspection_type_facility_mix,inspection_type_facility_type,License-Task Force,Daycare (2 - 6 Years),,facility_rank_within_type,6.0,21,20,72,12,21,39,15150.0,4,0,17,80.9524,3.4286,721.4286,Check whether type differences mainly reflect facility mix.
inspection_type_facility_mix,inspection_type_facility_type,License-Task Force,Daycare Above and Under 2 Years,,facility_rank_within_type,7.0,19,19,72,14,11,47,14450.0,6,0,13,68.4211,3.7895,760.5263,Check whether type differences mainly reflect facility mix.
inspection_type_facility_mix,inspection_type_facility_type,License-Task Force,TAVERN,,facility_rank_within_type,8.0,13,12,45,8,11,26,9350.0,2,0,11,84.6154,3.4615,719.2308,Check whether type differences mainly reflect facility mix.
inspection_type_facility_mix,inspection_type_facility_type,License-Task Force,Catering,,facility_rank_within_type,9.0,8,7,6,1,0,5,1000.0,5,0,3,37.5,0.75,125.0,Check whether type differences mainly reflect facility mix.
inspection_type_facility_mix,inspection_type_facility_type,License-Task Force,Daycare (Under 2 Years),,facility_rank_within_type,10.0,4,4,4,1,1,2,950.0,1,0,3,75.0,1.0,237.5,Check whether type differences mainly reflect facility mix.
inspection_type_facility_mix,inspection_type_facility_type,Not Ready,Restaurant,,facility_rank_within_type,1.0,7,7,0,0,0,0,0.0,0,0,3,42.8571,0.0,0.0,Check whether type differences mainly reflect facility mix.
inspection_type_facility_mix,inspection_type_facility_type,Not Ready,GAS STATION/MINI MART,,facility_rank_within_type,2.0,1,1,0,0,0,0,0.0,0,0,1,100.0,0.0,0.0,Check whether type differences mainly reflect facility mix.
inspection_type_facility_mix,inspection_type_facility_type,Not Ready,Liquor,,facility_rank_within_type,3.0,1,1,0,0,0,0,0.0,0,0,1,100.0,0.0,0.0,Check whether type differences mainly reflect facility mix.
inspection_type_facility_mix,inspection_type_facility_type,Not Ready,School,,facility_rank_within_type,4.0,1,1,0,0,0,0,0.0,0,0,1,100.0,0.0,0.0,Check whether type differences mainly reflect facility mix.
inspection_type_facility_mix,inspection_type_facility_type,SMOKING COMPLAINT,TAVERN,,facility_rank_within_type,1.0,1,1,4,0,0,4,400.0,1,0,0,0.0,4.0,400.0,Check whether type differences mainly reflect facility mix.
inspection_type_facility_mix,inspection_type_facility_type,Task Force for liquor 1474,Liquor,,facility_rank_within_type,1.0,1,1,0,0,0,0,0.0,0,0,1,100.0,0.0,0.0,Check whether type differences mainly reflect facility mix.
inspection_type_facility_mix,inspection_type_facility_type,finish complaint inspection from 5-18-10,Restaurant,,facility_rank_within_type,1.0,1,1,0,0,0,0,0.0,0,0,1,100.0,0.0,0.0,Check whether type differences mainly reflect facility mix.
inspection_type_facility_mix,inspection_type_facility_type,out ofbusiness,Grocery Store,,facility_rank_within_type,1.0,1,1,0,0,0,0,0.0,0,0,1,100.0,0.0,0.0,Check whether type differences mainly reflect facility mix.
inspection_type_facility_mix,inspection_type_facility_type,Business Not Located,Wholesale,,facility_rank_within_type,1.0,1,1,0,0,0,0,0.0,0,0,1,100.0,0.0,0.0,Check whether type differences mainly reflect facility mix.
inspection_type_facility_mix,inspection_type_facility_type,CORRECTIVE ACTION,Restaurant,,facility_rank_within_type,1.0,1,1,0,0,0,0,0.0,0,1,0,100.0,0.0,0.0,Check whether type differences mainly reflect facility mix.
inspection_type_facility_mix,inspection_type_facility_type,SFP RECENTLY INSPECTED,Restaurant,,facility_rank_within_type,1.0,1,1,0,0,0,0,0.0,1,0,0,0.0,0.0,0.0,Check whether type differences mainly reflect facility mix.
inspection_type_facility_mix,inspection_type_facility_type,TASK FORCE LIQUOR 1470,BAR,,facility_rank_within_type,1.0,1,1,0,0,0,0,0.0,0,0,1,100.0,0.0,0.0,Check whether type differences mainly reflect facility mix.
inspection_type_facility_mix,inspection_type_facility_type,TASK FORCE LIQUOR 1470,Grocery Store,,facility_rank_within_type,2.0,1,1,0,0,0,0,0.0,1,0,0,0.0,0.0,0.0,Check whether type differences mainly reflect facility mix.
inspection_type_facility_mix,inspection_type_facility_type,task force,Long Term Care,,facility_rank_within_type,1.0,2,2,5,0,1,4,650.0,2,0,0,0.0,2.5,325.0,Check whether type differences mainly reflect facility mix.
inspection_type_facility_mix,inspection_type_facility_type,CHANGED COURT DATE,Restaurant,,facility_rank_within_type,1.0,1,1,0,0,0,0,0.0,1,0,0,0.0,0.0,0.0,Check whether type differences mainly reflect facility mix.
inspection_type_facility_mix,inspection_type_facility_type,Canvass,Restaurant,,facility_rank_within_type,1.0,50795,13130,176183,10188,15204,150791,23974100.0,26952,6510,8500,29.5502,3.4685,471.9776,Check whether type differences mainly reflect facility mix.
inspection_type_facility_mix,inspection_type_facility_type,Canvass,Grocery Store,,facility_rank_within_type,2.0,8052,3611,27436,1428,2841,23167,3740950.0,3837,830,1582,29.9553,3.4074,464.5989,Check whether type differences mainly reflect facility mix.
inspection_type_facility_mix,inspection_type_facility_type,Canvass,School,,facility_rank_within_type,3.0,7075,1103,22865,588,1992,20285,2820500.0,5023,393,1373,24.9611,3.2318,398.6572,Check whether type differences mainly reflect facility mix.
inspection_type_facility_mix,inspection_type_facility_type,Canvass,unknown,,facility_rank_within_type,4.0,3868,3771,134,10,14,110,19500.0,52,13,128,3.6453,0.0346,5.0414,Check whether type differences mainly reflect facility mix.
inspection_type_facility_mix,inspection_type_facility_type,Canvass,Bakery,,facility_rank_within_type,5.0,1221,356,4692,170,408,4114,598400.0,665,101,258,29.4021,3.8428,490.0901,Check whether type differences mainly reflect facility mix.
inspection_type_facility_mix,inspection_type_facility_type,Canvass,Daycare (2 - 6 Years),,facility_rank_within_type,6.0,836,533,1962,30,135,1797,228450.0,509,33,107,16.7464,2.3469,273.2656,Check whether type differences mainly reflect facility mix.
inspection_type_facility_mix,inspection_type_facility_type,Canvass,Daycare Above and Under 2 Years,,facility_rank_within_type,7.0,562,382,1442,31,108,1303,172800.0,384,33,69,18.1495,2.5658,307.4733,Check whether type differences mainly reflect facility mix.
inspection_type_facility_mix,inspection_type_facility_type,Canvass,Long Term Care,,facility_rank_within_type,8.0,529,222,2083,114,180,1789,280900.0,306,75,112,35.3497,3.9376,531.0019,Check whether type differences mainly reflect facility mix.
inspection_type_facility_mix,inspection_type_facility_type,Canvass,Catering,,facility_rank_within_type,9.0,494,134,1412,65,93,1254,181150.0,260,50,62,22.6721,2.8583,366.7004,Check whether type differences mainly reflect facility mix.
inspection_type_facility_mix,inspection_type_facility_type,Canvass,Children's Services Facility,,facility_rank_within_type,10.0,479,329,1150,32,87,1031,140850.0,343,36,54,18.7891,2.4008,294.0501,Check whether type differences mainly reflect facility mix.
inspection_type_facility_mix,inspection_type_facility_type,KITCHEN CLOSED FOR RENOVATION,Restaurant,,facility_rank_within_type,1.0,1,1,0,0,0,0,0.0,0,0,0,0.0,0.0,0.0,Check whether type differences mainly reflect facility mix.
inspection_type_facility_mix,inspection_type_facility_type,LICENSE RENEWAL INSPECTION FOR DAYCARE,Children's Services Facility,,facility_rank_within_type,1.0,1,1,2,0,0,2,200.0,1,0,0,0.0,2.0,200.0,Check whether type differences mainly reflect facility mix.
inspection_type_facility_mix,inspection_type_facility_type,SPECIAL TASK FORCE,Grocery Store,,facility_rank_within_type,1.0,2,2,7,0,5,2,1450.0,0,0,2,100.0,3.5,725.0,Check whether type differences mainly reflect facility mix.
inspection_type_facility_mix,inspection_type_facility_type,Complaint Re-Inspection,Restaurant,,facility_rank_within_type,1.0,3877,2363,22295,1152,4736,16407,1511100.0,3180,333,315,16.714,5.7506,389.7601,Check whether type differences mainly reflect facility mix.
inspection_type_facility_mix,inspection_type_facility_type,Complaint Re-Inspection,Grocery Store,,facility_rank_within_type,2.0,1039,653,6234,296,1318,4620,424700.0,869,88,76,15.7844,6.0,408.7584,Check whether type differences mainly reflect facility mix.
inspection_type_facility_mix,inspection_type_facility_type,Complaint Re-Inspection,Bakery,,facility_rank_within_type,3.0,69,52,437,20,94,323,26800.0,58,3,8,15.942,6.3333,388.4058,Check whether type differences mainly reflect facility mix.
inspection_type_facility_mix,inspection_type_facility_type,Complaint Re-Inspection,School,,facility_rank_within_type,4.0,51,43,261,14,56,191,20850.0,43,1,7,15.6863,5.1176,408.8235,Check whether type differences mainly reflect facility mix.
inspection_type_facility_mix,inspection_type_facility_type,Complaint Re-Inspection,Liquor,,facility_rank_within_type,5.0,35,28,162,2,43,117,10400.0,32,0,3,8.5714,4.6286,297.1429,Check whether type differences mainly reflect facility mix.
inspection_type_facility_mix,inspection_type_facility_type,Complaint Re-Inspection,Wholesale,,facility_rank_within_type,6.0,33,27,169,7,42,120,11350.0,28,1,4,15.1515,5.1212,343.9394,Check whether type differences mainly reflect facility mix.
inspection_type_facility_mix,inspection_type_facility_type,Complaint Re-Inspection,Catering,,facility_rank_within_type,7.0,19,14,117,1,30,86,4150.0,18,0,1,5.2632,6.1579,218.4211,Check whether type differences mainly reflect facility mix.
inspection_type_facility_mix,inspection_type_facility_type,Complaint Re-Inspection,TAVERN,,facility_rank_within_type,8.0,18,13,121,6,27,88,7500.0,14,2,2,22.2222,6.7222,416.6667,Check whether type differences mainly reflect facility mix.
inspection_type_facility_mix,inspection_type_facility_type,Complaint Re-Inspection,Long Term Care,,facility_rank_within_type,9.0,14,12,82,2,20,60,4450.0,10,1,3,28.5714,5.8571,317.8571,Check whether type differences mainly reflect facility mix.
inspection_type_facility_mix,inspection_type_facility_type,Complaint Re-Inspection,Mobile Food Preparer,,facility_rank_within_type,10.0,10,5,46,17,10,19,3850.0,6,1,3,40.0,4.6,385.0,Check whether type differences mainly reflect facility mix.
inspection_type_facility_mix,inspection_type_facility_type,Complaint-Fire Re-inspection,Restaurant,,facility_rank_within_type,1.0,39,34,236,12,55,169,19800.0,32,2,4,15.3846,6.0513,507.6923,Check whether type differences mainly reflect facility mix.
inspection_type_facility_mix,inspection_type_facility_type,Complaint-Fire Re-inspection,Grocery Store,,facility_rank_within_type,2.0,2,2,20,2,4,14,200.0,2,0,0,0.0,10.0,100.0,Check whether type differences mainly reflect facility mix.
inspection_type_facility_mix,inspection_type_facility_type,Complaint-Fire Re-inspection,School,,facility_rank_within_type,3.0,2,1,14,2,6,6,2400.0,0,0,2,100.0,7.0,1200.0,Check whether type differences mainly reflect facility mix.
inspection_type_facility_mix,inspection_type_facility_type,Complaint-Fire Re-inspection,Wholesale,,facility_rank_within_type,4.0,1,1,9,0,2,7,600.0,1,0,0,0.0,9.0,600.0,Check whether type differences mainly reflect facility mix.
inspection_type_facility_mix,inspection_type_facility_type,Kids Cafe',Kids Cafe',,facility_rank_within_type,1.0,1,1,0,0,0,0,0.0,1,0,0,0.0,0.0,0.0,Check whether type differences mainly reflect facility mix.
inspection_type_facility_mix,inspection_type_facility_type,LICENSE TASK FORCE / NOT -FOR-PROFIT CLU,Restaurant,,facility_rank_within_type,1.0,1,1,0,0,0,0,0.0,1,0,0,0.0,0.0,0.0,Check whether type differences mainly reflect facility mix.
inspection_type_facility_mix,inspection_type_facility_type,TASK FORCE NOT READY,Restaurant,,facility_rank_within_type,1.0,1,1,0,0,0,0,0.0,0,0,1,100.0,0.0,0.0,Check whether type differences mainly reflect facility mix.
inspection_type_facility_mix,inspection_type_facility_type,error save,Restaurant,,facility_rank_within_type,1.0,1,1,0,0,0,0,0.0,1,0,0,0.0,0.0,0.0,Check whether type differences mainly reflect facility mix.
inspection_type_facility_mix,inspection_type_facility_type,CANVASS FOR RIB FEST,Restaurant,,facility_rank_within_type,1.0,1,1,3,0,0,3,300.0,1,0,0,0.0,3.0,300.0,Check whether type differences mainly reflect facility mix.
inspection_type_facility_mix,inspection_type_facility_type,Illegal Operation,Grocery Store,,facility_rank_within_type,1.0,2,2,2,2,0,0,1000.0,1,1,0,50.0,1.0,500.0,Check whether type differences mainly reflect facility mix.
inspection_type_facility_mix,inspection_type_facility_type,LICENSE CANCELED BY OWNER,Restaurant,,facility_rank_within_type,1.0,1,1,0,0,0,0,0.0,0,0,0,0.0,0.0,0.0,Check whether type differences mainly reflect facility mix.
inspection_type_facility_mix,inspection_type_facility_type,O.B.,unknown,,facility_rank_within_type,1.0,1,1,0,0,0,0,0.0,0,0,0,0.0,0.0,0.0,Check whether type differences mainly reflect facility mix.
inspection_type_facility_mix,inspection_type_facility_type,TASKFORCE,Restaurant,,facility_rank_within_type,1.0,1,1,10,2,2,6,2100.0,0,0,1,100.0,10.0,2100.0,Check whether type differences mainly reflect facility mix.
inspection_type_facility_mix,inspection_type_facility_type,Tag Removal,Restaurant,,facility_rank_within_type,1.0,481,438,1987,133,104,1750,267500.0,316,144,21,34.3035,4.131,556.1331,Check whether type differences mainly reflect facility mix.
inspection_type_facility_mix,inspection_type_facility_type,Tag Removal,Grocery Store,,facility_rank_within_type,2.0,51,46,218,13,9,196,28350.0,33,15,3,35.2941,4.2745,555.8824,Check whether type differences mainly reflect facility mix.
inspection_type_facility_mix,inspection_type_facility_type,Tag Removal,School,,facility_rank_within_type,3.0,29,25,99,9,5,85,14250.0,25,4,0,13.7931,3.4138,491.3793,Check whether type differences mainly reflect facility mix.
inspection_type_facility_mix,inspection_type_facility_type,Tag Removal,Catering,,facility_rank_within_type,4.0,7,7,32,1,0,31,3600.0,5,2,0,28.5714,4.5714,514.2857,Check whether type differences mainly reflect facility mix.
inspection_type_facility_mix,inspection_type_facility_type,Tag Removal,Daycare (2 - 6 Years),,facility_rank_within_type,5.0,6,6,15,1,0,14,1900.0,5,1,0,16.6667,2.5,316.6667,Check whether type differences mainly reflect facility mix.
inspection_type_facility_mix,inspection_type_facility_type,Tag Removal,Long Term Care,,facility_rank_within_type,6.0,6,6,13,2,1,10,2250.0,5,1,0,16.6667,2.1667,375.0,Check whether type differences mainly reflect facility mix.
inspection_type_facility_mix,inspection_type_facility_type,Tag Removal,Bakery,,facility_rank_within_type,7.0,4,4,28,1,1,26,3350.0,3,0,1,25.0,7.0,837.5,Check whether type differences mainly reflect facility mix.
inspection_type_facility_mix,inspection_type_facility_type,Tag Removal,Hospital,,facility_rank_within_type,8.0,4,4,26,0,2,24,2900.0,3,0,1,25.0,6.5,725.0,Check whether type differences mainly reflect facility mix.
inspection_type_facility_mix,inspection_type_facility_type,Tag Removal,Daycare Above and Under 2 Years,,facility_rank_within_type,9.0,2,2,7,0,1,6,850.0,1,1,0,50.0,3.5,425.0,Check whether type differences mainly reflect facility mix.
inspection_type_facility_mix,inspection_type_facility_type,Tag Removal,Daycare Combo 1586,,facility_rank_within_type,10.0,2,2,6,0,0,6,600.0,2,0,0,0.0,3.0,300.0,Check whether type differences mainly reflect facility mix.
inspection_type_facility_mix,inspection_type_facility_type,FIRE/COMPLAIN,Restaurant,,facility_rank_within_type,1.0,1,1,5,1,2,2,1200.0,0,0,1,100.0,5.0,1200.0,Check whether type differences mainly reflect facility mix.
inspection_type_facility_mix,inspection_type_facility_type,NO ENTRY,Restaurant,,facility_rank_within_type,1.0,5,5,0,0,0,0,0.0,1,0,4,80.0,0.0,0.0,Check whether type differences mainly reflect facility mix.
inspection_type_facility_mix,inspection_type_facility_type,NO ENTRY,Grocery Store,,facility_rank_within_type,2.0,2,2,0,0,0,0,0.0,0,0,2,100.0,0.0,0.0,Check whether type differences mainly reflect facility mix.
inspection_type_facility_mix,inspection_type_facility_type,No Entry,Restaurant,,facility_rank_within_type,1.0,48,46,14,0,1,13,1550.0,28,0,20,41.6667,0.2917,32.2917,Check whether type differences mainly reflect facility mix.
inspection_type_facility_mix,inspection_type_facility_type,No Entry,unknown,,facility_rank_within_type,2.0,6,5,0,0,0,0,0.0,1,0,5,83.3333,0.0,0.0,Check whether type differences mainly reflect facility mix.
inspection_type_facility_mix,inspection_type_facility_type,No Entry,Grocery Store,,facility_rank_within_type,3.0,2,2,0,0,0,0,0.0,0,0,2,100.0,0.0,0.0,Check whether type differences mainly reflect facility mix.
inspection_type_facility_mix,inspection_type_facility_type,No Entry,Catering,,facility_rank_within_type,4.0,1,1,0,0,0,0,0.0,1,0,0,0.0,0.0,0.0,Check whether type differences mainly reflect facility mix.
inspection_type_facility_mix,inspection_type_facility_type,No Entry,School,,facility_rank_within_type,5.0,1,1,0,0,0,0,0.0,0,0,1,100.0,0.0,0.0,Check whether type differences mainly reflect facility mix.
inspection_type_facility_mix,inspection_type_facility_type,No Entry,TAVERN,,facility_rank_within_type,6.0,1,1,0,0,0,0,0.0,1,0,0,0.0,0.0,0.0,Check whether type differences mainly reflect facility mix.
inspection_type_facility_mix,inspection_type_facility_type,No Entry,Wholesale,,facility_rank_within_type,7.0,1,1,0,0,0,0,0.0,0,0,1,100.0,0.0,0.0,Check whether type differences mainly reflect facility mix.
inspection_type_facility_mix,inspection_type_facility_type,Pre-License Consultation,Restaurant,,facility_rank_within_type,1.0,6,6,13,2,2,9,2400.0,1,0,5,83.3333,2.1667,400.0,Check whether type differences mainly reflect facility mix.
inspection_type_facility_mix,inspection_type_facility_type,Pre-License Consultation,Grocery Store,,facility_rank_within_type,2.0,2,2,0,0,0,0,0.0,1,0,1,50.0,0.0,0.0,Check whether type differences mainly reflect facility mix.
inspection_type_facility_mix,inspection_type_facility_type,Pre-License Consultation,School,,facility_rank_within_type,3.0,1,1,2,0,0,2,0.0,1,0,0,0.0,2.0,0.0,Check whether type differences mainly reflect facility mix.
inspection_type_facility_mix,inspection_type_facility_type,sfp/complaint,Grocery Store,,facility_rank_within_type,1.0,1,1,6,0,0,6,600.0,1,0,0,0.0,6.0,600.0,Check whether type differences mainly reflect facility mix.
inspection_type_facility_mix,inspection_type_facility_type,CANVASS SPECIAL EVENTS,Restaurant,,facility_rank_within_type,1.0,1,1,3,0,0,3,300.0,1,0,0,0.0,3.0,300.0,Check whether type differences mainly reflect facility mix.
inspection_type_facility_mix,inspection_type_facility_type,LICENSE WRONG ADDRESS,Mobile Food Dispenser,,facility_rank_within_type,1.0,1,1,0,0,0,0,0.0,0,0,1,100.0,0.0,0.0,Check whether type differences mainly reflect facility mix.
inspection_type_facility_mix,inspection_type_facility_type,LICENSE/NOT READY,Grocery Store,,facility_rank_within_type,1.0,1,1,0,0,0,0,0.0,0,0,1,100.0,0.0,0.0,Check whether type differences mainly reflect facility mix.
inspection_type_facility_mix,inspection_type_facility_type,LICENSE/NOT READY,Restaurant,,facility_rank_within_type,2.0,1,1,0,0,0,0,0.0,0,0,1,100.0,0.0,0.0,Check whether type differences mainly reflect facility mix.
inspection_type_facility_mix,inspection_type_facility_type,LIQUOR CATERING,Restaurant,,facility_rank_within_type,1.0,1,1,6,1,0,5,1000.0,0,0,1,100.0,6.0,1000.0,Check whether type differences mainly reflect facility mix.
inspection_type_facility_mix,inspection_type_facility_type,License,Restaurant,,facility_rank_within_type,1.0,9713,8400,24115,2360,3259,18496,3844350.0,5277,165,3761,40.4201,2.4828,395.7943,Check whether type differences mainly reflect facility mix.
inspection_type_facility_mix,inspection_type_facility_type,License,Grocery Store,,facility_rank_within_type,2.0,3337,2864,9677,884,1456,7337,1539700.0,1566,38,1564,48.0072,2.8999,461.4025,Check whether type differences mainly reflect facility mix.
inspection_type_facility_mix,inspection_type_facility_type,License,Daycare (2 - 6 Years),,facility_rank_within_type,3.0,976,594,2463,94,289,2080,327250.0,654,17,259,28.2787,2.5236,335.2971,Check whether type differences mainly reflect facility mix.
inspection_type_facility_mix,inspection_type_facility_type,License,Daycare Above and Under 2 Years,,facility_rank_within_type,4.0,686,432,1953,128,212,1613,278300.0,484,32,160,27.9883,2.8469,405.6851,Check whether type differences mainly reflect facility mix.
inspection_type_facility_mix,inspection_type_facility_type,License,Children's Services Facility,,facility_rank_within_type,5.0,655,405,1788,113,208,1467,255200.0,470,16,157,26.4122,2.7298,389.6183,Check whether type differences mainly reflect facility mix.
inspection_type_facility_mix,inspection_type_facility_type,License,Mobile Food Dispenser,,facility_rank_within_type,6.0,512,387,453,168,70,215,123000.0,297,14,185,38.8672,0.8848,240.2344,Check whether type differences mainly reflect facility mix.
inspection_type_facility_mix,inspection_type_facility_type,License,Daycare Combo 1586,,facility_rank_within_type,7.0,291,191,818,57,124,637,123200.0,171,13,95,37.1134,2.811,423.3677,Check whether type differences mainly reflect facility mix.
inspection_type_facility_mix,inspection_type_facility_type,License,Bakery,,facility_rank_within_type,8.0,257,224,551,53,81,417,88450.0,145,1,93,36.5759,2.144,344.1634,Check whether type differences mainly reflect facility mix.
inspection_type_facility_mix,inspection_type_facility_type,License,Liquor,,facility_rank_within_type,9.0,187,156,421,61,97,263,81050.0,82,0,92,49.1979,2.2513,433.4225,Check whether type differences mainly reflect facility mix.
inspection_type_facility_mix,inspection_type_facility_type,License,unknown,,facility_rank_within_type,10.0,167,142,70,12,11,47,13450.0,34,1,80,48.503,0.4192,80.5389,Check whether type differences mainly reflect facility mix.
inspection_type_facility_mix,inspection_type_facility_type,SFP/COMPLAINT,Restaurant,,facility_rank_within_type,1.0,4,4,23,4,3,16,4350.0,2,1,1,50.0,5.75,1087.5,Check whether type differences mainly reflect facility mix.
inspection_type_facility_mix,inspection_type_facility_type,Sample Collection,Restaurant,,facility_rank_within_type,1.0,1,1,0,0,0,0,0.0,0,1,0,100.0,0.0,0.0,Check whether type differences mainly reflect facility mix.
inspection_type_facility_mix,inspection_type_facility_type,Special Events (Festivals),Restaurant,,facility_rank_within_type,1.0,21,19,93,4,4,85,11500.0,18,0,3,14.2857,4.4286,547.619,Check whether type differences mainly reflect facility mix.
inspection_type_facility_mix,inspection_type_facility_type,Special Events (Festivals),Church Kitchen,,facility_rank_within_type,2.0,3,1,5,0,0,5,500.0,3,0,0,0.0,1.6667,166.6667,Check whether type differences mainly reflect facility mix.
inspection_type_facility_mix,inspection_type_facility_type,Special Events (Festivals),Special Event,,facility_rank_within_type,3.0,3,2,7,0,0,7,700.0,3,0,0,0.0,2.3333,233.3333,Check whether type differences mainly reflect facility mix.
inspection_type_facility_mix,inspection_type_facility_type,Special Events (Festivals),School,,facility_rank_within_type,4.0,2,2,6,1,0,5,1000.0,1,1,0,50.0,3.0,500.0,Check whether type differences mainly reflect facility mix.
inspection_type_facility_mix,inspection_type_facility_type,Special Events (Festivals),CHURCH KITCHEN,,facility_rank_within_type,5.0,1,1,14,3,1,10,2750.0,0,0,1,100.0,14.0,2750.0,Check whether type differences mainly reflect facility mix.
inspection_type_facility_mix,inspection_type_facility_type,Special Events (Festivals),Catering,,facility_rank_within_type,6.0,1,1,3,0,0,3,300.0,1,0,0,0.0,3.0,300.0,Check whether type differences mainly reflect facility mix.
inspection_type_facility_mix,inspection_type_facility_type,license task 1474,Grocery Store,,facility_rank_within_type,1.0,1,1,0,0,0,0,0.0,1,0,0,0.0,0.0,0.0,Check whether type differences mainly reflect facility mix.
inspection_type_facility_mix,inspection_type_facility_type,Canvass Re-Inspection,Restaurant,,facility_rank_within_type,1.0,9825,5736,53860,2107,11112,40641,3319000.0,8534,707,454,11.8168,5.4819,337.8117,Check whether type differences mainly reflect facility mix.
inspection_type_facility_mix,inspection_type_facility_type,Canvass Re-Inspection,Grocery Store,,facility_rank_within_type,2.0,1804,1209,10649,446,2287,7916,744550.0,1520,121,114,13.0266,5.903,412.7217,Check whether type differences mainly reflect facility mix.
inspection_type_facility_mix,inspection_type_facility_type,Canvass Re-Inspection,School,,facility_rank_within_type,3.0,1552,717,7340,468,1770,5102,576700.0,1313,58,177,15.1418,4.7294,371.5851,Check whether type differences mainly reflect facility mix.
inspection_type_facility_mix,inspection_type_facility_type,Canvass Re-Inspection,Bakery,,facility_rank_within_type,4.0,273,144,1605,55,324,1226,83200.0,243,12,17,10.6227,5.8791,304.7619,Check whether type differences mainly reflect facility mix.
inspection_type_facility_mix,inspection_type_facility_type,Canvass Re-Inspection,Long Term Care,,facility_rank_within_type,5.0,140,99,751,37,147,567,42950.0,119,9,10,13.5714,5.3643,306.7857,Check whether type differences mainly reflect facility mix.
inspection_type_facility_mix,inspection_type_facility_type,Canvass Re-Inspection,Daycare (2 - 6 Years),,facility_rank_within_type,6.0,113,94,549,26,110,413,34050.0,98,2,10,10.6195,4.8584,301.3274,Check whether type differences mainly reflect facility mix.
inspection_type_facility_mix,inspection_type_facility_type,Canvass Re-Inspection,Daycare Above and Under 2 Years,,facility_rank_within_type,7.0,79,60,366,25,84,257,32950.0,65,5,9,17.7215,4.6329,417.0886,Check whether type differences mainly reflect facility mix.
inspection_type_facility_mix,inspection_type_facility_type,Canvass Re-Inspection,Golden Diner,,facility_rank_within_type,8.0,68,38,236,23,81,132,19550.0,52,6,9,22.0588,3.4706,287.5,Check whether type differences mainly reflect facility mix.
inspection_type_facility_mix,inspection_type_facility_type,Canvass Re-Inspection,Catering,,facility_rank_within_type,9.0,64,45,323,10,68,245,20100.0,61,2,1,4.6875,5.0469,314.0625,Check whether type differences mainly reflect facility mix.
inspection_type_facility_mix,inspection_type_facility_type,Canvass Re-Inspection,Children's Services Facility,,facility_rank_within_type,10.0,60,57,232,13,56,163,12100.0,57,1,1,3.3333,3.8667,201.6667,Check whether type differences mainly reflect facility mix.
inspection_type_facility_mix,inspection_type_facility_type,Complaint,Restaurant,,facility_rank_within_type,1.0,9860,5088,47133,4101,5290,37742,7147200.0,4732,1758,3031,48.57,4.7802,724.8682,Check whether type differences mainly reflect facility mix.
inspection_type_facility_mix,inspection_type_facility_type,Complaint,Grocery Store,,facility_rank_within_type,2.0,2164,1115,11497,864,1385,9248,1703050.0,963,350,822,54.159,5.3128,786.9917,Check whether type differences mainly reflect facility mix.
inspection_type_facility_mix,inspection_type_facility_type,Complaint,Bakery,,facility_rank_within_type,3.0,134,88,709,46,96,567,103700.0,61,15,52,50.0,5.291,773.8806,Check whether type differences mainly reflect facility mix.
inspection_type_facility_mix,inspection_type_facility_type,Complaint,School,,facility_rank_within_type,4.0,102,86,410,24,53,333,58550.0,57,10,33,42.1569,4.0196,574.0196,Check whether type differences mainly reflect facility mix.
inspection_type_facility_mix,inspection_type_facility_type,Complaint,Liquor,,facility_rank_within_type,5.0,77,56,247,6,44,197,33700.0,34,4,34,49.3506,3.2078,437.6623,Check whether type differences mainly reflect facility mix.
inspection_type_facility_mix,inspection_type_facility_type,Complaint,Wholesale,,facility_rank_within_type,6.0,66,58,332,25,49,258,50550.0,32,4,30,51.5152,5.0303,765.9091,Check whether type differences mainly reflect facility mix.
inspection_type_facility_mix,inspection_type_facility_type,Complaint,Catering,,facility_rank_within_type,7.0,39,22,214,21,29,164,34150.0,20,3,16,48.7179,5.4872,875.641,Check whether type differences mainly reflect facility mix.
inspection_type_facility_mix,inspection_type_facility_type,Complaint,unknown,,facility_rank_within_type,8.0,34,28,35,5,7,23,6550.0,5,3,12,44.1176,1.0294,192.6471,Check whether type differences mainly reflect facility mix.
inspection_type_facility_mix,inspection_type_facility_type,Complaint,TAVERN,,facility_rank_within_type,9.0,33,23,145,6,26,113,20800.0,10,1,18,57.5758,4.3939,630.303,Check whether type differences mainly reflect facility mix.
inspection_type_facility_mix,inspection_type_facility_type,Complaint,Long Term Care,,facility_rank_within_type,10.0,31,26,161,13,20,128,24300.0,15,4,12,51.6129,5.1935,783.871,Check whether type differences mainly reflect facility mix.
inspection_type_facility_mix,inspection_type_facility_type,Complaint-Fire,Restaurant,,facility_rank_within_type,1.0,127,114,474,21,50,403,63300.0,64,11,48,46.4567,3.7323,498.4252,Check whether type differences mainly reflect facility mix.
inspection_type_facility_mix,inspection_type_facility_type,Complaint-Fire,Grocery Store,,facility_rank_within_type,2.0,17,17,53,4,3,46,7350.0,10,0,6,35.2941,3.1176,432.3529,Check whether type differences mainly reflect facility mix.
inspection_type_facility_mix,inspection_type_facility_type,Complaint-Fire,Bakery,,facility_rank_within_type,3.0,4,4,31,1,1,29,3650.0,3,0,1,25.0,7.75,912.5,Check whether type differences mainly reflect facility mix.
inspection_type_facility_mix,inspection_type_facility_type,Complaint-Fire,Wholesale,,facility_rank_within_type,4.0,4,4,16,0,3,13,2050.0,1,0,2,50.0,4.0,512.5,Check whether type differences mainly reflect facility mix.
inspection_type_facility_mix,inspection_type_facility_type,Complaint-Fire,unknown,,facility_rank_within_type,5.0,3,3,0,0,0,0,0.0,1,0,2,66.6667,0.0,0.0,Check whether type differences mainly reflect facility mix.
inspection_type_facility_mix,inspection_type_facility_type,Complaint-Fire,Catering,,facility_rank_within_type,6.0,1,1,8,0,1,7,950.0,0,1,0,100.0,8.0,950.0,Check whether type differences mainly reflect facility mix.
inspection_type_facility_mix,inspection_type_facility_type,Complaint-Fire,Liquor,,facility_rank_within_type,7.0,1,1,3,0,0,3,300.0,1,0,0,0.0,3.0,300.0,Check whether type differences mainly reflect facility mix.
inspection_type_facility_mix,inspection_type_facility_type,Complaint-Fire,NIGHT CLUB,,facility_rank_within_type,8.0,1,1,6,0,0,6,600.0,1,0,0,0.0,6.0,600.0,Check whether type differences mainly reflect facility mix.
inspection_type_facility_mix,inspection_type_facility_type,Complaint-Fire,NURSING HOME,,facility_rank_within_type,9.0,1,1,4,0,0,4,400.0,1,0,0,0.0,4.0,400.0,Check whether type differences mainly reflect facility mix.
inspection_type_facility_mix,inspection_type_facility_type,Complaint-Fire,School,,facility_rank_within_type,10.0,1,1,3,0,0,3,300.0,1,0,0,0.0,3.0,300.0,Check whether type differences mainly reflect facility mix.
inspection_type_facility_mix,inspection_type_facility_type,Suspected Food Poisoning,Restaurant,,facility_rank_within_type,1.0,597,543,2833,337,257,2239,456650.0,298,146,149,49.4137,4.7454,764.9079,Check whether type differences mainly reflect facility mix.
inspection_type_facility_mix,inspection_type_facility_type,Suspected Food Poisoning,Grocery Store,,facility_rank_within_type,2.0,29,27,151,13,13,125,22250.0,18,4,7,37.931,5.2069,767.2414,Check whether type differences mainly reflect facility mix.
inspection_type_facility_mix,inspection_type_facility_type,Suspected Food Poisoning,Long Term Care,,facility_rank_within_type,3.0,19,17,106,8,12,86,15600.0,10,3,6,47.3684,5.5789,821.0526,Check whether type differences mainly reflect facility mix.
inspection_type_facility_mix,inspection_type_facility_type,Suspected Food Poisoning,School,,facility_rank_within_type,4.0,11,10,41,7,3,31,7350.0,6,3,2,45.4545,3.7273,668.1818,Check whether type differences mainly reflect facility mix.
inspection_type_facility_mix,inspection_type_facility_type,Suspected Food Poisoning,Bakery,,facility_rank_within_type,5.0,5,5,34,4,2,28,5300.0,2,3,0,60.0,6.8,1060.0,Check whether type differences mainly reflect facility mix.
inspection_type_facility_mix,inspection_type_facility_type,Suspected Food Poisoning,Hospital,,facility_rank_within_type,6.0,4,4,17,2,1,14,2650.0,2,1,1,50.0,4.25,662.5,Check whether type differences mainly reflect facility mix.
inspection_type_facility_mix,inspection_type_facility_type,Suspected Food Poisoning,ASSISTED LIVING,,facility_rank_within_type,7.0,2,2,14,2,3,9,2650.0,1,0,1,50.0,7.0,1325.0,Check whether type differences mainly reflect facility mix.
inspection_type_facility_mix,inspection_type_facility_type,Suspected Food Poisoning,Assisted Living,,facility_rank_within_type,8.0,2,1,7,0,0,7,700.0,2,0,0,0.0,3.5,350.0,Check whether type differences mainly reflect facility mix.
inspection_type_facility_mix,inspection_type_facility_type,Suspected Food Poisoning,BANQUET,,facility_rank_within_type,9.0,2,1,3,0,0,3,300.0,1,0,1,50.0,1.5,150.0,Check whether type differences mainly reflect facility mix.
inspection_type_facility_mix,inspection_type_facility_type,Suspected Food Poisoning,Daycare Above and Under 2 Years,,facility_rank_within_type,10.0,2,2,3,0,0,3,300.0,2,0,0,0.0,1.5,150.0,Check whether type differences mainly reflect facility mix.
inspection_type_facility_mix,inspection_type_facility_type,TASK FORCE NIGHT,Liquor,,facility_rank_within_type,1.0,1,1,7,1,3,3,1550.0,0,0,1,100.0,7.0,1550.0,Check whether type differences mainly reflect facility mix.
inspection_type_facility_mix,inspection_type_facility_type,Task Force Liquor Catering,Restaurant,,facility_rank_within_type,1.0,1,1,0,0,0,0,0.0,1,0,0,0.0,0.0,0.0,Check whether type differences mainly reflect facility mix.
inspection_type_facility_mix,inspection_type_facility_type,task force(1470) liquor tavern,tavern,,facility_rank_within_type,1.0,1,1,7,2,1,4,1650.0,0,0,1,100.0,7.0,1650.0,Check whether type differences mainly reflect facility mix.
inspection_type_facility_mix,inspection_type_facility_type,CANVASS SCHOOL/SPECIAL EVENT,School,,facility_rank_within_type,1.0,1,1,1,0,0,1,100.0,1,0,0,0.0,1.0,100.0,Check whether type differences mainly reflect facility mix.
inspection_type_facility_mix,inspection_type_facility_type,Duplicated,School,,facility_rank_within_type,1.0,1,1,0,0,0,0,0.0,0,0,1,100.0,0.0,0.0,Check whether type differences mainly reflect facility mix.
inspection_type_facility_mix,inspection_type_facility_type,LICENSE,Grocery Store,,facility_rank_within_type,1.0,1,1,0,0,0,0,0.0,1,0,0,0.0,0.0,0.0,Check whether type differences mainly reflect facility mix.
inspection_type_facility_mix,inspection_type_facility_type,Non-Inspection,Restaurant,,facility_rank_within_type,1.0,5,5,6,0,2,4,900.0,0,0,5,100.0,1.2,180.0,Check whether type differences mainly reflect facility mix.
inspection_type_facility_mix,inspection_type_facility_type,Non-Inspection,Daycare (2 - 6 Years),,facility_rank_within_type,2.0,1,1,5,0,0,5,500.0,0,1,0,100.0,5.0,500.0,Check whether type differences mainly reflect facility mix.
inspection_type_facility_mix,inspection_type_facility_type,Non-Inspection,Daycare (Under 2 Years),,facility_rank_within_type,3.0,1,1,0,0,0,0,0.0,0,1,0,100.0,0.0,0.0,Check whether type differences mainly reflect facility mix.
inspection_type_facility_mix,inspection_type_facility_type,Non-Inspection,Grocery Store,,facility_rank_within_type,4.0,1,1,6,0,3,3,1050.0,0,0,1,100.0,6.0,1050.0,Check whether type differences mainly reflect facility mix.
inspection_type_facility_mix,inspection_type_facility_type,Non-Inspection,School,,facility_rank_within_type,5.0,1,1,3,0,0,3,300.0,1,0,0,0.0,3.0,300.0,Check whether type differences mainly reflect facility mix.
inspection_type_facility_mix,inspection_type_facility_type,Package Liquor 1474,Grocery Store,,facility_rank_within_type,1.0,30,29,19,1,3,15,2750.0,21,0,9,30.0,0.6333,91.6667,Check whether type differences mainly reflect facility mix.
inspection_type_facility_mix,inspection_type_facility_type,Package Liquor 1474,Restaurant,,facility_rank_within_type,2.0,6,6,7,2,0,5,1500.0,4,0,2,33.3333,1.1667,250.0,Check whether type differences mainly reflect facility mix.
inspection_type_facility_mix,inspection_type_facility_type,Package Liquor 1474,Liquor,,facility_rank_within_type,3.0,4,4,10,0,2,8,1300.0,2,0,2,50.0,2.5,325.0,Check whether type differences mainly reflect facility mix.
inspection_type_facility_mix,inspection_type_facility_type,Package Liquor 1474,DRUG/FOOD STORE,,facility_rank_within_type,4.0,1,1,2,0,0,2,200.0,0,0,1,100.0,2.0,200.0,Check whether type differences mainly reflect facility mix.
inspection_type_facility_mix,inspection_type_facility_type,Package Liquor 1474,DRUG/GROCERY STORE,,facility_rank_within_type,5.0,1,1,0,0,0,0,0.0,1,0,0,0.0,0.0,0.0,Check whether type differences mainly reflect facility mix.
inspection_type_facility_mix,inspection_type_facility_type,Package Liquor 1474,STORE,,facility_rank_within_type,6.0,1,1,1,0,1,0,250.0,0,0,1,100.0,1.0,250.0,Check whether type differences mainly reflect facility mix.
inspection_type_facility_mix,inspection_type_facility_type,Package Liquor 1474,WINE STORE,,facility_rank_within_type,7.0,1,1,0,0,0,0,0.0,0,0,1,100.0,0.0,0.0,Check whether type differences mainly reflect facility mix.
inspection_type_facility_mix,inspection_type_facility_type,REINSPECTION OF 48 HOUR NOTICE,Daycare Above and Under 2 Years,,facility_rank_within_type,1.0,2,2,19,3,1,15,3250.0,0,0,2,100.0,9.5,1625.0,Check whether type differences mainly reflect facility mix.
inspection_type_facility_mix,inspection_type_facility_type,TASK FORCE LIQUOR (1481),Restaurant,,facility_rank_within_type,1.0,1,1,0,0,0,0,0.0,1,0,0,0.0,0.0,0.0,Check whether type differences mainly reflect facility mix.
inspection_type_facility_mix,inspection_type_facility_type,TASK FORCE LIQUOR 1474,Grocery Store,,facility_rank_within_type,1.0,2,2,9,0,1,8,1050.0,1,0,1,50.0,4.5,525.0,Check whether type differences mainly reflect facility mix.
inspection_type_facility_mix,inspection_type_facility_type,Task force liquor inspection 1474,Grocery Store,,facility_rank_within_type,1.0,1,1,0,0,0,0,0.0,1,0,0,0.0,0.0,0.0,Check whether type differences mainly reflect facility mix.
inspection_type_facility_mix,inspection_type_facility_type,CANVASS/SPECIAL EVENT,School,,facility_rank_within_type,1.0,1,1,5,0,0,5,500.0,1,0,0,0.0,5.0,500.0,Check whether type differences mainly reflect facility mix.
inspection_type_facility_mix,inspection_type_facility_type,DAY CARE LICENSE RENEWAL,Daycare (2 - 6 Years),,facility_rank_within_type,1.0,1,1,3,0,0,3,300.0,1,0,0,0.0,3.0,300.0,Check whether type differences mainly reflect facility mix.
inspection_type_facility_mix,inspection_type_facility_type,LICENSE DAYCARE 1586,Daycare (2 - 6 Years),,facility_rank_within_type,1.0,1,1,5,0,0,5,500.0,1,0,0,0.0,5.0,500.0,Check whether type differences mainly reflect facility mix.
inspection_type_facility_mix,inspection_type_facility_type,LICENSE REQUEST,Restaurant,,facility_rank_within_type,1.0,9,9,0,0,0,0,0.0,0,0,1,11.1111,0.0,0.0,Check whether type differences mainly reflect facility mix.
inspection_type_facility_mix,inspection_type_facility_type,LICENSE REQUEST,unknown,,facility_rank_within_type,2.0,8,8,0,0,0,0,0.0,0,0,3,37.5,0.0,0.0,Check whether type differences mainly reflect facility mix.
inspection_type_facility_mix,inspection_type_facility_type,LICENSE REQUEST,Grocery Store,,facility_rank_within_type,3.0,2,2,0,0,0,0,0.0,0,0,0,0.0,0.0,0.0,Check whether type differences mainly reflect facility mix.
inspection_type_facility_mix,inspection_type_facility_type,License Re-Inspection,Restaurant,,facility_rank_within_type,1.0,3577,3185,17359,2396,3457,11506,815950.0,3142,46,374,11.7417,4.8529,228.1101,Check whether type differences mainly reflect facility mix.
inspection_type_facility_mix,inspection_type_facility_type,License Re-Inspection,Grocery Store,,facility_rank_within_type,2.0,1553,1290,8068,978,1591,5499,428050.0,1273,11,260,17.4501,5.1951,275.6278,Check whether type differences mainly reflect facility mix.
inspection_type_facility_mix,inspection_type_facility_type,License Re-Inspection,Daycare (2 - 6 Years),,facility_rank_within_type,3.0,303,225,1348,117,292,939,82950.0,246,6,49,18.1518,4.4488,273.7624,Check whether type differences mainly reflect facility mix.
inspection_type_facility_mix,inspection_type_facility_type,License Re-Inspection,Children's Services Facility,,facility_rank_within_type,4.0,191,147,920,138,238,544,61250.0,160,1,26,14.1361,4.8168,320.6806,Check whether type differences mainly reflect facility mix.
inspection_type_facility_mix,inspection_type_facility_type,License Re-Inspection,Daycare Above and Under 2 Years,,facility_rank_within_type,5.0,187,147,957,112,222,623,69450.0,158,1,25,13.9037,5.1176,371.3904,Check whether type differences mainly reflect facility mix.
inspection_type_facility_mix,inspection_type_facility_type,License Re-Inspection,Mobile Food Dispenser,,facility_rank_within_type,6.0,131,102,372,143,60,169,29100.0,105,4,22,19.8473,2.8397,222.1374,Check whether type differences mainly reflect facility mix.
inspection_type_facility_mix,inspection_type_facility_type,License Re-Inspection,Daycare Combo 1586,,facility_rank_within_type,7.0,122,88,601,60,157,384,32850.0,99,4,18,18.0328,4.9262,269.2623,Check whether type differences mainly reflect facility mix.
inspection_type_facility_mix,inspection_type_facility_type,License Re-Inspection,Liquor,,facility_rank_within_type,8.0,119,94,549,82,128,339,35700.0,90,1,24,21.0084,4.6134,300.0,Check whether type differences mainly reflect facility mix.
inspection_type_facility_mix,inspection_type_facility_type,License Re-Inspection,Wholesale,,facility_rank_within_type,9.0,96,81,417,56,83,278,28250.0,79,0,17,17.7083,4.3438,294.2708,Check whether type differences mainly reflect facility mix.
inspection_type_facility_mix,inspection_type_facility_type,License Re-Inspection,Bakery,,facility_rank_within_type,10.0,85,78,410,49,83,278,13200.0,78,0,7,8.2353,4.8235,155.2941,Check whether type differences mainly reflect facility mix.
inspection_type_facility_mix,inspection_type_facility_type,TAVERN 1470,TAVERN,,facility_rank_within_type,1.0,1,1,2,1,1,0,750.0,0,0,1,100.0,2.0,750.0,Check whether type differences mainly reflect facility mix.
inspection_type_facility_mix,inspection_type_facility_type,Task Force Liquor 1475,Restaurant,,facility_rank_within_type,1.0,211,200,337,45,40,252,57700.0,106,0,105,49.763,1.5972,273.4597,Check whether type differences mainly reflect facility mix.
inspection_type_facility_mix,inspection_type_facility_type,Task Force Liquor 1475,Liquor,,facility_rank_within_type,2.0,17,16,37,8,3,26,7350.0,5,0,12,70.5882,2.1765,432.3529,Check whether type differences mainly reflect facility mix.
inspection_type_facility_mix,inspection_type_facility_type,Task Force Liquor 1475,Grocery Store,,facility_rank_within_type,3.0,11,10,27,3,3,21,4350.0,6,0,5,45.4545,2.4545,395.4545,Check whether type differences mainly reflect facility mix.
inspection_type_facility_mix,inspection_type_facility_type,Task Force Liquor 1475,unknown,,facility_rank_within_type,4.0,4,3,0,0,0,0,0.0,0,0,4,100.0,0.0,0.0,Check whether type differences mainly reflect facility mix.
inspection_type_facility_mix,inspection_type_facility_type,Task Force Liquor 1475,HOTEL,,facility_rank_within_type,5.0,2,2,10,0,1,9,1150.0,0,0,2,100.0,5.0,575.0,Check whether type differences mainly reflect facility mix.
inspection_type_facility_mix,inspection_type_facility_type,Task Force Liquor 1475,BANQUET HALL,,facility_rank_within_type,6.0,1,1,1,0,1,0,250.0,0,0,1,100.0,1.0,250.0,Check whether type differences mainly reflect facility mix.
inspection_type_facility_mix,inspection_type_facility_type,Task Force Liquor 1475,Banquet rooms,,facility_rank_within_type,7.0,1,1,0,0,0,0,0.0,1,0,0,0.0,0.0,0.0,Check whether type differences mainly reflect facility mix.
inspection_type_facility_mix,inspection_type_facility_type,Task Force Liquor 1475,DRUG STORE/W/ FOOD,,facility_rank_within_type,8.0,1,1,0,0,0,0,0.0,1,0,0,0.0,0.0,0.0,Check whether type differences mainly reflect facility mix.
inspection_type_facility_mix,inspection_type_facility_type,Task Force Liquor 1475,LIQUOR CONSUMPTION ON PREMISES.,,facility_rank_within_type,9.0,1,1,4,0,1,3,550.0,0,0,1,100.0,4.0,550.0,Check whether type differences mainly reflect facility mix.
inspection_type_facility_mix,inspection_type_facility_type,Task Force Liquor 1475,RESTAURANT/LIQUOR,,facility_rank_within_type,10.0,1,1,0,0,0,0,0.0,0,0,1,100.0,0.0,0.0,Check whether type differences mainly reflect facility mix.
inspection_type_facility_mix,inspection_type_facility_type,,Restaurant,,facility_rank_within_type,1.0,1,1,2,0,2,0,500.0,1,0,0,0.0,2.0,500.0,Check whether type differences mainly reflect facility mix.
inspection_type_facility_mix,inspection_type_facility_type,1315 license reinspection,Restaurant,,facility_rank_within_type,1.0,1,1,5,4,1,0,2250.0,0,0,1,100.0,5.0,2250.0,Check whether type differences mainly reflect facility mix.
inspection_type_facility_mix,inspection_type_facility_type,CLOSE-UP/COMPLAINT REINSPECTION,Wholesale,,facility_rank_within_type,1.0,1,1,9,1,2,6,1600.0,1,0,0,0.0,9.0,1600.0,Check whether type differences mainly reflect facility mix.
inspection_type_facility_mix,inspection_type_facility_type,RE-INSPECTION OF CLOSE-UP,Restaurant,,facility_rank_within_type,1.0,1,1,9,3,0,6,500.0,0,0,1,100.0,9.0,500.0,Check whether type differences mainly reflect facility mix.
inspection_type_facility_mix,inspection_type_facility_type,RECALL INSPECTION,Grocery Store,,facility_rank_within_type,1.0,1,1,0,0,0,0,0.0,0,0,1,100.0,0.0,0.0,Check whether type differences mainly reflect facility mix.
inspection_type_facility_mix,inspection_type_facility_type,CANVAS,Restaurant,,facility_rank_within_type,1.0,1,1,4,0,0,4,400.0,1,0,0,0.0,4.0,400.0,Check whether type differences mainly reflect facility mix.
inspection_type_facility_mix,inspection_type_facility_type,CANVASS,Restaurant,,facility_rank_within_type,1.0,1,1,0,0,0,0,0.0,0,0,0,0.0,0.0,0.0,Check whether type differences mainly reflect facility mix.
inspection_type_facility_mix,inspection_type_facility_type,LICENSE CONSULTATION,Shared Kitchen User (Long Term),,facility_rank_within_type,1.0,1,1,0,0,0,0,0.0,1,0,0,0.0,0.0,0.0,Check whether type differences mainly reflect facility mix.
inspection_type_facility_mix,inspection_type_facility_type,LICENSE CONSULTATION,Wholesale,,facility_rank_within_type,2.0,1,1,0,0,0,0,0.0,1,0,0,0.0,0.0,0.0,Check whether type differences mainly reflect facility mix.
inspection_type_facility_mix,inspection_type_facility_type,License consultation,Shared Kitchen User (Long Term),,facility_rank_within_type,1.0,1,1,0,0,0,0,0.0,1,0,0,0.0,0.0,0.0,Check whether type differences mainly reflect facility mix.
inspection_type_facility_mix,inspection_type_facility_type,Out of Business,unknown,,facility_rank_within_type,1.0,201,200,0,0,0,0,0.0,124,0,74,36.8159,0.0,0.0,Check whether type differences mainly reflect facility mix.
inspection_type_facility_mix,inspection_type_facility_type,Out of Business,Restaurant,,facility_rank_within_type,2.0,56,56,0,0,0,0,0.0,28,0,26,46.4286,0.0,0.0,Check whether type differences mainly reflect facility mix.
inspection_type_facility_mix,inspection_type_facility_type,Out of Business,Grocery Store,,facility_rank_within_type,3.0,13,12,0,0,0,0,0.0,9,0,4,30.7692,0.0,0.0,Check whether type differences mainly reflect facility mix.
inspection_type_facility_mix,inspection_type_facility_type,Out of Business,Daycare (2 - 6 Years),,facility_rank_within_type,4.0,2,2,0,0,0,0,0.0,0,0,2,100.0,0.0,0.0,Check whether type differences mainly reflect facility mix.
inspection_type_facility_mix,inspection_type_facility_type,Out of Business,Mobile Food Dispenser,,facility_rank_within_type,5.0,2,2,0,0,0,0,0.0,0,0,2,100.0,0.0,0.0,Check whether type differences mainly reflect facility mix.
inspection_type_facility_mix,inspection_type_facility_type,Out of Business,School,,facility_rank_within_type,6.0,2,2,0,0,0,0,0.0,0,0,2,100.0,0.0,0.0,Check whether type differences mainly reflect facility mix.
inspection_type_facility_mix,inspection_type_facility_type,Out of Business,Wholesale,,facility_rank_within_type,7.0,2,2,0,0,0,0,0.0,2,0,0,0.0,0.0,0.0,Check whether type differences mainly reflect facility mix.
inspection_type_facility_mix,inspection_type_facility_type,Out of Business,GAS STATION,,facility_rank_within_type,8.0,1,1,0,0,0,0,0.0,1,0,0,0.0,0.0,0.0,Check whether type differences mainly reflect facility mix.
inspection_type_facility_mix,inspection_type_facility_type,Out of Business,GROCERY/LIQUOR,,facility_rank_within_type,9.0,1,1,0,0,0,0,0.0,1,0,0,0.0,0.0,0.0,Check whether type differences mainly reflect facility mix.
inspection_type_facility_mix,inspection_type_facility_type,Out of Business,Hospital,,facility_rank_within_type,10.0,1,1,0,0,0,0,0.0,1,0,0,0.0,0.0,0.0,Check whether type differences mainly reflect facility mix.
inspection_type_facility_mix,inspection_type_facility_type,TASK FORCE PACKAGE LIQUOR,Liquor,,facility_rank_within_type,1.0,1,1,5,0,2,3,800.0,0,0,1,100.0,5.0,800.0,Check whether type differences mainly reflect facility mix.
inspection_type_facility_mix,inspection_type_facility_type,TASTE OF CHICAGO,Restaurant,,facility_rank_within_type,1.0,1,1,0,0,0,0,0.0,1,0,0,0.0,0.0,0.0,Check whether type differences mainly reflect facility mix.
inspection_type_facility_mix,inspection_type_facility_type,HACCP QUESTIONAIRE,Restaurant,,facility_rank_within_type,1.0,1,1,0,0,0,0,0.0,1,0,0,0.0,0.0,0.0,Check whether type differences mainly reflect facility mix.
inspection_type_facility_mix,inspection_type_facility_type,LICENSE RENEWAL FOR DAYCARE,Children's Services Facility,,facility_rank_within_type,1.0,1,1,3,0,0,3,300.0,1,0,0,0.0,3.0,300.0,Check whether type differences mainly reflect facility mix.
inspection_type_facility_mix,inspection_type_facility_type,LICENSE RENEWAL FOR DAYCARE,Daycare (Under 2 Years),,facility_rank_within_type,2.0,1,1,2,2,0,0,1000.0,0,1,0,100.0,2.0,1000.0,Check whether type differences mainly reflect facility mix.
inspection_type_facility_mix,inspection_type_facility_type,POSSIBLE FBI,Restaurant,,facility_rank_within_type,1.0,1,1,6,0,0,6,600.0,1,0,0,0.0,6.0,600.0,Check whether type differences mainly reflect facility mix.
inspection_type_facility_mix,inspection_type_facility_type,REINSPECTION,Hospital,,facility_rank_within_type,1.0,1,1,6,0,1,5,750.0,1,0,0,0.0,6.0,750.0,Check whether type differences mainly reflect facility mix.
inspection_type_facility_mix,inspection_type_facility_type,REINSPECTION,Restaurant,,facility_rank_within_type,2.0,1,1,1,0,1,0,250.0,1,0,0,0.0,1.0,250.0,Check whether type differences mainly reflect facility mix.
inspection_type_facility_mix,inspection_type_facility_type,Recent Inspection,Restaurant,,facility_rank_within_type,1.0,132,127,437,25,33,379,58650.0,76,45,9,40.9091,3.3106,444.3182,Check whether type differences mainly reflect facility mix.
inspection_type_facility_mix,inspection_type_facility_type,Recent Inspection,Grocery Store,,facility_rank_within_type,2.0,27,25,64,2,8,54,8400.0,17,5,4,33.3333,2.3704,311.1111,Check whether type differences mainly reflect facility mix.
inspection_type_facility_mix,inspection_type_facility_type,Recent Inspection,School,,facility_rank_within_type,3.0,13,13,33,0,4,29,3900.0,9,0,2,15.3846,2.5385,300.0,Check whether type differences mainly reflect facility mix.
inspection_type_facility_mix,inspection_type_facility_type,Recent Inspection,Long Term Care,,facility_rank_within_type,4.0,5,5,21,0,0,21,2100.0,4,1,0,20.0,4.2,420.0,Check whether type differences mainly reflect facility mix.
inspection_type_facility_mix,inspection_type_facility_type,Recent Inspection,Daycare (2 - 6 Years),,facility_rank_within_type,5.0,4,4,9,0,1,8,1050.0,3,1,0,25.0,2.25,262.5,Check whether type differences mainly reflect facility mix.
inspection_type_facility_mix,inspection_type_facility_type,Recent Inspection,Bakery,,facility_rank_within_type,6.0,3,3,6,0,0,6,600.0,2,1,0,33.3333,2.0,200.0,Check whether type differences mainly reflect facility mix.
inspection_type_facility_mix,inspection_type_facility_type,Recent Inspection,BUTCHER,,facility_rank_within_type,7.0,1,1,6,0,1,5,750.0,1,0,0,0.0,6.0,750.0,Check whether type differences mainly reflect facility mix.
inspection_type_facility_mix,inspection_type_facility_type,Recent Inspection,CONVENIENCE,,facility_rank_within_type,8.0,1,1,0,0,0,0,0.0,1,0,0,0.0,0.0,0.0,Check whether type differences mainly reflect facility mix.
inspection_type_facility_mix,inspection_type_facility_type,Recent Inspection,Children's Services Facility,,facility_rank_within_type,9.0,1,1,4,1,0,3,800.0,0,1,0,100.0,4.0,800.0,Check whether type differences mainly reflect facility mix.
inspection_type_facility_mix,inspection_type_facility_type,Recent Inspection,Daycare Above and Under 2 Years,,facility_rank_within_type,10.0,1,1,3,0,0,3,300.0,1,0,0,0.0,3.0,300.0,Check whether type differences mainly reflect facility mix.
inspection_type_facility_mix,inspection_type_facility_type,Short Form Complaint,Restaurant,,facility_rank_within_type,1.0,4136,2445,13559,497,1059,12003,1713550.0,2995,563,520,26.1847,3.2783,414.3013,Check whether type differences mainly reflect facility mix.
inspection_type_facility_mix,inspection_type_facility_type,Short Form Complaint,Grocery Store,,facility_rank_within_type,2.0,1131,569,3973,137,300,3536,497100.0,829,142,154,26.1715,3.5128,439.5225,Check whether type differences mainly reflect facility mix.
inspection_type_facility_mix,inspection_type_facility_type,Short Form Complaint,Bakery,,facility_rank_within_type,3.0,43,36,133,3,10,120,16000.0,31,4,7,25.5814,3.093,372.093,Check whether type differences mainly reflect facility mix.
inspection_type_facility_mix,inspection_type_facility_type,Short Form Complaint,School,,facility_rank_within_type,4.0,31,26,96,2,8,86,11600.0,24,2,5,22.5806,3.0968,374.1935,Check whether type differences mainly reflect facility mix.
inspection_type_facility_mix,inspection_type_facility_type,Short Form Complaint,Liquor,,facility_rank_within_type,5.0,29,13,28,0,6,22,3700.0,21,1,7,27.5862,0.9655,127.5862,Check whether type differences mainly reflect facility mix.
inspection_type_facility_mix,inspection_type_facility_type,Short Form Complaint,Wholesale,,facility_rank_within_type,6.0,20,14,27,1,3,23,3550.0,16,0,3,15.0,1.35,177.5,Check whether type differences mainly reflect facility mix.
inspection_type_facility_mix,inspection_type_facility_type,Short Form Complaint,Catering,,facility_rank_within_type,7.0,14,11,48,0,6,42,5700.0,8,1,4,35.7143,3.4286,407.1429,Check whether type differences mainly reflect facility mix.
inspection_type_facility_mix,inspection_type_facility_type,Short Form Complaint,TAVERN,,facility_rank_within_type,8.0,14,11,41,2,3,36,5350.0,12,1,1,14.2857,2.9286,382.1429,Check whether type differences mainly reflect facility mix.
inspection_type_facility_mix,inspection_type_facility_type,Short Form Complaint,unknown,,facility_rank_within_type,9.0,14,11,2,0,1,1,350.0,6,1,2,21.4286,0.1429,25.0,Check whether type differences mainly reflect facility mix.
inspection_type_facility_mix,inspection_type_facility_type,Short Form Complaint,Daycare (2 - 6 Years),,facility_rank_within_type,10.0,5,5,15,0,1,14,1650.0,4,1,0,20.0,3.0,330.0,Check whether type differences mainly reflect facility mix.
inspection_type_facility_mix,inspection_type_facility_type,Suspected Food Poisoning Re-inspection,Restaurant,,facility_rank_within_type,1.0,139,122,794,35,159,600,68550.0,122,6,11,12.2302,5.7122,493.1655,Check whether type differences mainly reflect facility mix.
inspection_type_facility_mix,inspection_type_facility_type,Suspected Food Poisoning Re-inspection,Long Term Care,,facility_rank_within_type,2.0,7,7,38,1,9,28,1050.0,7,0,0,0.0,5.4286,150.0,Check whether type differences mainly reflect facility mix.
inspection_type_facility_mix,inspection_type_facility_type,Suspected Food Poisoning Re-inspection,Grocery Store,,facility_rank_within_type,3.0,6,6,40,2,8,30,3900.0,4,2,0,33.3333,6.6667,650.0,Check whether type differences mainly reflect facility mix.
inspection_type_facility_mix,inspection_type_facility_type,Suspected Food Poisoning Re-inspection,School,,facility_rank_within_type,4.0,3,3,13,1,2,10,500.0,3,0,0,0.0,4.3333,166.6667,Check whether type differences mainly reflect facility mix.
inspection_type_facility_mix,inspection_type_facility_type,Suspected Food Poisoning Re-inspection,(gas station),,facility_rank_within_type,5.0,1,1,5,0,1,4,100.0,1,0,0,0.0,5.0,100.0,Check whether type differences mainly reflect facility mix.
inspection_type_facility_mix,inspection_type_facility_type,Suspected Food Poisoning Re-inspection,ASSISTED LIVING,,facility_rank_within_type,6.0,1,1,7,0,2,5,350.0,1,0,0,0.0,7.0,350.0,Check whether type differences mainly reflect facility mix.
inspection_type_facility_mix,inspection_type_facility_type,Suspected Food Poisoning Re-inspection,Bakery,,facility_rank_within_type,7.0,1,1,7,0,0,7,700.0,1,0,0,0.0,7.0,700.0,Check whether type differences mainly reflect facility mix.
inspection_type_facility_mix,inspection_type_facility_type,Suspected Food Poisoning Re-inspection,Catering,,facility_rank_within_type,8.0,1,1,15,1,3,11,1750.0,0,1,0,100.0,15.0,1750.0,Check whether type differences mainly reflect facility mix.
inspection_type_facility_mix,inspection_type_facility_type,Suspected Food Poisoning Re-inspection,Hospital,,facility_rank_within_type,9.0,1,1,6,1,0,5,500.0,1,0,0,0.0,6.0,500.0,Check whether type differences mainly reflect facility mix.
inspection_type_facility_mix,inspection_type_facility_type,TASK FORCE PACKAGE GOODS 1474,Grocery Store,,facility_rank_within_type,1.0,1,1,0,0,0,0,0.0,1,0,0,0.0,0.0,0.0,Check whether type differences mainly reflect facility mix.
inspection_type_facility_mix,inspection_type_facility_type,no entry,Restaurant,,facility_rank_within_type,1.0,2,2,0,0,0,0,0.0,0,0,2,100.0,0.0,0.0,Check whether type differences mainly reflect facility mix.
inspection_type_facility_mix,inspection_type_facility_type,no entry,Liquor,,facility_rank_within_type,2.0,1,1,0,0,0,0,0.0,0,0,1,100.0,0.0,0.0,Check whether type differences mainly reflect facility mix.
inspection_type_facility_mix,inspection_type_facility_type,no entry,School,,facility_rank_within_type,3.0,1,1,0,0,0,0,0.0,0,0,1,100.0,0.0,0.0,Check whether type differences mainly reflect facility mix.
inspection_type_facility_mix,inspection_type_facility_type,CITF,HOOKA BAR,,facility_rank_within_type,1.0,1,1,1,0,0,1,100.0,1,0,0,0.0,1.0,100.0,Check whether type differences mainly reflect facility mix.
inspection_type_facility_mix,inspection_type_facility_type,FIRE,Restaurant,,facility_rank_within_type,1.0,1,1,0,0,0,0,0.0,0,0,0,0.0,0.0,0.0,Check whether type differences mainly reflect facility mix.
inspection_type_facility_mix,inspection_type_facility_type,No entry,Restaurant,,facility_rank_within_type,1.0,1,1,12,1,2,9,1900.0,0,0,1,100.0,12.0,1900.0,Check whether type differences mainly reflect facility mix.
inspection_type_facility_mix,inspection_type_facility_type,SFP,Restaurant,,facility_rank_within_type,1.0,4,4,17,7,1,9,4650.0,0,3,1,100.0,4.25,1162.5,Check whether type differences mainly reflect facility mix.
inspection_type_facility_mix,inspection_type_facility_type,Special Task Force,Liquor,,facility_rank_within_type,1.0,1,1,3,1,1,1,850.0,0,1,0,100.0,3.0,850.0,Check whether type differences mainly reflect facility mix.
inspection_type_facility_mix,inspection_type_facility_type,Summer Feeding,School,,facility_rank_within_type,1.0,1,1,0,0,0,0,0.0,1,0,0,0.0,0.0,0.0,Check whether type differences mainly reflect facility mix.
inspection_type_facility_mix,inspection_type_facility_type,fire complaint,Restaurant,,facility_rank_within_type,1.0,1,1,0,0,0,0,0.0,1,0,0,0.0,0.0,0.0,Check whether type differences mainly reflect facility mix.
inspection_type_facility_mix,inspection_type_facility_type,ADDENDUM,Shared Kitchen,,facility_rank_within_type,1.0,1,1,0,0,0,0,0.0,1,0,0,0.0,0.0,0.0,Check whether type differences mainly reflect facility mix.
inspection_type_facility_mix,inspection_type_facility_type,NO ENTRY-SHORT COMPLAINT),Restaurant,,facility_rank_within_type,1.0,1,1,0,0,0,0,0.0,0,0,1,100.0,0.0,0.0,Check whether type differences mainly reflect facility mix.
inspection_type_facility_mix,inspection_type_facility_type,OUT OF BUSINESS,Restaurant,,facility_rank_within_type,1.0,11,11,0,0,0,0,0.0,0,0,4,36.3636,0.0,0.0,Check whether type differences mainly reflect facility mix.
inspection_type_facility_mix,inspection_type_facility_type,OUT OF BUSINESS,unknown,,facility_rank_within_type,2.0,8,8,0,0,0,0,0.0,0,0,4,50.0,0.0,0.0,Check whether type differences mainly reflect facility mix.
inspection_type_facility_mix,inspection_type_facility_type,OUT OF BUSINESS,Bakery,,facility_rank_within_type,3.0,1,1,0,0,0,0,0.0,0,0,0,0.0,0.0,0.0,Check whether type differences mainly reflect facility mix.
inspection_type_facility_mix,inspection_type_facility_type,OUT OF BUSINESS,Catering,,facility_rank_within_type,4.0,1,1,0,0,0,0,0.0,0,0,0,0.0,0.0,0.0,Check whether type differences mainly reflect facility mix.
inspection_type_facility_mix,inspection_type_facility_type,OUT OF BUSINESS,gas station,,facility_rank_within_type,5.0,1,1,0,0,0,0,0.0,0,0,0,0.0,0.0,0.0,Check whether type differences mainly reflect facility mix.
inspection_type_facility_mix,inspection_type_facility_type,Short Form Fire-Complaint,Restaurant,,facility_rank_within_type,1.0,90,87,236,3,9,224,21550.0,58,3,23,28.8889,2.6222,239.4444,Check whether type differences mainly reflect facility mix.
inspection_type_facility_mix,inspection_type_facility_type,Short Form Fire-Complaint,Grocery Store,,facility_rank_within_type,2.0,19,19,37,1,2,34,2800.0,6,1,9,52.6316,1.9474,147.3684,Check whether type differences mainly reflect facility mix.
inspection_type_facility_mix,inspection_type_facility_type,Short Form Fire-Complaint,Wholesale,,facility_rank_within_type,3.0,2,2,10,0,1,9,600.0,2,0,0,0.0,5.0,300.0,Check whether type differences mainly reflect facility mix.
inspection_type_facility_mix,inspection_type_facility_type,Short Form Fire-Complaint,Bakery,,facility_rank_within_type,4.0,1,1,5,0,0,5,300.0,1,0,0,0.0,5.0,300.0,Check whether type differences mainly reflect facility mix.
inspection_type_facility_mix,inspection_type_facility_type,Short Form Fire-Complaint,Long Term Care Facility,,facility_rank_within_type,5.0,1,1,2,0,0,2,200.0,1,0,0,0.0,2.0,200.0,Check whether type differences mainly reflect facility mix.
inspection_type_facility_mix,inspection_type_facility_type,citation re-issued,Restaurant,,facility_rank_within_type,1.0,1,1,0,0,0,0,0.0,1,0,0,0.0,0.0,0.0,Check whether type differences mainly reflect facility mix.
inspection_type_facility_mix,inspection_type_facility_type,license,Grocery Store,,facility_rank_within_type,1.0,1,1,0,0,0,0,0.0,1,0,0,0.0,0.0,0.0,Check whether type differences mainly reflect facility mix.
inspection_type_severity_profile,inspection_type_point_level,CANVASS RE INSPECTION OF CLOSE UP,Minor   ,,severity_rank_within_type,1.0,2,1,2,0,0,2,200.0,2,0,0,0.0,1.0,100.0,Test whether some inspection types carry a different severity mix.
inspection_type_severity_profile,inspection_type_point_level,CANVASS RE INSPECTION OF CLOSE UP,Critical,,severity_rank_within_type,2.0,1,1,1,1,0,0,500.0,1,0,0,0.0,1.0,500.0,Test whether some inspection types carry a different severity mix.
inspection_type_severity_profile,inspection_type_point_level,CANVASS RE INSPECTION OF CLOSE UP,Serious ,,severity_rank_within_type,3.0,1,1,1,0,1,0,250.0,1,0,0,0.0,1.0,250.0,Test whether some inspection types carry a different severity mix.
inspection_type_severity_profile,inspection_type_point_level,Consultation,Minor   ,,severity_rank_within_type,1.0,1451,362,1451,0,0,1451,145100.0,851,365,222,40.4549,1.0,100.0,Test whether some inspection types carry a different severity mix.
inspection_type_severity_profile,inspection_type_point_level,Consultation,Serious ,,severity_rank_within_type,2.0,171,129,171,0,171,0,42750.0,46,44,76,70.1754,1.0,250.0,Test whether some inspection types carry a different severity mix.
inspection_type_severity_profile,inspection_type_point_level,Consultation,Critical,,severity_rank_within_type,3.0,93,62,93,93,0,0,46500.0,29,33,26,63.4409,1.0,500.0,Test whether some inspection types carry a different severity mix.
inspection_type_severity_profile,inspection_type_point_level,SFP/Complaint,Minor   ,,severity_rank_within_type,1.0,5,1,5,0,0,5,500.0,0,0,5,100.0,1.0,100.0,Test whether some inspection types carry a different severity mix.
inspection_type_severity_profile,inspection_type_point_level,SFP/Complaint,Critical,,severity_rank_within_type,2.0,2,1,2,2,0,0,1000.0,0,0,2,100.0,1.0,500.0,Test whether some inspection types carry a different severity mix.
inspection_type_severity_profile,inspection_type_point_level,SFP/Complaint,Serious ,,severity_rank_within_type,3.0,2,1,2,0,2,0,500.0,0,0,2,100.0,1.0,250.0,Test whether some inspection types carry a different severity mix.
inspection_type_severity_profile,inspection_type_point_level,TWO PEOPLE ATE AND GOT SICK.,Minor   ,,severity_rank_within_type,1.0,3,1,3,0,0,3,300.0,0,0,3,100.0,1.0,100.0,Test whether some inspection types carry a different severity mix.
inspection_type_severity_profile,inspection_type_point_level,TWO PEOPLE ATE AND GOT SICK.,Serious ,,severity_rank_within_type,2.0,2,1,2,0,2,0,500.0,0,0,2,100.0,1.0,250.0,Test whether some inspection types carry a different severity mix.
inspection_type_severity_profile,inspection_type_point_level,expansion,Minor   ,,severity_rank_within_type,1.0,2,1,2,0,0,2,200.0,2,0,0,0.0,1.0,100.0,Test whether some inspection types carry a different severity mix.
inspection_type_severity_profile,inspection_type_point_level,License-Task Force,Minor   ,,severity_rank_within_type,1.0,1131,274,1131,0,0,1131,113100.0,78,0,1053,93.1034,1.0,100.0,Test whether some inspection types carry a different severity mix.
inspection_type_severity_profile,inspection_type_point_level,License-Task Force,Serious ,,severity_rank_within_type,2.0,294,182,294,0,294,0,73500.0,0,0,294,100.0,1.0,250.0,Test whether some inspection types carry a different severity mix.
inspection_type_severity_profile,inspection_type_point_level,License-Task Force,Critical,,severity_rank_within_type,3.0,209,126,209,209,0,0,104500.0,0,0,209,100.0,1.0,500.0,Test whether some inspection types carry a different severity mix.
inspection_type_severity_profile,inspection_type_point_level,SMOKING COMPLAINT,Minor   ,,severity_rank_within_type,1.0,4,1,4,0,0,4,400.0,4,0,0,0.0,1.0,100.0,Test whether some inspection types carry a different severity mix.
inspection_type_severity_profile,inspection_type_point_level,task force,Minor   ,,severity_rank_within_type,1.0,4,2,4,0,0,4,400.0,4,0,0,0.0,1.0,100.0,Test whether some inspection types carry a different severity mix.
inspection_type_severity_profile,inspection_type_point_level,task force,Serious ,,severity_rank_within_type,2.0,1,1,1,0,1,0,250.0,1,0,0,0.0,1.0,250.0,Test whether some inspection types carry a different severity mix.
inspection_type_severity_profile,inspection_type_point_level,Canvass,Minor   ,,severity_rank_within_type,1.0,211481,16984,211481,0,0,211481,21148100.0,129265,29996,51971,38.7586,1.0,100.0,Test whether some inspection types carry a different severity mix.
inspection_type_severity_profile,inspection_type_point_level,Canvass,Serious ,,severity_rank_within_type,2.0,21747,9755,21747,0,21747,0,5436750.0,60,4741,16940,99.6965,1.0,250.0,Test whether some inspection types carry a different severity mix.
inspection_type_severity_profile,inspection_type_point_level,Canvass,Critical,,severity_rank_within_type,3.0,12997,6112,12997,12997,0,0,6498500.0,68,7168,5760,99.4691,1.0,500.0,Test whether some inspection types carry a different severity mix.
inspection_type_severity_profile,inspection_type_point_level,LICENSE RENEWAL INSPECTION FOR DAYCARE,Minor   ,,severity_rank_within_type,1.0,2,1,2,0,0,2,200.0,2,0,0,0.0,1.0,100.0,Test whether some inspection types carry a different severity mix.
inspection_type_severity_profile,inspection_type_point_level,SPECIAL TASK FORCE,Serious ,,severity_rank_within_type,1.0,5,2,5,0,5,0,1250.0,0,0,5,100.0,1.0,250.0,Test whether some inspection types carry a different severity mix.
inspection_type_severity_profile,inspection_type_point_level,SPECIAL TASK FORCE,Minor   ,,severity_rank_within_type,2.0,2,2,2,0,0,2,200.0,0,0,2,100.0,1.0,100.0,Test whether some inspection types carry a different severity mix.
inspection_type_severity_profile,inspection_type_point_level,Complaint Re-Inspection,Minor   ,,severity_rank_within_type,1.0,22450,3133,22450,0,0,22450,1317800.0,17844,2058,2363,19.6927,1.0,58.6993,Test whether some inspection types carry a different severity mix.
inspection_type_severity_profile,inspection_type_point_level,Complaint Re-Inspection,Serious ,,severity_rank_within_type,2.0,6493,3012,6493,0,6493,0,486000.0,5050,744,641,21.3307,1.0,74.8498,Test whether some inspection types carry a different severity mix.
inspection_type_severity_profile,inspection_type_point_level,Complaint Re-Inspection,Critical,,severity_rank_within_type,3.0,1552,818,1552,1552,0,0,259500.0,727,304,516,52.8351,1.0,167.2036,Test whether some inspection types carry a different severity mix.
inspection_type_severity_profile,inspection_type_point_level,Complaint-Fire Re-inspection,Minor   ,,severity_rank_within_type,1.0,196,33,196,0,0,196,11000.0,146,15,28,21.9388,1.0,56.1224,Test whether some inspection types carry a different severity mix.
inspection_type_severity_profile,inspection_type_point_level,Complaint-Fire Re-inspection,Serious ,,severity_rank_within_type,2.0,67,35,67,0,67,0,7500.0,49,6,9,22.3881,1.0,111.9403,Test whether some inspection types carry a different severity mix.
inspection_type_severity_profile,inspection_type_point_level,Complaint-Fire Re-inspection,Critical,,severity_rank_within_type,3.0,16,10,16,16,0,0,4500.0,9,1,6,43.75,1.0,281.25,Test whether some inspection types carry a different severity mix.
inspection_type_severity_profile,inspection_type_point_level,CANVASS FOR RIB FEST,Minor   ,,severity_rank_within_type,1.0,3,1,3,0,0,3,300.0,3,0,0,0.0,1.0,100.0,Test whether some inspection types carry a different severity mix.
inspection_type_severity_profile,inspection_type_point_level,Illegal Operation,Critical,,severity_rank_within_type,1.0,2,1,2,2,0,0,1000.0,0,2,0,100.0,1.0,500.0,Test whether some inspection types carry a different severity mix.
inspection_type_severity_profile,inspection_type_point_level,TASKFORCE,Minor   ,,severity_rank_within_type,1.0,6,1,6,0,0,6,600.0,0,0,6,100.0,1.0,100.0,Test whether some inspection types carry a different severity mix.
inspection_type_severity_profile,inspection_type_point_level,TASKFORCE,Critical,,severity_rank_within_type,2.0,2,1,2,2,0,0,1000.0,0,0,2,100.0,1.0,500.0,Test whether some inspection types carry a different severity mix.
inspection_type_severity_profile,inspection_type_point_level,TASKFORCE,Serious ,,severity_rank_within_type,3.0,2,1,2,0,2,0,500.0,0,0,2,100.0,1.0,250.0,Test whether some inspection types carry a different severity mix.
inspection_type_severity_profile,inspection_type_point_level,Tag Removal,Minor   ,,severity_rank_within_type,1.0,2185,483,2185,0,0,2185,218500.0,1491,591,103,31.762,1.0,100.0,Test whether some inspection types carry a different severity mix.
inspection_type_severity_profile,inspection_type_point_level,Tag Removal,Critical,,severity_rank_within_type,2.0,163,120,163,163,0,0,81500.0,117,32,14,28.2209,1.0,500.0,Test whether some inspection types carry a different severity mix.
inspection_type_severity_profile,inspection_type_point_level,Tag Removal,Serious ,,severity_rank_within_type,3.0,123,100,123,0,123,0,30750.0,69,28,26,43.9024,1.0,250.0,Test whether some inspection types carry a different severity mix.
inspection_type_severity_profile,inspection_type_point_level,FIRE/COMPLAIN,Minor   ,,severity_rank_within_type,1.0,2,1,2,0,0,2,200.0,0,0,2,100.0,1.0,100.0,Test whether some inspection types carry a different severity mix.
inspection_type_severity_profile,inspection_type_point_level,FIRE/COMPLAIN,Serious ,,severity_rank_within_type,2.0,2,1,2,0,2,0,500.0,0,0,2,100.0,1.0,250.0,Test whether some inspection types carry a different severity mix.
inspection_type_severity_profile,inspection_type_point_level,FIRE/COMPLAIN,Critical,,severity_rank_within_type,3.0,1,1,1,1,0,0,500.0,0,0,1,100.0,1.0,500.0,Test whether some inspection types carry a different severity mix.
inspection_type_severity_profile,inspection_type_point_level,No Entry,Minor   ,,severity_rank_within_type,1.0,13,2,13,0,0,13,1300.0,6,0,7,53.8462,1.0,100.0,Test whether some inspection types carry a different severity mix.
inspection_type_severity_profile,inspection_type_point_level,No Entry,Serious ,,severity_rank_within_type,2.0,1,1,1,0,1,0,250.0,0,0,1,100.0,1.0,250.0,Test whether some inspection types carry a different severity mix.
inspection_type_severity_profile,inspection_type_point_level,Pre-License Consultation,Minor   ,,severity_rank_within_type,1.0,11,3,11,0,0,11,900.0,3,0,8,72.7273,1.0,81.8182,Test whether some inspection types carry a different severity mix.
inspection_type_severity_profile,inspection_type_point_level,Pre-License Consultation,Critical,,severity_rank_within_type,2.0,2,2,2,2,0,0,1000.0,1,0,1,50.0,1.0,500.0,Test whether some inspection types carry a different severity mix.
inspection_type_severity_profile,inspection_type_point_level,Pre-License Consultation,Serious ,,severity_rank_within_type,3.0,2,2,2,0,2,0,500.0,1,0,1,50.0,1.0,250.0,Test whether some inspection types carry a different severity mix.
inspection_type_severity_profile,inspection_type_point_level,sfp/complaint,Minor   ,,severity_rank_within_type,1.0,6,1,6,0,0,6,600.0,6,0,0,0.0,1.0,100.0,Test whether some inspection types carry a different severity mix.
inspection_type_severity_profile,inspection_type_point_level,CANVASS SPECIAL EVENTS,Minor   ,,severity_rank_within_type,1.0,3,1,3,0,0,3,300.0,3,0,0,0.0,1.0,100.0,Test whether some inspection types carry a different severity mix.
inspection_type_severity_profile,inspection_type_point_level,LIQUOR CATERING,Minor   ,,severity_rank_within_type,1.0,5,1,5,0,0,5,500.0,0,0,5,100.0,1.0,100.0,Test whether some inspection types carry a different severity mix.
inspection_type_severity_profile,inspection_type_point_level,LIQUOR CATERING,Critical,,severity_rank_within_type,2.0,1,1,1,1,0,0,500.0,0,0,1,100.0,1.0,500.0,Test whether some inspection types carry a different severity mix.
inspection_type_severity_profile,inspection_type_point_level,License,Minor   ,,severity_rank_within_type,1.0,34576,10020,34576,0,0,34576,3457600.0,15573,784,18198,54.8994,1.0,100.0,Test whether some inspection types carry a different severity mix.
inspection_type_severity_profile,inspection_type_point_level,License,Serious ,,severity_rank_within_type,2.0,6262,3923,6262,0,6262,0,1565500.0,19,97,6138,99.5688,1.0,250.0,Test whether some inspection types carry a different severity mix.
inspection_type_severity_profile,inspection_type_point_level,License,Critical,,severity_rank_within_type,3.0,4266,2997,4266,4266,0,0,2133000.0,10,309,3944,99.6953,1.0,500.0,Test whether some inspection types carry a different severity mix.
inspection_type_severity_profile,inspection_type_point_level,SFP/COMPLAINT,Minor   ,,severity_rank_within_type,1.0,16,4,16,0,0,16,1600.0,4,7,5,75.0,1.0,100.0,Test whether some inspection types carry a different severity mix.
inspection_type_severity_profile,inspection_type_point_level,SFP/COMPLAINT,Critical,,severity_rank_within_type,2.0,4,2,4,4,0,0,2000.0,0,1,3,100.0,1.0,500.0,Test whether some inspection types carry a different severity mix.
inspection_type_severity_profile,inspection_type_point_level,SFP/COMPLAINT,Serious ,,severity_rank_within_type,3.0,3,2,3,0,3,0,750.0,0,1,2,100.0,1.0,250.0,Test whether some inspection types carry a different severity mix.
inspection_type_severity_profile,inspection_type_point_level,Special Events (Festivals),Minor   ,,severity_rank_within_type,1.0,115,22,115,0,0,115,11500.0,90,5,20,21.7391,1.0,100.0,Test whether some inspection types carry a different severity mix.
inspection_type_severity_profile,inspection_type_point_level,Special Events (Festivals),Critical,,severity_rank_within_type,2.0,8,3,8,8,0,0,4000.0,0,1,7,100.0,1.0,500.0,Test whether some inspection types carry a different severity mix.
inspection_type_severity_profile,inspection_type_point_level,Special Events (Festivals),Serious ,,severity_rank_within_type,3.0,5,3,5,0,5,0,1250.0,0,0,5,100.0,1.0,250.0,Test whether some inspection types carry a different severity mix.
inspection_type_severity_profile,inspection_type_point_level,Canvass Re-Inspection,Minor   ,,severity_rank_within_type,1.0,58052,8170,58052,0,0,58052,3355100.0,49848,3946,3759,13.2726,1.0,57.7947,Test whether some inspection types carry a different severity mix.
inspection_type_severity_profile,inspection_type_point_level,Canvass Re-Inspection,Serious ,,severity_rank_within_type,2.0,16489,7723,16489,0,16489,0,1152000.0,13585,1496,1212,16.4231,1.0,69.8648,Test whether some inspection types carry a different severity mix.
inspection_type_severity_profile,inspection_type_point_level,Canvass Re-Inspection,Critical,,severity_rank_within_type,3.0,3291,2008,3291,3291,0,0,503000.0,1870,581,821,42.601,1.0,152.8411,Test whether some inspection types carry a different severity mix.
inspection_type_severity_profile,inspection_type_point_level,Complaint,Minor   ,,severity_rank_within_type,1.0,49699,6542,49699,0,0,49699,4969900.0,22220,8600,18854,55.2405,1.0,100.0,Test whether some inspection types carry a different severity mix.
inspection_type_severity_profile,inspection_type_point_level,Complaint,Serious ,,severity_rank_within_type,2.0,7139,3498,7139,0,7139,0,1784750.0,9,1103,6026,99.8599,1.0,250.0,Test whether some inspection types carry a different severity mix.
inspection_type_severity_profile,inspection_type_point_level,Complaint,Critical,,severity_rank_within_type,3.0,5207,2485,5207,5207,0,0,2603500.0,8,2360,2836,99.7887,1.0,500.0,Test whether some inspection types carry a different severity mix.
inspection_type_severity_profile,inspection_type_point_level,Complaint-Fire,Minor   ,,severity_rank_within_type,1.0,514,116,514,0,0,514,51400.0,290,42,182,43.5798,1.0,100.0,Test whether some inspection types carry a different severity mix.
inspection_type_severity_profile,inspection_type_point_level,Complaint-Fire,Serious ,,severity_rank_within_type,2.0,58,37,58,0,58,0,14500.0,1,4,53,98.2759,1.0,250.0,Test whether some inspection types carry a different severity mix.
inspection_type_severity_profile,inspection_type_point_level,Complaint-Fire,Critical,,severity_rank_within_type,3.0,26,17,26,26,0,0,13000.0,0,10,16,100.0,1.0,500.0,Test whether some inspection types carry a different severity mix.
inspection_type_severity_profile,inspection_type_point_level,Suspected Food Poisoning,Minor   ,,severity_rank_within_type,1.0,2576,604,2576,0,0,2576,257600.0,1220,602,754,52.6398,1.0,100.0,Test whether some inspection types carry a different severity mix.
inspection_type_severity_profile,inspection_type_point_level,Suspected Food Poisoning,Critical,,severity_rank_within_type,2.0,382,229,382,382,0,0,191000.0,0,211,171,100.0,1.0,500.0,Test whether some inspection types carry a different severity mix.
inspection_type_severity_profile,inspection_type_point_level,Suspected Food Poisoning,Serious ,,severity_rank_within_type,3.0,294,201,294,0,294,0,73500.0,0,48,246,100.0,1.0,250.0,Test whether some inspection types carry a different severity mix.
inspection_type_severity_profile,inspection_type_point_level,TASK FORCE NIGHT,Minor   ,,severity_rank_within_type,1.0,3,1,3,0,0,3,300.0,0,0,3,100.0,1.0,100.0,Test whether some inspection types carry a different severity mix.
inspection_type_severity_profile,inspection_type_point_level,TASK FORCE NIGHT,Serious ,,severity_rank_within_type,2.0,3,1,3,0,3,0,750.0,0,0,3,100.0,1.0,250.0,Test whether some inspection types carry a different severity mix.
inspection_type_severity_profile,inspection_type_point_level,TASK FORCE NIGHT,Critical,,severity_rank_within_type,3.0,1,1,1,1,0,0,500.0,0,0,1,100.0,1.0,500.0,Test whether some inspection types carry a different severity mix.
inspection_type_severity_profile,inspection_type_point_level,task force(1470) liquor tavern,Minor   ,,severity_rank_within_type,1.0,4,1,4,0,0,4,400.0,0,0,4,100.0,1.0,100.0,Test whether some inspection types carry a different severity mix.
inspection_type_severity_profile,inspection_type_point_level,task force(1470) liquor tavern,Critical,,severity_rank_within_type,2.0,2,1,2,2,0,0,1000.0,0,0,2,100.0,1.0,500.0,Test whether some inspection types carry a different severity mix.
inspection_type_severity_profile,inspection_type_point_level,task force(1470) liquor tavern,Serious ,,severity_rank_within_type,3.0,1,1,1,0,1,0,250.0,0,0,1,100.0,1.0,250.0,Test whether some inspection types carry a different severity mix.
inspection_type_severity_profile,inspection_type_point_level,CANVASS SCHOOL/SPECIAL EVENT,Minor   ,,severity_rank_within_type,1.0,1,1,1,0,0,1,100.0,1,0,0,0.0,1.0,100.0,Test whether some inspection types carry a different severity mix.
inspection_type_severity_profile,inspection_type_point_level,Non-Inspection,Minor   ,,severity_rank_within_type,1.0,15,4,15,0,0,15,1500.0,3,5,7,80.0,1.0,100.0,Test whether some inspection types carry a different severity mix.
inspection_type_severity_profile,inspection_type_point_level,Non-Inspection,Serious ,,severity_rank_within_type,2.0,5,2,5,0,5,0,1250.0,0,0,5,100.0,1.0,250.0,Test whether some inspection types carry a different severity mix.
inspection_type_severity_profile,inspection_type_point_level,Package Liquor 1474,Minor   ,,severity_rank_within_type,1.0,30,9,30,0,0,30,3000.0,3,0,27,90.0,1.0,100.0,Test whether some inspection types carry a different severity mix.
inspection_type_severity_profile,inspection_type_point_level,Package Liquor 1474,Serious ,,severity_rank_within_type,2.0,6,5,6,0,6,0,1500.0,0,0,6,100.0,1.0,250.0,Test whether some inspection types carry a different severity mix.
inspection_type_severity_profile,inspection_type_point_level,Package Liquor 1474,Critical,,severity_rank_within_type,3.0,3,2,3,3,0,0,1500.0,0,0,3,100.0,1.0,500.0,Test whether some inspection types carry a different severity mix.
inspection_type_severity_profile,inspection_type_point_level,REINSPECTION OF 48 HOUR NOTICE,Minor   ,,severity_rank_within_type,1.0,15,2,15,0,0,15,1500.0,0,0,15,100.0,1.0,100.0,Test whether some inspection types carry a different severity mix.
inspection_type_severity_profile,inspection_type_point_level,REINSPECTION OF 48 HOUR NOTICE,Critical,,severity_rank_within_type,2.0,3,1,3,3,0,0,1500.0,0,0,3,100.0,1.0,500.0,Test whether some inspection types carry a different severity mix.
inspection_type_severity_profile,inspection_type_point_level,REINSPECTION OF 48 HOUR NOTICE,Serious ,,severity_rank_within_type,3.0,1,1,1,0,1,0,250.0,0,0,1,100.0,1.0,250.0,Test whether some inspection types carry a different severity mix.
inspection_type_severity_profile,inspection_type_point_level,TASK FORCE LIQUOR 1474,Minor   ,,severity_rank_within_type,1.0,8,1,8,0,0,8,800.0,0,0,8,100.0,1.0,100.0,Test whether some inspection types carry a different severity mix.
inspection_type_severity_profile,inspection_type_point_level,TASK FORCE LIQUOR 1474,Serious ,,severity_rank_within_type,2.0,1,1,1,0,1,0,250.0,0,0,1,100.0,1.0,250.0,Test whether some inspection types carry a different severity mix.
inspection_type_severity_profile,inspection_type_point_level,CANVASS/SPECIAL EVENT,Minor   ,,severity_rank_within_type,1.0,5,1,5,0,0,5,500.0,5,0,0,0.0,1.0,100.0,Test whether some inspection types carry a different severity mix.
inspection_type_severity_profile,inspection_type_point_level,DAY CARE LICENSE RENEWAL,Minor   ,,severity_rank_within_type,1.0,3,1,3,0,0,3,300.0,3,0,0,0.0,1.0,100.0,Test whether some inspection types carry a different severity mix.
inspection_type_severity_profile,inspection_type_point_level,LICENSE DAYCARE 1586,Minor   ,,severity_rank_within_type,1.0,5,1,5,0,0,5,500.0,5,0,0,0.0,1.0,100.0,Test whether some inspection types carry a different severity mix.
inspection_type_severity_profile,inspection_type_point_level,License Re-Inspection,Minor   ,,severity_rank_within_type,1.0,21720,4963,21720,0,0,21720,737200.0,17618,273,3768,18.605,1.0,33.9411,Test whether some inspection types carry a different severity mix.
inspection_type_severity_profile,inspection_type_point_level,License Re-Inspection,Serious ,,severity_rank_within_type,2.0,6721,3852,6721,0,6721,0,406750.0,5494,93,1109,17.8842,1.0,60.5193,Test whether some inspection types carry a different severity mix.
inspection_type_severity_profile,inspection_type_point_level,License Re-Inspection,Critical,,severity_rank_within_type,3.0,4401,2763,4401,4401,0,0,564000.0,3487,90,800,20.2227,1.0,128.1527,Test whether some inspection types carry a different severity mix.
inspection_type_severity_profile,inspection_type_point_level,TAVERN 1470,Critical,,severity_rank_within_type,1.0,1,1,1,1,0,0,500.0,0,0,1,100.0,1.0,500.0,Test whether some inspection types carry a different severity mix.
inspection_type_severity_profile,inspection_type_point_level,TAVERN 1470,Serious ,,severity_rank_within_type,2.0,1,1,1,0,1,0,250.0,0,0,1,100.0,1.0,250.0,Test whether some inspection types carry a different severity mix.
inspection_type_severity_profile,inspection_type_point_level,Task Force Liquor 1475,Minor   ,,severity_rank_within_type,1.0,317,78,317,0,0,317,31700.0,39,0,278,87.6972,1.0,100.0,Test whether some inspection types carry a different severity mix.
inspection_type_severity_profile,inspection_type_point_level,Task Force Liquor 1475,Critical,,severity_rank_within_type,2.0,56,39,56,56,0,0,28000.0,0,0,56,100.0,1.0,500.0,Test whether some inspection types carry a different severity mix.
inspection_type_severity_profile,inspection_type_point_level,Task Force Liquor 1475,Serious ,,severity_rank_within_type,3.0,50,38,50,0,50,0,12500.0,0,0,50,100.0,1.0,250.0,Test whether some inspection types carry a different severity mix.
inspection_type_severity_profile,inspection_type_point_level,,Serious ,,severity_rank_within_type,1.0,2,1,2,0,2,0,500.0,2,0,0,0.0,1.0,250.0,Test whether some inspection types carry a different severity mix.
inspection_type_severity_profile,inspection_type_point_level,1315 license reinspection,Critical,,severity_rank_within_type,1.0,4,1,4,4,0,0,2000.0,0,0,4,100.0,1.0,500.0,Test whether some inspection types carry a different severity mix.
inspection_type_severity_profile,inspection_type_point_level,1315 license reinspection,Serious ,,severity_rank_within_type,2.0,1,1,1,0,1,0,250.0,0,0,1,100.0,1.0,250.0,Test whether some inspection types carry a different severity mix.
inspection_type_severity_profile,inspection_type_point_level,CLOSE-UP/COMPLAINT REINSPECTION,Minor   ,,severity_rank_within_type,1.0,6,1,6,0,0,6,600.0,6,0,0,0.0,1.0,100.0,Test whether some inspection types carry a different severity mix.
inspection_type_severity_profile,inspection_type_point_level,CLOSE-UP/COMPLAINT REINSPECTION,Serious ,,severity_rank_within_type,2.0,2,1,2,0,2,0,500.0,2,0,0,0.0,1.0,250.0,Test whether some inspection types carry a different severity mix.
inspection_type_severity_profile,inspection_type_point_level,CLOSE-UP/COMPLAINT REINSPECTION,Critical,,severity_rank_within_type,3.0,1,1,1,1,0,0,500.0,1,0,0,0.0,1.0,500.0,Test whether some inspection types carry a different severity mix.
inspection_type_severity_profile,inspection_type_point_level,RE-INSPECTION OF CLOSE-UP,Minor   ,,severity_rank_within_type,1.0,6,1,6,0,0,6,500.0,0,0,6,100.0,1.0,83.3333,Test whether some inspection types carry a different severity mix.
inspection_type_severity_profile,inspection_type_point_level,RE-INSPECTION OF CLOSE-UP,Critical,,severity_rank_within_type,2.0,3,1,3,3,0,0,0.0,0,0,3,100.0,1.0,0.0,Test whether some inspection types carry a different severity mix.
inspection_type_severity_profile,inspection_type_point_level,CANVAS,Minor   ,,severity_rank_within_type,1.0,4,1,4,0,0,4,400.0,4,0,0,0.0,1.0,100.0,Test whether some inspection types carry a different severity mix.
inspection_type_severity_profile,inspection_type_point_level,TASK FORCE PACKAGE LIQUOR,Minor   ,,severity_rank_within_type,1.0,3,1,3,0,0,3,300.0,0,0,3,100.0,1.0,100.0,Test whether some inspection types carry a different severity mix.
inspection_type_severity_profile,inspection_type_point_level,TASK FORCE PACKAGE LIQUOR,Serious ,,severity_rank_within_type,2.0,2,1,2,0,2,0,500.0,0,0,2,100.0,1.0,250.0,Test whether some inspection types carry a different severity mix.
inspection_type_severity_profile,inspection_type_point_level,LICENSE RENEWAL FOR DAYCARE,Minor   ,,severity_rank_within_type,1.0,3,1,3,0,0,3,300.0,3,0,0,0.0,1.0,100.0,Test whether some inspection types carry a different severity mix.
inspection_type_severity_profile,inspection_type_point_level,LICENSE RENEWAL FOR DAYCARE,Critical,,severity_rank_within_type,2.0,2,1,2,2,0,0,1000.0,0,2,0,100.0,1.0,500.0,Test whether some inspection types carry a different severity mix.
inspection_type_severity_profile,inspection_type_point_level,POSSIBLE FBI,Minor   ,,severity_rank_within_type,1.0,6,1,6,0,0,6,600.0,6,0,0,0.0,1.0,100.0,Test whether some inspection types carry a different severity mix.
inspection_type_severity_profile,inspection_type_point_level,REINSPECTION,Minor   ,,severity_rank_within_type,1.0,5,1,5,0,0,5,500.0,5,0,0,0.0,1.0,100.0,Test whether some inspection types carry a different severity mix.
inspection_type_severity_profile,inspection_type_point_level,REINSPECTION,Serious ,,severity_rank_within_type,2.0,2,2,2,0,2,0,500.0,2,0,0,0.0,1.0,250.0,Test whether some inspection types carry a different severity mix.
inspection_type_severity_profile,inspection_type_point_level,Recent Inspection,Minor   ,,severity_rank_within_type,1.0,512,134,512,0,0,512,51200.0,279,181,52,45.5078,1.0,100.0,Test whether some inspection types carry a different severity mix.
inspection_type_severity_profile,inspection_type_point_level,Recent Inspection,Serious ,,severity_rank_within_type,2.0,47,37,47,0,47,0,11750.0,10,22,15,78.7234,1.0,250.0,Test whether some inspection types carry a different severity mix.
inspection_type_severity_profile,inspection_type_point_level,Recent Inspection,Critical,,severity_rank_within_type,3.0,28,18,28,28,0,0,14000.0,4,17,7,85.7143,1.0,500.0,Test whether some inspection types carry a different severity mix.
inspection_type_severity_profile,inspection_type_point_level,Short Form Complaint,Minor   ,,severity_rank_within_type,1.0,16044,2613,16044,0,0,16044,1604400.0,11205,2361,2399,29.6684,1.0,100.0,Test whether some inspection types carry a different severity mix.
inspection_type_severity_profile,inspection_type_point_level,Short Form Complaint,Serious ,,severity_rank_within_type,2.0,1410,918,1410,0,1410,0,352500.0,94,461,855,93.3333,1.0,250.0,Test whether some inspection types carry a different severity mix.
inspection_type_severity_profile,inspection_type_point_level,Short Form Complaint,Critical,,severity_rank_within_type,3.0,650,467,650,650,0,0,325000.0,21,475,154,96.7692,1.0,500.0,Test whether some inspection types carry a different severity mix.
inspection_type_severity_profile,inspection_type_point_level,Suspected Food Poisoning Re-inspection,Minor   ,,severity_rank_within_type,1.0,700,139,700,0,0,700,47900.0,593,39,68,15.2857,1.0,68.4286,Test whether some inspection types carry a different severity mix.
inspection_type_severity_profile,inspection_type_point_level,Suspected Food Poisoning Re-inspection,Serious ,,severity_rank_within_type,2.0,184,126,184,0,184,0,17000.0,154,17,13,16.3043,1.0,92.3913,Test whether some inspection types carry a different severity mix.
inspection_type_severity_profile,inspection_type_point_level,Suspected Food Poisoning Re-inspection,Critical,,severity_rank_within_type,3.0,41,30,41,41,0,0,12500.0,24,6,11,41.4634,1.0,304.878,Test whether some inspection types carry a different severity mix.
inspection_type_severity_profile,inspection_type_point_level,CITF,Minor   ,,severity_rank_within_type,1.0,1,1,1,0,0,1,100.0,1,0,0,0.0,1.0,100.0,Test whether some inspection types carry a different severity mix.
inspection_type_severity_profile,inspection_type_point_level,No entry,Minor   ,,severity_rank_within_type,1.0,9,1,9,0,0,9,900.0,0,0,9,100.0,1.0,100.0,Test whether some inspection types carry a different severity mix.
inspection_type_severity_profile,inspection_type_point_level,No entry,Serious ,,severity_rank_within_type,2.0,2,1,2,0,2,0,500.0,0,0,2,100.0,1.0,250.0,Test whether some inspection types carry a different severity mix.
inspection_type_severity_profile,inspection_type_point_level,No entry,Critical,,severity_rank_within_type,3.0,1,1,1,1,0,0,500.0,0,0,1,100.0,1.0,500.0,Test whether some inspection types carry a different severity mix.
inspection_type_severity_profile,inspection_type_point_level,SFP,Minor   ,,severity_rank_within_type,1.0,9,3,9,0,0,9,900.0,0,4,5,100.0,1.0,100.0,Test whether some inspection types carry a different severity mix.
inspection_type_severity_profile,inspection_type_point_level,SFP,Critical,,severity_rank_within_type,2.0,7,4,7,7,0,0,3500.0,0,4,3,100.0,1.0,500.0,Test whether some inspection types carry a different severity mix.
inspection_type_severity_profile,inspection_type_point_level,SFP,Serious ,,severity_rank_within_type,3.0,1,1,1,0,1,0,250.0,0,0,1,100.0,1.0,250.0,Test whether some inspection types carry a different severity mix.
inspection_type_severity_profile,inspection_type_point_level,Special Task Force,Critical,,severity_rank_within_type,1.0,1,1,1,1,0,0,500.0,0,1,0,100.0,1.0,500.0,Test whether some inspection types carry a different severity mix.
inspection_type_severity_profile,inspection_type_point_level,Special Task Force,Minor   ,,severity_rank_within_type,2.0,1,1,1,0,0,1,100.0,0,1,0,100.0,1.0,100.0,Test whether some inspection types carry a different severity mix.
inspection_type_severity_profile,inspection_type_point_level,Special Task Force,Serious ,,severity_rank_within_type,3.0,1,1,1,0,1,0,250.0,0,1,0,100.0,1.0,250.0,Test whether some inspection types carry a different severity mix.
inspection_type_severity_profile,inspection_type_point_level,Short Form Fire-Complaint,Minor   ,,severity_rank_within_type,1.0,274,65,274,0,0,274,21700.0,174,12,84,35.0365,1.0,79.1971,Test whether some inspection types carry a different severity mix.
inspection_type_severity_profile,inspection_type_point_level,Short Form Fire-Complaint,Serious ,,severity_rank_within_type,2.0,12,11,12,0,12,0,2750.0,2,3,7,83.3333,1.0,229.1667,Test whether some inspection types carry a different severity mix.
inspection_type_severity_profile,inspection_type_point_level,Short Form Fire-Complaint,Critical,,severity_rank_within_type,3.0,4,3,4,4,0,0,1000.0,0,1,3,100.0,1.0,250.0,Test whether some inspection types carry a different severity mix.
inspection_type_followup_linkage,inspection_type_followup_status,CANVASS RE INSPECTION OF CLOSE UP,not_followup,,followup_rank_within_type,1.0,1,1,4,1,1,2,950.0,1,0,0,0.0,4.0,950.0,Identify whether inspection types serve initial screening or recovery functions.
inspection_type_followup_linkage,inspection_type_followup_status,Consultation,not_followup,,followup_rank_within_type,1.0,641,585,1715,93,171,1451,234350.0,406,120,102,34.6334,2.6755,365.6006,Identify whether inspection types serve initial screening or recovery functions.
inspection_type_followup_linkage,inspection_type_followup_status,LIQOUR TASK FORCE NOT READY,not_followup,,followup_rank_within_type,1.0,1,1,0,0,0,0,0.0,0,0,1,100.0,0.0,0.0,Identify whether inspection types serve initial screening or recovery functions.
inspection_type_followup_linkage,inspection_type_followup_status,SFP/Complaint,not_followup,,followup_rank_within_type,1.0,1,1,9,2,2,5,2000.0,0,0,1,100.0,9.0,2000.0,Identify whether inspection types serve initial screening or recovery functions.
inspection_type_followup_linkage,inspection_type_followup_status,TWO PEOPLE ATE AND GOT SICK.,not_followup,,followup_rank_within_type,1.0,1,1,5,0,2,3,800.0,0,0,1,100.0,5.0,800.0,Identify whether inspection types serve initial screening or recovery functions.
inspection_type_followup_linkage,inspection_type_followup_status,expansion,not_followup,,followup_rank_within_type,1.0,1,1,2,0,0,2,200.0,1,0,0,0.0,2.0,200.0,Identify whether inspection types serve initial screening or recovery functions.
inspection_type_followup_linkage,inspection_type_followup_status,LICENSE TASK FORCE / NOT -FOR-PROFIT CLUB,not_followup,,followup_rank_within_type,1.0,1,1,0,0,0,0,0.0,1,0,0,0.0,0.0,0.0,Identify whether inspection types serve initial screening or recovery functions.
inspection_type_followup_linkage,inspection_type_followup_status,License-Task Force,not_followup,,followup_rank_within_type,1.0,605,590,1634,209,294,1131,291100.0,236,0,367,60.6612,2.7008,481.157,Identify whether inspection types serve initial screening or recovery functions.
inspection_type_followup_linkage,inspection_type_followup_status,Not Ready,not_followup,,followup_rank_within_type,1.0,10,10,0,0,0,0,0.0,0,0,6,60.0,0.0,0.0,Identify whether inspection types serve initial screening or recovery functions.
inspection_type_followup_linkage,inspection_type_followup_status,SMOKING COMPLAINT,not_followup,,followup_rank_within_type,1.0,1,1,4,0,0,4,400.0,1,0,0,0.0,4.0,400.0,Identify whether inspection types serve initial screening or recovery functions.
inspection_type_followup_linkage,inspection_type_followup_status,Task Force for liquor 1474,not_followup,,followup_rank_within_type,1.0,1,1,0,0,0,0,0.0,0,0,1,100.0,0.0,0.0,Identify whether inspection types serve initial screening or recovery functions.
inspection_type_followup_linkage,inspection_type_followup_status,finish complaint inspection from 5-18-10,not_followup,,followup_rank_within_type,1.0,1,1,0,0,0,0,0.0,0,0,1,100.0,0.0,0.0,Identify whether inspection types serve initial screening or recovery functions.
inspection_type_followup_linkage,inspection_type_followup_status,out ofbusiness,not_followup,,followup_rank_within_type,1.0,1,1,0,0,0,0,0.0,0,0,1,100.0,0.0,0.0,Identify whether inspection types serve initial screening or recovery functions.
inspection_type_followup_linkage,inspection_type_followup_status,Business Not Located,not_followup,,followup_rank_within_type,1.0,1,1,0,0,0,0,0.0,0,0,1,100.0,0.0,0.0,Identify whether inspection types serve initial screening or recovery functions.
inspection_type_followup_linkage,inspection_type_followup_status,CORRECTIVE ACTION,not_followup,,followup_rank_within_type,1.0,1,1,0,0,0,0,0.0,0,1,0,100.0,0.0,0.0,Identify whether inspection types serve initial screening or recovery functions.
inspection_type_followup_linkage,inspection_type_followup_status,SFP RECENTLY INSPECTED,not_followup,,followup_rank_within_type,1.0,1,1,0,0,0,0,0.0,1,0,0,0.0,0.0,0.0,Identify whether inspection types serve initial screening or recovery functions.
inspection_type_followup_linkage,inspection_type_followup_status,TASK FORCE LIQUOR 1470,not_followup,,followup_rank_within_type,1.0,2,2,0,0,0,0,0.0,1,0,1,50.0,0.0,0.0,Identify whether inspection types serve initial screening or recovery functions.
inspection_type_followup_linkage,inspection_type_followup_status,task force,not_followup,,followup_rank_within_type,1.0,2,2,5,0,1,4,650.0,2,0,0,0.0,2.5,325.0,Identify whether inspection types serve initial screening or recovery functions.
inspection_type_followup_linkage,inspection_type_followup_status,CHANGED COURT DATE,not_followup,,followup_rank_within_type,1.0,1,1,0,0,0,0,0.0,1,0,0,0.0,0.0,0.0,Identify whether inspection types serve initial screening or recovery functions.
inspection_type_followup_linkage,inspection_type_followup_status,Canvass,not_followup,,followup_rank_within_type,1.0,76656,24776,246225,12997,21747,211481,33083350.0,39817,8296,12688,27.3742,3.2121,431.582,Identify whether inspection types serve initial screening or recovery functions.
inspection_type_followup_linkage,inspection_type_followup_status,KITCHEN CLOSED FOR RENOVATION,not_followup,,followup_rank_within_type,1.0,1,1,0,0,0,0,0.0,0,0,0,0.0,0.0,0.0,Identify whether inspection types serve initial screening or recovery functions.
inspection_type_followup_linkage,inspection_type_followup_status,LICENSE RENEWAL INSPECTION FOR DAYCARE,not_followup,,followup_rank_within_type,1.0,1,1,2,0,0,2,200.0,1,0,0,0.0,2.0,200.0,Identify whether inspection types serve initial screening or recovery functions.
inspection_type_followup_linkage,inspection_type_followup_status,SPECIAL TASK FORCE,not_followup,,followup_rank_within_type,1.0,2,2,7,0,5,2,1450.0,0,0,2,100.0,3.5,725.0,Identify whether inspection types serve initial screening or recovery functions.
inspection_type_followup_linkage,inspection_type_followup_status,Complaint Re-Inspection,followup,,followup_rank_within_type,1.0,5262,3283,30446,1548,6481,22417,2060850.0,4337,438,432,16.5336,5.786,391.6477,Identify whether inspection types serve initial screening or recovery functions.
inspection_type_followup_linkage,inspection_type_followup_status,Complaint Re-Inspection,not_followup,,followup_rank_within_type,2.0,8,7,49,4,12,33,2450.0,7,0,1,12.5,6.125,306.25,Identify whether inspection types serve initial screening or recovery functions.
inspection_type_followup_linkage,inspection_type_followup_status,Complaint-Fire Re-inspection,followup,,followup_rank_within_type,1.0,44,38,279,16,67,196,23000.0,35,2,6,18.1818,6.3409,522.7273,Identify whether inspection types serve initial screening or recovery functions.
inspection_type_followup_linkage,inspection_type_followup_status,Kids Cafe',not_followup,,followup_rank_within_type,1.0,1,1,0,0,0,0,0.0,1,0,0,0.0,0.0,0.0,Identify whether inspection types serve initial screening or recovery functions.
inspection_type_followup_linkage,inspection_type_followup_status,LICENSE TASK FORCE / NOT -FOR-PROFIT CLU,not_followup,,followup_rank_within_type,1.0,1,1,0,0,0,0,0.0,1,0,0,0.0,0.0,0.0,Identify whether inspection types serve initial screening or recovery functions.
inspection_type_followup_linkage,inspection_type_followup_status,TASK FORCE NOT READY,not_followup,,followup_rank_within_type,1.0,1,1,0,0,0,0,0.0,0,0,1,100.0,0.0,0.0,Identify whether inspection types serve initial screening or recovery functions.
inspection_type_followup_linkage,inspection_type_followup_status,error save,not_followup,,followup_rank_within_type,1.0,1,1,0,0,0,0,0.0,1,0,0,0.0,0.0,0.0,Identify whether inspection types serve initial screening or recovery functions.
inspection_type_followup_linkage,inspection_type_followup_status,CANVASS FOR RIB FEST,not_followup,,followup_rank_within_type,1.0,1,1,3,0,0,3,300.0,1,0,0,0.0,3.0,300.0,Identify whether inspection types serve initial screening or recovery functions.
inspection_type_followup_linkage,inspection_type_followup_status,Illegal Operation,not_followup,,followup_rank_within_type,1.0,2,2,2,2,0,0,1000.0,1,1,0,50.0,1.0,500.0,Identify whether inspection types serve initial screening or recovery functions.
inspection_type_followup_linkage,inspection_type_followup_status,LICENSE CANCELED BY OWNER,not_followup,,followup_rank_within_type,1.0,1,1,0,0,0,0,0.0,0,0,0,0.0,0.0,0.0,Identify whether inspection types serve initial screening or recovery functions.
inspection_type_followup_linkage,inspection_type_followup_status,O.B.,not_followup,,followup_rank_within_type,1.0,1,1,0,0,0,0,0.0,0,0,0,0.0,0.0,0.0,Identify whether inspection types serve initial screening or recovery functions.
inspection_type_followup_linkage,inspection_type_followup_status,TASKFORCE,not_followup,,followup_rank_within_type,1.0,1,1,10,2,2,6,2100.0,0,0,1,100.0,10.0,2100.0,Identify whether inspection types serve initial screening or recovery functions.
inspection_type_followup_linkage,inspection_type_followup_status,Tag Removal,not_followup,,followup_rank_within_type,1.0,602,549,2471,163,123,2185,330750.0,406,169,27,32.5581,4.1047,549.4186,Identify whether inspection types serve initial screening or recovery functions.
inspection_type_followup_linkage,inspection_type_followup_status,FIRE/COMPLAIN,not_followup,,followup_rank_within_type,1.0,1,1,5,1,2,2,1200.0,0,0,1,100.0,5.0,1200.0,Identify whether inspection types serve initial screening or recovery functions.
inspection_type_followup_linkage,inspection_type_followup_status,NO ENTRY,not_followup,,followup_rank_within_type,1.0,7,7,0,0,0,0,0.0,1,0,6,85.7143,0.0,0.0,Identify whether inspection types serve initial screening or recovery functions.
inspection_type_followup_linkage,inspection_type_followup_status,No Entry,not_followup,,followup_rank_within_type,1.0,60,57,14,0,1,13,1550.0,31,0,29,48.3333,0.2333,25.8333,Identify whether inspection types serve initial screening or recovery functions.
inspection_type_followup_linkage,inspection_type_followup_status,Pre-License Consultation,not_followup,,followup_rank_within_type,1.0,7,7,3,1,1,1,850.0,2,0,5,71.4286,0.4286,121.4286,Identify whether inspection types serve initial screening or recovery functions.
inspection_type_followup_linkage,inspection_type_followup_status,Pre-License Consultation,followup,,followup_rank_within_type,2.0,2,2,12,1,1,10,1550.0,1,0,1,50.0,6.0,775.0,Identify whether inspection types serve initial screening or recovery functions.
inspection_type_followup_linkage,inspection_type_followup_status,sfp/complaint,not_followup,,followup_rank_within_type,1.0,1,1,6,0,0,6,600.0,1,0,0,0.0,6.0,600.0,Identify whether inspection types serve initial screening or recovery functions.
inspection_type_followup_linkage,inspection_type_followup_status,CANVASS SPECIAL EVENTS,not_followup,,followup_rank_within_type,1.0,1,1,3,0,0,3,300.0,1,0,0,0.0,3.0,300.0,Identify whether inspection types serve initial screening or recovery functions.
inspection_type_followup_linkage,inspection_type_followup_status,LICENSE WRONG ADDRESS,not_followup,,followup_rank_within_type,1.0,1,1,0,0,0,0,0.0,0,0,1,100.0,0.0,0.0,Identify whether inspection types serve initial screening or recovery functions.
inspection_type_followup_linkage,inspection_type_followup_status,LICENSE/NOT READY,not_followup,,followup_rank_within_type,1.0,2,2,0,0,0,0,0.0,0,0,2,100.0,0.0,0.0,Identify whether inspection types serve initial screening or recovery functions.
inspection_type_followup_linkage,inspection_type_followup_status,LIQUOR CATERING,not_followup,,followup_rank_within_type,1.0,1,1,6,1,0,5,1000.0,0,0,1,100.0,6.0,1000.0,Identify whether inspection types serve initial screening or recovery functions.
inspection_type_followup_linkage,inspection_type_followup_status,License,not_followup,,followup_rank_within_type,1.0,18207,14980,45104,4266,6262,34576,7156100.0,9979,354,6952,40.1274,2.4773,393.0411,Identify whether inspection types serve initial screening or recovery functions.
inspection_type_followup_linkage,inspection_type_followup_status,SFP/COMPLAINT,not_followup,,followup_rank_within_type,1.0,4,4,23,4,3,16,4350.0,2,1,1,50.0,5.75,1087.5,Identify whether inspection types serve initial screening or recovery functions.
inspection_type_followup_linkage,inspection_type_followup_status,Sample Collection,not_followup,,followup_rank_within_type,1.0,1,1,0,0,0,0,0.0,0,1,0,100.0,0.0,0.0,Identify whether inspection types serve initial screening or recovery functions.
inspection_type_followup_linkage,inspection_type_followup_status,Special Events (Festivals),not_followup,,followup_rank_within_type,1.0,31,26,128,8,5,115,16750.0,26,1,4,16.129,4.129,540.3226,Identify whether inspection types serve initial screening or recovery functions.
inspection_type_followup_linkage,inspection_type_followup_status,license task 1474,not_followup,,followup_rank_within_type,1.0,1,1,0,0,0,0,0.0,1,0,0,0.0,0.0,0.0,Identify whether inspection types serve initial screening or recovery functions.
inspection_type_followup_linkage,inspection_type_followup_status,Canvass Re-Inspection,followup,,followup_rank_within_type,1.0,14375,8504,77764,3290,16474,58000,5005150.0,12416,934,822,12.2157,5.4097,348.1843,Identify whether inspection types serve initial screening or recovery functions.
inspection_type_followup_linkage,inspection_type_followup_status,Canvass Re-Inspection,not_followup,,followup_rank_within_type,2.0,16,15,68,1,15,52,4950.0,10,1,1,12.5,4.25,309.375,Identify whether inspection types serve initial screening or recovery functions.
inspection_type_followup_linkage,inspection_type_followup_status,Complaint,not_followup,,followup_rank_within_type,1.0,12821,6795,62045,5207,7139,49699,9358150.0,6069,2188,4162,49.5281,4.8393,729.908,Identify whether inspection types serve initial screening or recovery functions.
inspection_type_followup_linkage,inspection_type_followup_status,Complaint-Fire,not_followup,,followup_rank_within_type,1.0,160,147,598,26,58,514,78900.0,83,12,59,44.375,3.7375,493.125,Identify whether inspection types serve initial screening or recovery functions.
inspection_type_followup_linkage,inspection_type_followup_status,Suspected Food Poisoning,not_followup,,followup_rank_within_type,1.0,682,620,3252,382,294,2576,522100.0,346,162,170,48.6804,4.7683,765.5425,Identify whether inspection types serve initial screening or recovery functions.
inspection_type_followup_linkage,inspection_type_followup_status,TASK FORCE NIGHT,not_followup,,followup_rank_within_type,1.0,1,1,7,1,3,3,1550.0,0,0,1,100.0,7.0,1550.0,Identify whether inspection types serve initial screening or recovery functions.
inspection_type_followup_linkage,inspection_type_followup_status,Task Force Liquor Catering,not_followup,,followup_rank_within_type,1.0,1,1,0,0,0,0,0.0,1,0,0,0.0,0.0,0.0,Identify whether inspection types serve initial screening or recovery functions.
inspection_type_followup_linkage,inspection_type_followup_status,task force(1470) liquor tavern,not_followup,,followup_rank_within_type,1.0,1,1,7,2,1,4,1650.0,0,0,1,100.0,7.0,1650.0,Identify whether inspection types serve initial screening or recovery functions.
inspection_type_followup_linkage,inspection_type_followup_status,CANVASS SCHOOL/SPECIAL EVENT,not_followup,,followup_rank_within_type,1.0,1,1,1,0,0,1,100.0,1,0,0,0.0,1.0,100.0,Identify whether inspection types serve initial screening or recovery functions.
inspection_type_followup_linkage,inspection_type_followup_status,Duplicated,not_followup,,followup_rank_within_type,1.0,1,1,0,0,0,0,0.0,0,0,1,100.0,0.0,0.0,Identify whether inspection types serve initial screening or recovery functions.
inspection_type_followup_linkage,inspection_type_followup_status,LICENSE,not_followup,,followup_rank_within_type,1.0,1,1,0,0,0,0,0.0,1,0,0,0.0,0.0,0.0,Identify whether inspection types serve initial screening or recovery functions.
inspection_type_followup_linkage,inspection_type_followup_status,Non-Inspection,not_followup,,followup_rank_within_type,1.0,9,9,20,0,5,15,2750.0,1,2,6,88.8889,2.2222,305.5556,Identify whether inspection types serve initial screening or recovery functions.
inspection_type_followup_linkage,inspection_type_followup_status,Package Liquor 1474,not_followup,,followup_rank_within_type,1.0,44,43,39,3,6,30,6000.0,28,0,16,36.3636,0.8864,136.3636,Identify whether inspection types serve initial screening or recovery functions.
inspection_type_followup_linkage,inspection_type_followup_status,REINSPECTION OF 48 HOUR NOTICE,not_followup,,followup_rank_within_type,1.0,2,2,19,3,1,15,3250.0,0,0,2,100.0,9.5,1625.0,Identify whether inspection types serve initial screening or recovery functions.
inspection_type_followup_linkage,inspection_type_followup_status,TASK FORCE LIQUOR (1481),not_followup,,followup_rank_within_type,1.0,1,1,0,0,0,0,0.0,1,0,0,0.0,0.0,0.0,Identify whether inspection types serve initial screening or recovery functions.
inspection_type_followup_linkage,inspection_type_followup_status,TASK FORCE LIQUOR 1474,not_followup,,followup_rank_within_type,1.0,2,2,9,0,1,8,1050.0,1,0,1,50.0,4.5,525.0,Identify whether inspection types serve initial screening or recovery functions.
inspection_type_followup_linkage,inspection_type_followup_status,Task force liquor inspection 1474,not_followup,,followup_rank_within_type,1.0,1,1,0,0,0,0,0.0,1,0,0,0.0,0.0,0.0,Identify whether inspection types serve initial screening or recovery functions.
inspection_type_followup_linkage,inspection_type_followup_status,CANVASS/SPECIAL EVENT,not_followup,,followup_rank_within_type,1.0,1,1,5,0,0,5,500.0,1,0,0,0.0,5.0,500.0,Identify whether inspection types serve initial screening or recovery functions.
inspection_type_followup_linkage,inspection_type_followup_status,DAY CARE LICENSE RENEWAL,not_followup,,followup_rank_within_type,1.0,1,1,3,0,0,3,300.0,1,0,0,0.0,3.0,300.0,Identify whether inspection types serve initial screening or recovery functions.
inspection_type_followup_linkage,inspection_type_followup_status,LICENSE DAYCARE 1586,not_followup,,followup_rank_within_type,1.0,1,1,5,0,0,5,500.0,1,0,0,0.0,5.0,500.0,Identify whether inspection types serve initial screening or recovery functions.
inspection_type_followup_linkage,inspection_type_followup_status,LICENSE REQUEST,not_followup,,followup_rank_within_type,1.0,19,19,0,0,0,0,0.0,0,0,4,21.0526,0.0,0.0,Identify whether inspection types serve initial screening or recovery functions.
inspection_type_followup_linkage,inspection_type_followup_status,License Re-Inspection,followup,,followup_rank_within_type,1.0,6681,5712,32263,4336,6650,21277,1668150.0,5707,77,857,13.9799,4.8291,249.6857,Identify whether inspection types serve initial screening or recovery functions.
inspection_type_followup_linkage,inspection_type_followup_status,License Re-Inspection,not_followup,,followup_rank_within_type,2.0,123,121,579,65,71,443,39800.0,92,0,29,23.5772,4.7073,323.5772,Identify whether inspection types serve initial screening or recovery functions.
inspection_type_followup_linkage,inspection_type_followup_status,TAVERN 1470,not_followup,,followup_rank_within_type,1.0,1,1,2,1,1,0,750.0,0,0,1,100.0,2.0,750.0,Identify whether inspection types serve initial screening or recovery functions.
inspection_type_followup_linkage,inspection_type_followup_status,Task Force Liquor 1475,not_followup,,followup_rank_within_type,1.0,253,239,423,56,50,317,72200.0,120,0,133,52.5692,1.6719,285.3755,Identify whether inspection types serve initial screening or recovery functions.
inspection_type_followup_linkage,inspection_type_followup_status,,not_followup,,followup_rank_within_type,1.0,1,1,2,0,2,0,500.0,1,0,0,0.0,2.0,500.0,Identify whether inspection types serve initial screening or recovery functions.
inspection_type_followup_linkage,inspection_type_followup_status,1315 license reinspection,not_followup,,followup_rank_within_type,1.0,1,1,5,4,1,0,2250.0,0,0,1,100.0,5.0,2250.0,Identify whether inspection types serve initial screening or recovery functions.
inspection_type_followup_linkage,inspection_type_followup_status,CLOSE-UP/COMPLAINT REINSPECTION,not_followup,,followup_rank_within_type,1.0,1,1,9,1,2,6,1600.0,1,0,0,0.0,9.0,1600.0,Identify whether inspection types serve initial screening or recovery functions.
inspection_type_followup_linkage,inspection_type_followup_status,RE-INSPECTION OF CLOSE-UP,followup,,followup_rank_within_type,1.0,1,1,9,3,0,6,500.0,0,0,1,100.0,9.0,500.0,Identify whether inspection types serve initial screening or recovery functions.
inspection_type_followup_linkage,inspection_type_followup_status,RECALL INSPECTION,not_followup,,followup_rank_within_type,1.0,1,1,0,0,0,0,0.0,0,0,1,100.0,0.0,0.0,Identify whether inspection types serve initial screening or recovery functions.
inspection_type_followup_linkage,inspection_type_followup_status,CANVAS,not_followup,,followup_rank_within_type,1.0,1,1,4,0,0,4,400.0,1,0,0,0.0,4.0,400.0,Identify whether inspection types serve initial screening or recovery functions.
inspection_type_followup_linkage,inspection_type_followup_status,CANVASS,not_followup,,followup_rank_within_type,1.0,1,1,0,0,0,0,0.0,0,0,0,0.0,0.0,0.0,Identify whether inspection types serve initial screening or recovery functions.
inspection_type_followup_linkage,inspection_type_followup_status,LICENSE CONSULTATION,not_followup,,followup_rank_within_type,1.0,2,2,0,0,0,0,0.0,2,0,0,0.0,0.0,0.0,Identify whether inspection types serve initial screening or recovery functions.
inspection_type_followup_linkage,inspection_type_followup_status,License consultation,not_followup,,followup_rank_within_type,1.0,1,1,0,0,0,0,0.0,1,0,0,0.0,0.0,0.0,Identify whether inspection types serve initial screening or recovery functions.
inspection_type_followup_linkage,inspection_type_followup_status,Out of Business,not_followup,,followup_rank_within_type,1.0,284,282,0,0,0,0,0.0,167,0,112,39.4366,0.0,0.0,Identify whether inspection types serve initial screening or recovery functions.
inspection_type_followup_linkage,inspection_type_followup_status,TASK FORCE PACKAGE LIQUOR,not_followup,,followup_rank_within_type,1.0,1,1,5,0,2,3,800.0,0,0,1,100.0,5.0,800.0,Identify whether inspection types serve initial screening or recovery functions.
inspection_type_followup_linkage,inspection_type_followup_status,TASTE OF CHICAGO,not_followup,,followup_rank_within_type,1.0,1,1,0,0,0,0,0.0,1,0,0,0.0,0.0,0.0,Identify whether inspection types serve initial screening or recovery functions.
inspection_type_followup_linkage,inspection_type_followup_status,HACCP QUESTIONAIRE,not_followup,,followup_rank_within_type,1.0,1,1,0,0,0,0,0.0,1,0,0,0.0,0.0,0.0,Identify whether inspection types serve initial screening or recovery functions.
inspection_type_followup_linkage,inspection_type_followup_status,LICENSE RENEWAL FOR DAYCARE,not_followup,,followup_rank_within_type,1.0,2,2,5,2,0,3,1300.0,1,1,0,50.0,2.5,650.0,Identify whether inspection types serve initial screening or recovery functions.
inspection_type_followup_linkage,inspection_type_followup_status,POSSIBLE FBI,not_followup,,followup_rank_within_type,1.0,1,1,6,0,0,6,600.0,1,0,0,0.0,6.0,600.0,Identify whether inspection types serve initial screening or recovery functions.
inspection_type_followup_linkage,inspection_type_followup_status,REINSPECTION,not_followup,,followup_rank_within_type,1.0,2,2,7,0,2,5,1000.0,2,0,0,0.0,3.5,500.0,Identify whether inspection types serve initial screening or recovery functions.
inspection_type_followup_linkage,inspection_type_followup_status,Recent Inspection,not_followup,,followup_rank_within_type,1.0,192,185,587,28,47,512,76950.0,117,54,16,36.4583,3.0573,400.7813,Identify whether inspection types serve initial screening or recovery functions.
inspection_type_followup_linkage,inspection_type_followup_status,Short Form Complaint,not_followup,,followup_rank_within_type,1.0,5498,3196,18104,650,1410,16044,2281900.0,3987,728,709,26.1368,3.2928,415.0418,Identify whether inspection types serve initial screening or recovery functions.
inspection_type_followup_linkage,inspection_type_followup_status,Suspected Food Poisoning Re-inspection,followup,,followup_rank_within_type,1.0,160,143,925,41,184,700,77400.0,140,9,11,12.5,5.7813,483.75,Identify whether inspection types serve initial screening or recovery functions.
inspection_type_followup_linkage,inspection_type_followup_status,TASK FORCE PACKAGE GOODS 1474,not_followup,,followup_rank_within_type,1.0,1,1,0,0,0,0,0.0,1,0,0,0.0,0.0,0.0,Identify whether inspection types serve initial screening or recovery functions.
inspection_type_followup_linkage,inspection_type_followup_status,no entry,not_followup,,followup_rank_within_type,1.0,4,4,0,0,0,0,0.0,0,0,4,100.0,0.0,0.0,Identify whether inspection types serve initial screening or recovery functions.
inspection_type_followup_linkage,inspection_type_followup_status,CITF,not_followup,,followup_rank_within_type,1.0,1,1,1,0,0,1,100.0,1,0,0,0.0,1.0,100.0,Identify whether inspection types serve initial screening or recovery functions.
inspection_type_followup_linkage,inspection_type_followup_status,FIRE,not_followup,,followup_rank_within_type,1.0,1,1,0,0,0,0,0.0,0,0,0,0.0,0.0,0.0,Identify whether inspection types serve initial screening or recovery functions.
inspection_type_followup_linkage,inspection_type_followup_status,No entry,not_followup,,followup_rank_within_type,1.0,1,1,12,1,2,9,1900.0,0,0,1,100.0,12.0,1900.0,Identify whether inspection types serve initial screening or recovery functions.
inspection_type_followup_linkage,inspection_type_followup_status,SFP,not_followup,,followup_rank_within_type,1.0,4,4,17,7,1,9,4650.0,0,3,1,100.0,4.25,1162.5,Identify whether inspection types serve initial screening or recovery functions.
inspection_type_followup_linkage,inspection_type_followup_status,Special Task Force,not_followup,,followup_rank_within_type,1.0,1,1,3,1,1,1,850.0,0,1,0,100.0,3.0,850.0,Identify whether inspection types serve initial screening or recovery functions.
inspection_type_followup_linkage,inspection_type_followup_status,Summer Feeding,not_followup,,followup_rank_within_type,1.0,1,1,0,0,0,0,0.0,1,0,0,0.0,0.0,0.0,Identify whether inspection types serve initial screening or recovery functions.
inspection_type_followup_linkage,inspection_type_followup_status,fire complaint,not_followup,,followup_rank_within_type,1.0,1,1,0,0,0,0,0.0,1,0,0,0.0,0.0,0.0,Identify whether inspection types serve initial screening or recovery functions.
inspection_type_followup_linkage,inspection_type_followup_status,ADDENDUM,not_followup,,followup_rank_within_type,1.0,1,1,0,0,0,0,0.0,1,0,0,0.0,0.0,0.0,Identify whether inspection types serve initial screening or recovery functions.
inspection_type_followup_linkage,inspection_type_followup_status,NO ENTRY-SHORT COMPLAINT),not_followup,,followup_rank_within_type,1.0,1,1,0,0,0,0,0.0,0,0,1,100.0,0.0,0.0,Identify whether inspection types serve initial screening or recovery functions.
inspection_type_followup_linkage,inspection_type_followup_status,OUT OF BUSINESS,not_followup,,followup_rank_within_type,1.0,22,22,0,0,0,0,0.0,0,0,8,36.3636,0.0,0.0,Identify whether inspection types serve initial screening or recovery functions.
inspection_type_followup_linkage,inspection_type_followup_status,Short Form Fire-Complaint,followup,,followup_rank_within_type,1.0,108,105,286,4,12,270,25050.0,66,4,29,30.5556,2.6481,231.9444,Identify whether inspection types serve initial screening or recovery functions.
inspection_type_followup_linkage,inspection_type_followup_status,Short Form Fire-Complaint,not_followup,,followup_rank_within_type,2.0,5,5,4,0,0,4,400.0,2,0,3,60.0,0.8,80.0,Identify whether inspection types serve initial screening or recovery functions.
inspection_type_followup_linkage,inspection_type_followup_status,citation re-issued,followup,,followup_rank_within_type,1.0,1,1,0,0,0,0,0.0,1,0,0,0.0,0.0,0.0,Identify whether inspection types serve initial screening or recovery functions.
inspection_type_followup_linkage,inspection_type_followup_status,license,not_followup,,followup_rank_within_type,1.0,1,1,0,0,0,0,0.0,1,0,0,0.0,0.0,0.0,Identify whether inspection types serve initial screening or recovery functions.
inspection_type_ward_profile,inspection_type_ward,CANVASS RE INSPECTION OF CLOSE UP,47,,ward_rank_within_type,1.0,1,1,4,1,1,2,950.0,1,0,0,0.0,4.0,950.0,Look for geographically concentrated inspection-type strategies.
inspection_type_ward_profile,inspection_type_ward,Consultation,42,,ward_rank_within_type,1.0,79,76,137,7,11,119,18150.0,63,12,4,20.2532,1.7342,229.7468,Look for geographically concentrated inspection-type strategies.
inspection_type_ward_profile,inspection_type_ward,Consultation,27,,ward_rank_within_type,2.0,50,42,157,7,20,130,21500.0,35,5,10,30.0,3.14,430.0,Look for geographically concentrated inspection-type strategies.
inspection_type_ward_profile,inspection_type_ward,Consultation,44,,ward_rank_within_type,3.0,49,41,58,6,8,44,9400.0,19,19,9,57.1429,1.1837,191.8367,Look for geographically concentrated inspection-type strategies.
inspection_type_ward_profile,inspection_type_ward,Consultation,4,,ward_rank_within_type,4.0,27,25,82,1,5,76,9350.0,21,5,1,22.2222,3.037,346.2963,Look for geographically concentrated inspection-type strategies.
inspection_type_ward_profile,inspection_type_ward,Consultation,25,,ward_rank_within_type,5.0,25,24,62,6,7,49,9650.0,18,2,5,28.0,2.48,386.0,Look for geographically concentrated inspection-type strategies.
inspection_type_ward_profile,inspection_type_ward,Consultation,2,,ward_rank_within_type,6.0,22,20,66,5,3,58,9050.0,18,2,2,18.1818,3.0,411.3636,Look for geographically concentrated inspection-type strategies.
inspection_type_ward_profile,inspection_type_ward,Consultation,28,,ward_rank_within_type,7.0,20,19,45,1,5,39,5650.0,10,5,4,45.0,2.25,282.5,Look for geographically concentrated inspection-type strategies.
inspection_type_ward_profile,inspection_type_ward,Consultation,1,,ward_rank_within_type,8.0,19,17,47,1,1,45,5250.0,14,1,3,21.0526,2.4737,276.3158,Look for geographically concentrated inspection-type strategies.
inspection_type_ward_profile,inspection_type_ward,Consultation,8,,ward_rank_within_type,9.0,19,16,44,0,2,42,4700.0,13,2,4,31.5789,2.3158,247.3684,Look for geographically concentrated inspection-type strategies.
inspection_type_ward_profile,inspection_type_ward,Consultation,48,,ward_rank_within_type,10.0,18,16,88,8,9,71,13350.0,13,2,2,22.2222,4.8889,741.6667,Look for geographically concentrated inspection-type strategies.
inspection_type_ward_profile,inspection_type_ward,LIQOUR TASK FORCE NOT READY,42,,ward_rank_within_type,1.0,1,1,0,0,0,0,0.0,0,0,1,100.0,0.0,0.0,Look for geographically concentrated inspection-type strategies.
inspection_type_ward_profile,inspection_type_ward,SFP/Complaint,48,,ward_rank_within_type,1.0,1,1,9,2,2,5,2000.0,0,0,1,100.0,9.0,2000.0,Look for geographically concentrated inspection-type strategies.
inspection_type_ward_profile,inspection_type_ward,TWO PEOPLE ATE AND GOT SICK.,12,,ward_rank_within_type,1.0,1,1,5,0,2,3,800.0,0,0,1,100.0,5.0,800.0,Look for geographically concentrated inspection-type strategies.
inspection_type_ward_profile,inspection_type_ward,expansion,25,,ward_rank_within_type,1.0,1,1,2,0,0,2,200.0,1,0,0,0.0,2.0,200.0,Look for geographically concentrated inspection-type strategies.
inspection_type_ward_profile,inspection_type_ward,LICENSE TASK FORCE / NOT -FOR-PROFIT CLUB,48,,ward_rank_within_type,1.0,1,1,0,0,0,0,0.0,1,0,0,0.0,0.0,0.0,Look for geographically concentrated inspection-type strategies.
inspection_type_ward_profile,inspection_type_ward,License-Task Force,42,,ward_rank_within_type,1.0,99,98,80,14,16,50,16000.0,64,0,35,35.3535,0.8081,161.6162,Look for geographically concentrated inspection-type strategies.
inspection_type_ward_profile,inspection_type_ward,License-Task Force,44,,ward_rank_within_type,2.0,43,41,173,20,21,132,28450.0,13,0,30,69.7674,4.0233,661.6279,Look for geographically concentrated inspection-type strategies.
inspection_type_ward_profile,inspection_type_ward,License-Task Force,32,,ward_rank_within_type,3.0,32,32,115,20,27,68,23550.0,7,0,25,78.125,3.5938,735.9375,Look for geographically concentrated inspection-type strategies.
inspection_type_ward_profile,inspection_type_ward,License-Task Force,27,,ward_rank_within_type,4.0,25,25,72,4,13,55,10750.0,9,0,16,64.0,2.88,430.0,Look for geographically concentrated inspection-type strategies.
inspection_type_ward_profile,inspection_type_ward,License-Task Force,1,,ward_rank_within_type,5.0,22,22,70,3,15,52,10450.0,9,0,13,59.0909,3.1818,475.0,Look for geographically concentrated inspection-type strategies.
inspection_type_ward_profile,inspection_type_ward,License-Task Force,43,,ward_rank_within_type,6.0,22,20,56,17,6,33,13300.0,7,0,13,59.0909,2.5455,604.5455,Look for geographically concentrated inspection-type strategies.
inspection_type_ward_profile,inspection_type_ward,License-Task Force,2,,ward_rank_within_type,7.0,20,20,27,4,6,17,5200.0,14,0,6,30.0,1.35,260.0,Look for geographically concentrated inspection-type strategies.
inspection_type_ward_profile,inspection_type_ward,License-Task Force,47,,ward_rank_within_type,8.0,20,20,54,3,6,45,7500.0,4,0,16,80.0,2.7,375.0,Look for geographically concentrated inspection-type strategies.
inspection_type_ward_profile,inspection_type_ward,License-Task Force,3,,ward_rank_within_type,9.0,18,17,84,8,17,59,14150.0,6,0,12,66.6667,4.6667,786.1111,Look for geographically concentrated inspection-type strategies.
inspection_type_ward_profile,inspection_type_ward,License-Task Force,4,,ward_rank_within_type,10.0,15,14,34,7,3,24,6650.0,5,0,10,66.6667,2.2667,443.3333,Look for geographically concentrated inspection-type strategies.
inspection_type_ward_profile,inspection_type_ward,Not Ready,1,,ward_rank_within_type,1.0,2,2,0,0,0,0,0.0,0,0,2,100.0,0.0,0.0,Look for geographically concentrated inspection-type strategies.
inspection_type_ward_profile,inspection_type_ward,Not Ready,42,,ward_rank_within_type,2.0,2,2,0,0,0,0,0.0,0,0,0,0.0,0.0,0.0,Look for geographically concentrated inspection-type strategies.
inspection_type_ward_profile,inspection_type_ward,Not Ready,47,,ward_rank_within_type,3.0,2,2,0,0,0,0,0.0,0,0,0,0.0,0.0,0.0,Look for geographically concentrated inspection-type strategies.
inspection_type_ward_profile,inspection_type_ward,Not Ready,11,,ward_rank_within_type,4.0,1,1,0,0,0,0,0.0,0,0,1,100.0,0.0,0.0,Look for geographically concentrated inspection-type strategies.
inspection_type_ward_profile,inspection_type_ward,Not Ready,27,,ward_rank_within_type,5.0,1,1,0,0,0,0,0.0,0,0,1,100.0,0.0,0.0,Look for geographically concentrated inspection-type strategies.
inspection_type_ward_profile,inspection_type_ward,Not Ready,39,,ward_rank_within_type,6.0,1,1,0,0,0,0,0.0,0,0,1,100.0,0.0,0.0,Look for geographically concentrated inspection-type strategies.
inspection_type_ward_profile,inspection_type_ward,Not Ready,50,,ward_rank_within_type,7.0,1,1,0,0,0,0,0.0,0,0,1,100.0,0.0,0.0,Look for geographically concentrated inspection-type strategies.
inspection_type_ward_profile,inspection_type_ward,SMOKING COMPLAINT,10,,ward_rank_within_type,1.0,1,1,4,0,0,4,400.0,1,0,0,0.0,4.0,400.0,Look for geographically concentrated inspection-type strategies.
inspection_type_ward_profile,inspection_type_ward,Task Force for liquor 1474,39,,ward_rank_within_type,1.0,1,1,0,0,0,0,0.0,0,0,1,100.0,0.0,0.0,Look for geographically concentrated inspection-type strategies.
inspection_type_ward_profile,inspection_type_ward,finish complaint inspection from 5-18-10,25,,ward_rank_within_type,1.0,1,1,0,0,0,0,0.0,0,0,1,100.0,0.0,0.0,Look for geographically concentrated inspection-type strategies.
inspection_type_ward_profile,inspection_type_ward,out ofbusiness,6,,ward_rank_within_type,1.0,1,1,0,0,0,0,0.0,0,0,1,100.0,0.0,0.0,Look for geographically concentrated inspection-type strategies.
inspection_type_ward_profile,inspection_type_ward,Business Not Located,12,,ward_rank_within_type,1.0,1,1,0,0,0,0,0.0,0,0,1,100.0,0.0,0.0,Look for geographically concentrated inspection-type strategies.
inspection_type_ward_profile,inspection_type_ward,CORRECTIVE ACTION,6,,ward_rank_within_type,1.0,1,1,0,0,0,0,0.0,0,1,0,100.0,0.0,0.0,Look for geographically concentrated inspection-type strategies.
inspection_type_ward_profile,inspection_type_ward,SFP RECENTLY INSPECTED,42,,ward_rank_within_type,1.0,1,1,0,0,0,0,0.0,1,0,0,0.0,0.0,0.0,Look for geographically concentrated inspection-type strategies.
inspection_type_ward_profile,inspection_type_ward,TASK FORCE LIQUOR 1470,32,,ward_rank_within_type,1.0,1,1,0,0,0,0,0.0,0,0,1,100.0,0.0,0.0,Look for geographically concentrated inspection-type strategies.
inspection_type_ward_profile,inspection_type_ward,TASK FORCE LIQUOR 1470,36,,ward_rank_within_type,2.0,1,1,0,0,0,0,0.0,1,0,0,0.0,0.0,0.0,Look for geographically concentrated inspection-type strategies.
inspection_type_ward_profile,inspection_type_ward,task force,48,,ward_rank_within_type,1.0,1,1,4,0,1,3,550.0,1,0,0,0.0,4.0,550.0,Look for geographically concentrated inspection-type strategies.
inspection_type_ward_profile,inspection_type_ward,task force,49,,ward_rank_within_type,2.0,1,1,1,0,0,1,100.0,1,0,0,0.0,1.0,100.0,Look for geographically concentrated inspection-type strategies.
inspection_type_ward_profile,inspection_type_ward,CHANGED COURT DATE,44,,ward_rank_within_type,1.0,1,1,0,0,0,0,0.0,1,0,0,0.0,0.0,0.0,Look for geographically concentrated inspection-type strategies.
inspection_type_ward_profile,inspection_type_ward,Canvass,42,,ward_rank_within_type,1.0,9488,2514,27780,2007,2187,23586,3908850.0,5646,1419,1205,27.656,2.9279,411.9783,Look for geographically concentrated inspection-type strategies.
inspection_type_ward_profile,inspection_type_ward,Canvass,27,,ward_rank_within_type,2.0,3086,1000,9735,680,967,8088,1390550.0,1490,393,524,29.7148,3.1546,450.5995,Look for geographically concentrated inspection-type strategies.
inspection_type_ward_profile,inspection_type_ward,Canvass,44,,ward_rank_within_type,3.0,2619,829,8068,636,877,6555,1192750.0,1223,360,449,30.8897,3.0806,455.4219,Look for geographically concentrated inspection-type strategies.
inspection_type_ward_profile,inspection_type_ward,Canvass,1,,ward_rank_within_type,4.0,2526,774,8648,448,873,7327,1174950.0,1187,264,491,29.8892,3.4236,465.1425,Look for geographically concentrated inspection-type strategies.
inspection_type_ward_profile,inspection_type_ward,Canvass,47,,ward_rank_within_type,5.0,2469,801,7807,424,615,6768,1042550.0,1272,241,365,24.5443,3.162,422.256,Look for geographically concentrated inspection-type strategies.
inspection_type_ward_profile,inspection_type_ward,Canvass,25,,ward_rank_within_type,6.0,2452,791,8571,408,782,7381,1137600.0,1259,214,496,28.956,3.4955,463.9478,Look for geographically concentrated inspection-type strategies.
inspection_type_ward_profile,inspection_type_ward,Canvass,2,,ward_rank_within_type,7.0,2383,673,7800,568,888,6344,1140400.0,1093,379,454,34.9559,3.2732,478.5564,Look for geographically concentrated inspection-type strategies.
inspection_type_ward_profile,inspection_type_ward,Canvass,41,,ward_rank_within_type,8.0,2283,512,7597,387,511,6699,991150.0,1466,222,335,24.3977,3.3276,434.1437,Look for geographically concentrated inspection-type strategies.
inspection_type_ward_profile,inspection_type_ward,Canvass,43,,ward_rank_within_type,9.0,1955,609,7187,583,836,5768,1077300.0,754,348,401,38.312,3.6762,551.0486,Look for geographically concentrated inspection-type strategies.
inspection_type_ward_profile,inspection_type_ward,Canvass,4,,ward_rank_within_type,10.0,1906,484,5518,306,451,4761,741850.0,1104,206,265,24.7114,2.8951,389.2183,Look for geographically concentrated inspection-type strategies.
inspection_type_ward_profile,inspection_type_ward,KITCHEN CLOSED FOR RENOVATION,42,,ward_rank_within_type,1.0,1,1,0,0,0,0,0.0,0,0,0,0.0,0.0,0.0,Look for geographically concentrated inspection-type strategies.
inspection_type_ward_profile,inspection_type_ward,LICENSE RENEWAL INSPECTION FOR DAYCARE,15,,ward_rank_within_type,1.0,1,1,2,0,0,2,200.0,1,0,0,0.0,2.0,200.0,Look for geographically concentrated inspection-type strategies.
inspection_type_ward_profile,inspection_type_ward,SPECIAL TASK FORCE,15,,ward_rank_within_type,1.0,1,1,3,0,2,1,600.0,0,0,1,100.0,3.0,600.0,Look for geographically concentrated inspection-type strategies.
inspection_type_ward_profile,inspection_type_ward,SPECIAL TASK FORCE,16,,ward_rank_within_type,2.0,1,1,4,0,3,1,850.0,0,0,1,100.0,4.0,850.0,Look for geographically concentrated inspection-type strategies.
inspection_type_ward_profile,inspection_type_ward,Complaint Re-Inspection,42,,ward_rank_within_type,1.0,447,316,1760,99,425,1236,95650.0,394,29,20,10.962,3.9374,213.9821,Look for geographically concentrated inspection-type strategies.
inspection_type_ward_profile,inspection_type_ward,Complaint Re-Inspection,27,,ward_rank_within_type,2.0,251,151,1505,82,324,1099,105300.0,209,17,21,15.1394,5.996,419.5219,Look for geographically concentrated inspection-type strategies.
inspection_type_ward_profile,inspection_type_ward,Complaint Re-Inspection,25,,ward_rank_within_type,3.0,204,117,1293,92,266,935,81500.0,169,20,15,17.1569,6.3382,399.5098,Look for geographically concentrated inspection-type strategies.
inspection_type_ward_profile,inspection_type_ward,Complaint Re-Inspection,1,,ward_rank_within_type,4.0,202,111,1246,80,244,922,81150.0,160,20,21,20.297,6.1683,401.7327,Look for geographically concentrated inspection-type strategies.
inspection_type_ward_profile,inspection_type_ward,Complaint Re-Inspection,28,,ward_rank_within_type,5.0,192,106,1168,53,266,849,81950.0,157,18,15,17.1875,6.0833,426.8229,Look for geographically concentrated inspection-type strategies.
inspection_type_ward_profile,inspection_type_ward,Complaint Re-Inspection,6,,ward_rank_within_type,6.0,191,92,1099,40,231,828,89300.0,149,21,15,18.8482,5.7539,467.5393,Look for geographically concentrated inspection-type strategies.
inspection_type_ward_profile,inspection_type_ward,Complaint Re-Inspection,2,,ward_rank_within_type,7.0,168,103,798,52,181,565,57650.0,145,10,13,13.6905,4.75,343.1548,Look for geographically concentrated inspection-type strategies.
inspection_type_ward_profile,inspection_type_ward,Complaint Re-Inspection,50,,ward_rank_within_type,8.0,161,82,1062,76,204,782,56700.0,133,10,17,16.7702,6.5963,352.1739,Look for geographically concentrated inspection-type strategies.
inspection_type_ward_profile,inspection_type_ward,Complaint Re-Inspection,44,,ward_rank_within_type,9.0,159,114,941,41,212,688,54400.0,132,14,11,15.7233,5.9182,342.1384,Look for geographically concentrated inspection-type strategies.
inspection_type_ward_profile,inspection_type_ward,Complaint Re-Inspection,3,,ward_rank_within_type,10.0,153,81,956,53,213,690,66700.0,125,14,13,17.6471,6.2484,435.9477,Look for geographically concentrated inspection-type strategies.
inspection_type_ward_profile,inspection_type_ward,Complaint-Fire Re-inspection,28,,ward_rank_within_type,1.0,6,4,51,1,12,38,4250.0,5,0,0,0.0,8.5,708.3333,Look for geographically concentrated inspection-type strategies.
inspection_type_ward_profile,inspection_type_ward,Complaint-Fire Re-inspection,42,,ward_rank_within_type,2.0,6,6,19,0,6,13,1950.0,6,0,0,0.0,3.1667,325.0,Look for geographically concentrated inspection-type strategies.
inspection_type_ward_profile,inspection_type_ward,Complaint-Fire Re-inspection,27,,ward_rank_within_type,3.0,5,4,36,4,6,26,800.0,4,0,1,20.0,7.2,160.0,Look for geographically concentrated inspection-type strategies.
inspection_type_ward_profile,inspection_type_ward,Complaint-Fire Re-inspection,18,,ward_rank_within_type,4.0,3,2,7,2,1,4,1400.0,2,0,1,33.3333,2.3333,466.6667,Look for geographically concentrated inspection-type strategies.
inspection_type_ward_profile,inspection_type_ward,Complaint-Fire Re-inspection,25,,ward_rank_within_type,5.0,3,3,22,1,6,15,2750.0,2,1,0,33.3333,7.3333,916.6667,Look for geographically concentrated inspection-type strategies.
inspection_type_ward_profile,inspection_type_ward,Complaint-Fire Re-inspection,39,,ward_rank_within_type,6.0,2,2,17,1,4,12,1400.0,2,0,0,0.0,8.5,700.0,Look for geographically concentrated inspection-type strategies.
inspection_type_ward_profile,inspection_type_ward,Complaint-Fire Re-inspection,41,,ward_rank_within_type,7.0,2,1,14,2,6,6,2400.0,0,0,2,100.0,7.0,1200.0,Look for geographically concentrated inspection-type strategies.
inspection_type_ward_profile,inspection_type_ward,Complaint-Fire Re-inspection,50,,ward_rank_within_type,8.0,2,1,14,0,2,12,400.0,2,0,0,0.0,7.0,200.0,Look for geographically concentrated inspection-type strategies.
inspection_type_ward_profile,inspection_type_ward,Complaint-Fire Re-inspection,1,,ward_rank_within_type,9.0,1,1,7,0,1,6,0.0,1,0,0,0.0,7.0,0.0,Look for geographically concentrated inspection-type strategies.
inspection_type_ward_profile,inspection_type_ward,Complaint-Fire Re-inspection,11,,ward_rank_within_type,10.0,1,1,9,0,2,7,600.0,1,0,0,0.0,9.0,600.0,Look for geographically concentrated inspection-type strategies.
inspection_type_ward_profile,inspection_type_ward,Kids Cafe',4,,ward_rank_within_type,1.0,1,1,0,0,0,0,0.0,1,0,0,0.0,0.0,0.0,Look for geographically concentrated inspection-type strategies.
inspection_type_ward_profile,inspection_type_ward,LICENSE TASK FORCE / NOT -FOR-PROFIT CLU,48,,ward_rank_within_type,1.0,1,1,0,0,0,0,0.0,1,0,0,0.0,0.0,0.0,Look for geographically concentrated inspection-type strategies.
inspection_type_ward_profile,inspection_type_ward,TASK FORCE NOT READY,42,,ward_rank_within_type,1.0,1,1,0,0,0,0,0.0,0,0,1,100.0,0.0,0.0,Look for geographically concentrated inspection-type strategies.
inspection_type_ward_profile,inspection_type_ward,error save,26,,ward_rank_within_type,1.0,1,1,0,0,0,0,0.0,1,0,0,0.0,0.0,0.0,Look for geographically concentrated inspection-type strategies.
inspection_type_ward_profile,inspection_type_ward,CANVASS FOR RIB FEST,47,,ward_rank_within_type,1.0,1,1,3,0,0,3,300.0,1,0,0,0.0,3.0,300.0,Look for geographically concentrated inspection-type strategies.
inspection_type_ward_profile,inspection_type_ward,Illegal Operation,41,,ward_rank_within_type,1.0,2,2,2,2,0,0,1000.0,1,1,0,50.0,1.0,500.0,Look for geographically concentrated inspection-type strategies.
inspection_type_ward_profile,inspection_type_ward,LICENSE CANCELED BY OWNER,28,,ward_rank_within_type,1.0,1,1,0,0,0,0,0.0,0,0,0,0.0,0.0,0.0,Look for geographically concentrated inspection-type strategies.
inspection_type_ward_profile,inspection_type_ward,O.B.,15,,ward_rank_within_type,1.0,1,1,0,0,0,0,0.0,0,0,0,0.0,0.0,0.0,Look for geographically concentrated inspection-type strategies.
inspection_type_ward_profile,inspection_type_ward,TASKFORCE,2,,ward_rank_within_type,1.0,1,1,10,2,2,6,2100.0,0,0,1,100.0,10.0,2100.0,Look for geographically concentrated inspection-type strategies.
inspection_type_ward_profile,inspection_type_ward,Tag Removal,42,,ward_rank_within_type,1.0,71,67,172,17,7,148,25050.0,38,29,4,46.4789,2.4225,352.8169,Look for geographically concentrated inspection-type strategies.
inspection_type_ward_profile,inspection_type_ward,Tag Removal,44,,ward_rank_within_type,2.0,40,29,132,10,8,114,18400.0,14,23,3,65.0,3.3,460.0,Look for geographically concentrated inspection-type strategies.
inspection_type_ward_profile,inspection_type_ward,Tag Removal,2,,ward_rank_within_type,3.0,36,33,182,18,7,157,26450.0,22,12,2,38.8889,5.0556,734.7222,Look for geographically concentrated inspection-type strategies.
inspection_type_ward_profile,inspection_type_ward,Tag Removal,43,,ward_rank_within_type,4.0,31,29,175,13,11,151,24350.0,24,7,0,22.5806,5.6452,785.4839,Look for geographically concentrated inspection-type strategies.
inspection_type_ward_profile,inspection_type_ward,Tag Removal,32,,ward_rank_within_type,5.0,24,19,116,6,11,99,15650.0,20,4,0,16.6667,4.8333,652.0833,Look for geographically concentrated inspection-type strategies.
inspection_type_ward_profile,inspection_type_ward,Tag Removal,41,,ward_rank_within_type,6.0,24,23,95,3,5,87,11450.0,9,13,2,62.5,3.9583,477.0833,Look for geographically concentrated inspection-type strategies.
inspection_type_ward_profile,inspection_type_ward,Tag Removal,1,,ward_rank_within_type,7.0,23,19,118,5,4,109,14400.0,23,0,0,0.0,5.1304,626.087,Look for geographically concentrated inspection-type strategies.
inspection_type_ward_profile,inspection_type_ward,Tag Removal,4,,ward_rank_within_type,8.0,23,21,66,5,4,57,9200.0,16,5,2,30.4348,2.8696,400.0,Look for geographically concentrated inspection-type strategies.
inspection_type_ward_profile,inspection_type_ward,Tag Removal,48,,ward_rank_within_type,9.0,23,19,111,10,7,94,16150.0,16,5,2,30.4348,4.8261,702.1739,Look for geographically concentrated inspection-type strategies.
inspection_type_ward_profile,inspection_type_ward,Tag Removal,47,,ward_rank_within_type,10.0,22,19,65,10,6,49,11400.0,11,10,1,50.0,2.9545,518.1818,Look for geographically concentrated inspection-type strategies.
inspection_type_ward_profile,inspection_type_ward,FIRE/COMPLAIN,48,,ward_rank_within_type,1.0,1,1,5,1,2,2,1200.0,0,0,1,100.0,5.0,1200.0,Look for geographically concentrated inspection-type strategies.
inspection_type_ward_profile,inspection_type_ward,NO ENTRY,1,,ward_rank_within_type,1.0,3,3,0,0,0,0,0.0,1,0,2,66.6667,0.0,0.0,Look for geographically concentrated inspection-type strategies.
inspection_type_ward_profile,inspection_type_ward,NO ENTRY,24,,ward_rank_within_type,2.0,1,1,0,0,0,0,0.0,0,0,1,100.0,0.0,0.0,Look for geographically concentrated inspection-type strategies.
inspection_type_ward_profile,inspection_type_ward,NO ENTRY,32,,ward_rank_within_type,3.0,1,1,0,0,0,0,0.0,0,0,1,100.0,0.0,0.0,Look for geographically concentrated inspection-type strategies.
inspection_type_ward_profile,inspection_type_ward,NO ENTRY,33,,ward_rank_within_type,4.0,1,1,0,0,0,0,0.0,0,0,1,100.0,0.0,0.0,Look for geographically concentrated inspection-type strategies.
inspection_type_ward_profile,inspection_type_ward,NO ENTRY,42,,ward_rank_within_type,5.0,1,1,0,0,0,0,0.0,0,0,1,100.0,0.0,0.0,Look for geographically concentrated inspection-type strategies.
inspection_type_ward_profile,inspection_type_ward,No Entry,27,,ward_rank_within_type,1.0,13,12,8,0,1,7,950.0,7,0,6,46.1538,0.6154,73.0769,Look for geographically concentrated inspection-type strategies.
inspection_type_ward_profile,inspection_type_ward,No Entry,1,,ward_rank_within_type,2.0,8,8,0,0,0,0,0.0,8,0,0,0.0,0.0,0.0,Look for geographically concentrated inspection-type strategies.
inspection_type_ward_profile,inspection_type_ward,No Entry,2,,ward_rank_within_type,3.0,6,5,6,0,0,6,600.0,4,0,2,33.3333,1.0,100.0,Look for geographically concentrated inspection-type strategies.
inspection_type_ward_profile,inspection_type_ward,No Entry,3,,ward_rank_within_type,4.0,4,3,0,0,0,0,0.0,0,0,4,100.0,0.0,0.0,Look for geographically concentrated inspection-type strategies.
inspection_type_ward_profile,inspection_type_ward,No Entry,26,,ward_rank_within_type,5.0,3,3,0,0,0,0,0.0,3,0,0,0.0,0.0,0.0,Look for geographically concentrated inspection-type strategies.
inspection_type_ward_profile,inspection_type_ward,No Entry,44,,ward_rank_within_type,6.0,3,3,0,0,0,0,0.0,0,0,3,100.0,0.0,0.0,Look for geographically concentrated inspection-type strategies.
inspection_type_ward_profile,inspection_type_ward,No Entry,47,,ward_rank_within_type,7.0,3,3,0,0,0,0,0.0,1,0,2,66.6667,0.0,0.0,Look for geographically concentrated inspection-type strategies.
inspection_type_ward_profile,inspection_type_ward,No Entry,11,,ward_rank_within_type,8.0,2,2,0,0,0,0,0.0,0,0,2,100.0,0.0,0.0,Look for geographically concentrated inspection-type strategies.
inspection_type_ward_profile,inspection_type_ward,No Entry,4,,ward_rank_within_type,9.0,2,2,0,0,0,0,0.0,0,0,2,100.0,0.0,0.0,Look for geographically concentrated inspection-type strategies.
inspection_type_ward_profile,inspection_type_ward,No Entry,42,,ward_rank_within_type,10.0,2,2,0,0,0,0,0.0,0,0,2,100.0,0.0,0.0,Look for geographically concentrated inspection-type strategies.
inspection_type_ward_profile,inspection_type_ward,Pre-License Consultation,3,,ward_rank_within_type,1.0,4,4,2,0,0,2,0.0,1,0,3,75.0,0.5,0.0,Look for geographically concentrated inspection-type strategies.
inspection_type_ward_profile,inspection_type_ward,Pre-License Consultation,17,,ward_rank_within_type,2.0,1,1,0,0,0,0,0.0,0,0,1,100.0,0.0,0.0,Look for geographically concentrated inspection-type strategies.
inspection_type_ward_profile,inspection_type_ward,Pre-License Consultation,19,,ward_rank_within_type,3.0,1,1,3,1,1,1,850.0,1,0,0,0.0,3.0,850.0,Look for geographically concentrated inspection-type strategies.
inspection_type_ward_profile,inspection_type_ward,Pre-License Consultation,20,,ward_rank_within_type,4.0,1,1,0,0,0,0,0.0,1,0,0,0.0,0.0,0.0,Look for geographically concentrated inspection-type strategies.
inspection_type_ward_profile,inspection_type_ward,Pre-License Consultation,23,,ward_rank_within_type,5.0,1,1,10,1,1,8,1550.0,0,0,1,100.0,10.0,1550.0,Look for geographically concentrated inspection-type strategies.
inspection_type_ward_profile,inspection_type_ward,Pre-License Consultation,29,,ward_rank_within_type,6.0,1,1,0,0,0,0,0.0,0,0,1,100.0,0.0,0.0,Look for geographically concentrated inspection-type strategies.
inspection_type_ward_profile,inspection_type_ward,sfp/complaint,48,,ward_rank_within_type,1.0,1,1,6,0,0,6,600.0,1,0,0,0.0,6.0,600.0,Look for geographically concentrated inspection-type strategies.
inspection_type_ward_profile,inspection_type_ward,CANVASS SPECIAL EVENTS,10,,ward_rank_within_type,1.0,1,1,3,0,0,3,300.0,1,0,0,0.0,3.0,300.0,Look for geographically concentrated inspection-type strategies.
inspection_type_ward_profile,inspection_type_ward,LICENSE WRONG ADDRESS,29,,ward_rank_within_type,1.0,1,1,0,0,0,0,0.0,0,0,1,100.0,0.0,0.0,Look for geographically concentrated inspection-type strategies.
inspection_type_ward_profile,inspection_type_ward,LICENSE/NOT READY,44,,ward_rank_within_type,1.0,1,1,0,0,0,0,0.0,0,0,1,100.0,0.0,0.0,Look for geographically concentrated inspection-type strategies.
inspection_type_ward_profile,inspection_type_ward,LICENSE/NOT READY,47,,ward_rank_within_type,2.0,1,1,0,0,0,0,0.0,0,0,1,100.0,0.0,0.0,Look for geographically concentrated inspection-type strategies.
inspection_type_ward_profile,inspection_type_ward,LIQUOR CATERING,47,,ward_rank_within_type,1.0,1,1,6,1,0,5,1000.0,0,0,1,100.0,6.0,1000.0,Look for geographically concentrated inspection-type strategies.
inspection_type_ward_profile,inspection_type_ward,License,42,,ward_rank_within_type,1.0,1977,1664,2553,268,294,1991,406600.0,1303,40,529,28.781,1.2914,205.6651,Look for geographically concentrated inspection-type strategies.
inspection_type_ward_profile,inspection_type_ward,License,27,,ward_rank_within_type,2.0,1045,881,2106,257,346,1503,365300.0,590,29,389,40.0,2.0153,349.5694,Look for geographically concentrated inspection-type strategies.
inspection_type_ward_profile,inspection_type_ward,License,25,,ward_rank_within_type,3.0,695,580,1670,160,288,1222,274200.0,360,11,285,42.5899,2.4029,394.5324,Look for geographically concentrated inspection-type strategies.
inspection_type_ward_profile,inspection_type_ward,License,1,,ward_rank_within_type,4.0,673,564,1414,163,224,1027,240200.0,356,5,275,41.6048,2.101,356.9094,Look for geographically concentrated inspection-type strategies.
inspection_type_ward_profile,inspection_type_ward,License,44,,ward_rank_within_type,5.0,564,474,1256,130,157,969,201150.0,311,11,217,40.4255,2.227,356.6489,Look for geographically concentrated inspection-type strategies.
inspection_type_ward_profile,inspection_type_ward,License,2,,ward_rank_within_type,6.0,560,456,939,99,154,686,156600.0,344,11,181,34.2857,1.6768,279.6429,Look for geographically concentrated inspection-type strategies.
inspection_type_ward_profile,inspection_type_ward,License,47,,ward_rank_within_type,7.0,467,393,1110,88,143,879,167650.0,286,4,153,33.6188,2.3769,358.9936,Look for geographically concentrated inspection-type strategies.
inspection_type_ward_profile,inspection_type_ward,License,43,,ward_rank_within_type,8.0,454,377,1186,136,158,892,196700.0,242,23,170,42.511,2.6123,433.2599,Look for geographically concentrated inspection-type strategies.
inspection_type_ward_profile,inspection_type_ward,License,28,,ward_rank_within_type,9.0,443,371,1247,125,162,960,199000.0,238,10,178,42.4379,2.8149,449.2099,Look for geographically concentrated inspection-type strategies.
inspection_type_ward_profile,inspection_type_ward,License,32,,ward_rank_within_type,10.0,399,322,832,64,123,645,127250.0,219,12,145,39.3484,2.0852,318.9223,Look for geographically concentrated inspection-type strategies.
inspection_type_ward_profile,inspection_type_ward,SFP/COMPLAINT,17,,ward_rank_within_type,1.0,1,1,2,0,0,2,200.0,1,0,0,0.0,2.0,200.0,Look for geographically concentrated inspection-type strategies.
inspection_type_ward_profile,inspection_type_ward,SFP/COMPLAINT,2,,ward_rank_within_type,2.0,1,1,10,3,2,5,2500.0,0,0,1,100.0,10.0,2500.0,Look for geographically concentrated inspection-type strategies.
inspection_type_ward_profile,inspection_type_ward,SFP/COMPLAINT,39,,ward_rank_within_type,3.0,1,1,2,0,0,2,200.0,1,0,0,0.0,2.0,200.0,Look for geographically concentrated inspection-type strategies.
inspection_type_ward_profile,inspection_type_ward,SFP/COMPLAINT,46,,ward_rank_within_type,4.0,1,1,9,1,1,7,1450.0,0,1,0,100.0,9.0,1450.0,Look for geographically concentrated inspection-type strategies.
inspection_type_ward_profile,inspection_type_ward,Sample Collection,42,,ward_rank_within_type,1.0,1,1,0,0,0,0,0.0,0,1,0,100.0,0.0,0.0,Look for geographically concentrated inspection-type strategies.
inspection_type_ward_profile,inspection_type_ward,Special Events (Festivals),25,,ward_rank_within_type,1.0,9,9,45,3,1,41,5850.0,8,0,1,11.1111,5.0,650.0,Look for geographically concentrated inspection-type strategies.
inspection_type_ward_profile,inspection_type_ward,Special Events (Festivals),42,,ward_rank_within_type,2.0,4,4,14,0,0,14,1400.0,4,0,0,0.0,3.5,350.0,Look for geographically concentrated inspection-type strategies.
inspection_type_ward_profile,inspection_type_ward,Special Events (Festivals),10,,ward_rank_within_type,3.0,3,2,24,4,4,16,4600.0,1,0,2,66.6667,8.0,1533.3333,Look for geographically concentrated inspection-type strategies.
inspection_type_ward_profile,inspection_type_ward,Special Events (Festivals),38,,ward_rank_within_type,4.0,3,1,5,0,0,5,500.0,3,0,0,0.0,1.6667,166.6667,Look for geographically concentrated inspection-type strategies.
inspection_type_ward_profile,inspection_type_ward,Special Events (Festivals),41,,ward_rank_within_type,5.0,3,2,13,1,0,12,1700.0,2,1,0,33.3333,4.3333,566.6667,Look for geographically concentrated inspection-type strategies.
inspection_type_ward_profile,inspection_type_ward,Special Events (Festivals),8,,ward_rank_within_type,6.0,2,1,9,0,0,9,900.0,2,0,0,0.0,4.5,450.0,Look for geographically concentrated inspection-type strategies.
inspection_type_ward_profile,inspection_type_ward,Special Events (Festivals),11,,ward_rank_within_type,7.0,1,1,0,0,0,0,0.0,1,0,0,0.0,0.0,0.0,Look for geographically concentrated inspection-type strategies.
inspection_type_ward_profile,inspection_type_ward,Special Events (Festivals),16,,ward_rank_within_type,8.0,1,1,4,0,0,4,400.0,1,0,0,0.0,4.0,400.0,Look for geographically concentrated inspection-type strategies.
inspection_type_ward_profile,inspection_type_ward,Special Events (Festivals),24,,ward_rank_within_type,9.0,1,1,4,0,0,4,400.0,1,0,0,0.0,4.0,400.0,Look for geographically concentrated inspection-type strategies.
inspection_type_ward_profile,inspection_type_ward,Special Events (Festivals),29,,ward_rank_within_type,10.0,1,1,0,0,0,0,0.0,1,0,0,0.0,0.0,0.0,Look for geographically concentrated inspection-type strategies.
inspection_type_ward_profile,inspection_type_ward,license task 1474,1,,ward_rank_within_type,1.0,1,1,0,0,0,0,0.0,1,0,0,0.0,0.0,0.0,Look for geographically concentrated inspection-type strategies.
inspection_type_ward_profile,inspection_type_ward,Canvass Re-Inspection,42,,ward_rank_within_type,1.0,1454,889,5895,306,1253,4336,343900.0,1290,99,57,10.729,4.0543,236.5199,Look for geographically concentrated inspection-type strategies.
inspection_type_ward_profile,inspection_type_ward,Canvass Re-Inspection,27,,ward_rank_within_type,2.0,616,368,3277,145,700,2432,241850.0,521,42,40,13.3117,5.3198,392.6136,Look for geographically concentrated inspection-type strategies.
inspection_type_ward_profile,inspection_type_ward,Canvass Re-Inspection,1,,ward_rank_within_type,3.0,575,324,3336,134,707,2495,219550.0,497,36,38,12.8696,5.8017,381.8261,Look for geographically concentrated inspection-type strategies.
inspection_type_ward_profile,inspection_type_ward,Canvass Re-Inspection,25,,ward_rank_within_type,4.0,567,310,3228,121,674,2433,202350.0,490,39,29,11.9929,5.6931,356.8783,Look for geographically concentrated inspection-type strategies.
inspection_type_ward_profile,inspection_type_ward,Canvass Re-Inspection,2,,ward_rank_within_type,5.0,551,290,2722,114,583,2025,183600.0,482,35,29,11.6152,4.9401,333.2123,Look for geographically concentrated inspection-type strategies.
inspection_type_ward_profile,inspection_type_ward,Canvass Re-Inspection,44,,ward_rank_within_type,6.0,529,309,2952,110,652,2190,164650.0,472,22,28,9.4518,5.5803,311.2476,Look for geographically concentrated inspection-type strategies.
inspection_type_ward_profile,inspection_type_ward,Canvass Re-Inspection,43,,ward_rank_within_type,7.0,497,277,2953,109,567,2277,182350.0,411,52,30,16.499,5.9416,366.9014,Look for geographically concentrated inspection-type strategies.
inspection_type_ward_profile,inspection_type_ward,Canvass Re-Inspection,47,,ward_rank_within_type,8.0,407,254,2193,102,468,1623,108300.0,366,21,15,8.8452,5.3882,266.0934,Look for geographically concentrated inspection-type strategies.
inspection_type_ward_profile,inspection_type_ward,Canvass Re-Inspection,41,,ward_rank_within_type,9.0,393,198,2062,102,432,1528,115500.0,350,24,18,10.687,5.2468,293.8931,Look for geographically concentrated inspection-type strategies.
inspection_type_ward_profile,inspection_type_ward,Canvass Re-Inspection,48,,ward_rank_within_type,10.0,373,198,1834,74,380,1380,101250.0,342,16,12,7.5067,4.9169,271.4477,Look for geographically concentrated inspection-type strategies.
inspection_type_ward_profile,inspection_type_ward,Complaint,42,,ward_rank_within_type,1.0,1406,798,5598,536,565,4497,858950.0,774,270,346,43.8122,3.9815,610.9175,Look for geographically concentrated inspection-type strategies.
inspection_type_ward_profile,inspection_type_ward,Complaint,27,,ward_rank_within_type,2.0,545,301,2853,270,406,2177,454200.0,217,103,213,57.9817,5.2349,833.3945,Look for geographically concentrated inspection-type strategies.
inspection_type_ward_profile,inspection_type_ward,Complaint,25,,ward_rank_within_type,3.0,437,223,2369,251,297,1821,381850.0,176,81,170,57.4371,5.4211,873.7986,Look for geographically concentrated inspection-type strategies.
inspection_type_ward_profile,inspection_type_ward,Complaint,2,,ward_rank_within_type,4.0,427,207,1954,215,240,1499,317400.0,171,99,131,53.8642,4.5761,743.3255,Look for geographically concentrated inspection-type strategies.
inspection_type_ward_profile,inspection_type_ward,Complaint,1,,ward_rank_within_type,5.0,414,219,2069,193,266,1610,324000.0,165,71,155,54.5894,4.9976,782.6087,Look for geographically concentrated inspection-type strategies.
inspection_type_ward_profile,inspection_type_ward,Complaint,44,,ward_rank_within_type,6.0,395,235,1878,228,262,1388,318300.0,150,83,131,54.1772,4.7544,805.8228,Look for geographically concentrated inspection-type strategies.
inspection_type_ward_profile,inspection_type_ward,Complaint,6,,ward_rank_within_type,7.0,353,159,1805,131,241,1433,269050.0,135,59,148,58.6402,5.1133,762.1813,Look for geographically concentrated inspection-type strategies.
inspection_type_ward_profile,inspection_type_ward,Complaint,50,,ward_rank_within_type,8.0,343,150,2024,186,234,1604,311900.0,134,53,140,56.2682,5.9009,909.3294,Look for geographically concentrated inspection-type strategies.
inspection_type_ward_profile,inspection_type_ward,Complaint,28,,ward_rank_within_type,9.0,341,167,1853,118,257,1478,271050.0,148,45,143,55.132,5.434,794.868,Look for geographically concentrated inspection-type strategies.
inspection_type_ward_profile,inspection_type_ward,Complaint,4,,ward_rank_within_type,10.0,334,177,1433,116,150,1167,212200.0,172,62,92,46.1078,4.2904,635.3293,Look for geographically concentrated inspection-type strategies.
inspection_type_ward_profile,inspection_type_ward,Complaint-Fire,42,,ward_rank_within_type,1.0,33,30,111,5,10,96,14600.0,21,4,8,36.3636,3.3636,442.4242,Look for geographically concentrated inspection-type strategies.
inspection_type_ward_profile,inspection_type_ward,Complaint-Fire,28,,ward_rank_within_type,2.0,13,9,75,1,12,62,9700.0,4,0,8,61.5385,5.7692,746.1538,Look for geographically concentrated inspection-type strategies.
inspection_type_ward_profile,inspection_type_ward,Complaint-Fire,27,,ward_rank_within_type,3.0,11,11,62,5,6,51,9100.0,4,3,4,63.6364,5.6364,827.2727,Look for geographically concentrated inspection-type strategies.
inspection_type_ward_profile,inspection_type_ward,Complaint-Fire,17,,ward_rank_within_type,4.0,6,6,20,2,2,16,3100.0,3,0,2,33.3333,3.3333,516.6667,Look for geographically concentrated inspection-type strategies.
inspection_type_ward_profile,inspection_type_ward,Complaint-Fire,9,,ward_rank_within_type,5.0,6,6,9,0,2,7,1200.0,3,0,2,33.3333,1.5,200.0,Look for geographically concentrated inspection-type strategies.
inspection_type_ward_profile,inspection_type_ward,Complaint-Fire,2,,ward_rank_within_type,6.0,4,3,7,0,0,7,700.0,3,0,1,25.0,1.75,175.0,Look for geographically concentrated inspection-type strategies.
inspection_type_ward_profile,inspection_type_ward,Complaint-Fire,23,,ward_rank_within_type,7.0,4,4,17,0,1,16,1850.0,3,0,1,25.0,4.25,462.5,Look for geographically concentrated inspection-type strategies.
inspection_type_ward_profile,inspection_type_ward,Complaint-Fire,25,,ward_rank_within_type,8.0,4,4,13,1,1,11,1850.0,2,0,2,50.0,3.25,462.5,Look for geographically concentrated inspection-type strategies.
inspection_type_ward_profile,inspection_type_ward,Complaint-Fire,3,,ward_rank_within_type,9.0,4,4,13,0,0,13,1300.0,3,0,0,0.0,3.25,325.0,Look for geographically concentrated inspection-type strategies.
inspection_type_ward_profile,inspection_type_ward,Complaint-Fire,37,,ward_rank_within_type,10.0,4,3,10,0,0,10,1000.0,2,0,2,50.0,2.5,250.0,Look for geographically concentrated inspection-type strategies.
inspection_type_ward_profile,inspection_type_ward,Suspected Food Poisoning,42,,ward_rank_within_type,1.0,139,123,554,73,51,430,92250.0,71,37,31,48.9209,3.9856,663.6691,Look for geographically concentrated inspection-type strategies.
inspection_type_ward_profile,inspection_type_ward,Suspected Food Poisoning,2,,ward_rank_within_type,2.0,34,29,154,17,18,119,24900.0,17,3,14,50.0,4.5294,732.3529,Look for geographically concentrated inspection-type strategies.
inspection_type_ward_profile,inspection_type_ward,Suspected Food Poisoning,44,,ward_rank_within_type,3.0,31,25,158,29,16,113,29800.0,8,12,10,70.9677,5.0968,961.2903,Look for geographically concentrated inspection-type strategies.
inspection_type_ward_profile,inspection_type_ward,Suspected Food Poisoning,4,,ward_rank_within_type,4.0,25,24,113,6,9,98,15050.0,16,3,6,36.0,4.52,602.0,Look for geographically concentrated inspection-type strategies.
inspection_type_ward_profile,inspection_type_ward,Suspected Food Poisoning,41,,ward_rank_within_type,5.0,25,22,111,6,4,101,14100.0,18,4,3,28.0,4.44,564.0,Look for geographically concentrated inspection-type strategies.
inspection_type_ward_profile,inspection_type_ward,Suspected Food Poisoning,47,,ward_rank_within_type,6.0,25,23,145,21,19,105,25750.0,9,9,6,60.0,5.8,1030.0,Look for geographically concentrated inspection-type strategies.
inspection_type_ward_profile,inspection_type_ward,Suspected Food Poisoning,43,,ward_rank_within_type,7.0,23,22,144,27,19,98,28050.0,6,8,9,73.913,6.2609,1219.5652,Look for geographically concentrated inspection-type strategies.
inspection_type_ward_profile,inspection_type_ward,Suspected Food Poisoning,25,,ward_rank_within_type,8.0,21,21,147,21,20,106,26100.0,7,4,10,66.6667,7.0,1242.8571,Look for geographically concentrated inspection-type strategies.
inspection_type_ward_profile,inspection_type_ward,Suspected Food Poisoning,27,,ward_rank_within_type,9.0,20,18,96,15,6,75,16500.0,9,6,4,50.0,4.8,825.0,Look for geographically concentrated inspection-type strategies.
inspection_type_ward_profile,inspection_type_ward,Suspected Food Poisoning,1,,ward_rank_within_type,10.0,18,16,101,13,11,77,16950.0,6,7,5,66.6667,5.6111,941.6667,Look for geographically concentrated inspection-type strategies.
inspection_type_ward_profile,inspection_type_ward,TASK FORCE NIGHT,27,,ward_rank_within_type,1.0,1,1,7,1,3,3,1550.0,0,0,1,100.0,7.0,1550.0,Look for geographically concentrated inspection-type strategies.
inspection_type_ward_profile,inspection_type_ward,Task Force Liquor Catering,39,,ward_rank_within_type,1.0,1,1,0,0,0,0,0.0,1,0,0,0.0,0.0,0.0,Look for geographically concentrated inspection-type strategies.
inspection_type_ward_profile,inspection_type_ward,task force(1470) liquor tavern,40,,ward_rank_within_type,1.0,1,1,7,2,1,4,1650.0,0,0,1,100.0,7.0,1650.0,Look for geographically concentrated inspection-type strategies.
inspection_type_ward_profile,inspection_type_ward,CANVASS SCHOOL/SPECIAL EVENT,10,,ward_rank_within_type,1.0,1,1,1,0,0,1,100.0,1,0,0,0.0,1.0,100.0,Look for geographically concentrated inspection-type strategies.
inspection_type_ward_profile,inspection_type_ward,Duplicated,4,,ward_rank_within_type,1.0,1,1,0,0,0,0,0.0,0,0,1,100.0,0.0,0.0,Look for geographically concentrated inspection-type strategies.
inspection_type_ward_profile,inspection_type_ward,LICENSE,6,,ward_rank_within_type,1.0,1,1,0,0,0,0,0.0,1,0,0,0.0,0.0,0.0,Look for geographically concentrated inspection-type strategies.
inspection_type_ward_profile,inspection_type_ward,Non-Inspection,12,,ward_rank_within_type,1.0,2,2,11,0,2,9,1400.0,0,1,1,100.0,5.5,700.0,Look for geographically concentrated inspection-type strategies.
inspection_type_ward_profile,inspection_type_ward,Non-Inspection,11,,ward_rank_within_type,2.0,1,1,0,0,0,0,0.0,0,0,1,100.0,0.0,0.0,Look for geographically concentrated inspection-type strategies.
inspection_type_ward_profile,inspection_type_ward,Non-Inspection,20,,ward_rank_within_type,3.0,1,1,0,0,0,0,0.0,0,1,0,100.0,0.0,0.0,Look for geographically concentrated inspection-type strategies.
inspection_type_ward_profile,inspection_type_ward,Non-Inspection,27,,ward_rank_within_type,4.0,1,1,6,0,3,3,1050.0,0,0,1,100.0,6.0,1050.0,Look for geographically concentrated inspection-type strategies.
inspection_type_ward_profile,inspection_type_ward,Non-Inspection,28,,ward_rank_within_type,5.0,1,1,0,0,0,0,0.0,0,0,1,100.0,0.0,0.0,Look for geographically concentrated inspection-type strategies.
inspection_type_ward_profile,inspection_type_ward,Non-Inspection,32,,ward_rank_within_type,6.0,1,1,0,0,0,0,0.0,0,0,1,100.0,0.0,0.0,Look for geographically concentrated inspection-type strategies.
inspection_type_ward_profile,inspection_type_ward,Non-Inspection,42,,ward_rank_within_type,7.0,1,1,0,0,0,0,0.0,0,0,1,100.0,0.0,0.0,Look for geographically concentrated inspection-type strategies.
inspection_type_ward_profile,inspection_type_ward,Non-Inspection,unknown,,ward_rank_within_type,8.0,1,1,3,0,0,3,300.0,1,0,0,0.0,3.0,300.0,Look for geographically concentrated inspection-type strategies.
inspection_type_ward_profile,inspection_type_ward,Package Liquor 1474,42,,ward_rank_within_type,1.0,8,8,5,0,0,5,500.0,6,0,2,25.0,0.625,62.5,Look for geographically concentrated inspection-type strategies.
inspection_type_ward_profile,inspection_type_ward,Package Liquor 1474,2,,ward_rank_within_type,2.0,5,5,0,0,0,0,0.0,4,0,1,20.0,0.0,0.0,Look for geographically concentrated inspection-type strategies.
inspection_type_ward_profile,inspection_type_ward,Package Liquor 1474,32,,ward_rank_within_type,3.0,4,4,2,0,1,1,350.0,2,0,2,50.0,0.5,87.5,Look for geographically concentrated inspection-type strategies.
inspection_type_ward_profile,inspection_type_ward,Package Liquor 1474,35,,ward_rank_within_type,4.0,4,4,0,0,0,0,0.0,3,0,1,25.0,0.0,0.0,Look for geographically concentrated inspection-type strategies.
inspection_type_ward_profile,inspection_type_ward,Package Liquor 1474,4,,ward_rank_within_type,5.0,2,2,3,0,1,2,450.0,1,0,1,50.0,1.5,225.0,Look for geographically concentrated inspection-type strategies.
inspection_type_ward_profile,inspection_type_ward,Package Liquor 1474,40,,ward_rank_within_type,6.0,2,2,9,0,1,8,1050.0,0,0,2,100.0,4.5,525.0,Look for geographically concentrated inspection-type strategies.
inspection_type_ward_profile,inspection_type_ward,Package Liquor 1474,44,,ward_rank_within_type,7.0,2,1,0,0,0,0,0.0,1,0,1,50.0,0.0,0.0,Look for geographically concentrated inspection-type strategies.
inspection_type_ward_profile,inspection_type_ward,Package Liquor 1474,47,,ward_rank_within_type,8.0,2,2,7,2,0,5,1500.0,1,0,1,50.0,3.5,750.0,Look for geographically concentrated inspection-type strategies.
inspection_type_ward_profile,inspection_type_ward,Package Liquor 1474,5,,ward_rank_within_type,9.0,2,2,0,0,0,0,0.0,2,0,0,0.0,0.0,0.0,Look for geographically concentrated inspection-type strategies.
inspection_type_ward_profile,inspection_type_ward,Package Liquor 1474,7,,ward_rank_within_type,10.0,2,2,2,0,0,2,200.0,1,0,1,50.0,1.0,100.0,Look for geographically concentrated inspection-type strategies.
inspection_type_ward_profile,inspection_type_ward,REINSPECTION OF 48 HOUR NOTICE,3,,ward_rank_within_type,1.0,2,2,19,3,1,15,3250.0,0,0,2,100.0,9.5,1625.0,Look for geographically concentrated inspection-type strategies.
inspection_type_ward_profile,inspection_type_ward,TASK FORCE LIQUOR (1481),14,,ward_rank_within_type,1.0,1,1,0,0,0,0,0.0,1,0,0,0.0,0.0,0.0,Look for geographically concentrated inspection-type strategies.
inspection_type_ward_profile,inspection_type_ward,TASK FORCE LIQUOR 1474,11,,ward_rank_within_type,1.0,1,1,9,0,1,8,1050.0,0,0,1,100.0,9.0,1050.0,Look for geographically concentrated inspection-type strategies.
inspection_type_ward_profile,inspection_type_ward,TASK FORCE LIQUOR 1474,8,,ward_rank_within_type,2.0,1,1,0,0,0,0,0.0,1,0,0,0.0,0.0,0.0,Look for geographically concentrated inspection-type strategies.
inspection_type_ward_profile,inspection_type_ward,Task force liquor inspection 1474,39,,ward_rank_within_type,1.0,1,1,0,0,0,0,0.0,1,0,0,0.0,0.0,0.0,Look for geographically concentrated inspection-type strategies.
inspection_type_ward_profile,inspection_type_ward,CANVASS/SPECIAL EVENT,11,,ward_rank_within_type,1.0,1,1,5,0,0,5,500.0,1,0,0,0.0,5.0,500.0,Look for geographically concentrated inspection-type strategies.
inspection_type_ward_profile,inspection_type_ward,DAY CARE LICENSE RENEWAL,30,,ward_rank_within_type,1.0,1,1,3,0,0,3,300.0,1,0,0,0.0,3.0,300.0,Look for geographically concentrated inspection-type strategies.
inspection_type_ward_profile,inspection_type_ward,LICENSE DAYCARE 1586,40,,ward_rank_within_type,1.0,1,1,5,0,0,5,500.0,1,0,0,0.0,5.0,500.0,Look for geographically concentrated inspection-type strategies.
inspection_type_ward_profile,inspection_type_ward,LICENSE REQUEST,29,,ward_rank_within_type,1.0,5,5,0,0,0,0,0.0,0,0,0,0.0,0.0,0.0,Look for geographically concentrated inspection-type strategies.
inspection_type_ward_profile,inspection_type_ward,LICENSE REQUEST,30,,ward_rank_within_type,2.0,3,3,0,0,0,0,0.0,0,0,1,33.3333,0.0,0.0,Look for geographically concentrated inspection-type strategies.
inspection_type_ward_profile,inspection_type_ward,LICENSE REQUEST,37,,ward_rank_within_type,3.0,3,3,0,0,0,0,0.0,0,0,1,33.3333,0.0,0.0,Look for geographically concentrated inspection-type strategies.
inspection_type_ward_profile,inspection_type_ward,LICENSE REQUEST,26,,ward_rank_within_type,4.0,2,2,0,0,0,0,0.0,0,0,0,0.0,0.0,0.0,Look for geographically concentrated inspection-type strategies.
inspection_type_ward_profile,inspection_type_ward,LICENSE REQUEST,31,,ward_rank_within_type,5.0,2,2,0,0,0,0,0.0,0,0,1,50.0,0.0,0.0,Look for geographically concentrated inspection-type strategies.
inspection_type_ward_profile,inspection_type_ward,LICENSE REQUEST,32,,ward_rank_within_type,6.0,1,1,0,0,0,0,0.0,0,0,0,0.0,0.0,0.0,Look for geographically concentrated inspection-type strategies.
inspection_type_ward_profile,inspection_type_ward,LICENSE REQUEST,35,,ward_rank_within_type,7.0,1,1,0,0,0,0,0.0,0,0,0,0.0,0.0,0.0,Look for geographically concentrated inspection-type strategies.
inspection_type_ward_profile,inspection_type_ward,LICENSE REQUEST,36,,ward_rank_within_type,8.0,1,1,0,0,0,0,0.0,0,0,1,100.0,0.0,0.0,Look for geographically concentrated inspection-type strategies.
inspection_type_ward_profile,inspection_type_ward,LICENSE REQUEST,47,,ward_rank_within_type,9.0,1,1,0,0,0,0,0.0,0,0,0,0.0,0.0,0.0,Look for geographically concentrated inspection-type strategies.
inspection_type_ward_profile,inspection_type_ward,License Re-Inspection,42,,ward_rank_within_type,1.0,435,404,1298,228,267,803,62400.0,398,10,26,8.2759,2.9839,143.4483,Look for geographically concentrated inspection-type strategies.
inspection_type_ward_profile,inspection_type_ward,License Re-Inspection,27,,ward_rank_within_type,2.0,378,325,1591,270,361,960,108350.0,327,2,48,13.2275,4.209,286.6402,Look for geographically concentrated inspection-type strategies.
inspection_type_ward_profile,inspection_type_ward,License Re-Inspection,25,,ward_rank_within_type,3.0,274,239,1266,161,290,815,57500.0,236,2,35,13.5036,4.6204,209.854,Look for geographically concentrated inspection-type strategies.
inspection_type_ward_profile,inspection_type_ward,License Re-Inspection,1,,ward_rank_within_type,4.0,253,223,1049,163,249,637,40600.0,224,0,28,11.0672,4.1462,160.4743,Look for geographically concentrated inspection-type strategies.
inspection_type_ward_profile,inspection_type_ward,License Re-Inspection,44,,ward_rank_within_type,5.0,213,193,992,135,171,686,40500.0,196,2,15,7.9812,4.6573,190.1408,Look for geographically concentrated inspection-type strategies.
inspection_type_ward_profile,inspection_type_ward,License Re-Inspection,29,,ward_rank_within_type,6.0,178,157,966,123,194,649,37400.0,157,1,20,11.7978,5.427,210.1124,Look for geographically concentrated inspection-type strategies.
inspection_type_ward_profile,inspection_type_ward,License Re-Inspection,28,,ward_rank_within_type,7.0,177,151,926,129,179,618,46000.0,152,6,18,13.5593,5.2316,259.887,Look for geographically concentrated inspection-type strategies.
inspection_type_ward_profile,inspection_type_ward,License Re-Inspection,3,,ward_rank_within_type,8.0,176,135,932,120,173,639,47550.0,133,5,38,24.4318,5.2955,270.1705,Look for geographically concentrated inspection-type strategies.
inspection_type_ward_profile,inspection_type_ward,License Re-Inspection,16,,ward_rank_within_type,9.0,175,130,912,122,180,610,66250.0,129,1,43,25.1429,5.2114,378.5714,Look for geographically concentrated inspection-type strategies.
inspection_type_ward_profile,inspection_type_ward,License Re-Inspection,6,,ward_rank_within_type,10.0,167,122,1041,124,220,697,72300.0,123,2,41,25.7485,6.2335,432.9341,Look for geographically concentrated inspection-type strategies.
inspection_type_ward_profile,inspection_type_ward,TAVERN 1470,33,,ward_rank_within_type,1.0,1,1,2,1,1,0,750.0,0,0,1,100.0,2.0,750.0,Look for geographically concentrated inspection-type strategies.
inspection_type_ward_profile,inspection_type_ward,Task Force Liquor 1475,42,,ward_rank_within_type,1.0,59,57,30,9,5,16,7350.0,37,0,22,37.2881,0.5085,124.5763,Look for geographically concentrated inspection-type strategies.
inspection_type_ward_profile,inspection_type_ward,Task Force Liquor 1475,44,,ward_rank_within_type,2.0,27,26,51,4,7,40,7750.0,13,0,14,51.8519,1.8889,287.037,Look for geographically concentrated inspection-type strategies.
inspection_type_ward_profile,inspection_type_ward,Task Force Liquor 1475,1,,ward_rank_within_type,3.0,16,15,15,0,2,13,1800.0,8,0,8,50.0,0.9375,112.5,Look for geographically concentrated inspection-type strategies.
inspection_type_ward_profile,inspection_type_ward,Task Force Liquor 1475,32,,ward_rank_within_type,4.0,16,15,30,4,4,22,5200.0,6,0,10,62.5,1.875,325.0,Look for geographically concentrated inspection-type strategies.
inspection_type_ward_profile,inspection_type_ward,Task Force Liquor 1475,2,,ward_rank_within_type,5.0,15,15,19,4,2,13,3800.0,9,0,6,40.0,1.2667,253.3333,Look for geographically concentrated inspection-type strategies.
inspection_type_ward_profile,inspection_type_ward,Task Force Liquor 1475,43,,ward_rank_within_type,6.0,14,13,24,3,4,17,4200.0,7,0,7,50.0,1.7143,300.0,Look for geographically concentrated inspection-type strategies.
inspection_type_ward_profile,inspection_type_ward,Task Force Liquor 1475,27,,ward_rank_within_type,7.0,13,12,23,1,1,21,2850.0,6,0,7,53.8462,1.7692,219.2308,Look for geographically concentrated inspection-type strategies.
inspection_type_ward_profile,inspection_type_ward,Task Force Liquor 1475,47,,ward_rank_within_type,8.0,12,12,36,3,3,30,5250.0,5,0,7,58.3333,3.0,437.5,Look for geographically concentrated inspection-type strategies.
inspection_type_ward_profile,inspection_type_ward,Task Force Liquor 1475,3,,ward_rank_within_type,9.0,10,10,45,9,10,26,9600.0,2,0,8,80.0,4.5,960.0,Look for geographically concentrated inspection-type strategies.
inspection_type_ward_profile,inspection_type_ward,Task Force Liquor 1475,11,,ward_rank_within_type,10.0,9,8,12,0,1,11,1350.0,5,0,4,44.4444,1.3333,150.0,Look for geographically concentrated inspection-type strategies.
inspection_type_ward_profile,inspection_type_ward,,43,,ward_rank_within_type,1.0,1,1,2,0,2,0,500.0,1,0,0,0.0,2.0,500.0,Look for geographically concentrated inspection-type strategies.
inspection_type_ward_profile,inspection_type_ward,1315 license reinspection,42,,ward_rank_within_type,1.0,1,1,5,4,1,0,2250.0,0,0,1,100.0,5.0,2250.0,Look for geographically concentrated inspection-type strategies.
inspection_type_ward_profile,inspection_type_ward,CLOSE-UP/COMPLAINT REINSPECTION,47,,ward_rank_within_type,1.0,1,1,9,1,2,6,1600.0,1,0,0,0.0,9.0,1600.0,Look for geographically concentrated inspection-type strategies.
inspection_type_ward_profile,inspection_type_ward,RE-INSPECTION OF CLOSE-UP,3,,ward_rank_within_type,1.0,1,1,9,3,0,6,500.0,0,0,1,100.0,9.0,500.0,Look for geographically concentrated inspection-type strategies.
inspection_type_ward_profile,inspection_type_ward,RECALL INSPECTION,12,,ward_rank_within_type,1.0,1,1,0,0,0,0,0.0,0,0,1,100.0,0.0,0.0,Look for geographically concentrated inspection-type strategies.
inspection_type_ward_profile,inspection_type_ward,CANVAS,25,,ward_rank_within_type,1.0,1,1,4,0,0,4,400.0,1,0,0,0.0,4.0,400.0,Look for geographically concentrated inspection-type strategies.
inspection_type_ward_profile,inspection_type_ward,CANVASS,1,,ward_rank_within_type,1.0,1,1,0,0,0,0,0.0,0,0,0,0.0,0.0,0.0,Look for geographically concentrated inspection-type strategies.
inspection_type_ward_profile,inspection_type_ward,LICENSE CONSULTATION,36,,ward_rank_within_type,1.0,1,1,0,0,0,0,0.0,1,0,0,0.0,0.0,0.0,Look for geographically concentrated inspection-type strategies.
inspection_type_ward_profile,inspection_type_ward,LICENSE CONSULTATION,50,,ward_rank_within_type,2.0,1,1,0,0,0,0,0.0,1,0,0,0.0,0.0,0.0,Look for geographically concentrated inspection-type strategies.
inspection_type_ward_profile,inspection_type_ward,License consultation,33,,ward_rank_within_type,1.0,1,1,0,0,0,0,0.0,1,0,0,0.0,0.0,0.0,Look for geographically concentrated inspection-type strategies.
inspection_type_ward_profile,inspection_type_ward,Out of Business,42,,ward_rank_within_type,1.0,62,62,0,0,0,0,0.0,44,0,17,27.4194,0.0,0.0,Look for geographically concentrated inspection-type strategies.
inspection_type_ward_profile,inspection_type_ward,Out of Business,45,,ward_rank_within_type,2.0,18,18,0,0,0,0,0.0,18,0,0,0.0,0.0,0.0,Look for geographically concentrated inspection-type strategies.
inspection_type_ward_profile,inspection_type_ward,Out of Business,41,,ward_rank_within_type,3.0,17,17,0,0,0,0,0.0,17,0,0,0.0,0.0,0.0,Look for geographically concentrated inspection-type strategies.
inspection_type_ward_profile,inspection_type_ward,Out of Business,25,,ward_rank_within_type,4.0,15,15,0,0,0,0,0.0,1,0,13,86.6667,0.0,0.0,Look for geographically concentrated inspection-type strategies.
inspection_type_ward_profile,inspection_type_ward,Out of Business,12,,ward_rank_within_type,5.0,13,13,0,0,0,0,0.0,2,0,11,84.6154,0.0,0.0,Look for geographically concentrated inspection-type strategies.
inspection_type_ward_profile,inspection_type_ward,Out of Business,38,,ward_rank_within_type,6.0,13,13,0,0,0,0,0.0,13,0,0,0.0,0.0,0.0,Look for geographically concentrated inspection-type strategies.
inspection_type_ward_profile,inspection_type_ward,Out of Business,11,,ward_rank_within_type,7.0,12,11,0,0,0,0,0.0,1,0,10,83.3333,0.0,0.0,Look for geographically concentrated inspection-type strategies.
inspection_type_ward_profile,inspection_type_ward,Out of Business,27,,ward_rank_within_type,8.0,12,12,0,0,0,0,0.0,10,0,2,16.6667,0.0,0.0,Look for geographically concentrated inspection-type strategies.
inspection_type_ward_profile,inspection_type_ward,Out of Business,2,,ward_rank_within_type,9.0,10,10,0,0,0,0,0.0,8,0,2,20.0,0.0,0.0,Look for geographically concentrated inspection-type strategies.
inspection_type_ward_profile,inspection_type_ward,Out of Business,26,,ward_rank_within_type,10.0,10,10,0,0,0,0,0.0,10,0,0,0.0,0.0,0.0,Look for geographically concentrated inspection-type strategies.
inspection_type_ward_profile,inspection_type_ward,TASK FORCE PACKAGE LIQUOR,47,,ward_rank_within_type,1.0,1,1,5,0,2,3,800.0,0,0,1,100.0,5.0,800.0,Look for geographically concentrated inspection-type strategies.
inspection_type_ward_profile,inspection_type_ward,TASTE OF CHICAGO,25,,ward_rank_within_type,1.0,1,1,0,0,0,0,0.0,1,0,0,0.0,0.0,0.0,Look for geographically concentrated inspection-type strategies.
inspection_type_ward_profile,inspection_type_ward,HACCP QUESTIONAIRE,25,,ward_rank_within_type,1.0,1,1,0,0,0,0,0.0,1,0,0,0.0,0.0,0.0,Look for geographically concentrated inspection-type strategies.
inspection_type_ward_profile,inspection_type_ward,LICENSE RENEWAL FOR DAYCARE,15,,ward_rank_within_type,1.0,1,1,3,0,0,3,300.0,1,0,0,0.0,3.0,300.0,Look for geographically concentrated inspection-type strategies.
inspection_type_ward_profile,inspection_type_ward,LICENSE RENEWAL FOR DAYCARE,20,,ward_rank_within_type,2.0,1,1,2,2,0,0,1000.0,0,1,0,100.0,2.0,1000.0,Look for geographically concentrated inspection-type strategies.
inspection_type_ward_profile,inspection_type_ward,POSSIBLE FBI,42,,ward_rank_within_type,1.0,1,1,6,0,0,6,600.0,1,0,0,0.0,6.0,600.0,Look for geographically concentrated inspection-type strategies.
inspection_type_ward_profile,inspection_type_ward,REINSPECTION,42,,ward_rank_within_type,1.0,1,1,1,0,1,0,250.0,1,0,0,0.0,1.0,250.0,Look for geographically concentrated inspection-type strategies.
inspection_type_ward_profile,inspection_type_ward,REINSPECTION,46,,ward_rank_within_type,2.0,1,1,6,0,1,5,750.0,1,0,0,0.0,6.0,750.0,Look for geographically concentrated inspection-type strategies.
inspection_type_ward_profile,inspection_type_ward,Recent Inspection,42,,ward_rank_within_type,1.0,26,26,51,2,4,45,6500.0,17,9,0,34.6154,1.9615,250.0,Look for geographically concentrated inspection-type strategies.
inspection_type_ward_profile,inspection_type_ward,Recent Inspection,2,,ward_rank_within_type,2.0,14,14,20,0,0,20,2000.0,10,2,1,21.4286,1.4286,142.8571,Look for geographically concentrated inspection-type strategies.
inspection_type_ward_profile,inspection_type_ward,Recent Inspection,48,,ward_rank_within_type,3.0,13,11,31,0,3,28,3550.0,8,3,2,38.4615,2.3846,273.0769,Look for geographically concentrated inspection-type strategies.
inspection_type_ward_profile,inspection_type_ward,Recent Inspection,27,,ward_rank_within_type,4.0,11,11,45,2,3,40,5750.0,4,5,2,63.6364,4.0909,522.7273,Look for geographically concentrated inspection-type strategies.
inspection_type_ward_profile,inspection_type_ward,Recent Inspection,50,,ward_rank_within_type,5.0,10,8,49,6,5,38,8050.0,8,2,0,20.0,4.9,805.0,Look for geographically concentrated inspection-type strategies.
inspection_type_ward_profile,inspection_type_ward,Recent Inspection,41,,ward_rank_within_type,6.0,9,9,17,0,1,16,1850.0,6,2,1,33.3333,1.8889,205.5556,Look for geographically concentrated inspection-type strategies.
inspection_type_ward_profile,inspection_type_ward,Recent Inspection,47,,ward_rank_within_type,7.0,9,9,32,1,4,27,4200.0,3,6,0,66.6667,3.5556,466.6667,Look for geographically concentrated inspection-type strategies.
inspection_type_ward_profile,inspection_type_ward,Recent Inspection,43,,ward_rank_within_type,8.0,8,7,35,1,1,33,4050.0,4,4,0,50.0,4.375,506.25,Look for geographically concentrated inspection-type strategies.
inspection_type_ward_profile,inspection_type_ward,Recent Inspection,49,,ward_rank_within_type,9.0,8,8,29,1,4,24,3900.0,6,1,1,25.0,3.625,487.5,Look for geographically concentrated inspection-type strategies.
inspection_type_ward_profile,inspection_type_ward,Recent Inspection,35,,ward_rank_within_type,10.0,6,6,19,0,0,19,1900.0,5,1,0,16.6667,3.1667,316.6667,Look for geographically concentrated inspection-type strategies.
inspection_type_ward_profile,inspection_type_ward,Short Form Complaint,42,,ward_rank_within_type,1.0,521,367,1182,71,96,1015,161000.0,398,71,51,23.4165,2.2687,309.0211,Look for geographically concentrated inspection-type strategies.
inspection_type_ward_profile,inspection_type_ward,Short Form Complaint,4,,ward_rank_within_type,2.0,229,103,670,26,55,589,85650.0,168,33,27,26.2009,2.9258,374.0175,Look for geographically concentrated inspection-type strategies.
inspection_type_ward_profile,inspection_type_ward,Short Form Complaint,27,,ward_rank_within_type,3.0,228,127,677,24,63,590,86750.0,159,32,32,28.0702,2.9693,380.4825,Look for geographically concentrated inspection-type strategies.
inspection_type_ward_profile,inspection_type_ward,Short Form Complaint,8,,ward_rank_within_type,4.0,210,79,686,14,50,622,81700.0,160,19,27,21.9048,3.2667,389.0476,Look for geographically concentrated inspection-type strategies.
inspection_type_ward_profile,inspection_type_ward,Short Form Complaint,6,,ward_rank_within_type,5.0,207,89,713,20,67,626,89350.0,142,25,37,29.9517,3.4444,431.6425,Look for geographically concentrated inspection-type strategies.
inspection_type_ward_profile,inspection_type_ward,Short Form Complaint,3,,ward_rank_within_type,6.0,203,93,707,35,72,600,95500.0,133,36,30,32.5123,3.4828,470.4433,Look for geographically concentrated inspection-type strategies.
inspection_type_ward_profile,inspection_type_ward,Short Form Complaint,28,,ward_rank_within_type,7.0,199,103,613,23,56,534,78900.0,140,15,37,26.1307,3.0804,396.4824,Look for geographically concentrated inspection-type strategies.
inspection_type_ward_profile,inspection_type_ward,Short Form Complaint,1,,ward_rank_within_type,8.0,171,105,585,21,47,517,73950.0,123,25,19,25.731,3.4211,432.4561,Look for geographically concentrated inspection-type strategies.
inspection_type_ward_profile,inspection_type_ward,Short Form Complaint,25,,ward_rank_within_type,9.0,166,100,490,9,30,451,57100.0,129,13,19,19.2771,2.9518,343.9759,Look for geographically concentrated inspection-type strategies.
inspection_type_ward_profile,inspection_type_ward,Short Form Complaint,21,,ward_rank_within_type,10.0,145,54,572,24,29,519,71150.0,110,21,13,23.4483,3.9448,490.6897,Look for geographically concentrated inspection-type strategies.
inspection_type_ward_profile,inspection_type_ward,Suspected Food Poisoning Re-inspection,42,,ward_rank_within_type,1.0,24,22,96,4,19,73,10950.0,20,2,2,16.6667,4.0,456.25,Look for geographically concentrated inspection-type strategies.
inspection_type_ward_profile,inspection_type_ward,Suspected Food Poisoning Re-inspection,44,,ward_rank_within_type,2.0,14,13,67,2,11,54,7450.0,14,0,0,0.0,4.7857,532.1429,Look for geographically concentrated inspection-type strategies.
inspection_type_ward_profile,inspection_type_ward,Suspected Food Poisoning Re-inspection,2,,ward_rank_within_type,3.0,12,10,57,0,15,42,5500.0,10,1,1,16.6667,4.75,458.3333,Look for geographically concentrated inspection-type strategies.
inspection_type_ward_profile,inspection_type_ward,Suspected Food Poisoning Re-inspection,25,,ward_rank_within_type,4.0,10,8,87,6,14,67,5900.0,8,0,2,20.0,8.7,590.0,Look for geographically concentrated inspection-type strategies.
inspection_type_ward_profile,inspection_type_ward,Suspected Food Poisoning Re-inspection,4,,ward_rank_within_type,5.0,8,6,52,2,7,43,4050.0,6,1,1,25.0,6.5,506.25,Look for geographically concentrated inspection-type strategies.
inspection_type_ward_profile,inspection_type_ward,Suspected Food Poisoning Re-inspection,43,,ward_rank_within_type,6.0,8,7,54,4,11,39,2850.0,7,1,0,12.5,6.75,356.25,Look for geographically concentrated inspection-type strategies.
inspection_type_ward_profile,inspection_type_ward,Suspected Food Poisoning Re-inspection,47,,ward_rank_within_type,7.0,7,6,49,3,11,35,6050.0,6,0,1,14.2857,7.0,864.2857,Look for geographically concentrated inspection-type strategies.
inspection_type_ward_profile,inspection_type_ward,Suspected Food Poisoning Re-inspection,27,,ward_rank_within_type,8.0,6,5,36,3,6,27,3750.0,4,1,1,33.3333,6.0,625.0,Look for geographically concentrated inspection-type strategies.
inspection_type_ward_profile,inspection_type_ward,Suspected Food Poisoning Re-inspection,39,,ward_rank_within_type,9.0,6,5,42,2,9,31,2100.0,6,0,0,0.0,7.0,350.0,Look for geographically concentrated inspection-type strategies.
inspection_type_ward_profile,inspection_type_ward,Suspected Food Poisoning Re-inspection,1,,ward_rank_within_type,10.0,5,4,20,1,5,14,1400.0,4,0,1,20.0,4.0,280.0,Look for geographically concentrated inspection-type strategies.
inspection_type_ward_profile,inspection_type_ward,TASK FORCE PACKAGE GOODS 1474,33,,ward_rank_within_type,1.0,1,1,0,0,0,0,0.0,1,0,0,0.0,0.0,0.0,Look for geographically concentrated inspection-type strategies.
inspection_type_ward_profile,inspection_type_ward,no entry,2,,ward_rank_within_type,1.0,1,1,0,0,0,0,0.0,0,0,1,100.0,0.0,0.0,Look for geographically concentrated inspection-type strategies.
inspection_type_ward_profile,inspection_type_ward,no entry,26,,ward_rank_within_type,2.0,1,1,0,0,0,0,0.0,0,0,1,100.0,0.0,0.0,Look for geographically concentrated inspection-type strategies.
inspection_type_ward_profile,inspection_type_ward,no entry,27,,ward_rank_within_type,3.0,1,1,0,0,0,0,0.0,0,0,1,100.0,0.0,0.0,Look for geographically concentrated inspection-type strategies.
inspection_type_ward_profile,inspection_type_ward,no entry,32,,ward_rank_within_type,4.0,1,1,0,0,0,0,0.0,0,0,1,100.0,0.0,0.0,Look for geographically concentrated inspection-type strategies.
inspection_type_ward_profile,inspection_type_ward,CITF,40,,ward_rank_within_type,1.0,1,1,1,0,0,1,100.0,1,0,0,0.0,1.0,100.0,Look for geographically concentrated inspection-type strategies.
inspection_type_ward_profile,inspection_type_ward,FIRE,47,,ward_rank_within_type,1.0,1,1,0,0,0,0,0.0,0,0,0,0.0,0.0,0.0,Look for geographically concentrated inspection-type strategies.
inspection_type_ward_profile,inspection_type_ward,No entry,45,,ward_rank_within_type,1.0,1,1,12,1,2,9,1900.0,0,0,1,100.0,12.0,1900.0,Look for geographically concentrated inspection-type strategies.
inspection_type_ward_profile,inspection_type_ward,SFP,25,,ward_rank_within_type,1.0,1,1,4,1,0,3,800.0,0,1,0,100.0,4.0,800.0,Look for geographically concentrated inspection-type strategies.
inspection_type_ward_profile,inspection_type_ward,SFP,34,,ward_rank_within_type,2.0,1,1,1,1,0,0,500.0,0,1,0,100.0,1.0,500.0,Look for geographically concentrated inspection-type strategies.
inspection_type_ward_profile,inspection_type_ward,SFP,40,,ward_rank_within_type,3.0,1,1,9,3,1,5,2250.0,0,0,1,100.0,9.0,2250.0,Look for geographically concentrated inspection-type strategies.
inspection_type_ward_profile,inspection_type_ward,SFP,42,,ward_rank_within_type,4.0,1,1,3,2,0,1,1100.0,0,1,0,100.0,3.0,1100.0,Look for geographically concentrated inspection-type strategies.
inspection_type_ward_profile,inspection_type_ward,Special Task Force,42,,ward_rank_within_type,1.0,1,1,3,1,1,1,850.0,0,1,0,100.0,3.0,850.0,Look for geographically concentrated inspection-type strategies.
inspection_type_ward_profile,inspection_type_ward,Summer Feeding,27,,ward_rank_within_type,1.0,1,1,0,0,0,0,0.0,1,0,0,0.0,0.0,0.0,Look for geographically concentrated inspection-type strategies.
inspection_type_ward_profile,inspection_type_ward,fire complaint,42,,ward_rank_within_type,1.0,1,1,0,0,0,0,0.0,1,0,0,0.0,0.0,0.0,Look for geographically concentrated inspection-type strategies.
inspection_type_ward_profile,inspection_type_ward,ADDENDUM,1,,ward_rank_within_type,1.0,1,1,0,0,0,0,0.0,1,0,0,0.0,0.0,0.0,Look for geographically concentrated inspection-type strategies.
inspection_type_ward_profile,inspection_type_ward,NO ENTRY-SHORT COMPLAINT),29,,ward_rank_within_type,1.0,1,1,0,0,0,0,0.0,0,0,1,100.0,0.0,0.0,Look for geographically concentrated inspection-type strategies.
inspection_type_ward_profile,inspection_type_ward,OUT OF BUSINESS,12,,ward_rank_within_type,1.0,2,2,0,0,0,0,0.0,0,0,0,0.0,0.0,0.0,Look for geographically concentrated inspection-type strategies.
inspection_type_ward_profile,inspection_type_ward,OUT OF BUSINESS,27,,ward_rank_within_type,2.0,2,2,0,0,0,0,0.0,0,0,0,0.0,0.0,0.0,Look for geographically concentrated inspection-type strategies.
inspection_type_ward_profile,inspection_type_ward,OUT OF BUSINESS,42,,ward_rank_within_type,3.0,2,2,0,0,0,0,0.0,0,0,0,0.0,0.0,0.0,Look for geographically concentrated inspection-type strategies.
inspection_type_ward_profile,inspection_type_ward,OUT OF BUSINESS,5,,ward_rank_within_type,4.0,2,2,0,0,0,0,0.0,0,0,2,100.0,0.0,0.0,Look for geographically concentrated inspection-type strategies.
inspection_type_ward_profile,inspection_type_ward,OUT OF BUSINESS,7,,ward_rank_within_type,5.0,2,2,0,0,0,0,0.0,0,0,1,50.0,0.0,0.0,Look for geographically concentrated inspection-type strategies.
inspection_type_ward_profile,inspection_type_ward,OUT OF BUSINESS,10,,ward_rank_within_type,6.0,1,1,0,0,0,0,0.0,0,0,0,0.0,0.0,0.0,Look for geographically concentrated inspection-type strategies.
inspection_type_ward_profile,inspection_type_ward,OUT OF BUSINESS,13,,ward_rank_within_type,7.0,1,1,0,0,0,0,0.0,0,0,1,100.0,0.0,0.0,Look for geographically concentrated inspection-type strategies.
inspection_type_ward_profile,inspection_type_ward,OUT OF BUSINESS,16,,ward_rank_within_type,8.0,1,1,0,0,0,0,0.0,0,0,0,0.0,0.0,0.0,Look for geographically concentrated inspection-type strategies.
inspection_type_ward_profile,inspection_type_ward,OUT OF BUSINESS,20,,ward_rank_within_type,9.0,1,1,0,0,0,0,0.0,0,0,0,0.0,0.0,0.0,Look for geographically concentrated inspection-type strategies.
inspection_type_ward_profile,inspection_type_ward,OUT OF BUSINESS,25,,ward_rank_within_type,10.0,1,1,0,0,0,0,0.0,0,0,0,0.0,0.0,0.0,Look for geographically concentrated inspection-type strategies.
inspection_type_ward_profile,inspection_type_ward,Short Form Fire-Complaint,42,,ward_rank_within_type,1.0,20,20,24,1,0,23,2100.0,16,0,2,10.0,1.2,105.0,Look for geographically concentrated inspection-type strategies.
inspection_type_ward_profile,inspection_type_ward,Short Form Fire-Complaint,27,,ward_rank_within_type,2.0,6,6,5,0,0,5,500.0,3,0,3,50.0,0.8333,83.3333,Look for geographically concentrated inspection-type strategies.
inspection_type_ward_profile,inspection_type_ward,Short Form Fire-Complaint,28,,ward_rank_within_type,3.0,6,5,11,0,1,10,1050.0,3,0,2,33.3333,1.8333,175.0,Look for geographically concentrated inspection-type strategies.
inspection_type_ward_profile,inspection_type_ward,Short Form Fire-Complaint,9,,ward_rank_within_type,4.0,6,6,25,0,1,24,2650.0,4,0,1,16.6667,4.1667,441.6667,Look for geographically concentrated inspection-type strategies.
inspection_type_ward_profile,inspection_type_ward,Short Form Fire-Complaint,7,,ward_rank_within_type,5.0,5,4,3,0,0,3,100.0,3,0,2,40.0,0.6,20.0,Look for geographically concentrated inspection-type strategies.
inspection_type_ward_profile,inspection_type_ward,Short Form Fire-Complaint,18,,ward_rank_within_type,6.0,4,4,24,0,1,23,1650.0,3,0,1,25.0,6.0,412.5,Look for geographically concentrated inspection-type strategies.
inspection_type_ward_profile,inspection_type_ward,Short Form Fire-Complaint,2,,ward_rank_within_type,7.0,4,4,8,0,1,7,950.0,1,1,2,75.0,2.0,237.5,Look for geographically concentrated inspection-type strategies.
inspection_type_ward_profile,inspection_type_ward,Short Form Fire-Complaint,26,,ward_rank_within_type,8.0,4,4,14,0,2,12,1700.0,1,0,2,50.0,3.5,425.0,Look for geographically concentrated inspection-type strategies.
inspection_type_ward_profile,inspection_type_ward,Short Form Fire-Complaint,29,,ward_rank_within_type,9.0,4,4,9,0,0,9,900.0,2,0,0,0.0,2.25,225.0,Look for geographically concentrated inspection-type strategies.
inspection_type_ward_profile,inspection_type_ward,Short Form Fire-Complaint,34,,ward_rank_within_type,10.0,4,3,14,0,1,13,1150.0,1,0,3,75.0,3.5,287.5,Look for geographically concentrated inspection-type strategies.
inspection_type_ward_profile,inspection_type_ward,citation re-issued,2,,ward_rank_within_type,1.0,1,1,0,0,0,0,0.0,1,0,0,0.0,0.0,0.0,Look for geographically concentrated inspection-type strategies.
inspection_type_ward_profile,inspection_type_ward,license,41,,ward_rank_within_type,1.0,1,1,0,0,0,0,0.0,1,0,0,0.0,0.0,0.0,Look for geographically concentrated inspection-type strategies.
