evidence_block,grain,item,item_2,item_3,rank_label,rank_value,orders,customers,stores,products,channels,net_sales_proxy,gross_margin_proxy,gross_margin_proxy_rate_pct,avg_discount_pct,avg_delivery_days,share_pct,notes
product_sales_concentration,portfolio,top_10_products_by_sales,47,,top10_product_sales_share,,,,,47,,18177470.6775,,,,,24.8518,Check whether product demand is broad or top-heavy.
product_performance_baseline,product,Cocktail Glasses,9,1,product_sales_rank,9.0,195,50,155,,4,1720609.245,693945.0155,40.3314,12.7821,19.8359,2.3524,"Compare product demand scale with margin proxy quality, discount, and breadth."
product_performance_baseline,product,Ornaments,16,2,product_sales_rank,16.0,182,48,143,,4,1648318.255,648718.888,39.3564,12.239,20.9945,2.2535,"Compare product demand scale with margin proxy quality, discount, and breadth."
product_performance_baseline,product,Floor Lamps,41,3,product_sales_rank,41.0,164,48,131,,4,1339534.1825,527048.714,39.3457,11.7835,19.7744,1.8314,"Compare product demand scale with margin proxy quality, discount, and breadth."
product_performance_baseline,product,TV and video,20,4,product_sales_rank,20.0,180,47,140,,4,1608852.91,626789.2445,38.9588,12.2778,19.9833,2.1996,"Compare product demand scale with margin proxy quality, discount, and breadth."
product_performance_baseline,product,Photo Frames,7,5,product_sales_rank,7.0,173,50,137,,4,1775222.285,689608.0895,38.8463,11.5751,21.1734,2.427,"Compare product demand scale with margin proxy quality, discount, and breadth."
product_performance_baseline,product,Dinnerware,28,6,product_sales_rank,28.0,166,49,132,,4,1536014.3625,593525.2707,38.6406,10.9036,20.1867,2.1,"Compare product demand scale with margin proxy quality, discount, and breadth."
product_performance_baseline,product,Candles,36,7,product_sales_rank,36.0,158,48,132,,4,1408047.3775,542872.4373,38.555,11.4715,20.5759,1.9251,"Compare product demand scale with margin proxy quality, discount, and breadth."
product_performance_baseline,product,Accessories,1,8,product_sales_rank,1.0,194,49,144,,4,2101201.5725,809515.1447,38.5263,11.134,20.5052,2.8727,"Compare product demand scale with margin proxy quality, discount, and breadth."
product_performance_baseline,product,Cookware,43,9,product_sales_rank,43.0,162,45,128,,4,1269278.3175,486109.1483,38.2981,10.8642,20.7531,1.7353,"Compare product demand scale with margin proxy quality, discount, and breadth."
product_performance_baseline,product,Mirrors,12,10,product_sales_rank,12.0,163,50,127,,4,1675033.835,640228.6738,38.2218,11.6564,19.9755,2.2901,"Compare product demand scale with margin proxy quality, discount, and breadth."
product_performance_baseline,product,Vases,44,11,product_sales_rank,44.0,145,47,118,,4,1255641.8075,478521.5438,38.1097,11.3103,20.8069,1.7167,"Compare product demand scale with margin proxy quality, discount, and breadth."
product_performance_baseline,product,Wine Storage,27,12,product_sales_rank,27.0,168,48,132,,4,1544518.6725,587859.0673,38.061,11.131,20.7619,2.1116,"Compare product demand scale with margin proxy quality, discount, and breadth."
product_performance_baseline,product,Table Lamps,19,13,product_sales_rank,19.0,172,49,144,,4,1612535.3975,613681.7992,38.057,10.814,21.3081,2.2046,"Compare product demand scale with margin proxy quality, discount, and breadth."
product_performance_baseline,product,Blankets,15,14,product_sales_rank,15.0,168,49,139,,4,1650902.2775,627751.6913,38.0248,12.1577,21.006,2.2571,"Compare product demand scale with margin proxy quality, discount, and breadth."
product_performance_baseline,product,Bedroom Furniture,45,15,product_sales_rank,45.0,152,50,126,,4,1237191.6825,469135.1098,37.9194,11.2336,20.2697,1.6915,"Compare product demand scale with margin proxy quality, discount, and breadth."
product_performance_baseline,product,Vanities,24,16,product_sales_rank,24.0,164,48,131,,4,1586896.5075,599739.6755,37.7932,11.0976,20.4634,2.1696,"Compare product demand scale with margin proxy quality, discount, and breadth."
product_performance_baseline,product,Serveware,6,17,product_sales_rank,6.0,200,49,150,,4,1787987.795,675606.6762,37.7859,12.5625,20.105,2.4445,"Compare product demand scale with margin proxy quality, discount, and breadth."
product_performance_baseline,product,Stemware,13,18,product_sales_rank,13.0,177,50,135,,4,1674013.425,631198.591,37.7057,10.8333,22.2994,2.2887,"Compare product demand scale with margin proxy quality, discount, and breadth."
product_performance_baseline,product,Festive,26,19,product_sales_rank,26.0,165,48,135,,4,1577215.6775,593715.4012,37.6433,10.4091,19.9879,2.1563,"Compare product demand scale with margin proxy quality, discount, and breadth."
product_performance_baseline,product,Floral,17,20,product_sales_rank,17.0,168,48,130,,4,1633697.3475,613667.0395,37.5631,11.2054,21.5179,2.2336,"Compare product demand scale with margin proxy quality, discount, and breadth."
product_performance_baseline,product,Sculptures,21,21,product_sales_rank,21.0,182,49,146,,4,1595510.195,598103.038,37.4866,11.6758,21.467,2.1813,"Compare product demand scale with margin proxy quality, discount, and breadth."
product_performance_baseline,product,Bar Tools,22,22,product_sales_rank,22.0,170,46,135,,4,1594396.4875,597383.2785,37.4677,12.0735,20.8412,2.1798,"Compare product demand scale with margin proxy quality, discount, and breadth."
product_performance_baseline,product,Baseball,34,23,product_sales_rank,34.0,170,49,140,,4,1447155.11,541420.108,37.4127,11.8824,20.8235,1.9785,"Compare product demand scale with margin proxy quality, discount, and breadth."
product_performance_baseline,product,Table Linens,8,24,product_sales_rank,8.0,168,50,138,,4,1765169.94,659986.8932,37.3894,11.6815,20.8393,2.4133,"Compare product demand scale with margin proxy quality, discount, and breadth."
product_performance_baseline,product,Computers,42,25,product_sales_rank,42.0,154,47,121,,4,1272748.2475,475269.6278,37.342,10.211,22.0974,1.7401,"Compare product demand scale with margin proxy quality, discount, and breadth."
product_performance_baseline,product,Collectibles,4,26,product_sales_rank,4.0,179,50,138,,4,1809669.33,674746.7218,37.2856,11.3687,21.5587,2.4741,"Compare product demand scale with margin proxy quality, discount, and breadth."
product_performance_baseline,product,Bathroom Furniture,5,27,product_sales_rank,5.0,173,49,129,,4,1804941.81,672946.7575,37.2836,10.1734,19.7977,2.4677,"Compare product demand scale with margin proxy quality, discount, and breadth."
product_performance_baseline,product,Outdoor Decor,39,28,product_sales_rank,39.0,166,48,134,,4,1363547.6525,507525.9418,37.221,10.512,21.2229,1.8642,"Compare product demand scale with margin proxy quality, discount, and breadth."
product_performance_baseline,product,Furniture Cushions,10,29,product_sales_rank,10.0,178,47,146,,4,1714489.465,636214.8618,37.1081,11.4607,20.6067,2.344,"Compare product demand scale with margin proxy quality, discount, and breadth."
product_performance_baseline,product,Wall Frames,23,30,product_sales_rank,23.0,163,49,129,,4,1590446.67,588953.784,37.0307,11.273,18.865,2.1744,"Compare product demand scale with margin proxy quality, discount, and breadth."
product_performance_baseline,product,Wreaths,25,31,product_sales_rank,25.0,190,48,157,,4,1583174.825,584569.9445,36.9239,11.6053,21.2421,2.1645,"Compare product demand scale with margin proxy quality, discount, and breadth."
product_performance_baseline,product,Basketball,32,32,product_sales_rank,32.0,156,47,121,,4,1465287.32,540162.6093,36.8639,11.6026,20.4038,2.0033,"Compare product demand scale with margin proxy quality, discount, and breadth."
product_performance_baseline,product,Bean Bags,46,33,product_sales_rank,46.0,147,49,129,,4,1170521.49,430875.1675,36.8105,12.517,20.3265,1.6003,"Compare product demand scale with margin proxy quality, discount, and breadth."
product_performance_baseline,product,Wall Coverings,40,34,product_sales_rank,40.0,156,49,137,,4,1357710.2775,499081.1915,36.759,11.9071,20.8782,1.8562,"Compare product demand scale with margin proxy quality, discount, and breadth."
product_performance_baseline,product,Phones,31,35,product_sales_rank,31.0,178,48,144,,4,1487598.655,544389.08,36.5952,11.9101,20.4101,2.0338,"Compare product demand scale with margin proxy quality, discount, and breadth."
product_performance_baseline,product,Pillows,47,36,product_sales_rank,47.0,126,45,100,,4,1141562.75,416813.2867,36.5125,10.496,19.9762,1.5607,"Compare product demand scale with margin proxy quality, discount, and breadth."
product_performance_baseline,product,Rugs,2,37,product_sales_rank,2.0,184,49,144,,4,1868085.1225,677984.7203,36.293,11.5489,21.0598,2.554,"Compare product demand scale with margin proxy quality, discount, and breadth."
product_performance_baseline,product,Dining Furniture,18,38,product_sales_rank,18.0,181,49,146,,4,1624594.225,589528.4643,36.2877,11.5746,21.2155,2.2211,"Compare product demand scale with margin proxy quality, discount, and breadth."
product_performance_baseline,product,Platters,3,39,product_sales_rank,3.0,200,49,160,,4,1830094.1125,661194.1513,36.129,10.5875,21.205,2.5021,"Compare product demand scale with margin proxy quality, discount, and breadth."
product_performance_baseline,product,Audio,38,40,product_sales_rank,38.0,152,50,126,,4,1368399.1225,491719.0883,35.9339,11.3651,20.6447,1.8708,"Compare product demand scale with margin proxy quality, discount, and breadth."
product_performance_baseline,product,Wardrobes,14,41,product_sales_rank,14.0,183,47,137,,4,1669422.92,599849.577,35.9316,10.6967,20.6284,2.2824,"Compare product demand scale with margin proxy quality, discount, and breadth."
product_performance_baseline,product,Home Fragrances,29,42,product_sales_rank,29.0,172,46,143,,4,1521847.5475,545726.8743,35.8595,11.8169,19.6047,2.0806,"Compare product demand scale with margin proxy quality, discount, and breadth."
product_performance_baseline,product,Clocks,30,43,product_sales_rank,30.0,170,49,136,,4,1508051.41,540309.782,35.8283,11.4265,21.6471,2.0618,"Compare product demand scale with margin proxy quality, discount, and breadth."
product_performance_baseline,product,Candleholders,37,44,product_sales_rank,37.0,169,48,132,,4,1378742.75,493914.8337,35.8236,11.4349,19.7811,1.885,"Compare product demand scale with margin proxy quality, discount, and breadth."
product_performance_baseline,product,Bakeware,33,45,product_sales_rank,33.0,175,49,143,,4,1458502.7325,504434.4292,34.5858,11.5143,20.5371,1.994,"Compare product demand scale with margin proxy quality, discount, and breadth."
product_performance_baseline,product,Outdoor Furniture,35,46,product_sales_rank,35.0,157,49,131,,4,1422543.4975,489568.2128,34.415,12.0064,20.9299,1.9449,"Compare product demand scale with margin proxy quality, discount, and breadth."
product_performance_baseline,product,Pendants,11,47,product_sales_rank,11.0,176,49,137,,4,1686453.1475,579478.659,34.3608,11.3636,20.3864,2.3057,"Compare product demand scale with margin proxy quality, discount, and breadth."
product_channel_mix,product_channel,Bar Tools,In-Store,1,channel_rank_in_product,1.0,60,,,,,528733.85,212062.1827,40.1075,,,,Check whether product performance is tied to specific sales channels.
product_channel_mix,product_channel,Bar Tools,Online,2,channel_rank_in_product,2.0,51,,,,,517465.79,183149.2143,35.3935,,,,Check whether product performance is tied to specific sales channels.
product_channel_mix,product_channel,Bar Tools,Distributor,3,channel_rank_in_product,3.0,41,,,,,385276.2975,126632.847,32.8681,,,,Check whether product performance is tied to specific sales channels.
product_channel_mix,product_channel,Sculptures,In-Store,1,channel_rank_in_product,1.0,82,,,,,683813.2225,246047.806,35.9817,,,,Check whether product performance is tied to specific sales channels.
product_channel_mix,product_channel,Sculptures,Online,2,channel_rank_in_product,2.0,51,,,,,444070.64,164482.3657,37.0397,,,,Check whether product performance is tied to specific sales channels.
product_channel_mix,product_channel,Sculptures,Distributor,3,channel_rank_in_product,3.0,31,,,,,313233.375,134840.0425,43.0478,,,,Check whether product performance is tied to specific sales channels.
product_channel_mix,product_channel,Table Linens,In-Store,1,channel_rank_in_product,1.0,69,,,,,736529.66,274587.22,37.2812,,,,Check whether product performance is tied to specific sales channels.
product_channel_mix,product_channel,Table Linens,Distributor,2,channel_rank_in_product,2.0,31,,,,,434209.0775,165168.6103,38.039,,,,Check whether product performance is tied to specific sales channels.
product_channel_mix,product_channel,Table Linens,Online,3,channel_rank_in_product,3.0,47,,,,,399112.97,156804.4163,39.2882,,,,Check whether product performance is tied to specific sales channels.
product_channel_mix,product_channel,Wall Frames,In-Store,1,channel_rank_in_product,1.0,64,,,,,626977.7925,246454.97,39.3084,,,,Check whether product performance is tied to specific sales channels.
product_channel_mix,product_channel,Wall Frames,Online,2,channel_rank_in_product,2.0,51,,,,,508549.765,183494.6298,36.0819,,,,Check whether product performance is tied to specific sales channels.
product_channel_mix,product_channel,Wall Frames,Distributor,3,channel_rank_in_product,3.0,33,,,,,338085.8525,119697.9015,35.4046,,,,Check whether product performance is tied to specific sales channels.
product_channel_mix,product_channel,Candles,In-Store,1,channel_rank_in_product,1.0,69,,,,,633243.8,228863.7732,36.1415,,,,Check whether product performance is tied to specific sales channels.
product_channel_mix,product_channel,Candles,Distributor,2,channel_rank_in_product,2.0,30,,,,,279848.1125,99539.885,35.5693,,,,Check whether product performance is tied to specific sales channels.
product_channel_mix,product_channel,Candles,Wholesale,3,channel_rank_in_product,3.0,22,,,,,259406.58,118026.4688,45.4986,,,,Check whether product performance is tied to specific sales channels.
product_channel_mix,product_channel,Festive,In-Store,1,channel_rank_in_product,1.0,74,,,,,751457.93,284548.9112,37.8662,,,,Check whether product performance is tied to specific sales channels.
product_channel_mix,product_channel,Festive,Online,2,channel_rank_in_product,2.0,52,,,,,402224.9525,155986.092,38.7808,,,,Check whether product performance is tied to specific sales channels.
product_channel_mix,product_channel,Festive,Distributor,3,channel_rank_in_product,3.0,22,,,,,215643.855,71366.0527,33.0944,,,,Check whether product performance is tied to specific sales channels.
product_channel_mix,product_channel,Furniture Cushions,In-Store,1,channel_rank_in_product,1.0,85,,,,,860970.435,295042.8475,34.2686,,,,Check whether product performance is tied to specific sales channels.
product_channel_mix,product_channel,Furniture Cushions,Online,2,channel_rank_in_product,2.0,50,,,,,425045.4875,170454.5943,40.1027,,,,Check whether product performance is tied to specific sales channels.
product_channel_mix,product_channel,Furniture Cushions,Distributor,3,channel_rank_in_product,3.0,27,,,,,274653.6025,106531.1075,38.7874,,,,Check whether product performance is tied to specific sales channels.
product_channel_mix,product_channel,Vases,In-Store,1,channel_rank_in_product,1.0,59,,,,,509384.92,196352.6065,38.547,,,,Check whether product performance is tied to specific sales channels.
product_channel_mix,product_channel,Vases,Distributor,2,channel_rank_in_product,2.0,32,,,,,337475.1475,136137.6035,40.34,,,,Check whether product performance is tied to specific sales channels.
product_channel_mix,product_channel,Vases,Online,3,channel_rank_in_product,3.0,40,,,,,281219.2675,104691.2758,37.2276,,,,Check whether product performance is tied to specific sales channels.
product_channel_mix,product_channel,Wreaths,In-Store,1,channel_rank_in_product,1.0,88,,,,,725589.565,252289.343,34.7703,,,,Check whether product performance is tied to specific sales channels.
product_channel_mix,product_channel,Wreaths,Online,2,channel_rank_in_product,2.0,54,,,,,387553.46,147246.5637,37.9939,,,,Check whether product performance is tied to specific sales channels.
product_channel_mix,product_channel,Wreaths,Distributor,3,channel_rank_in_product,3.0,26,,,,,284580.3225,110538.181,38.8425,,,,Check whether product performance is tied to specific sales channels.
product_channel_mix,product_channel,Home Fragrances,In-Store,1,channel_rank_in_product,1.0,73,,,,,568470.7125,197309.58,34.7088,,,,Check whether product performance is tied to specific sales channels.
product_channel_mix,product_channel,Home Fragrances,Online,2,channel_rank_in_product,2.0,46,,,,,475121.12,173444.0785,36.5052,,,,Check whether product performance is tied to specific sales channels.
product_channel_mix,product_channel,Home Fragrances,Distributor,3,channel_rank_in_product,3.0,30,,,,,278046.315,95688.8533,34.4147,,,,Check whether product performance is tied to specific sales channels.
product_channel_mix,product_channel,Dinnerware,Online,1,channel_rank_in_product,1.0,57,,,,,536949.2225,210403.6605,39.185,,,,Check whether product performance is tied to specific sales channels.
product_channel_mix,product_channel,Dinnerware,In-Store,2,channel_rank_in_product,2.0,64,,,,,536941.5175,197219.4003,36.7301,,,,Check whether product performance is tied to specific sales channels.
product_channel_mix,product_channel,Dinnerware,Distributor,3,channel_rank_in_product,3.0,25,,,,,272839.5775,109142.723,40.0025,,,,Check whether product performance is tied to specific sales channels.
product_channel_mix,product_channel,Platters,In-Store,1,channel_rank_in_product,1.0,96,,,,,755983.445,292642.5023,38.7102,,,,Check whether product performance is tied to specific sales channels.
product_channel_mix,product_channel,Platters,Online,2,channel_rank_in_product,2.0,44,,,,,450256.415,145864.0268,32.3958,,,,Check whether product performance is tied to specific sales channels.
product_channel_mix,product_channel,Platters,Distributor,3,channel_rank_in_product,3.0,35,,,,,337293.745,130648.2217,38.7343,,,,Check whether product performance is tied to specific sales channels.
product_channel_mix,product_channel,Clocks,In-Store,1,channel_rank_in_product,1.0,63,,,,,550975.6725,199850.4705,36.2721,,,,Check whether product performance is tied to specific sales channels.
product_channel_mix,product_channel,Clocks,Online,2,channel_rank_in_product,2.0,48,,,,,468294.9925,165833.548,35.4122,,,,Check whether product performance is tied to specific sales channels.
product_channel_mix,product_channel,Clocks,Wholesale,3,channel_rank_in_product,3.0,29,,,,,251803.2525,89508.8888,35.5472,,,,Check whether product performance is tied to specific sales channels.
product_channel_mix,product_channel,Table Lamps,In-Store,1,channel_rank_in_product,1.0,72,,,,,661127.6925,265555.651,40.1671,,,,Check whether product performance is tied to specific sales channels.
product_channel_mix,product_channel,Table Lamps,Online,2,channel_rank_in_product,2.0,55,,,,,466070.5925,165527.2637,35.5155,,,,Check whether product performance is tied to specific sales channels.
product_channel_mix,product_channel,Table Lamps,Distributor,3,channel_rank_in_product,3.0,26,,,,,334433.6825,115779.3155,34.6195,,,,Check whether product performance is tied to specific sales channels.
product_channel_mix,product_channel,Vanities,In-Store,1,channel_rank_in_product,1.0,69,,,,,694150.9875,275157.9025,39.6395,,,,Check whether product performance is tied to specific sales channels.
product_channel_mix,product_channel,Vanities,Online,2,channel_rank_in_product,2.0,49,,,,,471969.9425,186601.703,39.5368,,,,Check whether product performance is tied to specific sales channels.
product_channel_mix,product_channel,Vanities,Distributor,3,channel_rank_in_product,3.0,23,,,,,250436.955,89444.3485,35.7153,,,,Check whether product performance is tied to specific sales channels.
product_channel_mix,product_channel,Bedroom Furniture,In-Store,1,channel_rank_in_product,1.0,64,,,,,567530.3675,202933.956,35.7574,,,,Check whether product performance is tied to specific sales channels.
product_channel_mix,product_channel,Bedroom Furniture,Online,2,channel_rank_in_product,2.0,55,,,,,482800.4925,189059.4223,39.1589,,,,Check whether product performance is tied to specific sales channels.
product_channel_mix,product_channel,Bedroom Furniture,Distributor,3,channel_rank_in_product,3.0,22,,,,,140968.335,58336.031,41.3824,,,,Check whether product performance is tied to specific sales channels.
product_channel_mix,product_channel,Serveware,In-Store,1,channel_rank_in_product,1.0,89,,,,,826530.2575,314758.7958,38.0819,,,,Check whether product performance is tied to specific sales channels.
product_channel_mix,product_channel,Serveware,Online,2,channel_rank_in_product,2.0,58,,,,,530759.4275,196562.159,37.0341,,,,Check whether product performance is tied to specific sales channels.
product_channel_mix,product_channel,Serveware,Wholesale,3,channel_rank_in_product,3.0,24,,,,,258698.2225,107553.4043,41.5749,,,,Check whether product performance is tied to specific sales channels.
product_channel_mix,product_channel,Wine Storage,In-Store,1,channel_rank_in_product,1.0,75,,,,,660758.1875,251150.9105,38.0095,,,,Check whether product performance is tied to specific sales channels.
product_channel_mix,product_channel,Wine Storage,Online,2,channel_rank_in_product,2.0,47,,,,,385157.3725,141709.0285,36.7925,,,,Check whether product performance is tied to specific sales channels.
product_channel_mix,product_channel,Wine Storage,Distributor,3,channel_rank_in_product,3.0,25,,,,,249678.515,97531.5205,39.0628,,,,Check whether product performance is tied to specific sales channels.
product_channel_mix,product_channel,Floral,In-Store,1,channel_rank_in_product,1.0,70,,,,,729285.1175,291374.7643,39.9535,,,,Check whether product performance is tied to specific sales channels.
product_channel_mix,product_channel,Floral,Online,2,channel_rank_in_product,2.0,51,,,,,509730.1375,179440.2468,35.203,,,,Check whether product performance is tied to specific sales channels.
product_channel_mix,product_channel,Floral,Distributor,3,channel_rank_in_product,3.0,31,,,,,268828.455,90813.6878,33.7813,,,,Check whether product performance is tied to specific sales channels.
product_channel_mix,product_channel,Outdoor Decor,In-Store,1,channel_rank_in_product,1.0,73,,,,,577239.6725,210885.279,36.5334,,,,Check whether product performance is tied to specific sales channels.
product_channel_mix,product_channel,Outdoor Decor,Online,2,channel_rank_in_product,2.0,45,,,,,387030.19,147422.3432,38.0907,,,,Check whether product performance is tied to specific sales channels.
product_channel_mix,product_channel,Outdoor Decor,Distributor,3,channel_rank_in_product,3.0,31,,,,,222366.3,81468.6535,36.6371,,,,Check whether product performance is tied to specific sales channels.
product_channel_mix,product_channel,Phones,In-Store,1,channel_rank_in_product,1.0,75,,,,,616818.75,235657.1207,38.2052,,,,Check whether product performance is tied to specific sales channels.
product_channel_mix,product_channel,Phones,Online,2,channel_rank_in_product,2.0,57,,,,,462330.15,157825.1488,34.1369,,,,Check whether product performance is tied to specific sales channels.
product_channel_mix,product_channel,Phones,Distributor,3,channel_rank_in_product,3.0,25,,,,,225515.4675,75672.5565,33.5554,,,,Check whether product performance is tied to specific sales channels.
product_channel_mix,product_channel,Wall Coverings,In-Store,1,channel_rank_in_product,1.0,66,,,,,542104.035,189422.9583,34.9422,,,,Check whether product performance is tied to specific sales channels.
product_channel_mix,product_channel,Wall Coverings,Online,2,channel_rank_in_product,2.0,51,,,,,389468.4875,150841.834,38.7302,,,,Check whether product performance is tied to specific sales channels.
product_channel_mix,product_channel,Wall Coverings,Distributor,3,channel_rank_in_product,3.0,25,,,,,268555.5975,94039.8122,35.0169,,,,Check whether product performance is tied to specific sales channels.
product_channel_mix,product_channel,Cocktail Glasses,In-Store,1,channel_rank_in_product,1.0,81,,,,,733750.3325,289275.2385,39.4242,,,,Check whether product performance is tied to specific sales channels.
product_channel_mix,product_channel,Cocktail Glasses,Online,2,channel_rank_in_product,2.0,53,,,,,424420.545,178750.8415,42.1164,,,,Check whether product performance is tied to specific sales channels.
product_channel_mix,product_channel,Cocktail Glasses,Distributor,3,channel_rank_in_product,3.0,36,,,,,331863.2275,143806.2015,43.333,,,,Check whether product performance is tied to specific sales channels.
product_channel_mix,product_channel,Collectibles,In-Store,1,channel_rank_in_product,1.0,61,,,,,614000.06,226461.1758,36.8829,,,,Check whether product performance is tied to specific sales channels.
product_channel_mix,product_channel,Collectibles,Online,2,channel_rank_in_product,2.0,54,,,,,557004.6675,204934.8833,36.7923,,,,Check whether product performance is tied to specific sales channels.
product_channel_mix,product_channel,Collectibles,Distributor,3,channel_rank_in_product,3.0,43,,,,,439493.87,176379.9842,40.1325,,,,Check whether product performance is tied to specific sales channels.
product_channel_mix,product_channel,Outdoor Furniture,Online,1,channel_rank_in_product,1.0,59,,,,,582315.76,209629.8853,35.9993,,,,Check whether product performance is tied to specific sales channels.
product_channel_mix,product_channel,Outdoor Furniture,In-Store,2,channel_rank_in_product,2.0,61,,,,,526896.2075,176323.2385,33.4645,,,,Check whether product performance is tied to specific sales channels.
product_channel_mix,product_channel,Outdoor Furniture,Distributor,3,channel_rank_in_product,3.0,20,,,,,175734.3,55556.2963,31.6138,,,,Check whether product performance is tied to specific sales channels.
product_channel_mix,product_channel,Photo Frames,In-Store,1,channel_rank_in_product,1.0,71,,,,,726322.3775,302273.6785,41.617,,,,Check whether product performance is tied to specific sales channels.
product_channel_mix,product_channel,Photo Frames,Online,2,channel_rank_in_product,2.0,51,,,,,559690.195,192466.8083,34.3881,,,,Check whether product performance is tied to specific sales channels.
product_channel_mix,product_channel,Photo Frames,Distributor,3,channel_rank_in_product,3.0,30,,,,,316064.9625,130557.3845,41.3071,,,,Check whether product performance is tied to specific sales channels.
product_channel_mix,product_channel,Audio,In-Store,1,channel_rank_in_product,1.0,62,,,,,647141.1075,227302.9217,35.1242,,,,Check whether product performance is tied to specific sales channels.
product_channel_mix,product_channel,Audio,Distributor,2,channel_rank_in_product,2.0,27,,,,,285655.3375,103165.6253,36.1154,,,,Check whether product performance is tied to specific sales channels.
product_channel_mix,product_channel,Audio,Online,3,channel_rank_in_product,3.0,45,,,,,280828.6575,103646.9053,36.9075,,,,Check whether product performance is tied to specific sales channels.
product_channel_mix,product_channel,Computers,In-Store,1,channel_rank_in_product,1.0,62,,,,,599196.075,213946.0077,35.7055,,,,Check whether product performance is tied to specific sales channels.
product_channel_mix,product_channel,Computers,Online,2,channel_rank_in_product,2.0,57,,,,,398050.1825,154103.325,38.7145,,,,Check whether product performance is tied to specific sales channels.
product_channel_mix,product_channel,Computers,Distributor,3,channel_rank_in_product,3.0,21,,,,,156007.9925,59592.711,38.1985,,,,Check whether product performance is tied to specific sales channels.
product_channel_mix,product_channel,Mirrors,In-Store,1,channel_rank_in_product,1.0,72,,,,,710979.21,282772.9413,39.7723,,,,Check whether product performance is tied to specific sales channels.
product_channel_mix,product_channel,Mirrors,Online,2,channel_rank_in_product,2.0,47,,,,,403603.8125,143903.1805,35.6546,,,,Check whether product performance is tied to specific sales channels.
product_channel_mix,product_channel,Mirrors,Distributor,3,channel_rank_in_product,3.0,24,,,,,305483.3175,104059.1843,34.0638,,,,Check whether product performance is tied to specific sales channels.
product_channel_mix,product_channel,Stemware,In-Store,1,channel_rank_in_product,1.0,69,,,,,697161.8,270535.9385,38.8053,,,,Check whether product performance is tied to specific sales channels.
product_channel_mix,product_channel,Stemware,Online,2,channel_rank_in_product,2.0,45,,,,,490764.28,179007.0855,36.4752,,,,Check whether product performance is tied to specific sales channels.
product_channel_mix,product_channel,Stemware,Distributor,3,channel_rank_in_product,3.0,34,,,,,261161.4775,95893.0757,36.7179,,,,Check whether product performance is tied to specific sales channels.
product_channel_mix,product_channel,Blankets,In-Store,1,channel_rank_in_product,1.0,65,,,,,735978.92,297149.784,40.3748,,,,Check whether product performance is tied to specific sales channels.
product_channel_mix,product_channel,Blankets,Online,2,channel_rank_in_product,2.0,54,,,,,497372.825,200863.1425,40.3848,,,,Check whether product performance is tied to specific sales channels.
product_channel_mix,product_channel,Blankets,Wholesale,3,channel_rank_in_product,3.0,25,,,,,221816.9,67458.3263,30.4117,,,,Check whether product performance is tied to specific sales channels.
product_channel_mix,product_channel,Dining Furniture,Online,1,channel_rank_in_product,1.0,65,,,,,661238.2425,250346.5937,37.8603,,,,Check whether product performance is tied to specific sales channels.
product_channel_mix,product_channel,Dining Furniture,In-Store,2,channel_rank_in_product,2.0,63,,,,,460962.345,158029.0475,34.2824,,,,Check whether product performance is tied to specific sales channels.
product_channel_mix,product_channel,Dining Furniture,Distributor,3,channel_rank_in_product,3.0,34,,,,,323608.995,117987.5383,36.4599,,,,Check whether product performance is tied to specific sales channels.
product_channel_mix,product_channel,TV and video,In-Store,1,channel_rank_in_product,1.0,79,,,,,633822.345,257106.0923,40.5644,,,,Check whether product performance is tied to specific sales channels.
product_channel_mix,product_channel,TV and video,Distributor,2,channel_rank_in_product,2.0,37,,,,,436652.5675,167110.7198,38.2709,,,,Check whether product performance is tied to specific sales channels.
product_channel_mix,product_channel,TV and video,Online,3,channel_rank_in_product,3.0,46,,,,,389564.6325,149060.5915,38.2634,,,,Check whether product performance is tied to specific sales channels.
product_channel_mix,product_channel,Baseball,In-Store,1,channel_rank_in_product,1.0,73,,,,,673472.7775,261748.9463,38.8656,,,,Check whether product performance is tied to specific sales channels.
product_channel_mix,product_channel,Baseball,Online,2,channel_rank_in_product,2.0,53,,,,,484340.4875,178965.584,36.9504,,,,Check whether product performance is tied to specific sales channels.
product_channel_mix,product_channel,Baseball,Distributor,3,channel_rank_in_product,3.0,31,,,,,186714.595,66258.1788,35.4863,,,,Check whether product performance is tied to specific sales channels.
product_channel_mix,product_channel,Bathroom Furniture,Online,1,channel_rank_in_product,1.0,53,,,,,598147.3575,220826.2985,36.9184,,,,Check whether product performance is tied to specific sales channels.
product_channel_mix,product_channel,Bathroom Furniture,In-Store,2,channel_rank_in_product,2.0,63,,,,,536380.7275,201214.51,37.5134,,,,Check whether product performance is tied to specific sales channels.
product_channel_mix,product_channel,Bathroom Furniture,Distributor,3,channel_rank_in_product,3.0,34,,,,,414438.3825,142719.7518,34.4369,,,,Check whether product performance is tied to specific sales channels.
product_channel_mix,product_channel,Wardrobes,In-Store,1,channel_rank_in_product,1.0,69,,,,,644719.895,224817.6343,34.8706,,,,Check whether product performance is tied to specific sales channels.
product_channel_mix,product_channel,Wardrobes,Online,2,channel_rank_in_product,2.0,60,,,,,469807.35,166842.743,35.513,,,,Check whether product performance is tied to specific sales channels.
product_channel_mix,product_channel,Wardrobes,Distributor,3,channel_rank_in_product,3.0,34,,,,,399405.9275,152429.435,38.164,,,,Check whether product performance is tied to specific sales channels.
product_channel_mix,product_channel,Floor Lamps,Online,1,channel_rank_in_product,1.0,60,,,,,555169.8725,212085.5687,38.2019,,,,Check whether product performance is tied to specific sales channels.
product_channel_mix,product_channel,Floor Lamps,In-Store,2,channel_rank_in_product,2.0,57,,,,,403567.9675,155759.4043,38.5956,,,,Check whether product performance is tied to specific sales channels.
product_channel_mix,product_channel,Floor Lamps,Distributor,3,channel_rank_in_product,3.0,25,,,,,234843.8775,105624.634,44.9765,,,,Check whether product performance is tied to specific sales channels.
product_channel_mix,product_channel,Pendants,In-Store,1,channel_rank_in_product,1.0,71,,,,,713099.2575,229772.2575,32.2216,,,,Check whether product performance is tied to specific sales channels.
product_channel_mix,product_channel,Pendants,Online,2,channel_rank_in_product,2.0,57,,,,,521529.1725,173363.8973,33.2415,,,,Check whether product performance is tied to specific sales channels.
product_channel_mix,product_channel,Pendants,Distributor,3,channel_rank_in_product,3.0,33,,,,,331414.83,131719.8895,39.7447,,,,Check whether product performance is tied to specific sales channels.
product_channel_mix,product_channel,Pillows,Online,1,channel_rank_in_product,1.0,47,,,,,406033.065,129570.2565,31.9113,,,,Check whether product performance is tied to specific sales channels.
product_channel_mix,product_channel,Pillows,In-Store,2,channel_rank_in_product,2.0,43,,,,,402721.925,157418.9055,39.0887,,,,Check whether product performance is tied to specific sales channels.
product_channel_mix,product_channel,Pillows,Distributor,3,channel_rank_in_product,3.0,27,,,,,254185.27,94795.2728,37.2938,,,,Check whether product performance is tied to specific sales channels.
product_channel_mix,product_channel,Accessories,In-Store,1,channel_rank_in_product,1.0,87,,,,,1051637.695,399940.451,38.0303,,,,Check whether product performance is tied to specific sales channels.
product_channel_mix,product_channel,Accessories,Online,2,channel_rank_in_product,2.0,58,,,,,604802.3,230377.8542,38.0914,,,,Check whether product performance is tied to specific sales channels.
product_channel_mix,product_channel,Accessories,Distributor,3,channel_rank_in_product,3.0,35,,,,,331339.9575,132375.172,39.9515,,,,Check whether product performance is tied to specific sales channels.
product_channel_mix,product_channel,Basketball,Online,1,channel_rank_in_product,1.0,52,,,,,578453.7125,229605.9238,39.6931,,,,Check whether product performance is tied to specific sales channels.
product_channel_mix,product_channel,Basketball,In-Store,2,channel_rank_in_product,2.0,61,,,,,502781.9025,169959.284,33.8038,,,,Check whether product performance is tied to specific sales channels.
product_channel_mix,product_channel,Basketball,Distributor,3,channel_rank_in_product,3.0,30,,,,,233643.2375,75426.9563,32.283,,,,Check whether product performance is tied to specific sales channels.
product_channel_mix,product_channel,Candleholders,In-Store,1,channel_rank_in_product,1.0,65,,,,,568248.775,210465.4708,37.0376,,,,Check whether product performance is tied to specific sales channels.
product_channel_mix,product_channel,Candleholders,Online,2,channel_rank_in_product,2.0,55,,,,,362852.7375,137486.6527,37.8905,,,,Check whether product performance is tied to specific sales channels.
product_channel_mix,product_channel,Candleholders,Distributor,3,channel_rank_in_product,3.0,31,,,,,242112.205,79087.9658,32.6658,,,,Check whether product performance is tied to specific sales channels.
product_channel_mix,product_channel,Cookware,In-Store,1,channel_rank_in_product,1.0,74,,,,,606966.5675,230271.8387,37.9381,,,,Check whether product performance is tied to specific sales channels.
product_channel_mix,product_channel,Cookware,Online,2,channel_rank_in_product,2.0,51,,,,,455425.6325,171337.2133,37.6213,,,,Check whether product performance is tied to specific sales channels.
product_channel_mix,product_channel,Cookware,Distributor,3,channel_rank_in_product,3.0,24,,,,,113501.1825,44828.4203,39.496,,,,Check whether product performance is tied to specific sales channels.
product_channel_mix,product_channel,Ornaments,In-Store,1,channel_rank_in_product,1.0,79,,,,,734490.515,284085.8855,38.678,,,,Check whether product performance is tied to specific sales channels.
product_channel_mix,product_channel,Ornaments,Online,2,channel_rank_in_product,2.0,56,,,,,478535.9425,171626.2435,35.8649,,,,Check whether product performance is tied to specific sales channels.
product_channel_mix,product_channel,Ornaments,Distributor,3,channel_rank_in_product,3.0,25,,,,,274389.455,122653.4975,44.7005,,,,Check whether product performance is tied to specific sales channels.
product_channel_mix,product_channel,Rugs,In-Store,1,channel_rank_in_product,1.0,81,,,,,826020.3875,309319.0438,37.4469,,,,Check whether product performance is tied to specific sales channels.
product_channel_mix,product_channel,Rugs,Online,2,channel_rank_in_product,2.0,58,,,,,556803.835,197395.9655,35.4516,,,,Check whether product performance is tied to specific sales channels.
product_channel_mix,product_channel,Rugs,Distributor,3,channel_rank_in_product,3.0,25,,,,,249308.5075,85497.9495,34.294,,,,Check whether product performance is tied to specific sales channels.
product_channel_mix,product_channel,Bakeware,In-Store,1,channel_rank_in_product,1.0,66,,,,,496916.555,169394.7948,34.0892,,,,Check whether product performance is tied to specific sales channels.
product_channel_mix,product_channel,Bakeware,Online,2,channel_rank_in_product,2.0,53,,,,,473887.65,156850.5305,33.0987,,,,Check whether product performance is tied to specific sales channels.
product_channel_mix,product_channel,Bakeware,Distributor,3,channel_rank_in_product,3.0,36,,,,,336368.6425,123898.091,36.834,,,,Check whether product performance is tied to specific sales channels.
product_channel_mix,product_channel,Bean Bags,In-Store,1,channel_rank_in_product,1.0,64,,,,,511051.3775,184457.5842,36.0937,,,,Check whether product performance is tied to specific sales channels.
product_channel_mix,product_channel,Bean Bags,Online,2,channel_rank_in_product,2.0,40,,,,,291186.1875,96362.1797,33.093,,,,Check whether product performance is tied to specific sales channels.
product_channel_mix,product_channel,Bean Bags,Distributor,3,channel_rank_in_product,3.0,25,,,,,219075.93,85280.0815,38.9272,,,,Check whether product performance is tied to specific sales channels.
product_region_mix,product_region,Floral,West,1,region_rank_in_product,1.0,64,,,,,623345.89,244795.8958,39.2713,,,,Check whether product strength is geographically broad or localized.
product_region_mix,product_region,Floral,South,2,region_rank_in_product,2.0,51,,,,,536665.8125,188147.204,35.0585,,,,Check whether product strength is geographically broad or localized.
product_region_mix,product_region,Floral,Midwest,3,region_rank_in_product,3.0,29,,,,,309202.99,118425.7148,38.3003,,,,Check whether product strength is geographically broad or localized.
product_region_mix,product_region,Outdoor Decor,West,1,region_rank_in_product,1.0,56,,,,,502537.52,181431.3175,36.103,,,,Check whether product strength is geographically broad or localized.
product_region_mix,product_region,Outdoor Decor,Midwest,2,region_rank_in_product,2.0,43,,,,,391575.3025,151488.8875,38.687,,,,Check whether product strength is geographically broad or localized.
product_region_mix,product_region,Outdoor Decor,South,3,region_rank_in_product,3.0,50,,,,,355296.8125,134592.34,37.8817,,,,Check whether product strength is geographically broad or localized.
product_region_mix,product_region,Phones,West,1,region_rank_in_product,1.0,69,,,,,604844.51,236179.57,39.048,,,,Check whether product strength is geographically broad or localized.
product_region_mix,product_region,Phones,South,2,region_rank_in_product,2.0,51,,,,,497499.2875,157423.414,31.6429,,,,Check whether product strength is geographically broad or localized.
product_region_mix,product_region,Phones,Midwest,3,region_rank_in_product,3.0,40,,,,,259064.3775,100451.858,38.7749,,,,Check whether product strength is geographically broad or localized.
product_region_mix,product_region,Wall Coverings,West,1,region_rank_in_product,1.0,51,,,,,525665.0825,191224.0033,36.3775,,,,Check whether product strength is geographically broad or localized.
product_region_mix,product_region,Wall Coverings,South,2,region_rank_in_product,2.0,49,,,,,362836.6575,137086.927,37.782,,,,Check whether product strength is geographically broad or localized.
product_region_mix,product_region,Wall Coverings,Midwest,3,region_rank_in_product,3.0,38,,,,,326622.4875,117982.4795,36.122,,,,Check whether product strength is geographically broad or localized.
product_region_mix,product_region,Bar Tools,West,1,region_rank_in_product,1.0,57,,,,,550655.7475,195359.8233,35.4777,,,,Check whether product strength is geographically broad or localized.
product_region_mix,product_region,Bar Tools,South,2,region_rank_in_product,2.0,57,,,,,519365.0725,196204.4465,37.7778,,,,Check whether product strength is geographically broad or localized.
product_region_mix,product_region,Bar Tools,Northeast,3,region_rank_in_product,3.0,28,,,,,272057.6875,102410.6935,37.643,,,,Check whether product strength is geographically broad or localized.
product_region_mix,product_region,Sculptures,West,1,region_rank_in_product,1.0,65,,,,,694812.2775,274500.6418,39.5072,,,,Check whether product strength is geographically broad or localized.
product_region_mix,product_region,Sculptures,South,2,region_rank_in_product,2.0,61,,,,,400559.3325,151474.8308,37.8158,,,,Check whether product strength is geographically broad or localized.
product_region_mix,product_region,Sculptures,Midwest,3,region_rank_in_product,3.0,29,,,,,312995.86,106767.1745,34.1114,,,,Check whether product strength is geographically broad or localized.
product_region_mix,product_region,Table Linens,South,1,region_rank_in_product,1.0,62,,,,,638854.715,257506.377,40.3075,,,,Check whether product strength is geographically broad or localized.
product_region_mix,product_region,Table Linens,West,2,region_rank_in_product,2.0,54,,,,,515320.2825,183626.7925,35.6335,,,,Check whether product strength is geographically broad or localized.
product_region_mix,product_region,Table Linens,Midwest,3,region_rank_in_product,3.0,35,,,,,394895.99,140527.4665,35.5859,,,,Check whether product strength is geographically broad or localized.
product_region_mix,product_region,Wall Frames,South,1,region_rank_in_product,1.0,61,,,,,615019.6325,231967.1385,37.717,,,,Check whether product strength is geographically broad or localized.
product_region_mix,product_region,Wall Frames,West,2,region_rank_in_product,2.0,44,,,,,373869.045,132023.8845,35.3129,,,,Check whether product strength is geographically broad or localized.
product_region_mix,product_region,Wall Frames,Midwest,3,region_rank_in_product,3.0,33,,,,,325076.965,130919.4053,40.2734,,,,Check whether product strength is geographically broad or localized.
product_region_mix,product_region,Clocks,South,1,region_rank_in_product,1.0,54,,,,,554237.2325,187707.6355,33.8677,,,,Check whether product strength is geographically broad or localized.
product_region_mix,product_region,Clocks,West,2,region_rank_in_product,2.0,59,,,,,535209.4,190690.5935,35.6292,,,,Check whether product strength is geographically broad or localized.
product_region_mix,product_region,Clocks,Midwest,3,region_rank_in_product,3.0,35,,,,,289511.02,110430.535,38.1438,,,,Check whether product strength is geographically broad or localized.
product_region_mix,product_region,Table Lamps,South,1,region_rank_in_product,1.0,69,,,,,612020.0425,225863.3895,36.9046,,,,Check whether product strength is geographically broad or localized.
product_region_mix,product_region,Table Lamps,West,2,region_rank_in_product,2.0,51,,,,,531906.3,206198.1197,38.7659,,,,Check whether product strength is geographically broad or localized.
product_region_mix,product_region,Table Lamps,Midwest,3,region_rank_in_product,3.0,29,,,,,334839.3675,127256.9892,38.0054,,,,Check whether product strength is geographically broad or localized.
product_region_mix,product_region,Vanities,South,1,region_rank_in_product,1.0,56,,,,,560820.82,207271.8907,36.9587,,,,Check whether product strength is geographically broad or localized.
product_region_mix,product_region,Vanities,West,2,region_rank_in_product,2.0,58,,,,,544332.79,193488.1205,35.5459,,,,Check whether product strength is geographically broad or localized.
product_region_mix,product_region,Vanities,Midwest,3,region_rank_in_product,3.0,26,,,,,258512.465,110583.8723,42.777,,,,Check whether product strength is geographically broad or localized.
product_region_mix,product_region,Floor Lamps,West,1,region_rank_in_product,1.0,56,,,,,482187.61,183508.8902,38.0576,,,,Check whether product strength is geographically broad or localized.
product_region_mix,product_region,Floor Lamps,Midwest,2,region_rank_in_product,2.0,41,,,,,363389.4075,133565.213,36.7554,,,,Check whether product strength is geographically broad or localized.
product_region_mix,product_region,Floor Lamps,South,3,region_rank_in_product,3.0,52,,,,,359749.13,144641.723,40.2063,,,,Check whether product strength is geographically broad or localized.
product_region_mix,product_region,Pendants,South,1,region_rank_in_product,1.0,65,,,,,587677.1,198440.0385,33.7668,,,,Check whether product strength is geographically broad or localized.
product_region_mix,product_region,Pendants,West,2,region_rank_in_product,2.0,55,,,,,550876.345,184231.0723,33.4433,,,,Check whether product strength is geographically broad or localized.
product_region_mix,product_region,Pendants,Midwest,3,region_rank_in_product,3.0,41,,,,,410468.6325,139608.672,34.012,,,,Check whether product strength is geographically broad or localized.
product_region_mix,product_region,Pillows,South,1,region_rank_in_product,1.0,38,,,,,395422.275,143537.205,36.2997,,,,Check whether product strength is geographically broad or localized.
product_region_mix,product_region,Pillows,Midwest,2,region_rank_in_product,2.0,34,,,,,344395.41,134928.8573,39.1785,,,,Check whether product strength is geographically broad or localized.
product_region_mix,product_region,Pillows,West,3,region_rank_in_product,3.0,40,,,,,262750.7175,103749.0438,39.4857,,,,Check whether product strength is geographically broad or localized.
product_region_mix,product_region,Bakeware,West,1,region_rank_in_product,1.0,60,,,,,523039.855,183764.4178,35.1339,,,,Check whether product strength is geographically broad or localized.
product_region_mix,product_region,Bakeware,South,2,region_rank_in_product,2.0,53,,,,,394598.175,119197.9833,30.2074,,,,Check whether product strength is geographically broad or localized.
product_region_mix,product_region,Bakeware,Midwest,3,region_rank_in_product,3.0,39,,,,,331092.0575,123358.1228,37.258,,,,Check whether product strength is geographically broad or localized.
product_region_mix,product_region,Bean Bags,South,1,region_rank_in_product,1.0,44,,,,,422647.8925,160125.119,37.8862,,,,Check whether product strength is geographically broad or localized.
product_region_mix,product_region,Bean Bags,West,2,region_rank_in_product,2.0,59,,,,,409051.415,145560.1488,35.5848,,,,Check whether product strength is geographically broad or localized.
product_region_mix,product_region,Bean Bags,Midwest,3,region_rank_in_product,3.0,30,,,,,238295.885,88740.6895,37.2397,,,,Check whether product strength is geographically broad or localized.
product_region_mix,product_region,Collectibles,South,1,region_rank_in_product,1.0,50,,,,,569852.5875,195292.0083,34.2706,,,,Check whether product strength is geographically broad or localized.
product_region_mix,product_region,Collectibles,West,2,region_rank_in_product,2.0,66,,,,,564159.095,219898.0828,38.978,,,,Check whether product strength is geographically broad or localized.
product_region_mix,product_region,Collectibles,Midwest,3,region_rank_in_product,3.0,40,,,,,440713.1025,165234.9718,37.4926,,,,Check whether product strength is geographically broad or localized.
product_region_mix,product_region,Outdoor Furniture,West,1,region_rank_in_product,1.0,58,,,,,580850.805,189396.7448,32.6068,,,,Check whether product strength is geographically broad or localized.
product_region_mix,product_region,Outdoor Furniture,South,2,region_rank_in_product,2.0,45,,,,,329836.98,115862.18,35.1271,,,,Check whether product strength is geographically broad or localized.
product_region_mix,product_region,Outdoor Furniture,Midwest,3,region_rank_in_product,3.0,34,,,,,279845.4325,105600.1895,37.7352,,,,Check whether product strength is geographically broad or localized.
product_region_mix,product_region,Photo Frames,West,1,region_rank_in_product,1.0,70,,,,,725551.71,292523.9742,40.3175,,,,Check whether product strength is geographically broad or localized.
product_region_mix,product_region,Photo Frames,South,2,region_rank_in_product,2.0,43,,,,,427623.3125,153595.3305,35.9184,,,,Check whether product strength is geographically broad or localized.
product_region_mix,product_region,Photo Frames,Northeast,3,region_rank_in_product,3.0,21,,,,,311832.405,118087.1805,37.8688,,,,Check whether product strength is geographically broad or localized.
product_region_mix,product_region,Audio,West,1,region_rank_in_product,1.0,53,,,,,537012.2025,187825.7107,34.9761,,,,Check whether product strength is geographically broad or localized.
product_region_mix,product_region,Audio,South,2,region_rank_in_product,2.0,45,,,,,378405.7825,126105.8062,33.3255,,,,Check whether product strength is geographically broad or localized.
product_region_mix,product_region,Audio,Midwest,3,region_rank_in_product,3.0,36,,,,,298892.025,123804.8887,41.4213,,,,Check whether product strength is geographically broad or localized.
product_region_mix,product_region,Computers,South,1,region_rank_in_product,1.0,59,,,,,469315.0675,184161.365,39.2405,,,,Check whether product strength is geographically broad or localized.
product_region_mix,product_region,Computers,West,2,region_rank_in_product,2.0,49,,,,,420464.6975,150940.6378,35.8985,,,,Check whether product strength is geographically broad or localized.
product_region_mix,product_region,Computers,Midwest,3,region_rank_in_product,3.0,29,,,,,250556.0475,90312.7225,36.0449,,,,Check whether product strength is geographically broad or localized.
product_region_mix,product_region,Mirrors,South,1,region_rank_in_product,1.0,58,,,,,580432.725,225428.8123,38.8381,,,,Check whether product strength is geographically broad or localized.
product_region_mix,product_region,Mirrors,West,2,region_rank_in_product,2.0,50,,,,,471163.9325,189568.7085,40.2341,,,,Check whether product strength is geographically broad or localized.
product_region_mix,product_region,Mirrors,Midwest,3,region_rank_in_product,3.0,37,,,,,413887.14,143068.3075,34.567,,,,Check whether product strength is geographically broad or localized.
product_region_mix,product_region,Stemware,West,1,region_rank_in_product,1.0,59,,,,,606904.76,223730.9228,36.8643,,,,Check whether product strength is geographically broad or localized.
product_region_mix,product_region,Stemware,South,2,region_rank_in_product,2.0,63,,,,,560299.225,206366.7035,36.8315,,,,Check whether product strength is geographically broad or localized.
product_region_mix,product_region,Stemware,Midwest,3,region_rank_in_product,3.0,35,,,,,339023.015,135637.3783,40.0083,,,,Check whether product strength is geographically broad or localized.
product_region_mix,product_region,Candles,West,1,region_rank_in_product,1.0,58,,,,,512769.9275,200751.2955,39.1504,,,,Check whether product strength is geographically broad or localized.
product_region_mix,product_region,Candles,South,2,region_rank_in_product,2.0,49,,,,,498398.4275,191057.9192,38.3344,,,,Check whether product strength is geographically broad or localized.
product_region_mix,product_region,Candles,Midwest,3,region_rank_in_product,3.0,32,,,,,264699.4125,104013.5025,39.295,,,,Check whether product strength is geographically broad or localized.
product_region_mix,product_region,Dinnerware,South,1,region_rank_in_product,1.0,64,,,,,530706.665,215288.5955,40.5664,,,,Check whether product strength is geographically broad or localized.
product_region_mix,product_region,Dinnerware,West,2,region_rank_in_product,2.0,55,,,,,529114.5775,213257.3665,40.3046,,,,Check whether product strength is geographically broad or localized.
product_region_mix,product_region,Dinnerware,Midwest,3,region_rank_in_product,3.0,32,,,,,364012.34,131608.0483,36.1548,,,,Check whether product strength is geographically broad or localized.
product_region_mix,product_region,Platters,West,1,region_rank_in_product,1.0,69,,,,,671975.495,239154.551,35.5898,,,,Check whether product strength is geographically broad or localized.
product_region_mix,product_region,Platters,South,2,region_rank_in_product,2.0,60,,,,,502184.095,183840.4175,36.6082,,,,Check whether product strength is geographically broad or localized.
product_region_mix,product_region,Platters,Midwest,3,region_rank_in_product,3.0,48,,,,,458259.23,163517.0128,35.6822,,,,Check whether product strength is geographically broad or localized.
product_region_mix,product_region,Home Fragrances,West,1,region_rank_in_product,1.0,59,,,,,542398.165,208344.2402,38.4117,,,,Check whether product strength is geographically broad or localized.
product_region_mix,product_region,Home Fragrances,South,2,region_rank_in_product,2.0,56,,,,,510073.68,180941.0913,35.4735,,,,Check whether product strength is geographically broad or localized.
product_region_mix,product_region,Home Fragrances,Midwest,3,region_rank_in_product,3.0,36,,,,,322819.735,100571.2208,31.154,,,,Check whether product strength is geographically broad or localized.
product_region_mix,product_region,Bedroom Furniture,South,1,region_rank_in_product,1.0,55,,,,,483682.715,179075.7157,37.0234,,,,Check whether product strength is geographically broad or localized.
product_region_mix,product_region,Bedroom Furniture,West,2,region_rank_in_product,2.0,50,,,,,433034.5675,174922.1883,40.3945,,,,Check whether product strength is geographically broad or localized.
product_region_mix,product_region,Bedroom Furniture,Midwest,3,region_rank_in_product,3.0,28,,,,,193025.8275,73412.1343,38.0323,,,,Check whether product strength is geographically broad or localized.
product_region_mix,product_region,Serveware,West,1,region_rank_in_product,1.0,79,,,,,738219.5675,286684.1488,38.8345,,,,Check whether product strength is geographically broad or localized.
product_region_mix,product_region,Serveware,South,2,region_rank_in_product,2.0,58,,,,,557130.795,198171.1358,35.5699,,,,Check whether product strength is geographically broad or localized.
product_region_mix,product_region,Serveware,Midwest,3,region_rank_in_product,3.0,43,,,,,345577.625,128248.443,37.1113,,,,Check whether product strength is geographically broad or localized.
product_region_mix,product_region,Wine Storage,South,1,region_rank_in_product,1.0,52,,,,,521992.8125,180827.5758,34.6418,,,,Check whether product strength is geographically broad or localized.
product_region_mix,product_region,Wine Storage,West,2,region_rank_in_product,2.0,57,,,,,492526.5475,206944.01,42.0168,,,,Check whether product strength is geographically broad or localized.
product_region_mix,product_region,Wine Storage,Midwest,3,region_rank_in_product,3.0,37,,,,,319192.02,132566.2243,41.5318,,,,Check whether product strength is geographically broad or localized.
product_region_mix,product_region,Cocktail Glasses,West,1,region_rank_in_product,1.0,76,,,,,739171.47,304299.1858,41.1676,,,,Check whether product strength is geographically broad or localized.
product_region_mix,product_region,Cocktail Glasses,South,2,region_rank_in_product,2.0,65,,,,,500891.4975,207212.725,41.3688,,,,Check whether product strength is geographically broad or localized.
product_region_mix,product_region,Cocktail Glasses,Midwest,3,region_rank_in_product,3.0,36,,,,,318209.2975,121781.9213,38.271,,,,Check whether product strength is geographically broad or localized.
product_region_mix,product_region,Festive,West,1,region_rank_in_product,1.0,58,,,,,559858.7,186801.1775,33.3658,,,,Check whether product strength is geographically broad or localized.
product_region_mix,product_region,Festive,South,2,region_rank_in_product,2.0,47,,,,,440029.3675,178828.1895,40.6401,,,,Check whether product strength is geographically broad or localized.
product_region_mix,product_region,Festive,Midwest,3,region_rank_in_product,3.0,31,,,,,327565.68,132949.3168,40.5871,,,,Check whether product strength is geographically broad or localized.
product_region_mix,product_region,Furniture Cushions,West,1,region_rank_in_product,1.0,63,,,,,684425.77,245290.1605,35.8388,,,,Check whether product strength is geographically broad or localized.
product_region_mix,product_region,Furniture Cushions,South,2,region_rank_in_product,2.0,57,,,,,571922.385,224212.0207,39.2032,,,,Check whether product strength is geographically broad or localized.
product_region_mix,product_region,Furniture Cushions,Midwest,3,region_rank_in_product,3.0,43,,,,,368268.0125,135926.0458,36.9095,,,,Check whether product strength is geographically broad or localized.
product_region_mix,product_region,Vases,West,1,region_rank_in_product,1.0,58,,,,,426663.2025,164282.7733,38.5041,,,,Check whether product strength is geographically broad or localized.
product_region_mix,product_region,Vases,Midwest,2,region_rank_in_product,2.0,33,,,,,313242.085,116532.0355,37.2019,,,,Check whether product strength is geographically broad or localized.
product_region_mix,product_region,Vases,South,3,region_rank_in_product,3.0,31,,,,,298106.45,108657.884,36.4494,,,,Check whether product strength is geographically broad or localized.
product_region_mix,product_region,Wreaths,South,1,region_rank_in_product,1.0,63,,,,,591104.3175,217713.3753,36.8316,,,,Check whether product strength is geographically broad or localized.
product_region_mix,product_region,Wreaths,West,2,region_rank_in_product,2.0,66,,,,,478862.735,185286.2912,38.693,,,,Check whether product strength is geographically broad or localized.
product_region_mix,product_region,Wreaths,Midwest,3,region_rank_in_product,3.0,34,,,,,336803.4725,104672.4372,31.0782,,,,Check whether product strength is geographically broad or localized.
product_region_mix,product_region,Baseball,South,1,region_rank_in_product,1.0,55,,,,,490883.3725,200560.2665,40.857,,,,Check whether product strength is geographically broad or localized.
product_region_mix,product_region,Baseball,West,2,region_rank_in_product,2.0,58,,,,,456408.8575,158088.3098,34.6374,,,,Check whether product strength is geographically broad or localized.
product_region_mix,product_region,Baseball,Midwest,3,region_rank_in_product,3.0,39,,,,,347939.2075,123427.6385,35.4739,,,,Check whether product strength is geographically broad or localized.
product_region_mix,product_region,Bathroom Furniture,West,1,region_rank_in_product,1.0,62,,,,,594965.695,222546.5438,37.4049,,,,Check whether product strength is geographically broad or localized.
product_region_mix,product_region,Bathroom Furniture,South,2,region_rank_in_product,2.0,51,,,,,568049.115,197599.618,34.7857,,,,Check whether product strength is geographically broad or localized.
product_region_mix,product_region,Bathroom Furniture,Midwest,3,region_rank_in_product,3.0,34,,,,,398036.4475,148981.0768,37.429,,,,Check whether product strength is geographically broad or localized.
product_region_mix,product_region,Wardrobes,West,1,region_rank_in_product,1.0,62,,,,,574369.7275,206637.4427,35.9764,,,,Check whether product strength is geographically broad or localized.
product_region_mix,product_region,Wardrobes,South,2,region_rank_in_product,2.0,55,,,,,495576.3875,186238.1055,37.5801,,,,Check whether product strength is geographically broad or localized.
product_region_mix,product_region,Wardrobes,Midwest,3,region_rank_in_product,3.0,39,,,,,326197.54,108216.7377,33.1752,,,,Check whether product strength is geographically broad or localized.
product_region_mix,product_region,Accessories,South,1,region_rank_in_product,1.0,68,,,,,760233.7575,291253.8753,38.3111,,,,Check whether product strength is geographically broad or localized.
product_region_mix,product_region,Accessories,West,2,region_rank_in_product,2.0,62,,,,,648860.3275,253673.4992,39.0952,,,,Check whether product strength is geographically broad or localized.
product_region_mix,product_region,Accessories,Midwest,3,region_rank_in_product,3.0,43,,,,,488008.57,198645.981,40.7054,,,,Check whether product strength is geographically broad or localized.
product_region_mix,product_region,Basketball,West,1,region_rank_in_product,1.0,58,,,,,568681.595,235833.718,41.4703,,,,Check whether product strength is geographically broad or localized.
product_region_mix,product_region,Basketball,South,2,region_rank_in_product,2.0,47,,,,,438639.285,152979.6158,34.8759,,,,Check whether product strength is geographically broad or localized.
product_region_mix,product_region,Basketball,Midwest,3,region_rank_in_product,3.0,37,,,,,331092.3925,114865.5748,34.6929,,,,Check whether product strength is geographically broad or localized.
product_region_mix,product_region,Candleholders,West,1,region_rank_in_product,1.0,65,,,,,576133.8375,186900.4648,32.4405,,,,Check whether product strength is geographically broad or localized.
product_region_mix,product_region,Candleholders,South,2,region_rank_in_product,2.0,59,,,,,473602.9,171215.5003,36.1517,,,,Check whether product strength is geographically broad or localized.
product_region_mix,product_region,Candleholders,Midwest,3,region_rank_in_product,3.0,27,,,,,229496.9425,90647.6427,39.4984,,,,Check whether product strength is geographically broad or localized.
product_region_mix,product_region,Cookware,West,1,region_rank_in_product,1.0,60,,,,,488842.2175,177731.4588,36.3576,,,,Check whether product strength is geographically broad or localized.
product_region_mix,product_region,Cookware,South,2,region_rank_in_product,2.0,52,,,,,348832.6525,136216.3753,39.0492,,,,Check whether product strength is geographically broad or localized.
product_region_mix,product_region,Cookware,Midwest,3,region_rank_in_product,3.0,31,,,,,295616.8975,110974.9275,37.5401,,,,Check whether product strength is geographically broad or localized.
product_region_mix,product_region,Ornaments,South,1,region_rank_in_product,1.0,57,,,,,605067.955,238510.4085,39.4188,,,,Check whether product strength is geographically broad or localized.
product_region_mix,product_region,Ornaments,West,2,region_rank_in_product,2.0,69,,,,,594756.32,242321.122,40.7429,,,,Check whether product strength is geographically broad or localized.
product_region_mix,product_region,Ornaments,Midwest,3,region_rank_in_product,3.0,37,,,,,237357.3825,83198.0778,35.0518,,,,Check whether product strength is geographically broad or localized.
product_region_mix,product_region,Rugs,South,1,region_rank_in_product,1.0,64,,,,,692558.7325,245275.97,35.4159,,,,Check whether product strength is geographically broad or localized.
product_region_mix,product_region,Rugs,West,2,region_rank_in_product,2.0,64,,,,,584174.34,216202.4033,37.0099,,,,Check whether product strength is geographically broad or localized.
product_region_mix,product_region,Rugs,Midwest,3,region_rank_in_product,3.0,30,,,,,320155.9825,129886.3085,40.5697,,,,Check whether product strength is geographically broad or localized.
product_region_mix,product_region,Blankets,West,1,region_rank_in_product,1.0,59,,,,,612818.85,240772.0243,39.2893,,,,Check whether product strength is geographically broad or localized.
product_region_mix,product_region,Blankets,South,2,region_rank_in_product,2.0,51,,,,,447181.115,163391.008,36.538,,,,Check whether product strength is geographically broad or localized.
product_region_mix,product_region,Blankets,Midwest,3,region_rank_in_product,3.0,32,,,,,302235.1575,129942.7283,42.9939,,,,Check whether product strength is geographically broad or localized.
product_region_mix,product_region,Dining Furniture,South,1,region_rank_in_product,1.0,64,,,,,589741.5375,226163.7053,38.3496,,,,Check whether product strength is geographically broad or localized.
product_region_mix,product_region,Dining Furniture,West,2,region_rank_in_product,2.0,58,,,,,540861.52,182706.471,33.7806,,,,Check whether product strength is geographically broad or localized.
product_region_mix,product_region,Dining Furniture,Midwest,3,region_rank_in_product,3.0,37,,,,,342837.325,121164.2845,35.3416,,,,Check whether product strength is geographically broad or localized.
product_region_mix,product_region,TV and video,West,1,region_rank_in_product,1.0,56,,,,,527153.4875,198574.693,37.6692,,,,Check whether product strength is geographically broad or localized.
product_region_mix,product_region,TV and video,Midwest,2,region_rank_in_product,2.0,46,,,,,456970.6525,181101.4435,39.6309,,,,Check whether product strength is geographically broad or localized.
product_region_mix,product_region,TV and video,South,3,region_rank_in_product,3.0,56,,,,,428717.0875,173735.0185,40.5244,,,,Check whether product strength is geographically broad or localized.
customer_sales_concentration,portfolio,top_10_customers_by_sales,50,,top10_customer_sales_share,,,50,,,,17265608.0475,,,,,23.6052,Check whether customer value is concentrated in a small head.
customer_value_breadth,customer,ETUDE Ltd,16,1,customer_sales_rank,16.0,167,,,46,4,1569467.63,644998.176,41.0966,11.8862,20.8263,2.1457,"Compare customer value with product breadth, channel breadth, and quality signals."
customer_value_breadth,customer,Rochester Ltd,37,2,customer_sales_rank,37.0,142,,,40,4,1346355.955,539306.3048,40.0567,11.0739,21.1197,1.8407,"Compare customer value with product breadth, channel breadth, and quality signals."
customer_value_breadth,customer,Pacific Ltd,31,3,customer_sales_rank,31.0,167,,,46,4,1366847.57,536757.1545,39.2697,10.494,20.8862,1.8687,"Compare customer value with product breadth, channel breadth, and quality signals."
customer_value_breadth,customer,Linde ,43,4,customer_sales_rank,43.0,157,,,45,4,1262274.64,494928.408,39.2092,12.4522,20.5287,1.7258,"Compare customer value with product breadth, channel breadth, and quality signals."
customer_value_breadth,customer,Sundial ,19,5,customer_sales_rank,19.0,163,,,47,4,1530633.09,599500.0412,39.1668,10.3221,21.6748,2.0926,"Compare customer value with product breadth, channel breadth, and quality signals."
customer_value_breadth,customer,Procter Corp,27,6,customer_sales_rank,27.0,159,,,45,4,1426164.01,556283.069,39.0055,11.1792,19.6478,1.9498,"Compare customer value with product breadth, channel breadth, and quality signals."
customer_value_breadth,customer,Ei ,11,7,customer_sales_rank,11.0,171,,,44,4,1617932.415,627733.1365,38.7985,11.2865,20.269,2.212,"Compare customer value with product breadth, channel breadth, and quality signals."
customer_value_breadth,customer,Uriel Group,42,8,customer_sales_rank,42.0,152,,,47,4,1286679.725,497607.471,38.6738,11.5789,19.7039,1.7591,"Compare customer value with product breadth, channel breadth, and quality signals."
customer_value_breadth,customer,Llorens Ltd,25,9,customer_sales_rank,25.0,161,,,46,4,1445513.7775,555609.167,38.4368,11.5839,20.2484,1.9763,"Compare customer value with product breadth, channel breadth, and quality signals."
customer_value_breadth,customer,Weimei Corp,35,10,customer_sales_rank,35.0,161,,,45,4,1348606.82,518342.889,38.4354,11.0714,21.2609,1.8438,"Compare customer value with product breadth, channel breadth, and quality signals."
customer_value_breadth,customer,Wuxi Group,48,11,customer_sales_rank,48.0,144,,,45,4,1191193.5025,457217.285,38.3831,12.2049,21.3611,1.6286,"Compare customer value with product breadth, channel breadth, and quality signals."
customer_value_breadth,customer,Niconovum Corp,28,12,customer_sales_rank,28.0,168,,,46,4,1419584.4425,543012.96,38.2515,11.5179,20.494,1.9408,"Compare customer value with product breadth, channel breadth, and quality signals."
customer_value_breadth,customer,"Apotheca, Ltd",2,13,customer_sales_rank,2.0,179,,,46,4,1841004.56,701137.535,38.0845,11.7039,20.6034,2.517,"Compare customer value with product breadth, channel breadth, and quality signals."
customer_value_breadth,customer,Medline ,1,14,customer_sales_rank,1.0,210,,,47,4,2012877.315,765837.475,38.0469,11.7381,21.5429,2.752,"Compare customer value with product breadth, channel breadth, and quality signals."
customer_value_breadth,customer,Ohio ,8,15,customer_sales_rank,8.0,164,,,45,4,1642714.8775,624744.0018,38.0312,11.7988,20.8537,2.2459,"Compare customer value with product breadth, channel breadth, and quality signals."
customer_value_breadth,customer,Prasco Group,17,16,customer_sales_rank,17.0,162,,,47,4,1550515.34,589575.4697,38.0245,11.7438,20.284,2.1198,"Compare customer value with product breadth, channel breadth, and quality signals."
customer_value_breadth,customer,"Fenwal, Corp",22,17,customer_sales_rank,22.0,172,,,47,4,1462124.25,555698.6695,38.0063,11.9477,21.2384,1.999,"Compare customer value with product breadth, channel breadth, and quality signals."
customer_value_breadth,customer,Apollo Ltd,7,18,customer_sales_rank,7.0,178,,,46,4,1658924.8575,627509.487,37.8263,11.9663,21.2191,2.268,"Compare customer value with product breadth, channel breadth, and quality signals."
customer_value_breadth,customer,Victory Ltd,12,19,customer_sales_rank,12.0,176,,,46,4,1610879.1575,605520.8315,37.5895,10.9091,20.7216,2.2024,"Compare customer value with product breadth, channel breadth, and quality signals."
customer_value_breadth,customer,"3LAB, Ltd",30,20,customer_sales_rank,30.0,135,,,44,4,1373728.3025,514704.7197,37.4677,11.0926,21.2,1.8781,"Compare customer value with product breadth, channel breadth, and quality signals."
customer_value_breadth,customer,Mylan Corp,34,21,customer_sales_rank,34.0,153,,,47,4,1353089.455,506397.3448,37.4253,11.8137,20.3007,1.8499,"Compare customer value with product breadth, channel breadth, and quality signals."
customer_value_breadth,customer,OHTA'S Corp,13,22,customer_sales_rank,13.0,173,,,47,4,1595805.33,596768.5905,37.3961,13.1503,19.3815,2.1817,"Compare customer value with product breadth, channel breadth, and quality signals."
customer_value_breadth,customer,"PEDIFIX, Corp",36,23,customer_sales_rank,36.0,143,,,45,4,1347558.27,503502.6743,37.3641,10.7867,20.5944,1.8424,"Compare customer value with product breadth, channel breadth, and quality signals."
customer_value_breadth,customer,OUR Ltd,4,24,customer_sales_rank,4.0,176,,,47,4,1712639.595,638857.6945,37.3025,9.9148,21.0284,2.3415,"Compare customer value with product breadth, channel breadth, and quality signals."
customer_value_breadth,customer,"Exact-Rx, Corp",33,25,customer_sales_rank,33.0,151,,,45,4,1354668.1425,503864.9215,37.1947,12.4503,19.3709,1.8521,"Compare customer value with product breadth, channel breadth, and quality signals."
customer_value_breadth,customer,Burt's Corp,44,26,customer_sales_rank,44.0,151,,,47,4,1250649.6375,464043.056,37.1042,13.2781,20.9007,1.7099,"Compare customer value with product breadth, channel breadth, and quality signals."
customer_value_breadth,customer,Ascend Ltd,45,27,customer_sales_rank,45.0,150,,,47,4,1242309.98,460335.9573,37.0548,13.05,20.1333,1.6985,"Compare customer value with product breadth, channel breadth, and quality signals."
customer_value_breadth,customer,O.E. Ltd,21,28,customer_sales_rank,21.0,156,,,45,4,1462839.14,540959.6568,36.9801,11.1859,20.1346,2.0,"Compare customer value with product breadth, channel breadth, and quality signals."
customer_value_breadth,customer,Pure Group,3,29,customer_sales_rank,3.0,175,,,47,4,1770662.265,652958.3392,36.8765,10.9429,21.08,2.4208,"Compare customer value with product breadth, channel breadth, and quality signals."
customer_value_breadth,customer,New Ltd,29,30,customer_sales_rank,29.0,153,,,44,4,1388690.0725,511888.3935,36.8612,11.2255,20.1307,1.8986,"Compare customer value with product breadth, channel breadth, and quality signals."
customer_value_breadth,customer,E. Ltd,14,31,customer_sales_rank,14.0,164,,,44,4,1583601.7825,583579.1988,36.8514,11.6616,22.6402,2.1651,"Compare customer value with product breadth, channel breadth, and quality signals."
customer_value_breadth,customer,Avon Corp,50,32,customer_sales_rank,50.0,152,,,47,4,1175020.7075,432755.2712,36.8296,10.7566,20.7895,1.6065,"Compare customer value with product breadth, channel breadth, and quality signals."
customer_value_breadth,customer,Medsep Group,47,33,customer_sales_rank,47.0,142,,,45,4,1230549.135,452759.4512,36.7933,11.8662,20.8521,1.6824,"Compare customer value with product breadth, channel breadth, and quality signals."
customer_value_breadth,customer,S.S.S. Group,20,34,customer_sales_rank,20.0,159,,,46,4,1478469.57,543555.6047,36.7647,10.3931,20.5786,2.0213,"Compare customer value with product breadth, channel breadth, and quality signals."
customer_value_breadth,customer,"Elorac, Corp",10,35,customer_sales_rank,10.0,181,,,45,4,1628232.4925,598388.3473,36.7508,11.9199,19.3481,2.2261,"Compare customer value with product breadth, channel breadth, and quality signals."
customer_value_breadth,customer,Capweld ,38,36,customer_sales_rank,38.0,140,,,43,4,1345979.9175,494391.5693,36.731,10.0179,21.8214,1.8402,"Compare customer value with product breadth, channel breadth, and quality signals."
customer_value_breadth,customer,AuroMedics Corp,23,37,customer_sales_rank,23.0,152,,,46,4,1454026.63,532829.3568,36.6451,11.1678,19.8816,1.9879,"Compare customer value with product breadth, channel breadth, and quality signals."
customer_value_breadth,customer,WakeFern ,49,38,customer_sales_rank,49.0,135,,,43,4,1179320.4325,432057.9103,36.6362,11.1667,21.4963,1.6123,"Compare customer value with product breadth, channel breadth, and quality signals."
customer_value_breadth,customer,Trigen ,5,39,customer_sales_rank,5.0,156,,,43,4,1693781.9425,620264.736,36.6201,11.1218,20.641,2.3157,"Compare customer value with product breadth, channel breadth, and quality signals."
customer_value_breadth,customer,Dharma Ltd,46,40,customer_sales_rank,46.0,145,,,47,4,1238904.705,452200.869,36.5001,12.0345,19.931,1.6938,"Compare customer value with product breadth, channel breadth, and quality signals."
customer_value_breadth,customer,Nipro ,26,41,customer_sales_rank,26.0,156,,,47,4,1442208.3325,524936.7117,36.3981,11.3462,19.4038,1.9718,"Compare customer value with product breadth, channel breadth, and quality signals."
customer_value_breadth,customer,U.S. Ltd,39,42,customer_sales_rank,39.0,157,,,46,4,1337536.075,486509.3343,36.3735,11.4172,20.6242,1.8286,"Compare customer value with product breadth, channel breadth, and quality signals."
customer_value_breadth,customer,Qualitest ,18,43,customer_sales_rank,18.0,165,,,44,4,1541425.9525,558360.566,36.2236,10.3788,20.3939,2.1074,"Compare customer value with product breadth, channel breadth, and quality signals."
customer_value_breadth,customer,Eminence Corp,9,44,customer_sales_rank,9.0,186,,,46,4,1631552.51,590286.7123,36.1794,11.3172,20.9032,2.2306,"Compare customer value with product breadth, channel breadth, and quality signals."
customer_value_breadth,customer,Select ,24,45,customer_sales_rank,24.0,150,,,45,4,1451234.405,522820.658,36.0259,10.7333,20.5867,1.9841,"Compare customer value with product breadth, channel breadth, and quality signals."
customer_value_breadth,customer,21st Ltd,15,46,customer_sales_rank,15.0,158,,,45,4,1580759.14,555864.0692,35.1644,11.1234,21.4304,2.1612,"Compare customer value with product breadth, channel breadth, and quality signals."
customer_value_breadth,customer,Winthrop ,40,47,customer_sales_rank,40.0,156,,,45,4,1336979.975,467927.4063,34.9988,12.5321,21.3718,1.8279,"Compare customer value with product breadth, channel breadth, and quality signals."
customer_value_breadth,customer,Bare ,41,48,customer_sales_rank,41.0,152,,,44,4,1332987.445,465279.7538,34.905,11.102,20.9079,1.8224,"Compare customer value with product breadth, channel breadth, and quality signals."
customer_value_breadth,customer,Amylin Group,32,49,customer_sales_rank,32.0,145,,,45,4,1364656.8375,471134.7983,34.524,11.2069,21.4345,1.8657,"Compare customer value with product breadth, channel breadth, and quality signals."
customer_value_breadth,customer,Ole Group,6,50,customer_sales_rank,6.0,171,,,47,4,1673217.6325,569885.101,34.0592,11.2427,19.924,2.2876,"Compare customer value with product breadth, channel breadth, and quality signals."
customer_product_preference,customer_product,ETUDE Ltd,Wine Storage,1,product_rank_in_customer,1.0,7,,,,,114278.885,36887.2295,32.2783,,,7.2814,Check whether high-value customers are broad buyers or concentrated around one product.
customer_product_preference,customer_product,ETUDE Ltd,Furniture Cushions,2,product_rank_in_customer,2.0,8,,,,,94799.64,48686.938,51.3577,,,6.0402,Check whether high-value customers are broad buyers or concentrated around one product.
customer_product_preference,customer_product,ETUDE Ltd,Cookware,3,product_rank_in_customer,3.0,7,,,,,93405.37,44314.647,47.4434,,,5.9514,Check whether high-value customers are broad buyers or concentrated around one product.
customer_product_preference,customer_product,Medline ,Floral,1,product_rank_in_customer,1.0,7,,,,,135192.935,62879.236,46.5107,,,6.7164,Check whether high-value customers are broad buyers or concentrated around one product.
customer_product_preference,customer_product,Medline ,Accessories,2,product_rank_in_customer,2.0,9,,,,,132613.6025,51090.2632,38.5257,,,6.5883,Check whether high-value customers are broad buyers or concentrated around one product.
customer_product_preference,customer_product,Medline ,Wall Coverings,3,product_rank_in_customer,3.0,7,,,,,91240.7675,36085.791,39.5501,,,4.5329,Check whether high-value customers are broad buyers or concentrated around one product.
customer_product_preference,customer_product,Pacific Ltd,Ornaments,1,product_rank_in_customer,1.0,5,,,,,70539.61,34588.595,49.0343,,,5.1608,Check whether high-value customers are broad buyers or concentrated around one product.
customer_product_preference,customer_product,Pacific Ltd,Dinnerware,2,product_rank_in_customer,2.0,7,,,,,68291.9275,21529.5098,31.5257,,,4.9963,Check whether high-value customers are broad buyers or concentrated around one product.
customer_product_preference,customer_product,Pacific Ltd,TV and video,3,product_rank_in_customer,3.0,5,,,,,64217.49,29124.636,45.3531,,,4.6982,Check whether high-value customers are broad buyers or concentrated around one product.
customer_product_preference,customer_product,Victory Ltd,Bakeware,1,product_rank_in_customer,1.0,6,,,,,111598.0475,28750.602,25.7626,,,6.9278,Check whether high-value customers are broad buyers or concentrated around one product.
customer_product_preference,customer_product,Victory Ltd,Wreaths,2,product_rank_in_customer,2.0,10,,,,,68946.5175,25331.3628,36.7406,,,4.2801,Check whether high-value customers are broad buyers or concentrated around one product.
customer_product_preference,customer_product,Victory Ltd,Baseball,3,product_rank_in_customer,3.0,7,,,,,68280.2025,21936.4488,32.1271,,,4.2387,Check whether high-value customers are broad buyers or concentrated around one product.
customer_product_preference,customer_product,"3LAB, Ltd",Stemware,1,product_rank_in_customer,1.0,6,,,,,86126.49,39338.801,45.6756,,,6.2695,Check whether high-value customers are broad buyers or concentrated around one product.
customer_product_preference,customer_product,"3LAB, Ltd",Blankets,2,product_rank_in_customer,2.0,3,,,,,76973.285,31371.71,40.7566,,,5.6032,Check whether high-value customers are broad buyers or concentrated around one product.
customer_product_preference,customer_product,"3LAB, Ltd",Rugs,3,product_rank_in_customer,3.0,6,,,,,75583.37,19683.387,26.042,,,5.5021,Check whether high-value customers are broad buyers or concentrated around one product.
customer_product_preference,customer_product,Linde ,Phones,1,product_rank_in_customer,1.0,7,,,,,88239.5025,34874.1858,39.5222,,,6.9905,Check whether high-value customers are broad buyers or concentrated around one product.
customer_product_preference,customer_product,Linde ,Dinnerware,2,product_rank_in_customer,2.0,8,,,,,74225.615,38110.8455,51.3446,,,5.8803,Check whether high-value customers are broad buyers or concentrated around one product.
customer_product_preference,customer_product,Linde ,Cookware,3,product_rank_in_customer,3.0,6,,,,,68614.1975,19645.3283,28.6316,,,5.4358,Check whether high-value customers are broad buyers or concentrated around one product.
customer_product_preference,customer_product,Wuxi Group,Cocktail Glasses,1,product_rank_in_customer,1.0,8,,,,,94894.445,44761.4988,47.1698,,,7.9663,Check whether high-value customers are broad buyers or concentrated around one product.
customer_product_preference,customer_product,Wuxi Group,Sculptures,2,product_rank_in_customer,2.0,6,,,,,75679.515,34630.1305,45.7589,,,6.3533,Check whether high-value customers are broad buyers or concentrated around one product.
customer_product_preference,customer_product,Wuxi Group,Floral,3,product_rank_in_customer,3.0,7,,,,,63814.9875,22069.5875,34.5837,,,5.3572,Check whether high-value customers are broad buyers or concentrated around one product.
customer_product_preference,customer_product,Llorens Ltd,Collectibles,1,product_rank_in_customer,1.0,8,,,,,100805.52,42087.608,41.7513,,,6.9737,Check whether high-value customers are broad buyers or concentrated around one product.
customer_product_preference,customer_product,Llorens Ltd,TV and video,2,product_rank_in_customer,2.0,4,,,,,85296.025,28551.838,33.4738,,,5.9007,Check whether high-value customers are broad buyers or concentrated around one product.
customer_product_preference,customer_product,Llorens Ltd,Outdoor Decor,3,product_rank_in_customer,3.0,3,,,,,68179.87,24375.1525,35.7512,,,4.7167,Check whether high-value customers are broad buyers or concentrated around one product.
customer_product_preference,customer_product,Trigen ,Collectibles,1,product_rank_in_customer,1.0,8,,,,,139825.4825,49616.9593,35.4849,,,8.2552,Check whether high-value customers are broad buyers or concentrated around one product.
customer_product_preference,customer_product,Trigen ,Bakeware,2,product_rank_in_customer,2.0,7,,,,,90658.035,34974.051,38.578,,,5.3524,Check whether high-value customers are broad buyers or concentrated around one product.
customer_product_preference,customer_product,Trigen ,Floor Lamps,3,product_rank_in_customer,3.0,5,,,,,88465.795,34584.9563,39.0942,,,5.223,Check whether high-value customers are broad buyers or concentrated around one product.
customer_product_preference,customer_product,U.S. Ltd,Wardrobes,1,product_rank_in_customer,1.0,5,,,,,78348.2925,30696.441,39.1795,,,5.8577,Check whether high-value customers are broad buyers or concentrated around one product.
customer_product_preference,customer_product,U.S. Ltd,Festive,2,product_rank_in_customer,2.0,4,,,,,71237.415,23323.9922,32.7412,,,5.326,Check whether high-value customers are broad buyers or concentrated around one product.
customer_product_preference,customer_product,U.S. Ltd,Mirrors,3,product_rank_in_customer,3.0,5,,,,,69385.87,19331.4855,27.8608,,,5.1876,Check whether high-value customers are broad buyers or concentrated around one product.
customer_product_preference,customer_product,Apollo Ltd,Bedroom Furniture,1,product_rank_in_customer,1.0,7,,,,,116157.3975,41244.3477,35.5073,,,7.002,Check whether high-value customers are broad buyers or concentrated around one product.
customer_product_preference,customer_product,Apollo Ltd,Candles,2,product_rank_in_customer,2.0,7,,,,,104382.985,36646.4375,35.1077,,,6.2922,Check whether high-value customers are broad buyers or concentrated around one product.
customer_product_preference,customer_product,Apollo Ltd,Home Fragrances,3,product_rank_in_customer,3.0,6,,,,,90297.0725,31678.9525,35.083,,,5.4431,Check whether high-value customers are broad buyers or concentrated around one product.
customer_product_preference,customer_product,"Elorac, Corp",Dining Furniture,1,product_rank_in_customer,1.0,6,,,,,100488.7775,33148.899,32.9877,,,6.1716,Check whether high-value customers are broad buyers or concentrated around one product.
customer_product_preference,customer_product,"Elorac, Corp",Furniture Cushions,2,product_rank_in_customer,2.0,9,,,,,93681.9125,38417.779,41.0087,,,5.7536,Check whether high-value customers are broad buyers or concentrated around one product.
customer_product_preference,customer_product,"Elorac, Corp",Vanities,3,product_rank_in_customer,3.0,6,,,,,88064.8,28584.3095,32.4583,,,5.4086,Check whether high-value customers are broad buyers or concentrated around one product.
customer_product_preference,customer_product,Prasco Group,Bar Tools,1,product_rank_in_customer,1.0,6,,,,,109455.22,36232.2,33.1023,,,7.0593,Check whether high-value customers are broad buyers or concentrated around one product.
customer_product_preference,customer_product,Prasco Group,Furniture Cushions,2,product_rank_in_customer,2.0,7,,,,,105124.675,37251.0038,35.4351,,,6.78,Check whether high-value customers are broad buyers or concentrated around one product.
customer_product_preference,customer_product,Prasco Group,TV and video,3,product_rank_in_customer,3.0,6,,,,,74030.98,26968.7068,36.4289,,,4.7746,Check whether high-value customers are broad buyers or concentrated around one product.
customer_product_preference,customer_product,Mylan Corp,Wardrobes,1,product_rank_in_customer,1.0,6,,,,,80222.785,34649.3965,43.1915,,,5.9289,Check whether high-value customers are broad buyers or concentrated around one product.
customer_product_preference,customer_product,Mylan Corp,Clocks,2,product_rank_in_customer,2.0,5,,,,,76625.555,20333.189,26.5358,,,5.663,Check whether high-value customers are broad buyers or concentrated around one product.
customer_product_preference,customer_product,Mylan Corp,Basketball,3,product_rank_in_customer,3.0,5,,,,,64542.6075,31877.034,49.3891,,,4.77,Check whether high-value customers are broad buyers or concentrated around one product.
customer_product_preference,customer_product,Uriel Group,Bathroom Furniture,1,product_rank_in_customer,1.0,7,,,,,101236.33,36168.166,35.7265,,,7.868,Check whether high-value customers are broad buyers or concentrated around one product.
customer_product_preference,customer_product,Uriel Group,Pillows,2,product_rank_in_customer,2.0,5,,,,,99735.195,45592.6605,45.7137,,,7.7514,Check whether high-value customers are broad buyers or concentrated around one product.
customer_product_preference,customer_product,Uriel Group,Vases,3,product_rank_in_customer,3.0,6,,,,,71930.3625,25846.4865,35.9327,,,5.5904,Check whether high-value customers are broad buyers or concentrated around one product.
customer_product_preference,customer_product,Winthrop ,Bathroom Furniture,1,product_rank_in_customer,1.0,6,,,,,86737.53,24775.529,28.5638,,,6.4876,Check whether high-value customers are broad buyers or concentrated around one product.
customer_product_preference,customer_product,Winthrop ,Stemware,2,product_rank_in_customer,2.0,5,,,,,83767.755,22434.3025,26.7815,,,6.2654,Check whether high-value customers are broad buyers or concentrated around one product.
customer_product_preference,customer_product,Winthrop ,Wine Storage,3,product_rank_in_customer,3.0,7,,,,,75248.37,30110.5105,40.0148,,,5.6282,Check whether high-value customers are broad buyers or concentrated around one product.
customer_product_preference,customer_product,AuroMedics Corp,Festive,1,product_rank_in_customer,1.0,8,,,,,125623.325,49985.3015,39.7898,,,8.6397,Check whether high-value customers are broad buyers or concentrated around one product.
customer_product_preference,customer_product,AuroMedics Corp,Photo Frames,2,product_rank_in_customer,2.0,5,,,,,78603.395,29152.9375,37.0886,,,5.4059,Check whether high-value customers are broad buyers or concentrated around one product.
customer_product_preference,customer_product,AuroMedics Corp,Clocks,3,product_rank_in_customer,3.0,4,,,,,76622.54,27713.2188,36.1685,,,5.2697,Check whether high-value customers are broad buyers or concentrated around one product.
customer_product_preference,customer_product,Weimei Corp,Basketball,1,product_rank_in_customer,1.0,8,,,,,112518.9625,35967.8508,31.966,,,8.3433,Check whether high-value customers are broad buyers or concentrated around one product.
customer_product_preference,customer_product,Weimei Corp,Clocks,2,product_rank_in_customer,2.0,7,,,,,71300.73,26231.8975,36.7905,,,5.287,Check whether high-value customers are broad buyers or concentrated around one product.
customer_product_preference,customer_product,Weimei Corp,Dining Furniture,3,product_rank_in_customer,3.0,7,,,,,56575.135,22993.0955,40.6417,,,4.1951,Check whether high-value customers are broad buyers or concentrated around one product.
customer_product_preference,customer_product,Avon Corp,Accessories,1,product_rank_in_customer,1.0,6,,,,,103233.0975,42332.8058,41.007,,,8.7856,Check whether high-value customers are broad buyers or concentrated around one product.
customer_product_preference,customer_product,Avon Corp,Basketball,2,product_rank_in_customer,2.0,5,,,,,66589.29,16417.004,24.6541,,,5.6671,Check whether high-value customers are broad buyers or concentrated around one product.
customer_product_preference,customer_product,Avon Corp,Home Fragrances,3,product_rank_in_customer,3.0,5,,,,,59552.95,14695.769,24.6768,,,5.0682,Check whether high-value customers are broad buyers or concentrated around one product.
customer_product_preference,customer_product,Nipro ,Mirrors,1,product_rank_in_customer,1.0,5,,,,,89463.425,42926.5635,47.9822,,,6.2032,Check whether high-value customers are broad buyers or concentrated around one product.
customer_product_preference,customer_product,Nipro ,Pendants,2,product_rank_in_customer,2.0,4,,,,,79519.955,24734.9745,31.1054,,,5.5138,Check whether high-value customers are broad buyers or concentrated around one product.
customer_product_preference,customer_product,Nipro ,Bathroom Furniture,3,product_rank_in_customer,3.0,5,,,,,75582.365,23665.74,31.3112,,,5.2407,Check whether high-value customers are broad buyers or concentrated around one product.
customer_product_preference,customer_product,Procter Corp,Accessories,1,product_rank_in_customer,1.0,8,,,,,99745.0775,44301.9838,44.4152,,,6.9939,Check whether high-value customers are broad buyers or concentrated around one product.
customer_product_preference,customer_product,Procter Corp,Dinnerware,2,product_rank_in_customer,2.0,7,,,,,98450.9725,44358.775,45.0567,,,6.9032,Check whether high-value customers are broad buyers or concentrated around one product.
customer_product_preference,customer_product,Procter Corp,Pendants,3,product_rank_in_customer,3.0,5,,,,,92052.975,32119.578,34.8925,,,6.4546,Check whether high-value customers are broad buyers or concentrated around one product.
customer_product_preference,customer_product,WakeFern ,Table Linens,1,product_rank_in_customer,1.0,4,,,,,85441.08,26898.551,31.482,,,7.2449,Check whether high-value customers are broad buyers or concentrated around one product.
customer_product_preference,customer_product,WakeFern ,Pillows,2,product_rank_in_customer,2.0,6,,,,,78586.1425,21304.7803,27.1101,,,6.6637,Check whether high-value customers are broad buyers or concentrated around one product.
customer_product_preference,customer_product,WakeFern ,Platters,3,product_rank_in_customer,3.0,3,,,,,63365.25,18736.724,29.5694,,,5.373,Check whether high-value customers are broad buyers or concentrated around one product.
customer_product_preference,customer_product,S.S.S. Group,Ornaments,1,product_rank_in_customer,1.0,7,,,,,120362.9875,43857.6493,36.4378,,,8.1411,Check whether high-value customers are broad buyers or concentrated around one product.
customer_product_preference,customer_product,S.S.S. Group,Pendants,2,product_rank_in_customer,2.0,7,,,,,98193.19,32405.2155,33.0015,,,6.6415,Check whether high-value customers are broad buyers or concentrated around one product.
customer_product_preference,customer_product,S.S.S. Group,Collectibles,3,product_rank_in_customer,3.0,6,,,,,82768.45,33017.4743,39.8914,,,5.5983,Check whether high-value customers are broad buyers or concentrated around one product.
customer_product_preference,customer_product,Dharma Ltd,Serveware,1,product_rank_in_customer,1.0,10,,,,,81823.08,33325.0235,40.7281,,,6.6045,Check whether high-value customers are broad buyers or concentrated around one product.
customer_product_preference,customer_product,Dharma Ltd,Wreaths,2,product_rank_in_customer,2.0,6,,,,,74116.74,19435.6685,26.223,,,5.9824,Check whether high-value customers are broad buyers or concentrated around one product.
customer_product_preference,customer_product,Dharma Ltd,Floral,3,product_rank_in_customer,3.0,4,,,,,54643.6925,16427.144,30.0623,,,4.4106,Check whether high-value customers are broad buyers or concentrated around one product.
customer_product_preference,customer_product,E. Ltd,Wall Frames,1,product_rank_in_customer,1.0,10,,,,,123535.1025,43678.6703,35.3573,,,7.8009,Check whether high-value customers are broad buyers or concentrated around one product.
customer_product_preference,customer_product,E. Ltd,Mirrors,2,product_rank_in_customer,2.0,8,,,,,99290.65,29063.9625,29.2716,,,6.2699,Check whether high-value customers are broad buyers or concentrated around one product.
customer_product_preference,customer_product,E. Ltd,Blankets,3,product_rank_in_customer,3.0,8,,,,,85282.29,32140.7775,37.6875,,,5.3853,Check whether high-value customers are broad buyers or concentrated around one product.
customer_product_preference,customer_product,Niconovum Corp,Bathroom Furniture,1,product_rank_in_customer,1.0,7,,,,,131669.5725,50994.0665,38.7288,,,9.2752,Check whether high-value customers are broad buyers or concentrated around one product.
customer_product_preference,customer_product,Niconovum Corp,Wall Frames,2,product_rank_in_customer,2.0,7,,,,,96434.105,39467.7318,40.9272,,,6.7931,Check whether high-value customers are broad buyers or concentrated around one product.
customer_product_preference,customer_product,Niconovum Corp,Table Lamps,3,product_rank_in_customer,3.0,7,,,,,81223.765,29891.267,36.8011,,,5.7217,Check whether high-value customers are broad buyers or concentrated around one product.
customer_product_preference,customer_product,OHTA'S Corp,Outdoor Decor,1,product_rank_in_customer,1.0,10,,,,,102202.135,33388.2538,32.6688,,,6.4044,Check whether high-value customers are broad buyers or concentrated around one product.
customer_product_preference,customer_product,OHTA'S Corp,Cookware,2,product_rank_in_customer,2.0,7,,,,,82382.865,35638.428,43.2595,,,5.1625,Check whether high-value customers are broad buyers or concentrated around one product.
customer_product_preference,customer_product,OHTA'S Corp,Festive,3,product_rank_in_customer,3.0,5,,,,,78436.9,35414.672,45.1505,,,4.9152,Check whether high-value customers are broad buyers or concentrated around one product.
customer_product_preference,customer_product,Sundial ,Wall Frames,1,product_rank_in_customer,1.0,5,,,,,87275.54,35114.58,40.2342,,,5.7019,Check whether high-value customers are broad buyers or concentrated around one product.
customer_product_preference,customer_product,Sundial ,Dinnerware,2,product_rank_in_customer,2.0,6,,,,,70531.235,24444.605,34.6578,,,4.608,Check whether high-value customers are broad buyers or concentrated around one product.
customer_product_preference,customer_product,Sundial ,Floral,3,product_rank_in_customer,3.0,5,,,,,70452.3425,25784.2895,36.5982,,,4.6028,Check whether high-value customers are broad buyers or concentrated around one product.
customer_product_preference,customer_product,Burt's Corp,Collectibles,1,product_rank_in_customer,1.0,5,,,,,82329.265,28666.4338,34.8193,,,6.5829,Check whether high-value customers are broad buyers or concentrated around one product.
customer_product_preference,customer_product,Burt's Corp,Stemware,2,product_rank_in_customer,2.0,3,,,,,72365.36,24011.228,33.1806,,,5.7862,Check whether high-value customers are broad buyers or concentrated around one product.
customer_product_preference,customer_product,Burt's Corp,Table Linens,3,product_rank_in_customer,3.0,6,,,,,70229.4,30206.8865,43.0117,,,5.6154,Check whether high-value customers are broad buyers or concentrated around one product.
customer_product_preference,customer_product,Medsep Group,Table Lamps,1,product_rank_in_customer,1.0,9,,,,,110817.665,35125.886,31.697,,,9.0055,Check whether high-value customers are broad buyers or concentrated around one product.
customer_product_preference,customer_product,Medsep Group,Wardrobes,2,product_rank_in_customer,2.0,6,,,,,77763.215,17740.9185,22.814,,,6.3194,Check whether high-value customers are broad buyers or concentrated around one product.
customer_product_preference,customer_product,Medsep Group,Floor Lamps,3,product_rank_in_customer,3.0,5,,,,,67202.005,21161.4445,31.4893,,,5.4611,Check whether high-value customers are broad buyers or concentrated around one product.
customer_product_preference,customer_product,Ohio ,Basketball,1,product_rank_in_customer,1.0,3,,,,,87165.995,30296.986,34.7578,,,5.3062,Check whether high-value customers are broad buyers or concentrated around one product.
customer_product_preference,customer_product,Ohio ,Pendants,2,product_rank_in_customer,2.0,8,,,,,82977.49,22447.944,27.0531,,,5.0512,Check whether high-value customers are broad buyers or concentrated around one product.
customer_product_preference,customer_product,Ohio ,Table Linens,3,product_rank_in_customer,3.0,9,,,,,82079.8575,34340.3828,41.8378,,,4.9966,Check whether high-value customers are broad buyers or concentrated around one product.
customer_product_preference,customer_product,"PEDIFIX, Corp",Collectibles,1,product_rank_in_customer,1.0,5,,,,,77400.5775,37391.6575,48.3093,,,5.7438,Check whether high-value customers are broad buyers or concentrated around one product.
customer_product_preference,customer_product,"PEDIFIX, Corp",Wardrobes,2,product_rank_in_customer,2.0,4,,,,,72427.5025,24497.861,33.824,,,5.3747,Check whether high-value customers are broad buyers or concentrated around one product.
customer_product_preference,customer_product,"PEDIFIX, Corp",Photo Frames,3,product_rank_in_customer,3.0,5,,,,,70247.49,25163.339,35.821,,,5.2129,Check whether high-value customers are broad buyers or concentrated around one product.
customer_product_preference,customer_product,"Apotheca, Ltd",Table Linens,1,product_rank_in_customer,1.0,5,,,,,115166.635,47371.307,41.1328,,,6.2556,Check whether high-value customers are broad buyers or concentrated around one product.
customer_product_preference,customer_product,"Apotheca, Ltd",Cocktail Glasses,2,product_rank_in_customer,2.0,8,,,,,108776.845,49637.3988,45.6323,,,5.9086,Check whether high-value customers are broad buyers or concentrated around one product.
customer_product_preference,customer_product,"Apotheca, Ltd",Collectibles,3,product_rank_in_customer,3.0,7,,,,,97763.385,36977.3235,37.8233,,,5.3103,Check whether high-value customers are broad buyers or concentrated around one product.
customer_product_preference,customer_product,Ascend Ltd,Mirrors,1,product_rank_in_customer,1.0,6,,,,,81806.665,27165.5705,33.207,,,6.585,Check whether high-value customers are broad buyers or concentrated around one product.
customer_product_preference,customer_product,Ascend Ltd,Rugs,2,product_rank_in_customer,2.0,6,,,,,79246.4275,18176.7913,22.937,,,6.379,Check whether high-value customers are broad buyers or concentrated around one product.
customer_product_preference,customer_product,Ascend Ltd,Festive,3,product_rank_in_customer,3.0,6,,,,,59958.97,22553.1745,37.6143,,,4.8264,Check whether high-value customers are broad buyers or concentrated around one product.
customer_product_preference,customer_product,O.E. Ltd,Wardrobes,1,product_rank_in_customer,1.0,7,,,,,106869.02,31735.3535,29.6956,,,7.3056,Check whether high-value customers are broad buyers or concentrated around one product.
customer_product_preference,customer_product,O.E. Ltd,Pendants,2,product_rank_in_customer,2.0,6,,,,,97718.495,26630.049,27.2518,,,6.6801,Check whether high-value customers are broad buyers or concentrated around one product.
customer_product_preference,customer_product,O.E. Ltd,Wall Frames,3,product_rank_in_customer,3.0,5,,,,,90447.99,22525.087,24.9039,,,6.183,Check whether high-value customers are broad buyers or concentrated around one product.
customer_product_preference,customer_product,Select ,Phones,1,product_rank_in_customer,1.0,8,,,,,86126.49,27381.8285,31.7926,,,5.9347,Check whether high-value customers are broad buyers or concentrated around one product.
customer_product_preference,customer_product,Select ,Sculptures,2,product_rank_in_customer,2.0,5,,,,,80332.8325,17347.0393,21.594,,,5.5355,Check whether high-value customers are broad buyers or concentrated around one product.
customer_product_preference,customer_product,Select ,Bar Tools,3,product_rank_in_customer,3.0,4,,,,,76054.715,31188.992,41.0086,,,5.2407,Check whether high-value customers are broad buyers or concentrated around one product.
customer_product_preference,customer_product,21st Ltd,Festive,1,product_rank_in_customer,1.0,6,,,,,95692.5825,38322.9645,40.048,,,6.0536,Check whether high-value customers are broad buyers or concentrated around one product.
customer_product_preference,customer_product,21st Ltd,Accessories,2,product_rank_in_customer,2.0,7,,,,,95481.03,28511.4515,29.8609,,,6.0402,Check whether high-value customers are broad buyers or concentrated around one product.
customer_product_preference,customer_product,21st Ltd,Floral,3,product_rank_in_customer,3.0,7,,,,,92994.66,34825.1375,37.4485,,,5.8829,Check whether high-value customers are broad buyers or concentrated around one product.
customer_product_preference,customer_product,Bare ,Cocktail Glasses,1,product_rank_in_customer,1.0,7,,,,,104957.6775,38668.8168,36.8423,,,7.8739,Check whether high-value customers are broad buyers or concentrated around one product.
customer_product_preference,customer_product,Bare ,Collectibles,2,product_rank_in_customer,2.0,6,,,,,67278.72,24891.273,36.9972,,,5.0472,Check whether high-value customers are broad buyers or concentrated around one product.
customer_product_preference,customer_product,Bare ,Pendants,3,product_rank_in_customer,3.0,6,,,,,66931.1575,20963.9808,31.3217,,,5.0211,Check whether high-value customers are broad buyers or concentrated around one product.
customer_product_preference,customer_product,Eminence Corp,Wardrobes,1,product_rank_in_customer,1.0,9,,,,,143254.375,43792.5135,30.5698,,,8.7802,Check whether high-value customers are broad buyers or concentrated around one product.
customer_product_preference,customer_product,Eminence Corp,Platters,2,product_rank_in_customer,2.0,7,,,,,92642.24,37045.3098,39.9875,,,5.6782,Check whether high-value customers are broad buyers or concentrated around one product.
customer_product_preference,customer_product,Eminence Corp,Bar Tools,3,product_rank_in_customer,3.0,8,,,,,82157.075,31495.3695,38.3356,,,5.0355,Check whether high-value customers are broad buyers or concentrated around one product.
customer_product_preference,customer_product,Ole Group,Collectibles,1,product_rank_in_customer,1.0,3,,,,,75883.195,22567.22,29.7394,,,4.5352,Check whether high-value customers are broad buyers or concentrated around one product.
customer_product_preference,customer_product,Ole Group,Candleholders,2,product_rank_in_customer,2.0,4,,,,,72075.25,27388.323,37.9996,,,4.3076,Check whether high-value customers are broad buyers or concentrated around one product.
customer_product_preference,customer_product,Ole Group,Furniture Cushions,3,product_rank_in_customer,3.0,6,,,,,63442.97,16941.192,26.703,,,3.7917,Check whether high-value customers are broad buyers or concentrated around one product.
customer_product_preference,customer_product,Rochester Ltd,Candles,1,product_rank_in_customer,1.0,8,,,,,105784.29,40879.478,38.6442,,,7.8571,Check whether high-value customers are broad buyers or concentrated around one product.
customer_product_preference,customer_product,Rochester Ltd,Mirrors,2,product_rank_in_customer,2.0,9,,,,,90163.91,41084.1965,45.5661,,,6.6969,Check whether high-value customers are broad buyers or concentrated around one product.
customer_product_preference,customer_product,Rochester Ltd,Accessories,3,product_rank_in_customer,3.0,5,,,,,76991.71,31513.48,40.931,,,5.7185,Check whether high-value customers are broad buyers or concentrated around one product.
customer_product_preference,customer_product,Amylin Group,Rugs,1,product_rank_in_customer,1.0,7,,,,,115749.535,49439.4785,42.7125,,,8.482,Check whether high-value customers are broad buyers or concentrated around one product.
customer_product_preference,customer_product,Amylin Group,Candles,2,product_rank_in_customer,2.0,4,,,,,72569.71,20847.187,28.7271,,,5.3178,Check whether high-value customers are broad buyers or concentrated around one product.
customer_product_preference,customer_product,Amylin Group,Mirrors,3,product_rank_in_customer,3.0,3,,,,,72320.805,28267.5535,39.0863,,,5.2996,Check whether high-value customers are broad buyers or concentrated around one product.
customer_product_preference,customer_product,Ei ,Sculptures,1,product_rank_in_customer,1.0,7,,,,,112107.08,54958.2735,49.023,,,6.929,Check whether high-value customers are broad buyers or concentrated around one product.
customer_product_preference,customer_product,Ei ,Bathroom Furniture,2,product_rank_in_customer,2.0,4,,,,,106340.8925,49117.2228,46.1885,,,6.5726,Check whether high-value customers are broad buyers or concentrated around one product.
customer_product_preference,customer_product,Ei ,Furniture Cushions,3,product_rank_in_customer,3.0,7,,,,,78776.59,35121.8787,44.5842,,,4.869,Check whether high-value customers are broad buyers or concentrated around one product.
customer_product_preference,customer_product,"Fenwal, Corp",Candleholders,1,product_rank_in_customer,1.0,10,,,,,74843.355,33062.9153,44.1762,,,5.1188,Check whether high-value customers are broad buyers or concentrated around one product.
customer_product_preference,customer_product,"Fenwal, Corp",Bean Bags,2,product_rank_in_customer,2.0,4,,,,,68891.745,26888.698,39.0304,,,4.7118,Check whether high-value customers are broad buyers or concentrated around one product.
customer_product_preference,customer_product,"Fenwal, Corp",TV and video,3,product_rank_in_customer,3.0,5,,,,,64499.56,27570.3865,42.7451,,,4.4114,Check whether high-value customers are broad buyers or concentrated around one product.
customer_product_preference,customer_product,Pure Group,Wall Frames,1,product_rank_in_customer,1.0,7,,,,,103880.82,34194.917,32.9175,,,5.8668,Check whether high-value customers are broad buyers or concentrated around one product.
customer_product_preference,customer_product,Pure Group,Vanities,2,product_rank_in_customer,2.0,6,,,,,85525.3325,33793.9118,39.5133,,,4.8301,Check whether high-value customers are broad buyers or concentrated around one product.
customer_product_preference,customer_product,Pure Group,Computers,3,product_rank_in_customer,3.0,4,,,,,75537.81,22346.9095,29.5837,,,4.2661,Check whether high-value customers are broad buyers or concentrated around one product.
customer_product_preference,customer_product,Qualitest ,Pillows,1,product_rank_in_customer,1.0,6,,,,,117933.065,41648.3645,35.3153,,,7.6509,Check whether high-value customers are broad buyers or concentrated around one product.
customer_product_preference,customer_product,Qualitest ,Vanities,2,product_rank_in_customer,2.0,6,,,,,111240.77,44129.7513,39.6705,,,7.2167,Check whether high-value customers are broad buyers or concentrated around one product.
customer_product_preference,customer_product,Qualitest ,Accessories,3,product_rank_in_customer,3.0,7,,,,,81341.015,22639.0405,27.8323,,,5.277,Check whether high-value customers are broad buyers or concentrated around one product.
customer_product_preference,customer_product,Capweld ,Bar Tools,1,product_rank_in_customer,1.0,4,,,,,98765.035,28068.1268,28.4191,,,7.3378,Check whether high-value customers are broad buyers or concentrated around one product.
customer_product_preference,customer_product,Capweld ,Furniture Cushions,2,product_rank_in_customer,2.0,6,,,,,82462.93,20800.6285,25.2242,,,6.1266,Check whether high-value customers are broad buyers or concentrated around one product.
customer_product_preference,customer_product,Capweld ,Platters,3,product_rank_in_customer,3.0,6,,,,,77261.385,27385.0547,35.4447,,,5.7402,Check whether high-value customers are broad buyers or concentrated around one product.
customer_product_preference,customer_product,"Exact-Rx, Corp",Basketball,1,product_rank_in_customer,1.0,4,,,,,75519.72,33829.7325,44.7959,,,5.5748,Check whether high-value customers are broad buyers or concentrated around one product.
customer_product_preference,customer_product,"Exact-Rx, Corp",Wall Frames,2,product_rank_in_customer,2.0,5,,,,,71430.8775,29988.4445,41.9825,,,5.2729,Check whether high-value customers are broad buyers or concentrated around one product.
customer_product_preference,customer_product,"Exact-Rx, Corp",Sculptures,3,product_rank_in_customer,3.0,6,,,,,62004.9825,17402.473,28.0662,,,4.5771,Check whether high-value customers are broad buyers or concentrated around one product.
customer_product_preference,customer_product,New Ltd,Dining Furniture,1,product_rank_in_customer,1.0,4,,,,,99160.67,22164.2868,22.3519,,,7.1406,Check whether high-value customers are broad buyers or concentrated around one product.
customer_product_preference,customer_product,New Ltd,Computers,2,product_rank_in_customer,2.0,5,,,,,80076.39,23793.997,29.7141,,,5.7663,Check whether high-value customers are broad buyers or concentrated around one product.
customer_product_preference,customer_product,New Ltd,Furniture Cushions,3,product_rank_in_customer,3.0,7,,,,,78382.4625,27963.208,35.6753,,,5.6443,Check whether high-value customers are broad buyers or concentrated around one product.
customer_product_preference,customer_product,OUR Ltd,Table Lamps,1,product_rank_in_customer,1.0,8,,,,,101358.94,33747.7455,33.2953,,,5.9183,Check whether high-value customers are broad buyers or concentrated around one product.
customer_product_preference,customer_product,OUR Ltd,Accessories,2,product_rank_in_customer,2.0,5,,,,,83396.4075,35482.4833,42.5468,,,4.8695,Check whether high-value customers are broad buyers or concentrated around one product.
customer_product_preference,customer_product,OUR Ltd,Bedroom Furniture,3,product_rank_in_customer,3.0,6,,,,,74722.2525,25546.174,34.1882,,,4.363,Check whether high-value customers are broad buyers or concentrated around one product.
