evidence_block,grain,item,item_2,item_3,rank_label,rank_value,customer_count,address_count,active_address_count,inactive_address_count,order_count,line_count,total_order_value,avg_order_value,shipping_cost,country_count,share_pct,secondary_value,notes
active_address_coverage,active_address_bucket,multiple_active_addresses,,,active_bucket_value_rank,1.0,838,2043,1788,255,4620,4620,46488.98,9.6021,12.2421,2.3067,61.6154,1.7458,Active address coverage compared with ordering footprint.
active_address_coverage,active_address_bucket,one_active_address,,,active_bucket_value_rank,2.0,1162,1307,1162,145,2930,2930,28961.24,7.6715,10.0268,1.1188,38.3846,0.827,Active address coverage compared with ordering footprint.
customer_address_baseline,address_bucket,multi_address,,,address_bucket_value_rank,1.0,925,2097,1768,329,4703,4703,47079.46,9.5396,12.1045,2.1622,62.398,1.6238,Customer address complexity checked against order value.
customer_address_baseline,address_bucket,single_address,,,address_bucket_value_rank,2.0,1017,1017,1017,0,2286,2286,22538.85,7.4002,9.7985,1.0,29.8725,0.7443,Customer address complexity checked against order value.
customer_address_baseline,address_bucket,high_address_count,,,address_bucket_value_rank,3.0,58,236,165,71,561,561,5831.91,10.53,12.9019,3.7241,7.7295,2.8448,Customer address complexity checked against order value.
destination_country_customer_mix,destination_country,China,,,country_value_rank,1.0,378,,,,1176,1176,11802.7,10.0363,12.7913,,15.643,,"Destination country concentration by customers, orders, and value."
destination_country_customer_mix,destination_country,Indonesia,,,country_value_rank,2.0,298,,,,995,995,9800.16,9.8494,13.0083,,12.9889,,"Destination country concentration by customers, orders, and value."
destination_country_customer_mix,destination_country,Russia,,,country_value_rank,3.0,157,,,,510,510,4820.89,9.4527,12.5494,,6.3895,,"Destination country concentration by customers, orders, and value."
destination_country_customer_mix,destination_country,Philippines,,,country_value_rank,4.0,100,,,,334,334,3405.17,10.1951,13.2904,,4.5131,,"Destination country concentration by customers, orders, and value."
destination_country_customer_mix,destination_country,Brazil,,,country_value_rank,5.0,100,,,,333,333,3381.84,10.1557,11.9955,,4.4822,,"Destination country concentration by customers, orders, and value."
destination_country_customer_mix,destination_country,Poland,,,country_value_rank,6.0,92,,,,324,324,3300.02,10.1852,12.1926,,4.3738,,"Destination country concentration by customers, orders, and value."
destination_country_customer_mix,destination_country,Peru,,,country_value_rank,7.0,70,,,,252,252,2588.15,10.2704,12.6476,,3.4303,,"Destination country concentration by customers, orders, and value."
destination_country_customer_mix,destination_country,Portugal,,,country_value_rank,8.0,98,,,,259,259,2492.69,9.6243,12.8985,,3.3038,,"Destination country concentration by customers, orders, and value."
destination_country_customer_mix,destination_country,United States of America,,,country_value_rank,9.0,89,,,,223,223,2184.74,9.797,13.2345,,2.8956,,"Destination country concentration by customers, orders, and value."
destination_country_customer_mix,destination_country,France,,,country_value_rank,10.0,70,,,,209,209,2019.8,9.6641,12.7239,,2.677,,"Destination country concentration by customers, orders, and value."
destination_country_customer_mix,destination_country,Sweden,,,country_value_rank,11.0,66,,,,148,148,1598.66,10.8018,13.4081,,2.1188,,"Destination country concentration by customers, orders, and value."
destination_country_customer_mix,destination_country,Colombia,,,country_value_rank,12.0,33,,,,131,131,1363.19,10.406,12.2618,,1.8067,,"Destination country concentration by customers, orders, and value."
destination_country_customer_mix,destination_country,Guatemala,,,country_value_rank,13.0,24,,,,116,116,1279.98,11.0343,12.4586,,1.6965,,"Destination country concentration by customers, orders, and value."
destination_country_customer_mix,destination_country,Czech Republic,,,country_value_rank,14.0,54,,,,131,131,1272.85,9.7164,12.5321,,1.687,,"Destination country concentration by customers, orders, and value."
destination_country_customer_mix,destination_country,Japan,,,country_value_rank,15.0,42,,,,119,119,1183.25,9.9433,12.8681,,1.5683,,"Destination country concentration by customers, orders, and value."
destination_country_customer_mix,destination_country,Pakistan,,,country_value_rank,16.0,18,,,,102,102,1002.23,9.8258,11.4059,,1.3283,,"Destination country concentration by customers, orders, and value."
destination_country_customer_mix,destination_country,Canada,,,country_value_rank,17.0,22,,,,90,90,960.02,10.6669,12.88,,1.2724,,"Destination country concentration by customers, orders, and value."
destination_country_customer_mix,destination_country,Armenia,,,country_value_rank,18.0,27,,,,93,93,914.0,9.828,12.4161,,1.2114,,"Destination country concentration by customers, orders, and value."
destination_country_customer_mix,destination_country,Ukraine,,,country_value_rank,19.0,41,,,,93,93,885.28,9.5191,13.8806,,1.1733,,"Destination country concentration by customers, orders, and value."
destination_country_customer_mix,destination_country,Haiti,,,country_value_rank,20.0,11,,,,88,88,837.87,9.5213,12.4864,,1.1105,,"Destination country concentration by customers, orders, and value."
destination_country_customer_mix,destination_country,Iran,,,country_value_rank,21.0,19,,,,82,82,822.53,10.0309,12.2878,,1.0902,,"Destination country concentration by customers, orders, and value."
destination_country_customer_mix,destination_country,Ecuador,,,country_value_rank,22.0,7,,,,63,63,691.87,10.9821,12.4619,,0.917,,"Destination country concentration by customers, orders, and value."
destination_country_customer_mix,destination_country,Syria,,,country_value_rank,23.0,17,,,,67,67,649.21,9.6897,12.097,,0.8604,,"Destination country concentration by customers, orders, and value."
destination_country_customer_mix,destination_country,Costa Rica,,,country_value_rank,24.0,13,,,,60,60,637.92,10.632,13.11,,0.8455,,"Destination country concentration by customers, orders, and value."
destination_country_customer_mix,destination_country,Mexico,,,country_value_rank,25.0,21,,,,63,63,636.73,10.1068,13.2619,,0.8439,,"Destination country concentration by customers, orders, and value."
destination_country_customer_mix,destination_country,Afghanistan,,,country_value_rank,26.0,21,,,,54,54,594.22,11.0041,13.8667,,0.7876,,"Destination country concentration by customers, orders, and value."
destination_country_customer_mix,destination_country,Thailand,,,country_value_rank,27.0,31,,,,61,61,577.49,9.467,13.6508,,0.7654,,"Destination country concentration by customers, orders, and value."
destination_country_customer_mix,destination_country,Vietnam,,,country_value_rank,28.0,18,,,,54,54,542.86,10.053,13.5778,,0.7195,,"Destination country concentration by customers, orders, and value."
destination_country_customer_mix,destination_country,Nigeria,,,country_value_rank,29.0,24,,,,56,56,526.15,9.3955,14.075,,0.6973,,"Destination country concentration by customers, orders, and value."
destination_country_customer_mix,destination_country,Belarus,,,country_value_rank,30.0,14,,,,49,49,503.06,10.2665,12.7082,,0.6667,,"Destination country concentration by customers, orders, and value."
destination_country_customer_mix,destination_country,Democratic Republic of the Congo,,,country_value_rank,31.0,6,,,,42,42,485.11,11.5502,12.1571,,0.643,,"Destination country concentration by customers, orders, and value."
destination_country_customer_mix,destination_country,Madagascar,,,country_value_rank,32.0,22,,,,45,45,480.57,10.6793,12.42,,0.6369,,"Destination country concentration by customers, orders, and value."
destination_country_customer_mix,destination_country,Myanmar,,,country_value_rank,33.0,10,,,,42,42,427.81,10.186,13.1429,,0.567,,"Destination country concentration by customers, orders, and value."
destination_country_customer_mix,destination_country,Netherlands,,,country_value_rank,34.0,8,,,,38,38,427.55,11.2513,11.4579,,0.5667,,"Destination country concentration by customers, orders, and value."
destination_country_customer_mix,destination_country,Norway,,,country_value_rank,35.0,13,,,,43,43,402.31,9.356,14.1186,,0.5332,,"Destination country concentration by customers, orders, and value."
destination_country_customer_mix,destination_country,Serbia,,,country_value_rank,36.0,18,,,,36,36,363.82,10.1061,14.45,,0.4822,,"Destination country concentration by customers, orders, and value."
destination_country_customer_mix,destination_country,Uzbekistan,,,country_value_rank,37.0,5,,,,35,35,356.03,10.1723,12.6543,,0.4719,,"Destination country concentration by customers, orders, and value."
destination_country_customer_mix,destination_country,Morocco,,,country_value_rank,38.0,6,,,,36,36,347.73,9.6592,12.4667,,0.4609,,"Destination country concentration by customers, orders, and value."
destination_country_customer_mix,destination_country,Cameroon,,,country_value_rank,39.0,16,,,,36,36,345.68,9.6022,10.8,,0.4582,,"Destination country concentration by customers, orders, and value."
destination_country_customer_mix,destination_country,Kenya,,,country_value_rank,40.0,9,,,,39,39,341.21,8.749,11.3615,,0.4522,,"Destination country concentration by customers, orders, and value."
destination_country_customer_mix,destination_country,Argentina,,,country_value_rank,41.0,15,,,,25,25,334.06,13.3624,12.284,,0.4428,,"Destination country concentration by customers, orders, and value."
destination_country_customer_mix,destination_country,Azerbaijan,,,country_value_rank,42.0,12,,,,38,38,332.76,8.7568,12.3737,,0.441,,"Destination country concentration by customers, orders, and value."
destination_country_customer_mix,destination_country,Greece,,,country_value_rank,43.0,27,,,,36,36,326.61,9.0725,12.1,,0.4329,,"Destination country concentration by customers, orders, and value."
destination_country_customer_mix,destination_country,Mali,,,country_value_rank,44.0,8,,,,29,29,323.29,11.1479,13.6379,,0.4285,,"Destination country concentration by customers, orders, and value."
destination_country_customer_mix,destination_country,Bhutan,,,country_value_rank,45.0,6,,,,30,30,317.99,10.5997,11.52,,0.4215,,"Destination country concentration by customers, orders, and value."
destination_country_customer_mix,destination_country,Honduras,,,country_value_rank,46.0,9,,,,30,30,302.39,10.0797,12.32,,0.4008,,"Destination country concentration by customers, orders, and value."
destination_country_customer_mix,destination_country,Ireland,,,country_value_rank,47.0,6,,,,27,27,294.02,10.8896,14.1,,0.3897,,"Destination country concentration by customers, orders, and value."
destination_country_customer_mix,destination_country,Venezuela,,,country_value_rank,48.0,4,,,,28,28,287.78,10.2779,12.6929,,0.3814,,"Destination country concentration by customers, orders, and value."
destination_country_customer_mix,destination_country,Libya,,,country_value_rank,49.0,5,,,,25,25,271.67,10.8668,14.876,,0.3601,,"Destination country concentration by customers, orders, and value."
destination_country_customer_mix,destination_country,Germany,,,country_value_rank,50.0,8,,,,20,20,261.12,13.056,10.76,,0.3461,,"Destination country concentration by customers, orders, and value."
destination_country_customer_mix,destination_country,Guinea,,,country_value_rank,51.0,6,,,,24,24,260.36,10.8483,13.45,,0.3451,,"Destination country concentration by customers, orders, and value."
destination_country_customer_mix,destination_country,Macedonia,,,country_value_rank,52.0,4,,,,28,28,256.48,9.16,10.8286,,0.3399,,"Destination country concentration by customers, orders, and value."
destination_country_customer_mix,destination_country,Ghana,,,country_value_rank,53.0,4,,,,24,24,249.01,10.3754,12.025,,0.33,,"Destination country concentration by customers, orders, and value."
destination_country_customer_mix,destination_country,Bangladesh,,,country_value_rank,54.0,6,,,,21,21,238.44,11.3543,12.1857,,0.316,,"Destination country concentration by customers, orders, and value."
destination_country_customer_mix,destination_country,Sierra Leone,,,country_value_rank,55.0,6,,,,24,24,235.78,9.8242,11.8,,0.3125,,"Destination country concentration by customers, orders, and value."
destination_country_customer_mix,destination_country,South Africa,,,country_value_rank,56.0,8,,,,32,32,231.18,7.2244,10.5125,,0.3064,,"Destination country concentration by customers, orders, and value."
destination_country_customer_mix,destination_country,New Zealand,,,country_value_rank,57.0,2,,,,18,18,209.81,11.6561,11.8333,,0.2781,,"Destination country concentration by customers, orders, and value."
destination_country_customer_mix,destination_country,United Kingdom,,,country_value_rank,58.0,4,,,,20,20,207.69,10.3845,13.73,,0.2753,,"Destination country concentration by customers, orders, and value."
destination_country_customer_mix,destination_country,Tajikistan,,,country_value_rank,59.0,6,,,,21,21,205.09,9.7662,9.9571,,0.2718,,"Destination country concentration by customers, orders, and value."
destination_country_customer_mix,destination_country,Albania,,,country_value_rank,60.0,6,,,,22,22,203.0,9.2273,10.5909,,0.2691,,"Destination country concentration by customers, orders, and value."
destination_country_customer_mix,destination_country,Croatia,,,country_value_rank,61.0,13,,,,18,18,188.5,10.4722,13.7667,,0.2498,,"Destination country concentration by customers, orders, and value."
destination_country_customer_mix,destination_country,Slovenia,,,country_value_rank,62.0,13,,,,21,21,185.32,8.8248,12.4714,,0.2456,,"Destination country concentration by customers, orders, and value."
destination_country_customer_mix,destination_country,Malaysia,,,country_value_rank,63.0,9,,,,20,20,180.58,9.029,13.25,,0.2393,,"Destination country concentration by customers, orders, and value."
destination_country_customer_mix,destination_country,Hungary,,,country_value_rank,64.0,9,,,,17,17,176.6,10.3882,12.9588,,0.2341,,"Destination country concentration by customers, orders, and value."
destination_country_customer_mix,destination_country,Tunisia,,,country_value_rank,65.0,5,,,,13,13,129.06,9.9277,18.0385,,0.1711,,"Destination country concentration by customers, orders, and value."
destination_country_customer_mix,destination_country,Comoros,,,country_value_rank,66.0,5,,,,13,13,128.99,9.9223,10.1462,,0.171,,"Destination country concentration by customers, orders, and value."
destination_country_customer_mix,destination_country,Burkina Faso,,,country_value_rank,67.0,2,,,,14,14,127.46,9.1043,13.5714,,0.1689,,"Destination country concentration by customers, orders, and value."
destination_country_customer_mix,destination_country,Samoa,,,country_value_rank,68.0,2,,,,12,12,121.1,10.0917,13.05,,0.1605,,"Destination country concentration by customers, orders, and value."
destination_country_customer_mix,destination_country,Finland,,,country_value_rank,69.0,8,,,,14,14,113.76,8.1257,13.5286,,0.1508,,"Destination country concentration by customers, orders, and value."
destination_country_customer_mix,destination_country,Nepal,,,country_value_rank,70.0,6,,,,12,12,109.32,9.11,13.35,,0.1449,,"Destination country concentration by customers, orders, and value."
destination_country_customer_mix,destination_country,South Korea,,,country_value_rank,71.0,5,,,,10,10,104.46,10.446,16.04,,0.1384,,"Destination country concentration by customers, orders, and value."
destination_country_customer_mix,destination_country,Taiwan,,,country_value_rank,72.0,4,,,,8,8,103.09,12.8863,10.85,,0.1366,,"Destination country concentration by customers, orders, and value."
destination_country_customer_mix,destination_country,Panama,,,country_value_rank,73.0,12,,,,12,12,101.21,8.4342,10.5,,0.1341,,"Destination country concentration by customers, orders, and value."
destination_country_customer_mix,destination_country,Tanzania,,,country_value_rank,74.0,7,,,,8,8,99.95,12.4938,13.175,,0.1325,,"Destination country concentration by customers, orders, and value."
destination_country_customer_mix,destination_country,Micronesia,,,country_value_rank,75.0,2,,,,8,8,89.91,11.2388,10.475,,0.1192,,"Destination country concentration by customers, orders, and value."
destination_country_customer_mix,destination_country,Rwanda,,,country_value_rank,76.0,6,,,,6,6,84.52,14.0867,12.5,,0.112,,"Destination country concentration by customers, orders, and value."
destination_country_customer_mix,destination_country,Georgia,,,country_value_rank,77.0,4,,,,8,8,83.64,10.455,14.375,,0.1109,,"Destination country concentration by customers, orders, and value."
destination_country_customer_mix,destination_country,Uganda,,,country_value_rank,78.0,6,,,,6,6,64.4,10.7333,16.2,,0.0854,,"Destination country concentration by customers, orders, and value."
destination_country_customer_mix,destination_country,Australia,,,country_value_rank,79.0,5,,,,9,9,64.17,7.13,11.3667,,0.085,,"Destination country concentration by customers, orders, and value."
destination_country_customer_mix,destination_country,Slovakia,,,country_value_rank,80.0,4,,,,8,8,56.9,7.1125,12.8,,0.0754,,"Destination country concentration by customers, orders, and value."
destination_country_customer_mix,destination_country,Moldova,,,country_value_rank,81.0,2,,,,6,6,56.65,9.4417,11.5,,0.0751,,"Destination country concentration by customers, orders, and value."
destination_country_customer_mix,destination_country,Cuba,,,country_value_rank,82.0,4,,,,4,4,52.27,13.0675,10.4,,0.0693,,"Destination country concentration by customers, orders, and value."
destination_country_customer_mix,destination_country,Montenegro,,,country_value_rank,83.0,6,,,,6,6,48.49,8.0817,14.6,,0.0643,,"Destination country concentration by customers, orders, and value."
destination_country_customer_mix,destination_country,Kazakhstan,,,country_value_rank,84.0,4,,,,4,4,40.45,10.1125,12.8,,0.0536,,"Destination country concentration by customers, orders, and value."
destination_country_customer_mix,destination_country,Egypt,,,country_value_rank,85.0,5,,,,5,5,38.94,7.788,7.7,,0.0516,,"Destination country concentration by customers, orders, and value."
destination_country_customer_mix,destination_country,Mongolia,,,country_value_rank,86.0,4,,,,4,4,38.35,9.5875,12.05,,0.0508,,"Destination country concentration by customers, orders, and value."
destination_country_customer_mix,destination_country,Ethiopia,,,country_value_rank,87.0,4,,,,4,4,32.31,8.0775,18.2,,0.0428,,"Destination country concentration by customers, orders, and value."
destination_country_customer_mix,destination_country,Yemen,,,country_value_rank,88.0,5,,,,5,5,31.07,6.214,16.94,,0.0412,,"Destination country concentration by customers, orders, and value."
destination_country_customer_mix,destination_country,Latvia,,,country_value_rank,89.0,3,,,,3,3,30.25,10.0833,7.9,,0.0401,,"Destination country concentration by customers, orders, and value."
destination_country_customer_mix,destination_country,Ivory Coast,,,country_value_rank,90.0,2,,,,2,2,24.46,12.23,18.2,,0.0324,,"Destination country concentration by customers, orders, and value."
destination_country_customer_mix,destination_country,Luxembourg,,,country_value_rank,91.0,2,,,,4,4,23.66,5.915,21.35,,0.0314,,"Destination country concentration by customers, orders, and value."
destination_country_customer_mix,destination_country,Cyprus,,,country_value_rank,92.0,4,,,,4,4,23.18,5.795,12.05,,0.0307,,"Destination country concentration by customers, orders, and value."
destination_country_customer_mix,destination_country,Malta,,,country_value_rank,93.0,3,,,,3,3,21.9,7.3,19.3,,0.029,,"Destination country concentration by customers, orders, and value."
destination_country_customer_mix,destination_country,Lesotho,,,country_value_rank,94.0,1,,,,2,2,17.44,8.72,15.2,,0.0231,,"Destination country concentration by customers, orders, and value."
destination_country_customer_mix,destination_country,Kosovo,,,country_value_rank,95.0,1,,,,1,1,17.06,17.06,5.9,,0.0226,,"Destination country concentration by customers, orders, and value."
destination_country_customer_mix,destination_country,Denmark,,,country_value_rank,96.0,2,,,,2,2,15.81,7.905,8.9,,0.021,,"Destination country concentration by customers, orders, and value."
destination_country_customer_mix,destination_country,Kyrgyzstan,,,country_value_rank,97.0,3,,,,3,3,14.89,4.9633,8.9,,0.0197,,"Destination country concentration by customers, orders, and value."
destination_country_customer_mix,destination_country,Bulgaria,,,country_value_rank,98.0,1,,,,1,1,7.38,7.38,5.9,,0.0098,,"Destination country concentration by customers, orders, and value."
destination_country_customer_mix,destination_country,Palestine,,,country_value_rank,99.0,1,,,,1,1,0.84,0.84,24.5,,0.0011,,"Destination country concentration by customers, orders, and value."
repeat_customer_profile,repeat_bucket,repeat_customer,,,repeat_bucket_value_rank,1.0,1270,2436,2084,352,7123,7123,71052.85,9.8925,12.7039,1.8331,94.1718,1.5724,Repeat ordering and address footprint relationship.
repeat_customer_profile,repeat_bucket,single_order_customer,,,repeat_bucket_value_rank,2.0,427,565,525,40,427,427,4397.37,10.2983,13.5272,1.3068,5.8282,1.0,Repeat ordering and address footprint relationship.
repeat_customer_profile,repeat_bucket,no_observed_orders,,,repeat_bucket_value_rank,3.0,303,349,341,8,0,0,0.0,0.0,0.0,1.1452,0.0,0.0,Repeat ordering and address footprint relationship.
shipping_destination_mix,shipping_destination,Express,China,,country_rank_within_shipping,1.0,217,,,,343,343,3387.89,9.8772,11.9,,17.7113,,Shipping method and destination-country interaction.
shipping_destination_mix,shipping_destination,International,China,,country_rank_within_shipping,1.0,188,,,,277,277,2707.46,9.7742,24.5,,14.7041,,Shipping method and destination-country interaction.
shipping_destination_mix,shipping_destination,Priority,China,,country_rank_within_shipping,1.0,188,,,,298,298,2978.44,9.9948,8.9,,15.4767,,Shipping method and destination-country interaction.
shipping_destination_mix,shipping_destination,Standard,China,,country_rank_within_shipping,1.0,174,,,,258,258,2728.91,10.5772,5.9,,14.621,,Shipping method and destination-country interaction.
shipping_destination_mix,shipping_destination,Express,Indonesia,,country_rank_within_shipping,2.0,149,,,,238,238,2396.22,10.0682,11.9,,12.5271,,Shipping method and destination-country interaction.
shipping_destination_mix,shipping_destination,International,Indonesia,,country_rank_within_shipping,2.0,166,,,,263,263,2529.41,9.6175,24.5,,13.7371,,Shipping method and destination-country interaction.
shipping_destination_mix,shipping_destination,Priority,Indonesia,,country_rank_within_shipping,2.0,161,,,,251,251,2492.94,9.932,8.9,,12.954,,Shipping method and destination-country interaction.
shipping_destination_mix,shipping_destination,Standard,Indonesia,,country_rank_within_shipping,2.0,154,,,,243,243,2381.59,9.8008,5.9,,12.7601,,Shipping method and destination-country interaction.
shipping_destination_mix,shipping_destination,Express,Russia,,country_rank_within_shipping,3.0,81,,,,118,118,1095.79,9.2864,11.9,,5.7286,,Shipping method and destination-country interaction.
shipping_destination_mix,shipping_destination,International,Russia,,country_rank_within_shipping,3.0,92,,,,122,122,1120.31,9.1829,24.5,,6.0844,,Shipping method and destination-country interaction.
shipping_destination_mix,shipping_destination,Priority,Russia,,country_rank_within_shipping,3.0,84,,,,138,138,1346.77,9.7592,8.9,,6.9982,,Shipping method and destination-country interaction.
shipping_destination_mix,shipping_destination,Standard,Russia,,country_rank_within_shipping,3.0,86,,,,132,132,1258.02,9.5305,5.9,,6.7402,,Shipping method and destination-country interaction.
shipping_destination_mix,shipping_destination,Express,Poland,,country_rank_within_shipping,4.0,57,,,,90,90,913.68,10.152,11.9,,4.7766,,Shipping method and destination-country interaction.
shipping_destination_mix,shipping_destination,International,Philippines,,country_rank_within_shipping,4.0,57,,,,94,94,1058.16,11.257,24.5,,5.7468,,Shipping method and destination-country interaction.
shipping_destination_mix,shipping_destination,Priority,Philippines,,country_rank_within_shipping,4.0,52,,,,88,88,917.67,10.4281,8.9,,4.7685,,Shipping method and destination-country interaction.
shipping_destination_mix,shipping_destination,Standard,Brazil,,country_rank_within_shipping,4.0,58,,,,93,93,989.56,10.6404,5.9,,5.3019,,Shipping method and destination-country interaction.
shipping_destination_mix,shipping_destination,Express,Brazil,,country_rank_within_shipping,5.0,54,,,,83,83,804.35,9.691,11.9,,4.205,,Shipping method and destination-country interaction.
shipping_destination_mix,shipping_destination,International,Poland,,country_rank_within_shipping,5.0,43,,,,68,68,706.59,10.391,24.5,,3.8375,,Shipping method and destination-country interaction.
shipping_destination_mix,shipping_destination,Priority,Brazil,,country_rank_within_shipping,5.0,57,,,,89,89,900.31,10.1158,8.9,,4.6782,,Shipping method and destination-country interaction.
shipping_destination_mix,shipping_destination,Standard,Poland,,country_rank_within_shipping,5.0,56,,,,88,88,865.06,9.8302,5.9,,4.6348,,Shipping method and destination-country interaction.
shipping_destination_mix,shipping_destination,Express,Peru,,country_rank_within_shipping,6.0,41,,,,65,65,711.27,10.9426,11.9,,3.7184,,Shipping method and destination-country interaction.
shipping_destination_mix,shipping_destination,International,Brazil,,country_rank_within_shipping,6.0,47,,,,68,68,687.62,10.1121,24.5,,3.7344,,Shipping method and destination-country interaction.
shipping_destination_mix,shipping_destination,Priority,Poland,,country_rank_within_shipping,6.0,51,,,,78,78,814.69,10.4447,8.9,,4.2333,,Shipping method and destination-country interaction.
shipping_destination_mix,shipping_destination,Standard,Philippines,,country_rank_within_shipping,6.0,53,,,,76,76,755.35,9.9388,5.9,,4.047,,Shipping method and destination-country interaction.
shipping_destination_mix,shipping_destination,Express,Philippines,,country_rank_within_shipping,7.0,51,,,,76,76,673.99,8.8683,11.9,,3.5235,,Shipping method and destination-country interaction.
shipping_destination_mix,shipping_destination,International,Peru,,country_rank_within_shipping,7.0,34,,,,59,59,629.63,10.6717,24.5,,3.4195,,Shipping method and destination-country interaction.
shipping_destination_mix,shipping_destination,Priority,Portugal,,country_rank_within_shipping,7.0,44,,,,63,63,693.05,11.0008,8.9,,3.6013,,Shipping method and destination-country interaction.
shipping_destination_mix,shipping_destination,Standard,Portugal,,country_rank_within_shipping,7.0,39,,,,64,64,656.81,10.2627,5.9,,3.5191,,Shipping method and destination-country interaction.
shipping_destination_mix,shipping_destination,Express,Portugal,,country_rank_within_shipping,8.0,46,,,,66,66,574.26,8.7009,11.9,,3.0021,,Shipping method and destination-country interaction.
shipping_destination_mix,shipping_destination,International,United States of America,,country_rank_within_shipping,8.0,45,,,,61,61,628.76,10.3075,24.5,,3.4148,,Shipping method and destination-country interaction.
shipping_destination_mix,shipping_destination,Priority,Peru,,country_rank_within_shipping,8.0,44,,,,71,71,662.86,9.3361,8.9,,3.4444,,Shipping method and destination-country interaction.
shipping_destination_mix,shipping_destination,Standard,Peru,,country_rank_within_shipping,8.0,39,,,,57,57,584.39,10.2525,5.9,,3.1311,,Shipping method and destination-country interaction.
shipping_destination_mix,shipping_destination,Express,United States of America,,country_rank_within_shipping,9.0,41,,,,56,56,509.15,9.092,11.9,,2.6618,,Shipping method and destination-country interaction.
shipping_destination_mix,shipping_destination,International,Portugal,,country_rank_within_shipping,9.0,44,,,,66,66,568.57,8.6147,24.5,,3.0879,,Shipping method and destination-country interaction.
shipping_destination_mix,shipping_destination,Priority,United States of America,,country_rank_within_shipping,9.0,40,,,,55,55,543.64,9.8844,8.9,,2.8249,,Shipping method and destination-country interaction.
shipping_destination_mix,shipping_destination,Standard,France,,country_rank_within_shipping,9.0,33,,,,53,53,518.16,9.7766,5.9,,2.7762,,Shipping method and destination-country interaction.
shipping_destination_mix,shipping_destination,Express,France,,country_rank_within_shipping,10.0,30,,,,49,49,448.37,9.1504,11.9,,2.344,,Shipping method and destination-country interaction.
shipping_destination_mix,shipping_destination,International,France,,country_rank_within_shipping,10.0,40,,,,52,52,539.17,10.3687,24.5,,2.9282,,Shipping method and destination-country interaction.
shipping_destination_mix,shipping_destination,Priority,France,,country_rank_within_shipping,10.0,35,,,,55,55,514.1,9.3473,8.9,,2.6714,,Shipping method and destination-country interaction.
shipping_destination_mix,shipping_destination,Standard,United States of America,,country_rank_within_shipping,10.0,36,,,,51,51,503.19,9.8665,5.9,,2.696,,Shipping method and destination-country interaction.
shipping_destination_mix,shipping_destination,Express,Sweden,,country_rank_within_shipping,11.0,32,,,,39,39,386.86,9.9195,11.9,,2.0224,,Shipping method and destination-country interaction.
shipping_destination_mix,shipping_destination,International,Sweden,,country_rank_within_shipping,11.0,30,,,,42,42,437.35,10.4131,24.5,,2.3752,,Shipping method and destination-country interaction.
shipping_destination_mix,shipping_destination,Priority,Sweden,,country_rank_within_shipping,11.0,26,,,,32,32,421.96,13.1863,8.9,,2.1926,,Shipping method and destination-country interaction.
shipping_destination_mix,shipping_destination,Standard,Czech Republic,,country_rank_within_shipping,11.0,30,,,,39,39,412.41,10.5746,5.9,,2.2096,,Shipping method and destination-country interaction.
shipping_destination_mix,shipping_destination,Express,Pakistan,,country_rank_within_shipping,12.0,14,,,,33,33,377.18,11.4297,11.9,,1.9718,,Shipping method and destination-country interaction.
shipping_destination_mix,shipping_destination,International,Czech Republic,,country_rank_within_shipping,12.0,26,,,,33,33,343.58,10.4115,24.5,,1.866,,Shipping method and destination-country interaction.
shipping_destination_mix,shipping_destination,Priority,Guatemala,,country_rank_within_shipping,12.0,20,,,,34,34,407.83,11.995,8.9,,2.1192,,Shipping method and destination-country interaction.
shipping_destination_mix,shipping_destination,Standard,Colombia,,country_rank_within_shipping,12.0,22,,,,36,36,374.39,10.3997,5.9,,2.0059,,Shipping method and destination-country interaction.
shipping_destination_mix,shipping_destination,Express,Colombia,,country_rank_within_shipping,13.0,17,,,,32,32,327.37,10.2303,11.9,,1.7114,,Shipping method and destination-country interaction.
shipping_destination_mix,shipping_destination,International,Colombia,,country_rank_within_shipping,13.0,18,,,,29,29,342.5,11.8103,24.5,,1.8601,,Shipping method and destination-country interaction.
shipping_destination_mix,shipping_destination,Priority,Japan,,country_rank_within_shipping,13.0,20,,,,30,30,344.54,11.4847,8.9,,1.7903,,Shipping method and destination-country interaction.
shipping_destination_mix,shipping_destination,Standard,Guatemala,,country_rank_within_shipping,13.0,15,,,,31,31,356.56,11.5019,5.9,,1.9104,,Shipping method and destination-country interaction.
shipping_destination_mix,shipping_destination,Express,Ukraine,,country_rank_within_shipping,14.0,18,,,,28,28,302.85,10.8161,11.9,,1.5833,,Shipping method and destination-country interaction.
shipping_destination_mix,shipping_destination,International,Japan,,country_rank_within_shipping,14.0,22,,,,32,32,275.55,8.6109,24.5,,1.4965,,Shipping method and destination-country interaction.
shipping_destination_mix,shipping_destination,Priority,Canada,,country_rank_within_shipping,14.0,14,,,,27,27,320.68,11.877,8.9,,1.6663,,Shipping method and destination-country interaction.
shipping_destination_mix,shipping_destination,Standard,Sweden,,country_rank_within_shipping,14.0,30,,,,35,35,352.49,10.0711,5.9,,1.8886,,Shipping method and destination-country interaction.
shipping_destination_mix,shipping_destination,Express,Guatemala,,country_rank_within_shipping,15.0,12,,,,23,23,265.29,11.5343,11.9,,1.3869,,Shipping method and destination-country interaction.
shipping_destination_mix,shipping_destination,International,Ukraine,,country_rank_within_shipping,15.0,19,,,,27,27,259.44,9.6089,24.5,,1.409,,Shipping method and destination-country interaction.
shipping_destination_mix,shipping_destination,Priority,Colombia,,country_rank_within_shipping,15.0,22,,,,34,34,318.93,9.3803,8.9,,1.6572,,Shipping method and destination-country interaction.
shipping_destination_mix,shipping_destination,Standard,Japan,,country_rank_within_shipping,15.0,26,,,,33,33,318.46,9.6503,5.9,,1.7063,,Shipping method and destination-country interaction.
shipping_destination_mix,shipping_destination,Express,Iran,,country_rank_within_shipping,16.0,11,,,,24,24,259.28,10.8033,11.9,,1.3555,,Shipping method and destination-country interaction.
shipping_destination_mix,shipping_destination,International,Guatemala,,country_rank_within_shipping,16.0,14,,,,28,28,250.3,8.9393,24.5,,1.3594,,Shipping method and destination-country interaction.
shipping_destination_mix,shipping_destination,Priority,Czech Republic,,country_rank_within_shipping,16.0,25,,,,33,33,299.36,9.0715,8.9,,1.5556,,Shipping method and destination-country interaction.
shipping_destination_mix,shipping_destination,Standard,Pakistan,,country_rank_within_shipping,16.0,15,,,,31,31,278.67,8.9894,5.9,,1.4931,,Shipping method and destination-country interaction.
shipping_destination_mix,shipping_destination,Express,Canada,,country_rank_within_shipping,17.0,13,,,,23,23,250.1,10.8739,11.9,,1.3075,,Shipping method and destination-country interaction.
shipping_destination_mix,shipping_destination,International,Haiti,,country_rank_within_shipping,17.0,11,,,,21,21,213.74,10.1781,24.5,,1.1608,,Shipping method and destination-country interaction.
shipping_destination_mix,shipping_destination,Priority,Ukraine,,country_rank_within_shipping,17.0,19,,,,24,24,250.66,10.4442,8.9,,1.3025,,Shipping method and destination-country interaction.
shipping_destination_mix,shipping_destination,Standard,Haiti,,country_rank_within_shipping,17.0,10,,,,26,26,243.24,9.3554,5.9,,1.3032,,Shipping method and destination-country interaction.
shipping_destination_mix,shipping_destination,Express,Armenia,,country_rank_within_shipping,18.0,17,,,,27,27,245.69,9.0996,11.9,,1.2844,,Shipping method and destination-country interaction.
shipping_destination_mix,shipping_destination,International,Canada,,country_rank_within_shipping,18.0,13,,,,22,22,213.14,9.6882,24.5,,1.1576,,Shipping method and destination-country interaction.
shipping_destination_mix,shipping_destination,Priority,Pakistan,,country_rank_within_shipping,18.0,11,,,,22,22,227.57,10.3441,8.9,,1.1825,,Shipping method and destination-country interaction.
shipping_destination_mix,shipping_destination,Standard,Iran,,country_rank_within_shipping,18.0,13,,,,25,25,243.15,9.726,5.9,,1.3028,,Shipping method and destination-country interaction.
shipping_destination_mix,shipping_destination,Express,Japan,,country_rank_within_shipping,19.0,18,,,,24,24,244.7,10.1958,11.9,,1.2793,,Shipping method and destination-country interaction.
shipping_destination_mix,shipping_destination,International,Costa Rica,,country_rank_within_shipping,19.0,9,,,,16,16,211.43,13.2144,24.5,,1.1483,,Shipping method and destination-country interaction.
shipping_destination_mix,shipping_destination,Priority,Ecuador,,country_rank_within_shipping,19.0,7,,,,19,19,226.69,11.9311,8.9,,1.1779,,Shipping method and destination-country interaction.
shipping_destination_mix,shipping_destination,Standard,Armenia,,country_rank_within_shipping,19.0,15,,,,22,22,242.71,11.0323,5.9,,1.3004,,Shipping method and destination-country interaction.
shipping_destination_mix,shipping_destination,Express,Czech Republic,,country_rank_within_shipping,20.0,20,,,,26,26,217.5,8.3654,11.9,,1.1371,,Shipping method and destination-country interaction.
shipping_destination_mix,shipping_destination,International,Armenia,,country_rank_within_shipping,20.0,13,,,,20,20,201.38,10.069,24.5,,1.0937,,Shipping method and destination-country interaction.
shipping_destination_mix,shipping_destination,Priority,Armenia,,country_rank_within_shipping,20.0,16,,,,24,24,224.22,9.3425,8.9,,1.1651,,Shipping method and destination-country interaction.
shipping_destination_mix,shipping_destination,Standard,Mexico,,country_rank_within_shipping,20.0,10,,,,16,16,199.82,12.4888,5.9,,1.0706,,Shipping method and destination-country interaction.
shipping_destination_mix,shipping_destination,Express,Syria,,country_rank_within_shipping,21.0,12,,,,22,22,216.57,9.8441,11.9,,1.1322,,Shipping method and destination-country interaction.
shipping_destination_mix,shipping_destination,International,Iran,,country_rank_within_shipping,21.0,13,,,,18,18,182.45,10.1361,24.5,,0.9909,,Shipping method and destination-country interaction.
shipping_destination_mix,shipping_destination,Priority,Syria,,country_rank_within_shipping,21.0,11,,,,20,20,202.25,10.1125,8.9,,1.0509,,Shipping method and destination-country interaction.
shipping_destination_mix,shipping_destination,Standard,Canada,,country_rank_within_shipping,21.0,11,,,,18,18,176.1,9.7833,5.9,,0.9435,,Shipping method and destination-country interaction.
shipping_destination_mix,shipping_destination,Express,Haiti,,country_rank_within_shipping,22.0,10,,,,22,22,203.55,9.2523,11.9,,1.0641,,Shipping method and destination-country interaction.
shipping_destination_mix,shipping_destination,International,Thailand,,country_rank_within_shipping,22.0,16,,,,18,18,181.41,10.0783,24.5,,0.9852,,Shipping method and destination-country interaction.
shipping_destination_mix,shipping_destination,Priority,Afghanistan,,country_rank_within_shipping,22.0,10,,,,16,16,195.65,12.2281,8.9,,1.0166,,Shipping method and destination-country interaction.
shipping_destination_mix,shipping_destination,Standard,Netherlands,,country_rank_within_shipping,22.0,7,,,,13,13,162.96,12.5354,5.9,,0.8731,,Shipping method and destination-country interaction.
shipping_destination_mix,shipping_destination,Express,Madagascar,,country_rank_within_shipping,23.0,14,,,,16,16,189.55,11.8469,11.9,,0.9909,,Shipping method and destination-country interaction.
shipping_destination_mix,shipping_destination,International,Afghanistan,,country_rank_within_shipping,23.0,11,,,,17,17,173.52,10.2071,24.5,,0.9424,,Shipping method and destination-country interaction.
shipping_destination_mix,shipping_destination,Priority,Haiti,,country_rank_within_shipping,23.0,10,,,,19,19,177.34,9.3337,8.9,,0.9215,,Shipping method and destination-country interaction.
shipping_destination_mix,shipping_destination,Standard,Costa Rica,,country_rank_within_shipping,23.0,7,,,,13,13,161.42,12.4169,5.9,,0.8649,,Shipping method and destination-country interaction.
shipping_destination_mix,shipping_destination,Express,Democratic Republic of the Congo,,country_rank_within_shipping,24.0,6,,,,14,14,181.57,12.9693,11.9,,0.9492,,Shipping method and destination-country interaction.
shipping_destination_mix,shipping_destination,International,Nigeria,,country_rank_within_shipping,24.0,13,,,,18,18,167.47,9.3039,24.5,,0.9095,,Shipping method and destination-country interaction.
shipping_destination_mix,shipping_destination,Priority,Vietnam,,country_rank_within_shipping,24.0,12,,,,15,15,158.78,10.5853,8.9,,0.8251,,Shipping method and destination-country interaction.
shipping_destination_mix,shipping_destination,Standard,Ecuador,,country_rank_within_shipping,24.0,7,,,,14,14,147.06,10.5043,5.9,,0.7879,,Shipping method and destination-country interaction.
shipping_destination_mix,shipping_destination,Express,Thailand,,country_rank_within_shipping,25.0,12,,,,16,16,180.45,11.2781,11.9,,0.9434,,Shipping method and destination-country interaction.
shipping_destination_mix,shipping_destination,International,Norway,,country_rank_within_shipping,25.0,7,,,,14,14,157.53,11.2521,24.5,,0.8555,,Shipping method and destination-country interaction.
shipping_destination_mix,shipping_destination,Priority,Norway,,country_rank_within_shipping,25.0,7,,,,15,15,139.92,9.328,8.9,,0.7271,,Shipping method and destination-country interaction.
shipping_destination_mix,shipping_destination,Standard,Syria,,country_rank_within_shipping,25.0,9,,,,13,13,125.93,9.6869,5.9,,0.6747,,Shipping method and destination-country interaction.
shipping_destination_mix,shipping_destination,Express,Mexico,,country_rank_within_shipping,26.0,11,,,,14,14,176.74,12.6243,11.9,,0.924,,Shipping method and destination-country interaction.
shipping_destination_mix,shipping_destination,International,Belarus,,country_rank_within_shipping,26.0,7,,,,11,11,148.27,13.4791,24.5,,0.8052,,Shipping method and destination-country interaction.
shipping_destination_mix,shipping_destination,Priority,Iran,,country_rank_within_shipping,26.0,10,,,,15,15,137.65,9.1767,8.9,,0.7153,,Shipping method and destination-country interaction.
shipping_destination_mix,shipping_destination,Standard,Myanmar,,country_rank_within_shipping,26.0,8,,,,12,12,117.43,9.7858,5.9,,0.6292,,Shipping method and destination-country interaction.
shipping_destination_mix,shipping_destination,Express,Ecuador,,country_rank_within_shipping,27.0,6,,,,16,16,170.54,10.6588,11.9,,0.8916,,Shipping method and destination-country interaction.
shipping_destination_mix,shipping_destination,International,Vietnam,,country_rank_within_shipping,27.0,12,,,,16,16,147.92,9.245,24.5,,0.8033,,Shipping method and destination-country interaction.
shipping_destination_mix,shipping_destination,Priority,Mexico,,country_rank_within_shipping,27.0,13,,,,15,15,129.39,8.626,8.9,,0.6723,,Shipping method and destination-country interaction.
shipping_destination_mix,shipping_destination,Standard,Vietnam,,country_rank_within_shipping,27.0,8,,,,11,11,115.2,10.4727,5.9,,0.6172,,Shipping method and destination-country interaction.
shipping_destination_mix,shipping_destination,Express,Nigeria,,country_rank_within_shipping,28.0,11,,,,14,14,166.04,11.86,11.9,,0.868,,Shipping method and destination-country interaction.
shipping_destination_mix,shipping_destination,International,Ecuador,,country_rank_within_shipping,28.0,6,,,,14,14,147.58,10.5414,24.5,,0.8015,,Shipping method and destination-country interaction.
shipping_destination_mix,shipping_destination,Priority,Democratic Republic of the Congo,,country_rank_within_shipping,28.0,5,,,,10,10,129.07,12.907,8.9,,0.6707,,Shipping method and destination-country interaction.
shipping_destination_mix,shipping_destination,Standard,South Africa,,country_rank_within_shipping,28.0,5,,,,16,16,114.75,7.1719,5.9,,0.6148,,Shipping method and destination-country interaction.
shipping_destination_mix,shipping_destination,Express,Belarus,,country_rank_within_shipping,29.0,10,,,,15,15,158.1,10.54,11.9,,0.8265,,Shipping method and destination-country interaction.
shipping_destination_mix,shipping_destination,International,Libya,,country_rank_within_shipping,29.0,5,,,,9,9,138.44,15.3822,24.5,,0.7519,,Shipping method and destination-country interaction.
shipping_destination_mix,shipping_destination,Priority,Costa Rica,,country_rank_within_shipping,29.0,9,,,,17,17,127.39,7.4935,8.9,,0.662,,Shipping method and destination-country interaction.
shipping_destination_mix,shipping_destination,Standard,Morocco,,country_rank_within_shipping,29.0,5,,,,11,11,112.3,10.2091,5.9,,0.6017,,Shipping method and destination-country interaction.
shipping_destination_mix,shipping_destination,Express,Costa Rica,,country_rank_within_shipping,30.0,9,,,,14,14,137.68,9.8343,11.9,,0.7198,,Shipping method and destination-country interaction.
shipping_destination_mix,shipping_destination,International,Serbia,,country_rank_within_shipping,30.0,7,,,,13,13,137.32,10.5631,24.5,,0.7458,,Shipping method and destination-country interaction.
shipping_destination_mix,shipping_destination,Priority,Madagascar,,country_rank_within_shipping,30.0,8,,,,10,10,123.08,12.308,8.9,,0.6396,,Shipping method and destination-country interaction.
shipping_destination_mix,shipping_destination,Standard,Cameroon,,country_rank_within_shipping,30.0,7,,,,9,9,110.28,12.2533,5.9,,0.5909,,Shipping method and destination-country interaction.
shipping_destination_mix,shipping_destination,Express,Kenya,,country_rank_within_shipping,31.0,8,,,,15,15,137.35,9.1567,11.9,,0.718,,Shipping method and destination-country interaction.
shipping_destination_mix,shipping_destination,International,Mexico,,country_rank_within_shipping,31.0,11,,,,18,18,130.78,7.2656,24.5,,0.7103,,Shipping method and destination-country interaction.
shipping_destination_mix,shipping_destination,Priority,Azerbaijan,,country_rank_within_shipping,31.0,7,,,,12,12,122.28,10.19,8.9,,0.6354,,Shipping method and destination-country interaction.
shipping_destination_mix,shipping_destination,Standard,Belarus,,country_rank_within_shipping,31.0,6,,,,10,10,108.9,10.89,5.9,,0.5835,,Shipping method and destination-country interaction.
shipping_destination_mix,shipping_destination,Express,Afghanistan,,country_rank_within_shipping,32.0,9,,,,11,11,121.31,11.0282,11.9,,0.6342,,Shipping method and destination-country interaction.
shipping_destination_mix,shipping_destination,International,Myanmar,,country_rank_within_shipping,32.0,9,,,,12,12,122.01,10.1675,24.5,,0.6626,,Shipping method and destination-country interaction.
shipping_destination_mix,shipping_destination,Priority,Thailand,,country_rank_within_shipping,32.0,12,,,,14,14,121.6,8.6857,8.9,,0.6319,,Shipping method and destination-country interaction.
shipping_destination_mix,shipping_destination,Standard,Afghanistan,,country_rank_within_shipping,32.0,8,,,,10,10,103.74,10.374,5.9,,0.5558,,Shipping method and destination-country interaction.
shipping_destination_mix,shipping_destination,Express,Vietnam,,country_rank_within_shipping,33.0,8,,,,12,12,120.96,10.08,11.9,,0.6324,,Shipping method and destination-country interaction.
shipping_destination_mix,shipping_destination,International,Pakistan,,country_rank_within_shipping,33.0,10,,,,16,16,118.81,7.4256,24.5,,0.6453,,Shipping method and destination-country interaction.
shipping_destination_mix,shipping_destination,Priority,Honduras,,country_rank_within_shipping,33.0,5,,,,9,9,113.08,12.5644,8.9,,0.5876,,Shipping method and destination-country interaction.
shipping_destination_mix,shipping_destination,Standard,Macedonia,,country_rank_within_shipping,33.0,4,,,,12,12,103.46,8.6217,5.9,,0.5543,,Shipping method and destination-country interaction.
shipping_destination_mix,shipping_destination,Express,Germany,,country_rank_within_shipping,34.0,4,,,,7,7,111.0,15.8571,11.9,,0.5803,,Shipping method and destination-country interaction.
shipping_destination_mix,shipping_destination,International,Syria,,country_rank_within_shipping,34.0,10,,,,12,12,104.46,8.705,24.5,,0.5673,,Shipping method and destination-country interaction.
shipping_destination_mix,shipping_destination,Priority,Kenya,,country_rank_within_shipping,34.0,7,,,,10,10,107.99,10.799,8.9,,0.5611,,Shipping method and destination-country interaction.
shipping_destination_mix,shipping_destination,Standard,Madagascar,,country_rank_within_shipping,34.0,9,,,,10,10,100.95,10.095,5.9,,0.5409,,Shipping method and destination-country interaction.
shipping_destination_mix,shipping_destination,Express,Cameroon,,country_rank_within_shipping,35.0,6,,,,11,11,108.82,9.8927,11.9,,0.5689,,Shipping method and destination-country interaction.
shipping_destination_mix,shipping_destination,International,Mali,,country_rank_within_shipping,35.0,7,,,,9,9,101.39,11.2656,24.5,,0.5506,,Shipping method and destination-country interaction.
shipping_destination_mix,shipping_destination,Priority,Myanmar,,country_rank_within_shipping,35.0,7,,,,9,9,101.34,11.26,8.9,,0.5266,,Shipping method and destination-country interaction.
shipping_destination_mix,shipping_destination,Standard,Uzbekistan,,country_rank_within_shipping,35.0,5,,,,10,10,100.59,10.059,5.9,,0.5389,,Shipping method and destination-country interaction.
shipping_destination_mix,shipping_destination,Express,Greece,,country_rank_within_shipping,36.0,10,,,,11,11,107.11,9.7373,11.9,,0.56,,Shipping method and destination-country interaction.
shipping_destination_mix,shipping_destination,International,Venezuela,,country_rank_within_shipping,36.0,4,,,,7,7,101.33,14.4757,24.5,,0.5503,,Shipping method and destination-country interaction.
shipping_destination_mix,shipping_destination,Priority,Nigeria,,country_rank_within_shipping,36.0,8,,,,13,13,99.39,7.6454,8.9,,0.5165,,Shipping method and destination-country interaction.
shipping_destination_mix,shipping_destination,Standard,Greece,,country_rank_within_shipping,36.0,9,,,,9,9,98.72,10.9689,5.9,,0.5289,,Shipping method and destination-country interaction.
shipping_destination_mix,shipping_destination,Express,Uzbekistan,,country_rank_within_shipping,37.0,3,,,,7,7,98.87,14.1243,11.9,,0.5169,,Shipping method and destination-country interaction.
shipping_destination_mix,shipping_destination,International,Ireland,,country_rank_within_shipping,37.0,5,,,,9,9,98.49,10.9433,24.5,,0.5349,,Shipping method and destination-country interaction.
shipping_destination_mix,shipping_destination,Priority,Cameroon,,country_rank_within_shipping,37.0,6,,,,12,12,93.77,7.8142,8.9,,0.4873,,Shipping method and destination-country interaction.
shipping_destination_mix,shipping_destination,Standard,Argentina,,country_rank_within_shipping,37.0,7,,,,8,8,98.06,12.2575,5.9,,0.5254,,Shipping method and destination-country interaction.
shipping_destination_mix,shipping_destination,Express,Serbia,,country_rank_within_shipping,38.0,8,,,,9,9,98.0,10.8889,11.9,,0.5123,,Shipping method and destination-country interaction.
shipping_destination_mix,shipping_destination,International,Democratic Republic of the Congo,,country_rank_within_shipping,38.0,5,,,,8,8,94.6,11.825,24.5,,0.5138,,Shipping method and destination-country interaction.
shipping_destination_mix,shipping_destination,Priority,Mali,,country_rank_within_shipping,38.0,5,,,,7,7,93.54,13.3629,8.9,,0.4861,,Shipping method and destination-country interaction.
shipping_destination_mix,shipping_destination,Standard,Sierra Leone,,country_rank_within_shipping,38.0,5,,,,10,10,96.0,9.6,5.9,,0.5144,,Shipping method and destination-country interaction.
shipping_destination_mix,shipping_destination,Express,Bhutan,,country_rank_within_shipping,39.0,5,,,,7,7,93.93,13.4186,11.9,,0.4911,,Shipping method and destination-country interaction.
shipping_destination_mix,shipping_destination,International,Bhutan,,country_rank_within_shipping,39.0,5,,,,6,6,92.72,15.4533,24.5,,0.5036,,Shipping method and destination-country interaction.
shipping_destination_mix,shipping_destination,Priority,Ghana,,country_rank_within_shipping,39.0,4,,,,8,8,89.08,11.135,8.9,,0.4629,,Shipping method and destination-country interaction.
shipping_destination_mix,shipping_destination,Standard,Thailand,,country_rank_within_shipping,39.0,9,,,,13,13,94.03,7.2331,5.9,,0.5038,,Shipping method and destination-country interaction.
shipping_destination_mix,shipping_destination,Express,Netherlands,,country_rank_within_shipping,40.0,7,,,,9,9,92.26,10.2511,11.9,,0.4823,,Shipping method and destination-country interaction.
shipping_destination_mix,shipping_destination,International,Tunisia,,country_rank_within_shipping,40.0,4,,,,8,8,92.23,11.5288,24.5,,0.5009,,Shipping method and destination-country interaction.
shipping_destination_mix,shipping_destination,Priority,Morocco,,country_rank_within_shipping,40.0,6,,,,9,9,88.25,9.8056,8.9,,0.4586,,Shipping method and destination-country interaction.
shipping_destination_mix,shipping_destination,Standard,Nigeria,,country_rank_within_shipping,40.0,11,,,,11,11,93.25,8.4773,5.9,,0.4996,,Shipping method and destination-country interaction.
shipping_destination_mix,shipping_destination,Express,Myanmar,,country_rank_within_shipping,41.0,6,,,,9,9,87.03,9.67,11.9,,0.455,,Shipping method and destination-country interaction.
shipping_destination_mix,shipping_destination,International,Netherlands,,country_rank_within_shipping,41.0,6,,,,7,7,86.12,12.3029,24.5,,0.4677,,Shipping method and destination-country interaction.
shipping_destination_mix,shipping_destination,Priority,Bangladesh,,country_rank_within_shipping,41.0,6,,,,9,9,88.1,9.7889,8.9,,0.4578,,Shipping method and destination-country interaction.
shipping_destination_mix,shipping_destination,Standard,Serbia,,country_rank_within_shipping,41.0,7,,,,10,10,89.87,8.987,5.9,,0.4815,,Shipping method and destination-country interaction.
shipping_destination_mix,shipping_destination,Express,Honduras,,country_rank_within_shipping,42.0,3,,,,9,9,85.76,9.5289,11.9,,0.4483,,Shipping method and destination-country interaction.
shipping_destination_mix,shipping_destination,International,Azerbaijan,,country_rank_within_shipping,42.0,7,,,,10,10,79.55,7.955,24.5,,0.432,,Shipping method and destination-country interaction.
shipping_destination_mix,shipping_destination,Priority,Belarus,,country_rank_within_shipping,42.0,8,,,,13,13,87.79,6.7531,8.9,,0.4562,,Shipping method and destination-country interaction.
shipping_destination_mix,shipping_destination,Standard,Azerbaijan,,country_rank_within_shipping,42.0,7,,,,12,12,85.6,7.1333,5.9,,0.4586,,Shipping method and destination-country interaction.
shipping_destination_mix,shipping_destination,Express,Morocco,,country_rank_within_shipping,43.0,5,,,,7,7,85.7,12.2429,11.9,,0.448,,Shipping method and destination-country interaction.
shipping_destination_mix,shipping_destination,International,Uzbekistan,,country_rank_within_shipping,43.0,5,,,,9,9,79.23,8.8033,24.5,,0.4303,,Shipping method and destination-country interaction.
shipping_destination_mix,shipping_destination,Priority,Netherlands,,country_rank_within_shipping,43.0,5,,,,9,9,86.21,9.5789,8.9,,0.448,,Shipping method and destination-country interaction.
shipping_destination_mix,shipping_destination,Standard,Ghana,,country_rank_within_shipping,43.0,4,,,,6,6,82.75,13.7917,5.9,,0.4434,,Shipping method and destination-country interaction.
shipping_destination_mix,shipping_destination,Express,Venezuela,,country_rank_within_shipping,44.0,4,,,,8,8,85.38,10.6725,11.9,,0.4464,,Shipping method and destination-country interaction.
shipping_destination_mix,shipping_destination,International,Argentina,,country_rank_within_shipping,44.0,5,,,,6,6,78.84,13.14,24.5,,0.4282,,Shipping method and destination-country interaction.
shipping_destination_mix,shipping_destination,Priority,Tajikistan,,country_rank_within_shipping,44.0,5,,,,12,12,85.3,7.1083,8.9,,0.4432,,Shipping method and destination-country interaction.
shipping_destination_mix,shipping_destination,Standard,Bhutan,,country_rank_within_shipping,44.0,6,,,,12,12,81.17,6.7642,5.9,,0.4349,,Shipping method and destination-country interaction.
shipping_destination_mix,shipping_destination,Express,Guinea,,country_rank_within_shipping,45.0,4,,,,6,6,74.79,12.465,11.9,,0.391,,Shipping method and destination-country interaction.
shipping_destination_mix,shipping_destination,International,Sierra Leone,,country_rank_within_shipping,45.0,4,,,,6,6,77.0,12.8333,24.5,,0.4182,,Shipping method and destination-country interaction.
shipping_destination_mix,shipping_destination,Priority,Germany,,country_rank_within_shipping,45.0,4,,,,6,6,83.98,13.9967,8.9,,0.4364,,Shipping method and destination-country interaction.
shipping_destination_mix,shipping_destination,Standard,Democratic Republic of the Congo,,country_rank_within_shipping,45.0,4,,,,10,10,79.87,7.987,5.9,,0.4279,,Shipping method and destination-country interaction.
shipping_destination_mix,shipping_destination,Express,Argentina,,country_rank_within_shipping,46.0,5,,,,5,5,74.25,14.85,11.9,,0.3882,,Shipping method and destination-country interaction.
shipping_destination_mix,shipping_destination,International,Slovenia,,country_rank_within_shipping,46.0,5,,,,5,5,75.5,15.1,24.5,,0.41,,Shipping method and destination-country interaction.
shipping_destination_mix,shipping_destination,Priority,Argentina,,country_rank_within_shipping,46.0,5,,,,6,6,82.91,13.8183,8.9,,0.4308,,Shipping method and destination-country interaction.
shipping_destination_mix,shipping_destination,Standard,Ukraine,,country_rank_within_shipping,46.0,12,,,,14,14,72.33,5.1664,5.9,,0.3875,,Shipping method and destination-country interaction.
shipping_destination_mix,shipping_destination,Express,New Zealand,,country_rank_within_shipping,47.0,2,,,,5,5,71.23,14.246,11.9,,0.3724,,Shipping method and destination-country interaction.
shipping_destination_mix,shipping_destination,International,United Kingdom,,country_rank_within_shipping,47.0,3,,,,6,6,75.12,12.52,24.5,,0.408,,Shipping method and destination-country interaction.
shipping_destination_mix,shipping_destination,Priority,Greece,,country_rank_within_shipping,47.0,9,,,,9,9,78.91,8.7678,8.9,,0.41,,Shipping method and destination-country interaction.
shipping_destination_mix,shipping_destination,Standard,Malaysia,,country_rank_within_shipping,47.0,4,,,,5,5,71.58,14.316,5.9,,0.3835,,Shipping method and destination-country interaction.
shipping_destination_mix,shipping_destination,Express,Ireland,,country_rank_within_shipping,48.0,4,,,,6,6,70.09,11.6817,11.9,,0.3664,,Shipping method and destination-country interaction.
shipping_destination_mix,shipping_destination,International,Guinea,,country_rank_within_shipping,48.0,4,,,,7,7,68.8,9.8286,24.5,,0.3737,,Shipping method and destination-country interaction.
shipping_destination_mix,shipping_destination,Priority,Uzbekistan,,country_rank_within_shipping,48.0,5,,,,9,9,77.34,8.5933,8.9,,0.4019,,Shipping method and destination-country interaction.
shipping_destination_mix,shipping_destination,Standard,Tajikistan,,country_rank_within_shipping,48.0,4,,,,5,5,71.52,14.304,5.9,,0.3832,,Shipping method and destination-country interaction.
shipping_destination_mix,shipping_destination,Express,Libya,,country_rank_within_shipping,49.0,5,,,,8,8,67.16,8.395,11.9,,0.3511,,Shipping method and destination-country interaction.
shipping_destination_mix,shipping_destination,International,Madagascar,,country_rank_within_shipping,49.0,8,,,,9,9,66.99,7.4433,24.5,,0.3638,,Shipping method and destination-country interaction.
shipping_destination_mix,shipping_destination,Priority,New Zealand,,country_rank_within_shipping,49.0,2,,,,7,7,67.83,9.69,8.9,,0.3525,,Shipping method and destination-country interaction.
shipping_destination_mix,shipping_destination,Standard,Venezuela,,country_rank_within_shipping,49.0,4,,,,9,9,70.8,7.8667,5.9,,0.3793,,Shipping method and destination-country interaction.
shipping_destination_mix,shipping_destination,Express,Albania,,country_rank_within_shipping,50.0,4,,,,9,9,66.96,7.44,11.9,,0.3501,,Shipping method and destination-country interaction.
shipping_destination_mix,shipping_destination,International,Bangladesh,,country_rank_within_shipping,50.0,4,,,,5,5,66.35,13.27,24.5,,0.3603,,Shipping method and destination-country interaction.
shipping_destination_mix,shipping_destination,Priority,Ireland,,country_rank_within_shipping,50.0,3,,,,6,6,60.67,10.1117,8.9,,0.3153,,Shipping method and destination-country interaction.
shipping_destination_mix,shipping_destination,Standard,Croatia,,country_rank_within_shipping,50.0,5,,,,6,6,66.62,11.1033,5.9,,0.3569,,Shipping method and destination-country interaction.
shipping_destination_mix,shipping_destination,Express,Malaysia,,country_rank_within_shipping,51.0,7,,,,8,8,65.56,8.195,11.9,,0.3427,,Shipping method and destination-country interaction.
shipping_destination_mix,shipping_destination,International,Morocco,,country_rank_within_shipping,51.0,5,,,,9,9,61.48,6.8311,24.5,,0.3339,,Shipping method and destination-country interaction.
shipping_destination_mix,shipping_destination,Priority,Macedonia,,country_rank_within_shipping,51.0,4,,,,7,7,60.49,8.6414,8.9,,0.3143,,Shipping method and destination-country interaction.
shipping_destination_mix,shipping_destination,Standard,Mali,,country_rank_within_shipping,51.0,5,,,,7,7,65.13,9.3043,5.9,,0.349,,Shipping method and destination-country interaction.
shipping_destination_mix,shipping_destination,Express,Mali,,country_rank_within_shipping,52.0,5,,,,6,6,63.23,10.5383,11.9,,0.3306,,Shipping method and destination-country interaction.
shipping_destination_mix,shipping_destination,International,Croatia,,country_rank_within_shipping,52.0,5,,,,6,6,60.82,10.1367,24.5,,0.3303,,Shipping method and destination-country interaction.
shipping_destination_mix,shipping_destination,Priority,Guinea,,country_rank_within_shipping,52.0,5,,,,5,5,60.24,12.048,8.9,,0.313,,Shipping method and destination-country interaction.
shipping_destination_mix,shipping_destination,Standard,Ireland,,country_rank_within_shipping,52.0,4,,,,6,6,64.77,10.795,5.9,,0.347,,Shipping method and destination-country interaction.
shipping_destination_mix,shipping_destination,Express,United Kingdom,,country_rank_within_shipping,53.0,4,,,,6,6,61.85,10.3083,11.9,,0.3233,,Shipping method and destination-country interaction.
shipping_destination_mix,shipping_destination,International,Hungary,,country_rank_within_shipping,53.0,5,,,,5,5,59.53,11.906,24.5,,0.3233,,Shipping method and destination-country interaction.
shipping_destination_mix,shipping_destination,Priority,South Africa,,country_rank_within_shipping,53.0,6,,,,8,8,51.83,6.4788,8.9,,0.2693,,Shipping method and destination-country interaction.
shipping_destination_mix,shipping_destination,Standard,Albania,,country_rank_within_shipping,53.0,5,,,,7,7,64.52,9.2171,5.9,,0.3457,,Shipping method and destination-country interaction.
shipping_destination_mix,shipping_destination,Express,Norway,,country_rank_within_shipping,54.0,6,,,,8,8,54.34,6.7925,11.9,,0.2841,,Shipping method and destination-country interaction.
shipping_destination_mix,shipping_destination,International,Macedonia,,country_rank_within_shipping,54.0,4,,,,5,5,52.82,10.564,24.5,,0.2869,,Shipping method and destination-country interaction.
shipping_destination_mix,shipping_destination,Priority,Sierra Leone,,country_rank_within_shipping,54.0,5,,,,6,6,51.76,8.6267,8.9,,0.269,,Shipping method and destination-country interaction.
shipping_destination_mix,shipping_destination,Standard,Honduras,,country_rank_within_shipping,54.0,3,,,,6,6,60.66,10.11,5.9,,0.325,,Shipping method and destination-country interaction.
shipping_destination_mix,shipping_destination,Express,Burkina Faso,,country_rank_within_shipping,55.0,2,,,,5,5,54.32,10.864,11.9,,0.284,,Shipping method and destination-country interaction.
shipping_destination_mix,shipping_destination,International,South Africa,,country_rank_within_shipping,55.0,5,,,,6,6,44.7,7.45,24.5,,0.2428,,Shipping method and destination-country interaction.
shipping_destination_mix,shipping_destination,Priority,Bhutan,,country_rank_within_shipping,55.0,3,,,,5,5,50.17,10.034,8.9,,0.2607,,Shipping method and destination-country interaction.
shipping_destination_mix,shipping_destination,Standard,Kenya,,country_rank_within_shipping,55.0,8,,,,9,9,58.05,6.45,5.9,,0.311,,Shipping method and destination-country interaction.
shipping_destination_mix,shipping_destination,Express,Finland,,country_rank_within_shipping,56.0,4,,,,6,6,51.68,8.6133,11.9,,0.2702,,Shipping method and destination-country interaction.
shipping_destination_mix,shipping_destination,International,Honduras,,country_rank_within_shipping,56.0,5,,,,6,6,42.89,7.1483,24.5,,0.2329,,Shipping method and destination-country interaction.
shipping_destination_mix,shipping_destination,Priority,Taiwan,,country_rank_within_shipping,56.0,3,,,,3,3,48.97,16.3233,8.9,,0.2545,,Shipping method and destination-country interaction.
shipping_destination_mix,shipping_destination,Standard,Comoros,,country_rank_within_shipping,56.0,4,,,,7,7,56.6,8.0857,5.9,,0.3033,,Shipping method and destination-country interaction.
shipping_destination_mix,shipping_destination,Express,South Korea,,country_rank_within_shipping,57.0,3,,,,4,4,51.47,12.8675,11.9,,0.2691,,Shipping method and destination-country interaction.
shipping_destination_mix,shipping_destination,International,Greece,,country_rank_within_shipping,57.0,6,,,,7,7,41.87,5.9814,24.5,,0.2274,,Shipping method and destination-country interaction.
shipping_destination_mix,shipping_destination,Priority,Nepal,,country_rank_within_shipping,57.0,5,,,,5,5,48.65,9.73,8.9,,0.2528,,Shipping method and destination-country interaction.
shipping_destination_mix,shipping_destination,Standard,Guinea,,country_rank_within_shipping,57.0,3,,,,6,6,56.53,9.4217,5.9,,0.3029,,Shipping method and destination-country interaction.
shipping_destination_mix,shipping_destination,Express,Azerbaijan,,country_rank_within_shipping,58.0,4,,,,4,4,45.33,11.3325,11.9,,0.237,,Shipping method and destination-country interaction.
shipping_destination_mix,shipping_destination,International,Nepal,,country_rank_within_shipping,58.0,4,,,,4,4,39.59,9.8975,24.5,,0.215,,Shipping method and destination-country interaction.
shipping_destination_mix,shipping_destination,Priority,Hungary,,country_rank_within_shipping,58.0,5,,,,5,5,46.74,9.348,8.9,,0.2429,,Shipping method and destination-country interaction.
shipping_destination_mix,shipping_destination,Standard,Germany,,country_rank_within_shipping,58.0,5,,,,5,5,55.75,11.15,5.9,,0.2987,,Shipping method and destination-country interaction.
shipping_destination_mix,shipping_destination,Express,Rwanda,,country_rank_within_shipping,59.0,3,,,,3,3,44.8,14.9333,11.9,,0.2342,,Shipping method and destination-country interaction.
shipping_destination_mix,shipping_destination,International,Uganda,,country_rank_within_shipping,59.0,3,,,,3,3,38.14,12.7133,24.5,,0.2071,,Shipping method and destination-country interaction.
shipping_destination_mix,shipping_destination,Priority,Finland,,country_rank_within_shipping,59.0,4,,,,5,5,42.47,8.494,8.9,,0.2207,,Shipping method and destination-country interaction.
shipping_destination_mix,shipping_destination,Standard,Slovenia,,country_rank_within_shipping,59.0,6,,,,6,6,53.63,8.9383,5.9,,0.2873,,Shipping method and destination-country interaction.
shipping_destination_mix,shipping_destination,Express,Croatia,,country_rank_within_shipping,60.0,4,,,,4,4,43.99,10.9975,11.9,,0.23,,Shipping method and destination-country interaction.
shipping_destination_mix,shipping_destination,International,Kenya,,country_rank_within_shipping,60.0,4,,,,5,5,37.82,7.564,24.5,,0.2054,,Shipping method and destination-country interaction.
shipping_destination_mix,shipping_destination,Priority,Albania,,country_rank_within_shipping,60.0,3,,,,4,4,42.17,10.5425,8.9,,0.2191,,Shipping method and destination-country interaction.
shipping_destination_mix,shipping_destination,Standard,United Kingdom,,country_rank_within_shipping,60.0,3,,,,5,5,51.22,10.244,5.9,,0.2744,,Shipping method and destination-country interaction.
shipping_destination_mix,shipping_destination,Express,Ghana,,country_rank_within_shipping,61.0,4,,,,5,5,42.48,8.496,11.9,,0.2221,,Shipping method and destination-country interaction.
shipping_destination_mix,shipping_destination,International,Ghana,,country_rank_within_shipping,61.0,3,,,,5,5,34.7,6.94,24.5,,0.1885,,Shipping method and destination-country interaction.
shipping_destination_mix,shipping_destination,Priority,Serbia,,country_rank_within_shipping,61.0,3,,,,4,4,38.63,9.6575,8.9,,0.2007,,Shipping method and destination-country interaction.
shipping_destination_mix,shipping_destination,Standard,Norway,,country_rank_within_shipping,61.0,5,,,,6,6,50.52,8.42,5.9,,0.2707,,Shipping method and destination-country interaction.
shipping_destination_mix,shipping_destination,Express,Macedonia,,country_rank_within_shipping,62.0,3,,,,4,4,39.71,9.9275,11.9,,0.2076,,Shipping method and destination-country interaction.
shipping_destination_mix,shipping_destination,International,New Zealand,,country_rank_within_shipping,62.0,2,,,,3,3,34.45,11.4833,24.5,,0.1871,,Shipping method and destination-country interaction.
shipping_destination_mix,shipping_destination,Priority,Georgia,,country_rank_within_shipping,62.0,2,,,,2,2,35.94,17.97,8.9,,0.1868,,Shipping method and destination-country interaction.
shipping_destination_mix,shipping_destination,Standard,Bangladesh,,country_rank_within_shipping,62.0,3,,,,5,5,48.8,9.76,5.9,,0.2615,,Shipping method and destination-country interaction.
shipping_destination_mix,shipping_destination,Express,Slovenia,,country_rank_within_shipping,63.0,4,,,,5,5,39.45,7.89,11.9,,0.2062,,Shipping method and destination-country interaction.
shipping_destination_mix,shipping_destination,International,Cameroon,,country_rank_within_shipping,63.0,4,,,,4,4,32.81,8.2025,24.5,,0.1782,,Shipping method and destination-country interaction.
shipping_destination_mix,shipping_destination,Priority,Tanzania,,country_rank_within_shipping,63.0,3,,,,3,3,34.21,11.4033,8.9,,0.1778,,Shipping method and destination-country interaction.
shipping_destination_mix,shipping_destination,Standard,Hungary,,country_rank_within_shipping,63.0,3,,,,5,5,47.71,9.542,5.9,,0.2556,,Shipping method and destination-country interaction.
shipping_destination_mix,shipping_destination,Express,Bangladesh,,country_rank_within_shipping,64.0,2,,,,2,2,35.19,17.595,11.9,,0.184,,Shipping method and destination-country interaction.
shipping_destination_mix,shipping_destination,International,Tanzania,,country_rank_within_shipping,64.0,2,,,,2,2,32.25,16.125,24.5,,0.1751,,Shipping method and destination-country interaction.
shipping_destination_mix,shipping_destination,Priority,Samoa,,country_rank_within_shipping,64.0,2,,,,4,4,33.09,8.2725,8.9,,0.1719,,Shipping method and destination-country interaction.
shipping_destination_mix,shipping_destination,Standard,Burkina Faso,,country_rank_within_shipping,64.0,2,,,,4,4,43.88,10.97,5.9,,0.2351,,Shipping method and destination-country interaction.
shipping_destination_mix,shipping_destination,Express,Cuba,,country_rank_within_shipping,65.0,3,,,,3,3,34.75,11.5833,11.9,,0.1817,,Shipping method and destination-country interaction.
shipping_destination_mix,shipping_destination,International,South Korea,,country_rank_within_shipping,65.0,3,,,,4,4,31.71,7.9275,24.5,,0.1722,,Shipping method and destination-country interaction.
shipping_destination_mix,shipping_destination,Priority,Libya,,country_rank_within_shipping,65.0,1,,,,3,3,30.97,10.3233,8.9,,0.1609,,Shipping method and destination-country interaction.
shipping_destination_mix,shipping_destination,Standard,Micronesia,,country_rank_within_shipping,65.0,2,,,,3,3,41.26,13.7533,5.9,,0.2211,,Shipping method and destination-country interaction.
shipping_destination_mix,shipping_destination,Express,Samoa,,country_rank_within_shipping,66.0,2,,,,3,3,27.45,9.15,11.9,,0.1435,,Shipping method and destination-country interaction.
shipping_destination_mix,shipping_destination,International,Samoa,,country_rank_within_shipping,66.0,2,,,,3,3,31.43,10.4767,24.5,,0.1707,,Shipping method and destination-country interaction.
shipping_destination_mix,shipping_destination,Priority,Venezuela,,country_rank_within_shipping,66.0,4,,,,4,4,30.27,7.5675,8.9,,0.1573,,Shipping method and destination-country interaction.
shipping_destination_mix,shipping_destination,Standard,Panama,,country_rank_within_shipping,66.0,5,,,,5,5,40.19,8.038,5.9,,0.2153,,Shipping method and destination-country interaction.
shipping_destination_mix,shipping_destination,Express,Micronesia,,country_rank_within_shipping,67.0,2,,,,2,2,26.62,13.31,11.9,,0.1392,,Shipping method and destination-country interaction.
shipping_destination_mix,shipping_destination,International,Montenegro,,country_rank_within_shipping,67.0,2,,,,2,2,29.45,14.725,24.5,,0.1599,,Shipping method and destination-country interaction.
shipping_destination_mix,shipping_destination,Priority,Comoros,,country_rank_within_shipping,67.0,2,,,,2,2,28.26,14.13,8.9,,0.1468,,Shipping method and destination-country interaction.
shipping_destination_mix,shipping_destination,Standard,New Zealand,,country_rank_within_shipping,67.0,2,,,,3,3,36.3,12.1,5.9,,0.1945,,Shipping method and destination-country interaction.
shipping_destination_mix,shipping_destination,Express,Tajikistan,,country_rank_within_shipping,68.0,2,,,,2,2,26.32,13.16,11.9,,0.1376,,Shipping method and destination-country interaction.
shipping_destination_mix,shipping_destination,International,Albania,,country_rank_within_shipping,68.0,1,,,,2,2,29.35,14.675,24.5,,0.1594,,Shipping method and destination-country interaction.
shipping_destination_mix,shipping_destination,Priority,Australia,,country_rank_within_shipping,68.0,2,,,,4,4,25.85,6.4625,8.9,,0.1343,,Shipping method and destination-country interaction.
shipping_destination_mix,shipping_destination,Standard,Libya,,country_rank_within_shipping,68.0,3,,,,5,5,35.1,7.02,5.9,,0.1881,,Shipping method and destination-country interaction.
shipping_destination_mix,shipping_destination,Express,Hungary,,country_rank_within_shipping,69.0,1,,,,2,2,22.62,11.31,11.9,,0.1183,,Shipping method and destination-country interaction.
shipping_destination_mix,shipping_destination,International,Malaysia,,country_rank_within_shipping,69.0,5,,,,5,5,27.96,5.592,24.5,,0.1518,,Shipping method and destination-country interaction.
shipping_destination_mix,shipping_destination,Priority,United Kingdom,,country_rank_within_shipping,69.0,2,,,,3,3,19.5,6.5,8.9,,0.1013,,Shipping method and destination-country interaction.
shipping_destination_mix,shipping_destination,Standard,Australia,,country_rank_within_shipping,69.0,3,,,,3,3,33.67,11.2233,5.9,,0.1804,,Shipping method and destination-country interaction.
shipping_destination_mix,shipping_destination,Express,Taiwan,,country_rank_within_shipping,70.0,2,,,,2,2,21.92,10.96,11.9,,0.1146,,Shipping method and destination-country interaction.
shipping_destination_mix,shipping_destination,International,Burkina Faso,,country_rank_within_shipping,70.0,2,,,,4,4,27.37,6.8425,24.5,,0.1486,,Shipping method and destination-country interaction.
shipping_destination_mix,shipping_destination,Priority,Slovakia,,country_rank_within_shipping,70.0,2,,,,2,2,19.37,9.685,8.9,,0.1007,,Shipping method and destination-country interaction.
shipping_destination_mix,shipping_destination,Standard,Samoa,,country_rank_within_shipping,70.0,1,,,,2,2,29.13,14.565,5.9,,0.1561,,Shipping method and destination-country interaction.
shipping_destination_mix,shipping_destination,Express,Comoros,,country_rank_within_shipping,71.0,2,,,,2,2,20.85,10.425,11.9,,0.109,,Shipping method and destination-country interaction.
shipping_destination_mix,shipping_destination,International,Panama,,country_rank_within_shipping,71.0,2,,,,2,2,24.77,12.385,24.5,,0.1345,,Shipping method and destination-country interaction.
shipping_destination_mix,shipping_destination,Priority,Panama,,country_rank_within_shipping,71.0,4,,,,4,4,17.63,4.4075,8.9,,0.0916,,Shipping method and destination-country interaction.
shipping_destination_mix,shipping_destination,Standard,Moldova,,country_rank_within_shipping,71.0,2,,,,2,2,28.58,14.29,5.9,,0.1531,,Shipping method and destination-country interaction.
shipping_destination_mix,shipping_destination,Express,South Africa,,country_rank_within_shipping,72.0,2,,,,2,2,19.9,9.95,11.9,,0.104,,Shipping method and destination-country interaction.
shipping_destination_mix,shipping_destination,International,Comoros,,country_rank_within_shipping,72.0,2,,,,2,2,23.28,11.64,24.5,,0.1264,,Shipping method and destination-country interaction.
shipping_destination_mix,shipping_destination,Priority,Rwanda,,country_rank_within_shipping,72.0,1,,,,1,1,17.49,17.49,8.9,,0.0909,,Shipping method and destination-country interaction.
shipping_destination_mix,shipping_destination,Standard,Egypt,,country_rank_within_shipping,72.0,3,,,,3,3,21.99,7.33,5.9,,0.1178,,Shipping method and destination-country interaction.
shipping_destination_mix,shipping_destination,Express,Yemen,,country_rank_within_shipping,73.0,3,,,,3,3,19.59,6.53,11.9,,0.1024,,Shipping method and destination-country interaction.
shipping_destination_mix,shipping_destination,International,Tajikistan,,country_rank_within_shipping,73.0,1,,,,2,2,21.95,10.975,24.5,,0.1192,,Shipping method and destination-country interaction.
shipping_destination_mix,shipping_destination,Priority,South Korea,,country_rank_within_shipping,73.0,1,,,,1,1,17.26,17.26,8.9,,0.0897,,Shipping method and destination-country interaction.
shipping_destination_mix,shipping_destination,Standard,Georgia,,country_rank_within_shipping,73.0,2,,,,2,2,21.1,10.55,5.9,,0.1131,,Shipping method and destination-country interaction.
shipping_destination_mix,shipping_destination,Express,Panama,,country_rank_within_shipping,74.0,1,,,,1,1,18.62,18.62,11.9,,0.0973,,Shipping method and destination-country interaction.
shipping_destination_mix,shipping_destination,International,Ethiopia,,country_rank_within_shipping,74.0,2,,,,2,2,19.98,9.99,24.5,,0.1085,,Shipping method and destination-country interaction.
shipping_destination_mix,shipping_destination,Priority,Croatia,,country_rank_within_shipping,74.0,2,,,,2,2,17.07,8.535,8.9,,0.0887,,Shipping method and destination-country interaction.
shipping_destination_mix,shipping_destination,Standard,Nepal,,country_rank_within_shipping,74.0,2,,,,3,3,21.08,7.0267,5.9,,0.1129,,Shipping method and destination-country interaction.
shipping_destination_mix,shipping_destination,Express,Tanzania,,country_rank_within_shipping,75.0,2,,,,2,2,17.52,8.76,11.9,,0.0916,,Shipping method and destination-country interaction.
shipping_destination_mix,shipping_destination,International,Finland,,country_rank_within_shipping,75.0,3,,,,3,3,19.61,6.5367,24.5,,0.1065,,Shipping method and destination-country interaction.
shipping_destination_mix,shipping_destination,Priority,Slovenia,,country_rank_within_shipping,75.0,5,,,,5,5,16.74,3.348,8.9,,0.087,,Shipping method and destination-country interaction.
shipping_destination_mix,shipping_destination,Standard,Taiwan,,country_rank_within_shipping,75.0,2,,,,2,2,21.01,10.505,5.9,,0.1126,,Shipping method and destination-country interaction.
shipping_destination_mix,shipping_destination,Express,Uganda,,country_rank_within_shipping,76.0,1,,,,1,1,16.98,16.98,11.9,,0.0888,,Shipping method and destination-country interaction.
shipping_destination_mix,shipping_destination,International,Georgia,,country_rank_within_shipping,76.0,3,,,,3,3,19.6,6.5333,24.5,,0.1064,,Shipping method and destination-country interaction.
shipping_destination_mix,shipping_destination,Priority,Egypt,,country_rank_within_shipping,76.0,1,,,,1,1,16.23,16.23,8.9,,0.0843,,Shipping method and destination-country interaction.
shipping_destination_mix,shipping_destination,Standard,Tunisia,,country_rank_within_shipping,76.0,2,,,,3,3,19.49,6.4967,5.9,,0.1044,,Shipping method and destination-country interaction.
shipping_destination_mix,shipping_destination,Express,Moldova,,country_rank_within_shipping,77.0,2,,,,2,2,15.5,7.75,11.9,,0.081,,Shipping method and destination-country interaction.
shipping_destination_mix,shipping_destination,International,Slovakia,,country_rank_within_shipping,77.0,2,,,,2,2,19.51,9.755,24.5,,0.106,,Shipping method and destination-country interaction.
shipping_destination_mix,shipping_destination,Priority,Malaysia,,country_rank_within_shipping,77.0,2,,,,2,2,15.48,7.74,8.9,,0.0804,,Shipping method and destination-country interaction.
shipping_destination_mix,shipping_destination,Standard,Mongolia,,country_rank_within_shipping,77.0,2,,,,2,2,18.73,9.365,5.9,,0.1004,,Shipping method and destination-country interaction.
shipping_destination_mix,shipping_destination,Express,Ivory Coast,,country_rank_within_shipping,78.0,1,,,,1,1,14.52,14.52,11.9,,0.0759,,Shipping method and destination-country interaction.
shipping_destination_mix,shipping_destination,International,Luxembourg,,country_rank_within_shipping,78.0,2,,,,3,3,17.87,5.9567,24.5,,0.0971,,Shipping method and destination-country interaction.
shipping_destination_mix,shipping_destination,Priority,Micronesia,,country_rank_within_shipping,78.0,1,,,,2,2,15.24,7.62,8.9,,0.0792,,Shipping method and destination-country interaction.
shipping_destination_mix,shipping_destination,Standard,Cuba,,country_rank_within_shipping,78.0,1,,,,1,1,17.52,17.52,5.9,,0.0939,,Shipping method and destination-country interaction.
shipping_destination_mix,shipping_destination,Express,Kazakhstan,,country_rank_within_shipping,79.0,1,,,,1,1,14.19,14.19,11.9,,0.0742,,Shipping method and destination-country interaction.
shipping_destination_mix,shipping_destination,International,Kazakhstan,,country_rank_within_shipping,79.0,1,,,,1,1,17.49,17.49,24.5,,0.095,,Shipping method and destination-country interaction.
shipping_destination_mix,shipping_destination,Priority,Kyrgyzstan,,country_rank_within_shipping,79.0,3,,,,3,3,14.89,4.9633,8.9,,0.0774,,Shipping method and destination-country interaction.
shipping_destination_mix,shipping_destination,Standard,Kosovo,,country_rank_within_shipping,79.0,1,,,,1,1,17.06,17.06,5.9,,0.0914,,Shipping method and destination-country interaction.
shipping_destination_mix,shipping_destination,Express,Latvia,,country_rank_within_shipping,80.0,1,,,,1,1,13.88,13.88,11.9,,0.0726,,Shipping method and destination-country interaction.
shipping_destination_mix,shipping_destination,International,Mongolia,,country_rank_within_shipping,80.0,1,,,,1,1,17.34,17.34,24.5,,0.0942,,Shipping method and destination-country interaction.
shipping_destination_mix,shipping_destination,Priority,Tunisia,,country_rank_within_shipping,80.0,1,,,,1,1,12.28,12.28,8.9,,0.0638,,Shipping method and destination-country interaction.
shipping_destination_mix,shipping_destination,Standard,Latvia,,country_rank_within_shipping,80.0,2,,,,2,2,16.37,8.185,5.9,,0.0877,,Shipping method and destination-country interaction.
shipping_destination_mix,shipping_destination,Express,Montenegro,,country_rank_within_shipping,81.0,2,,,,2,2,13.86,6.93,11.9,,0.0725,,Shipping method and destination-country interaction.
shipping_destination_mix,shipping_destination,International,Rwanda,,country_rank_within_shipping,81.0,1,,,,1,1,13.21,13.21,24.5,,0.0717,,Shipping method and destination-country interaction.
shipping_destination_mix,shipping_destination,Priority,Malta,,country_rank_within_shipping,81.0,1,,,,1,1,9.66,9.66,8.9,,0.0502,,Shipping method and destination-country interaction.
shipping_destination_mix,shipping_destination,Standard,Tanzania,,country_rank_within_shipping,81.0,1,,,,1,1,15.97,15.97,5.9,,0.0856,,Shipping method and destination-country interaction.
shipping_destination_mix,shipping_destination,Express,Slovakia,,country_rank_within_shipping,82.0,2,,,,2,2,13.59,6.795,11.9,,0.071,,Shipping method and destination-country interaction.
shipping_destination_mix,shipping_destination,International,Malta,,country_rank_within_shipping,82.0,2,,,,2,2,12.24,6.12,24.5,,0.0665,,Shipping method and destination-country interaction.
shipping_destination_mix,shipping_destination,Priority,Kazakhstan,,country_rank_within_shipping,82.0,1,,,,1,1,7.63,7.63,8.9,,0.0396,,Shipping method and destination-country interaction.
shipping_destination_mix,shipping_destination,Standard,Denmark,,country_rank_within_shipping,82.0,1,,,,1,1,14.5,14.5,5.9,,0.0777,,Shipping method and destination-country interaction.
shipping_destination_mix,shipping_destination,Express,Ethiopia,,country_rank_within_shipping,83.0,2,,,,2,2,12.33,6.165,11.9,,0.0645,,Shipping method and destination-country interaction.
shipping_destination_mix,shipping_destination,International,Cyprus,,country_rank_within_shipping,83.0,1,,,,1,1,11.67,11.67,24.5,,0.0634,,Shipping method and destination-country interaction.
shipping_destination_mix,shipping_destination,Priority,Moldova,,country_rank_within_shipping,83.0,1,,,,1,1,5.27,5.27,8.9,,0.0274,,Shipping method and destination-country interaction.
shipping_destination_mix,shipping_destination,Standard,Lesotho,,country_rank_within_shipping,83.0,1,,,,1,1,13.05,13.05,5.9,,0.0699,,Shipping method and destination-country interaction.
shipping_destination_mix,shipping_destination,Express,Sierra Leone,,country_rank_within_shipping,84.0,2,,,,2,2,11.02,5.51,11.9,,0.0576,,Shipping method and destination-country interaction.
shipping_destination_mix,shipping_destination,International,Yemen,,country_rank_within_shipping,84.0,2,,,,2,2,11.48,5.74,24.5,,0.0623,,Shipping method and destination-country interaction.
shipping_destination_mix,shipping_destination,Priority,Montenegro,,country_rank_within_shipping,84.0,1,,,,1,1,3.48,3.48,8.9,,0.0181,,Shipping method and destination-country interaction.
shipping_destination_mix,shipping_destination,Standard,Cyprus,,country_rank_within_shipping,84.0,2,,,,2,2,11.28,5.64,5.9,,0.0604,,Shipping method and destination-country interaction.
shipping_destination_mix,shipping_destination,Express,Georgia,,country_rank_within_shipping,85.0,1,,,,1,1,7.0,7.0,11.9,,0.0366,,Shipping method and destination-country interaction.
shipping_destination_mix,shipping_destination,International,Taiwan,,country_rank_within_shipping,85.0,1,,,,1,1,11.19,11.19,24.5,,0.0608,,Shipping method and destination-country interaction.
shipping_destination_mix,shipping_destination,Priority,Burkina Faso,,country_rank_within_shipping,85.0,1,,,,1,1,1.89,1.89,8.9,,0.0098,,Shipping method and destination-country interaction.
shipping_destination_mix,shipping_destination,Standard,Uganda,,country_rank_within_shipping,85.0,2,,,,2,2,9.28,4.64,5.9,,0.0497,,Shipping method and destination-country interaction.
shipping_destination_mix,shipping_destination,Express,Luxembourg,,country_rank_within_shipping,86.0,1,,,,1,1,5.79,5.79,11.9,,0.0303,,Shipping method and destination-country interaction.
shipping_destination_mix,shipping_destination,International,Germany,,country_rank_within_shipping,86.0,2,,,,2,2,10.39,5.195,24.5,,0.0564,,Shipping method and destination-country interaction.
shipping_destination_mix,shipping_destination,Standard,Rwanda,,country_rank_within_shipping,86.0,1,,,,1,1,9.02,9.02,5.9,,0.0483,,Shipping method and destination-country interaction.
shipping_destination_mix,shipping_destination,Express,Tunisia,,country_rank_within_shipping,87.0,1,,,,1,1,5.06,5.06,11.9,,0.0265,,Shipping method and destination-country interaction.
shipping_destination_mix,shipping_destination,International,Ivory Coast,,country_rank_within_shipping,87.0,1,,,,1,1,9.94,9.94,24.5,,0.054,,Shipping method and destination-country interaction.
shipping_destination_mix,shipping_destination,Standard,Bulgaria,,country_rank_within_shipping,87.0,1,,,,1,1,7.38,7.38,5.9,,0.0395,,Shipping method and destination-country interaction.
shipping_destination_mix,shipping_destination,Express,Mongolia,,country_rank_within_shipping,88.0,1,,,,1,1,2.28,2.28,11.9,,0.0119,,Shipping method and destination-country interaction.
shipping_destination_mix,shipping_destination,International,Moldova,,country_rank_within_shipping,88.0,1,,,,1,1,7.3,7.3,24.5,,0.0396,,Shipping method and destination-country interaction.
shipping_destination_mix,shipping_destination,Standard,Slovakia,,country_rank_within_shipping,88.0,2,,,,2,2,4.43,2.215,5.9,,0.0237,,Shipping method and destination-country interaction.
shipping_destination_mix,shipping_destination,Express,Denmark,,country_rank_within_shipping,89.0,1,,,,1,1,1.31,1.31,11.9,,0.0068,,Shipping method and destination-country interaction.
shipping_destination_mix,shipping_destination,International,Micronesia,,country_rank_within_shipping,89.0,1,,,,1,1,6.79,6.79,24.5,,0.0369,,Shipping method and destination-country interaction.
shipping_destination_mix,shipping_destination,Standard,South Korea,,country_rank_within_shipping,89.0,1,,,,1,1,4.02,4.02,5.9,,0.0215,,Shipping method and destination-country interaction.
shipping_destination_mix,shipping_destination,Express,Egypt,,country_rank_within_shipping,90.0,1,,,,1,1,0.72,0.72,11.9,,0.0038,,Shipping method and destination-country interaction.
shipping_destination_mix,shipping_destination,International,Australia,,country_rank_within_shipping,90.0,1,,,,2,2,4.65,2.325,24.5,,0.0253,,Shipping method and destination-country interaction.
shipping_destination_mix,shipping_destination,Standard,Montenegro,,country_rank_within_shipping,90.0,1,,,,1,1,1.7,1.7,5.9,,0.0091,,Shipping method and destination-country interaction.
shipping_destination_mix,shipping_destination,Express,Cyprus,,country_rank_within_shipping,91.0,1,,,,1,1,0.23,0.23,11.9,,0.0012,,Shipping method and destination-country interaction.
shipping_destination_mix,shipping_destination,International,Lesotho,,country_rank_within_shipping,91.0,1,,,,1,1,4.39,4.39,24.5,,0.0238,,Shipping method and destination-country interaction.
shipping_destination_mix,shipping_destination,Standard,Kazakhstan,,country_rank_within_shipping,91.0,1,,,,1,1,1.14,1.14,5.9,,0.0061,,Shipping method and destination-country interaction.
shipping_destination_mix,shipping_destination,International,Palestine,,country_rank_within_shipping,92.0,1,,,,1,1,0.84,0.84,24.5,,0.0046,,Shipping method and destination-country interaction.
top_customer_address_value,customer,Theo Hebron,1601,,customer_value_rank,1.0,1,4,3,1,20,20,251.71,12.5855,11.84,4.0,0.3336,4.0,Customer-level address and order-value evidence for top or mismatched customers.
top_customer_address_value,customer,Lucia Fearon,695,,customer_value_rank,2.0,1,3,2,1,20,20,240.17,12.0085,13.13,3.0,0.3183,3.0,Customer-level address and order-value evidence for top or mismatched customers.
top_customer_address_value,customer,Annabelle Lambert-Ciorwyn,1811,,customer_value_rank,3.0,1,3,2,1,15,15,222.23,14.8153,16.58,2.0,0.2945,2.0,Customer-level address and order-value evidence for top or mismatched customers.
top_customer_address_value,customer,Ruttger Royce,184,,customer_value_rank,4.0,1,3,2,1,23,23,219.73,9.5535,13.3609,3.0,0.2912,3.0,Customer-level address and order-value evidence for top or mismatched customers.
top_customer_address_value,customer,Helene Guy,1862,,customer_value_rank,5.0,1,3,3,0,16,16,209.76,13.11,13.775,2.0,0.278,1.0,Customer-level address and order-value evidence for top or mismatched customers.
top_customer_address_value,customer,Joycelin Pagon,455,,customer_value_rank,6.0,1,3,2,1,15,15,189.95,12.6633,13.9,3.0,0.2518,2.0,Customer-level address and order-value evidence for top or mismatched customers.
top_customer_address_value,customer,Nicola Price,1382,,customer_value_rank,7.0,1,3,2,1,14,14,182.59,13.0421,9.8,3.0,0.242,3.0,Customer-level address and order-value evidence for top or mismatched customers.
top_customer_address_value,customer,Gideon Bartkowiak,1699,,customer_value_rank,8.0,1,2,1,1,14,14,179.49,12.8207,11.7714,2.0,0.2379,2.0,Customer-level address and order-value evidence for top or mismatched customers.
top_customer_address_value,customer,Mort Zienkiewicz,426,,customer_value_rank,9.0,1,4,2,2,15,15,179.35,11.9567,12.02,3.0,0.2377,2.0,Customer-level address and order-value evidence for top or mismatched customers.
top_customer_address_value,customer,Judy Claibourn,1565,,customer_value_rank,10.0,1,5,4,1,15,15,178.32,11.888,11.42,4.0,0.2363,4.0,Customer-level address and order-value evidence for top or mismatched customers.
top_customer_address_value,customer,Germaine Arbon,1765,,customer_value_rank,11.0,1,4,3,1,14,14,176.93,12.6379,10.7,3.0,0.2345,3.0,Customer-level address and order-value evidence for top or mismatched customers.
top_customer_address_value,customer,Belle Kneesha,1433,,customer_value_rank,12.0,1,2,2,0,17,17,171.62,10.0953,10.3471,2.0,0.2275,2.0,Customer-level address and order-value evidence for top or mismatched customers.
top_customer_address_value,customer,Prue Habble,1328,,customer_value_rank,13.0,1,3,2,1,15,15,166.99,11.1327,17.66,2.0,0.2213,2.0,Customer-level address and order-value evidence for top or mismatched customers.
top_customer_address_value,customer,Raquela Gwilliam,488,,customer_value_rank,14.0,1,4,3,1,15,15,165.68,11.0453,12.22,4.0,0.2196,4.0,Customer-level address and order-value evidence for top or mismatched customers.
top_customer_address_value,customer,Nial Giraux,677,,customer_value_rank,15.0,1,4,3,1,14,14,165.53,11.8236,12.0286,4.0,0.2194,3.0,Customer-level address and order-value evidence for top or mismatched customers.
top_customer_address_value,customer,Zorana Sherburn,1848,,customer_value_rank,16.0,1,3,2,1,13,13,164.46,12.6508,15.1308,3.0,0.218,3.0,Customer-level address and order-value evidence for top or mismatched customers.
top_customer_address_value,customer,Andrea Headford,1104,,customer_value_rank,17.0,1,4,2,2,15,15,164.31,10.954,13.66,3.0,0.2178,3.0,Customer-level address and order-value evidence for top or mismatched customers.
top_customer_address_value,customer,Ransom Clive,1499,,customer_value_rank,18.0,1,3,2,1,14,14,161.89,11.5636,10.7,3.0,0.2146,3.0,Customer-level address and order-value evidence for top or mismatched customers.
top_customer_address_value,customer,Kilian Mayer,714,,customer_value_rank,19.0,1,3,2,1,13,13,161.08,12.3908,13.7,3.0,0.2135,3.0,Customer-level address and order-value evidence for top or mismatched customers.
top_customer_address_value,customer,Carter Dannell,291,,customer_value_rank,20.0,1,4,3,1,14,14,159.61,11.4007,11.8143,4.0,0.2115,4.0,Customer-level address and order-value evidence for top or mismatched customers.
top_customer_address_value,customer,Isabella Toogood,1393,,customer_value_rank,21.0,1,2,2,0,14,14,155.95,11.1393,17.3429,2.0,0.2067,2.0,Customer-level address and order-value evidence for top or mismatched customers.
top_customer_address_value,customer,Crosby Corden,872,,customer_value_rank,22.0,1,4,3,1,16,16,153.46,9.5912,14.9375,4.0,0.2034,4.0,Customer-level address and order-value evidence for top or mismatched customers.
top_customer_address_value,customer,Raine Antonchik,1125,,customer_value_rank,23.0,1,2,2,0,13,13,152.9,11.7615,12.0385,2.0,0.2027,2.0,Customer-level address and order-value evidence for top or mismatched customers.
top_customer_address_value,customer,Jennilee Tuma,1127,,customer_value_rank,24.0,1,3,3,0,16,16,152.11,9.5069,14.5625,3.0,0.2016,3.0,Customer-level address and order-value evidence for top or mismatched customers.
top_customer_address_value,customer,Shayna Farbrother,271,,customer_value_rank,25.0,1,3,2,1,12,12,150.73,12.5608,14.05,3.0,0.1998,2.0,Customer-level address and order-value evidence for top or mismatched customers.
top_customer_address_value,customer,Fanechka McTague,941,,customer_value_rank,26.0,1,5,4,1,16,16,146.07,9.1294,13.9625,5.0,0.1936,5.0,Customer-level address and order-value evidence for top or mismatched customers.
top_customer_address_value,customer,Emmi Wassell,953,,customer_value_rank,27.0,1,3,3,0,11,11,145.99,13.2718,11.7364,3.0,0.1935,2.0,Customer-level address and order-value evidence for top or mismatched customers.
top_customer_address_value,customer,Talbert Purrier,1982,,customer_value_rank,28.0,1,2,2,0,15,15,145.94,9.7293,14.74,2.0,0.1934,2.0,Customer-level address and order-value evidence for top or mismatched customers.
top_customer_address_value,customer,Merry Coenraets,270,,customer_value_rank,29.0,1,2,2,0,13,13,145.94,11.2262,11.3,2.0,0.1934,2.0,Customer-level address and order-value evidence for top or mismatched customers.
top_customer_address_value,customer,Petra Lickorish,988,,customer_value_rank,30.0,1,3,2,1,14,14,145.3,10.3786,16.6571,3.0,0.1926,3.0,Customer-level address and order-value evidence for top or mismatched customers.
top_customer_address_value,customer,Rosamund Gritten,1530,,customer_value_rank,31.0,1,2,2,0,13,13,145.25,11.1731,14.6692,2.0,0.1925,2.0,Customer-level address and order-value evidence for top or mismatched customers.
top_customer_address_value,customer,Catina Cromar,537,,customer_value_rank,32.0,1,3,3,0,19,19,143.83,7.57,15.6579,3.0,0.1906,3.0,Customer-level address and order-value evidence for top or mismatched customers.
top_customer_address_value,customer,Hilly Yelyashev,1115,,customer_value_rank,33.0,1,2,2,0,13,13,143.38,11.0292,10.8385,2.0,0.19,2.0,Customer-level address and order-value evidence for top or mismatched customers.
top_customer_address_value,customer,Bartholomew Yurukhin,829,,customer_value_rank,34.0,1,3,2,1,13,13,143.05,11.0038,12.5,3.0,0.1896,3.0,Customer-level address and order-value evidence for top or mismatched customers.
top_customer_address_value,customer,Denver Cotte,1108,,customer_value_rank,35.0,1,4,3,1,13,13,143.0,11.0,14.3923,4.0,0.1895,3.0,Customer-level address and order-value evidence for top or mismatched customers.
top_customer_address_value,customer,Billi Hughland,56,,customer_value_rank,36.0,1,3,2,1,11,11,141.48,12.8618,15.3909,3.0,0.1875,3.0,Customer-level address and order-value evidence for top or mismatched customers.
top_customer_address_value,customer,Genni Livingstone,556,,customer_value_rank,37.0,1,3,2,1,12,12,140.24,11.6867,12.8,3.0,0.1859,2.0,Customer-level address and order-value evidence for top or mismatched customers.
top_customer_address_value,customer,Nadean Tures,1338,,customer_value_rank,38.0,1,3,2,1,11,11,139.52,12.6836,12.8818,3.0,0.1849,3.0,Customer-level address and order-value evidence for top or mismatched customers.
top_customer_address_value,customer,Andre Brocklehurst,147,,customer_value_rank,39.0,1,2,2,0,13,13,138.43,10.6485,12.2692,2.0,0.1835,2.0,Customer-level address and order-value evidence for top or mismatched customers.
top_customer_address_value,customer,Keely Ferebee,621,,customer_value_rank,40.0,1,2,2,0,14,14,138.0,9.8571,10.6571,2.0,0.1829,2.0,Customer-level address and order-value evidence for top or mismatched customers.
top_customer_address_value,customer,Othello Edney,1231,,customer_value_rank,41.0,1,3,2,1,15,15,137.23,9.1487,14.5,3.0,0.1819,3.0,Customer-level address and order-value evidence for top or mismatched customers.
top_customer_address_value,customer,Ernst Jarvie,1620,,customer_value_rank,42.0,1,2,2,0,12,12,137.08,11.4233,12.0,1.0,0.1817,1.0,Customer-level address and order-value evidence for top or mismatched customers.
top_customer_address_value,customer,Emory Bagniuk,207,,customer_value_rank,43.0,1,4,3,1,13,13,136.68,10.5138,11.3462,3.0,0.1812,1.0,Customer-level address and order-value evidence for top or mismatched customers.
top_customer_address_value,customer,Patricia Huban,1687,,customer_value_rank,44.0,1,2,2,0,10,10,135.91,13.591,11.72,1.0,0.1801,1.0,Customer-level address and order-value evidence for top or mismatched customers.
top_customer_address_value,customer,Teodoro Thraves,663,,customer_value_rank,45.0,1,4,3,1,12,12,135.79,11.3158,15.1,4.0,0.18,4.0,Customer-level address and order-value evidence for top or mismatched customers.
top_customer_address_value,customer,Bennie Trigg,579,,customer_value_rank,46.0,1,3,2,1,13,13,134.81,10.37,12.2692,3.0,0.1787,3.0,Customer-level address and order-value evidence for top or mismatched customers.
top_customer_address_value,customer,Robinet MacGee,1200,,customer_value_rank,47.0,1,4,3,1,11,11,133.87,12.17,12.0091,4.0,0.1774,4.0,Customer-level address and order-value evidence for top or mismatched customers.
top_customer_address_value,customer,Kassandra Caslett,1496,,customer_value_rank,48.0,1,4,2,2,18,18,132.89,7.3828,14.6,3.0,0.1761,3.0,Customer-level address and order-value evidence for top or mismatched customers.
top_customer_address_value,customer,Odille Caldecourt,1902,,customer_value_rank,49.0,1,3,2,1,14,14,132.74,9.4814,11.5571,3.0,0.1759,3.0,Customer-level address and order-value evidence for top or mismatched customers.
top_customer_address_value,customer,Wendall Gillicuddy,1385,,customer_value_rank,50.0,1,3,2,1,12,12,132.29,11.0242,10.2,3.0,0.1753,2.0,Customer-level address and order-value evidence for top or mismatched customers.
top_customer_address_value,customer,Flora Cyseley,1102,,customer_value_rank,51.0,1,2,2,0,11,11,131.63,11.9664,14.0273,2.0,0.1745,2.0,Customer-level address and order-value evidence for top or mismatched customers.
top_customer_address_value,customer,Sarette Watling,1166,,customer_value_rank,52.0,1,2,2,0,11,11,130.68,11.88,10.5909,2.0,0.1732,2.0,Customer-level address and order-value evidence for top or mismatched customers.
top_customer_address_value,customer,Erie Streeter,1350,,customer_value_rank,53.0,1,2,1,1,10,10,130.58,13.058,11.06,2.0,0.1731,2.0,Customer-level address and order-value evidence for top or mismatched customers.
top_customer_address_value,customer,Beatrice Woolerton,1927,,customer_value_rank,54.0,1,2,1,1,15,15,129.8,8.6533,14.74,2.0,0.172,2.0,Customer-level address and order-value evidence for top or mismatched customers.
top_customer_address_value,customer,Candace Betteney,1480,,customer_value_rank,55.0,1,1,1,0,9,9,128.74,14.3044,11.9667,1.0,0.1706,1.0,Customer-level address and order-value evidence for top or mismatched customers.
top_customer_address_value,customer,Kaitlin Traher,779,,customer_value_rank,56.0,1,2,2,0,14,14,128.44,9.1743,13.1429,1.0,0.1702,1.0,Customer-level address and order-value evidence for top or mismatched customers.
top_customer_address_value,customer,Farand Tremmil,148,,customer_value_rank,57.0,1,3,2,1,12,12,128.02,10.6683,10.75,3.0,0.1697,3.0,Customer-level address and order-value evidence for top or mismatched customers.
top_customer_address_value,customer,Gerardo Wickmann,1327,,customer_value_rank,58.0,1,3,2,1,14,14,127.65,9.1179,12.0286,3.0,0.1692,2.0,Customer-level address and order-value evidence for top or mismatched customers.
top_customer_address_value,customer,Ivar Osinin,1403,,customer_value_rank,59.0,1,2,2,0,12,12,127.55,10.6292,11.75,2.0,0.1691,2.0,Customer-level address and order-value evidence for top or mismatched customers.
top_customer_address_value,customer,Adiana Tipperton,1524,,customer_value_rank,60.0,1,2,2,0,8,8,127.13,15.8913,11.225,2.0,0.1685,2.0,Customer-level address and order-value evidence for top or mismatched customers.
top_customer_address_value,customer,Kimberly Dunmore,1970,,customer_value_rank,61.0,1,3,2,1,11,11,126.96,11.5418,14.8455,3.0,0.1683,3.0,Customer-level address and order-value evidence for top or mismatched customers.
top_customer_address_value,customer,Robby Hadye,259,,customer_value_rank,62.0,1,2,2,0,15,15,126.9,8.46,10.78,2.0,0.1682,2.0,Customer-level address and order-value evidence for top or mismatched customers.
top_customer_address_value,customer,Eugen Nevet,1700,,customer_value_rank,63.0,1,2,2,0,12,12,126.76,10.5633,12.0,2.0,0.168,2.0,Customer-level address and order-value evidence for top or mismatched customers.
top_customer_address_value,customer,Garv Peery,1353,,customer_value_rank,64.0,1,2,1,1,11,11,126.55,11.5045,8.9545,2.0,0.1677,2.0,Customer-level address and order-value evidence for top or mismatched customers.
top_customer_address_value,customer,Paulita Cassel,1849,,customer_value_rank,65.0,1,4,3,1,13,13,125.8,9.6769,12.3154,3.0,0.1667,3.0,Customer-level address and order-value evidence for top or mismatched customers.
top_customer_address_value,customer,Violetta Coppledike,1320,,customer_value_rank,66.0,1,3,2,1,14,14,125.21,8.9436,11.5571,1.0,0.166,1.0,Customer-level address and order-value evidence for top or mismatched customers.
top_customer_address_value,customer,Joshuah Samwaye,1256,,customer_value_rank,67.0,1,2,1,1,14,14,124.48,8.8914,9.8429,2.0,0.165,2.0,Customer-level address and order-value evidence for top or mismatched customers.
top_customer_address_value,customer,Denna Orwin,290,,customer_value_rank,68.0,1,4,3,1,12,12,124.35,10.3625,13.05,2.0,0.1648,2.0,Customer-level address and order-value evidence for top or mismatched customers.
top_customer_address_value,customer,Sherilyn Featonby,1758,,customer_value_rank,69.0,1,4,3,1,15,15,123.9,8.26,12.22,4.0,0.1642,4.0,Customer-level address and order-value evidence for top or mismatched customers.
top_customer_address_value,customer,Cristi Boustred,525,,customer_value_rank,70.0,1,3,2,1,13,13,123.74,9.5185,12.2692,3.0,0.164,3.0,Customer-level address and order-value evidence for top or mismatched customers.
top_customer_address_value,customer,Shelia De Ruel,1989,,customer_value_rank,71.0,1,4,3,1,11,11,122.56,11.1418,13.4273,4.0,0.1624,4.0,Customer-level address and order-value evidence for top or mismatched customers.
top_customer_address_value,customer,Rania Lewnden,1156,,customer_value_rank,72.0,1,1,1,0,9,9,122.17,13.5744,10.6333,1.0,0.1619,1.0,Customer-level address and order-value evidence for top or mismatched customers.
top_customer_address_value,customer,Barnabe Cristoforo,1083,,customer_value_rank,73.0,1,2,2,0,10,10,122.13,12.213,12.98,2.0,0.1619,2.0,Customer-level address and order-value evidence for top or mismatched customers.
top_customer_address_value,customer,Carilyn Tixier,961,,customer_value_rank,74.0,1,2,2,0,11,11,120.95,10.9955,13.7,2.0,0.1603,2.0,Customer-level address and order-value evidence for top or mismatched customers.
top_customer_address_value,customer,Vasili Jime,1994,,customer_value_rank,75.0,1,4,3,1,12,12,120.46,10.0383,14.6,3.0,0.1597,3.0,Customer-level address and order-value evidence for top or mismatched customers.
top_customer_address_value,customer,Laura Sneezem,1718,,customer_value_rank,76.0,1,3,2,1,11,11,120.32,10.9382,13.7545,3.0,0.1595,2.0,Customer-level address and order-value evidence for top or mismatched customers.
top_customer_address_value,customer,Mic Stoffler,836,,customer_value_rank,77.0,1,2,1,1,10,10,119.64,11.964,15.74,2.0,0.1586,2.0,Customer-level address and order-value evidence for top or mismatched customers.
top_customer_address_value,customer,Hoyt Labin,1923,,customer_value_rank,78.0,1,3,2,1,12,12,119.07,9.9225,13.3,3.0,0.1578,3.0,Customer-level address and order-value evidence for top or mismatched customers.
top_customer_address_value,customer,Gustav Mulgrew,92,,customer_value_rank,79.0,1,3,2,1,11,11,118.92,10.8109,8.3545,3.0,0.1576,3.0,Customer-level address and order-value evidence for top or mismatched customers.
top_customer_address_value,customer,Marlee Vause,995,,customer_value_rank,80.0,1,2,2,0,7,7,118.21,16.8871,14.2143,2.0,0.1567,2.0,Customer-level address and order-value evidence for top or mismatched customers.
top_customer_address_value,customer,Chrissy Lydiate,818,,customer_value_rank,81.0,1,2,2,0,14,14,117.43,8.3879,12.4571,2.0,0.1556,2.0,Customer-level address and order-value evidence for top or mismatched customers.
top_customer_address_value,customer,Eustace Gocke,1466,,customer_value_rank,82.0,1,3,2,1,10,10,116.9,11.69,12.98,3.0,0.1549,2.0,Customer-level address and order-value evidence for top or mismatched customers.
top_customer_address_value,customer,Noell Rapi,1023,,customer_value_rank,83.0,1,2,2,0,8,8,115.71,14.4638,19.025,2.0,0.1534,1.0,Customer-level address and order-value evidence for top or mismatched customers.
top_customer_address_value,customer,Mariam Cleen,1346,,customer_value_rank,84.0,1,1,1,0,9,9,115.69,12.8544,12.7,1.0,0.1533,1.0,Customer-level address and order-value evidence for top or mismatched customers.
top_customer_address_value,customer,Burlie Richmond,701,,customer_value_rank,85.0,1,2,2,0,12,12,115.67,9.6392,11.75,2.0,0.1533,2.0,Customer-level address and order-value evidence for top or mismatched customers.
top_customer_address_value,customer,Gertrude Choak,41,,customer_value_rank,86.0,1,2,2,0,8,8,115.26,14.4075,16.7,2.0,0.1528,2.0,Customer-level address and order-value evidence for top or mismatched customers.
top_customer_address_value,customer,Nettie Halladey,1117,,customer_value_rank,87.0,1,2,2,0,12,12,115.2,9.6,12.25,1.0,0.1527,1.0,Customer-level address and order-value evidence for top or mismatched customers.
top_customer_address_value,customer,Thedrick Henrichs,1901,,customer_value_rank,88.0,1,2,1,1,10,10,114.81,11.481,10.52,2.0,0.1522,2.0,Customer-level address and order-value evidence for top or mismatched customers.
top_customer_address_value,customer,Henka Inns,1919,,customer_value_rank,89.0,1,4,3,1,10,10,114.02,11.402,16.04,3.0,0.1511,2.0,Customer-level address and order-value evidence for top or mismatched customers.
top_customer_address_value,customer,Hermon Dymoke,109,,customer_value_rank,90.0,1,2,1,1,9,9,113.7,12.6333,9.2333,2.0,0.1507,1.0,Customer-level address and order-value evidence for top or mismatched customers.
top_customer_address_value,customer,Tim Matterson,896,,customer_value_rank,91.0,1,3,3,0,9,9,113.49,12.61,16.5,3.0,0.1504,3.0,Customer-level address and order-value evidence for top or mismatched customers.
top_customer_address_value,customer,Magda Elleton,1579,,customer_value_rank,92.0,1,4,3,1,11,11,113.33,10.3027,11.1364,4.0,0.1502,2.0,Customer-level address and order-value evidence for top or mismatched customers.
top_customer_address_value,customer,Maurizia Hartshorne,776,,customer_value_rank,93.0,1,3,3,0,10,10,112.64,11.264,12.98,2.0,0.1493,2.0,Customer-level address and order-value evidence for top or mismatched customers.
top_customer_address_value,customer,Gertie Sager,1253,,customer_value_rank,94.0,1,2,2,0,11,11,112.46,10.2236,10.5364,2.0,0.1491,2.0,Customer-level address and order-value evidence for top or mismatched customers.
top_customer_address_value,customer,Mil Lindley,400,,customer_value_rank,95.0,1,2,2,0,10,10,111.89,11.189,12.62,2.0,0.1483,2.0,Customer-level address and order-value evidence for top or mismatched customers.
top_customer_address_value,customer,Audy Dods,626,,customer_value_rank,96.0,1,3,3,0,11,11,111.89,10.1718,15.1727,3.0,0.1483,3.0,Customer-level address and order-value evidence for top or mismatched customers.
top_customer_address_value,customer,Calypso Gass,1250,,customer_value_rank,97.0,1,2,1,1,7,7,111.65,15.95,7.6143,2.0,0.148,2.0,Customer-level address and order-value evidence for top or mismatched customers.
top_customer_address_value,customer,Ddene Droogan,1057,,customer_value_rank,98.0,1,2,2,0,10,10,111.46,11.146,13.28,2.0,0.1477,2.0,Customer-level address and order-value evidence for top or mismatched customers.
top_customer_address_value,customer,Katleen Kyston,756,,customer_value_rank,99.0,1,2,2,0,13,13,111.34,8.5646,15.3615,2.0,0.1476,2.0,Customer-level address and order-value evidence for top or mismatched customers.
top_customer_address_value,customer,Daisey Lamball,13,,customer_value_rank,100.0,1,4,3,1,12,12,111.12,9.26,12.05,4.0,0.1473,4.0,Customer-level address and order-value evidence for top or mismatched customers.
top_customer_address_value,customer,Aurelia MacGowan,500,,customer_value_rank,101.0,1,2,2,0,8,8,110.93,13.8663,12.05,1.0,0.147,1.0,Customer-level address and order-value evidence for top or mismatched customers.
top_customer_address_value,customer,Kerry Pepis,601,,customer_value_rank,102.0,1,2,2,0,10,10,110.88,11.088,11.12,1.0,0.147,1.0,Customer-level address and order-value evidence for top or mismatched customers.
top_customer_address_value,customer,Marvin Orme,1589,,customer_value_rank,103.0,1,3,2,1,8,8,110.17,13.7713,9.725,3.0,0.146,2.0,Customer-level address and order-value evidence for top or mismatched customers.
top_customer_address_value,customer,Cherry Abley,1527,,customer_value_rank,104.0,1,2,1,1,9,9,109.99,12.2211,12.0333,2.0,0.1458,2.0,Customer-level address and order-value evidence for top or mismatched customers.
top_customer_address_value,customer,Horatia Haig,1973,,customer_value_rank,105.0,1,2,2,0,11,11,109.38,9.9436,11.1909,2.0,0.145,2.0,Customer-level address and order-value evidence for top or mismatched customers.
top_customer_address_value,customer,Chiquita Ede,337,,customer_value_rank,106.0,1,3,2,1,11,11,109.23,9.93,11.7909,3.0,0.1448,3.0,Customer-level address and order-value evidence for top or mismatched customers.
top_customer_address_value,customer,Barbette Kem,1513,,customer_value_rank,107.0,1,2,2,0,13,13,109.02,8.3862,12.5,2.0,0.1445,2.0,Customer-level address and order-value evidence for top or mismatched customers.
top_customer_address_value,customer,Penni Nobriga,712,,customer_value_rank,108.0,1,2,2,0,11,11,108.71,9.8827,11.7909,2.0,0.1441,2.0,Customer-level address and order-value evidence for top or mismatched customers.
top_customer_address_value,customer,Freda Chrismas,1548,,customer_value_rank,109.0,1,4,3,1,9,9,108.37,12.0411,17.5667,4.0,0.1436,4.0,Customer-level address and order-value evidence for top or mismatched customers.
top_customer_address_value,customer,Herculie Fruin,499,,customer_value_rank,110.0,1,2,2,0,9,9,108.35,12.0389,7.5667,2.0,0.1436,2.0,Customer-level address and order-value evidence for top or mismatched customers.
top_customer_address_value,customer,Carmine Sporton,737,,customer_value_rank,111.0,1,2,2,0,10,10,107.93,10.793,13.58,2.0,0.143,2.0,Customer-level address and order-value evidence for top or mismatched customers.
top_customer_address_value,customer,Rafaelia Mitroshinov,298,,customer_value_rank,112.0,1,2,2,0,11,11,107.61,9.7827,14.3,2.0,0.1426,2.0,Customer-level address and order-value evidence for top or mismatched customers.
top_customer_address_value,customer,Nicholle Fielden,1444,,customer_value_rank,113.0,1,2,2,0,10,10,107.49,10.749,15.14,2.0,0.1425,2.0,Customer-level address and order-value evidence for top or mismatched customers.
top_customer_address_value,customer,Bobine Chettle,1418,,customer_value_rank,114.0,1,4,2,2,10,10,107.19,10.719,11.72,4.0,0.1421,3.0,Customer-level address and order-value evidence for top or mismatched customers.
top_customer_address_value,customer,Fredrika Pitcock,1554,,customer_value_rank,115.0,1,1,1,0,9,9,107.12,11.9022,14.5,1.0,0.142,1.0,Customer-level address and order-value evidence for top or mismatched customers.
top_customer_address_value,customer,Risa Adam,950,,customer_value_rank,116.0,1,3,2,1,12,12,106.84,8.9033,10.95,2.0,0.1416,2.0,Customer-level address and order-value evidence for top or mismatched customers.
top_customer_address_value,customer,Antonia Poltun,1766,,customer_value_rank,117.0,1,2,2,0,9,9,106.61,11.8456,16.1667,2.0,0.1413,2.0,Customer-level address and order-value evidence for top or mismatched customers.
top_customer_address_value,customer,Bili Stanyforth,297,,customer_value_rank,118.0,1,2,1,1,8,8,106.56,13.32,14.375,2.0,0.1412,2.0,Customer-level address and order-value evidence for top or mismatched customers.
top_customer_address_value,customer,Gill Summerfield,636,,customer_value_rank,119.0,1,2,2,0,8,8,105.78,13.2225,13.175,2.0,0.1402,2.0,Customer-level address and order-value evidence for top or mismatched customers.
top_customer_address_value,customer,Rafaello Boniface,29,,customer_value_rank,120.0,1,2,1,1,7,7,105.34,15.0486,14.6429,2.0,0.1396,1.0,Customer-level address and order-value evidence for top or mismatched customers.
top_customer_address_value,customer,Miquela Barnfield,1794,,customer_value_rank,121.0,1,3,3,0,9,9,105.12,11.68,13.7667,3.0,0.1393,3.0,Customer-level address and order-value evidence for top or mismatched customers.
top_customer_address_value,customer,Andree Luscott,119,,customer_value_rank,122.0,1,4,2,2,8,8,105.04,13.13,14.75,4.0,0.1392,3.0,Customer-level address and order-value evidence for top or mismatched customers.
top_customer_address_value,customer,Priscilla Begin,1653,,customer_value_rank,123.0,1,2,2,0,9,9,104.71,11.6344,17.5667,2.0,0.1388,2.0,Customer-level address and order-value evidence for top or mismatched customers.
top_customer_address_value,customer,Austen Alyutin,899,,customer_value_rank,124.0,1,2,2,0,8,8,103.36,12.92,15.125,2.0,0.137,2.0,Customer-level address and order-value evidence for top or mismatched customers.
top_customer_address_value,customer,Tadio Lucchi,1463,,customer_value_rank,125.0,1,1,1,0,8,8,102.89,12.8613,10.475,1.0,0.1364,1.0,Customer-level address and order-value evidence for top or mismatched customers.
top_customer_address_value,customer,Lindsay Alennikov,1702,,customer_value_rank,126.0,1,1,1,0,9,9,102.86,11.4289,11.3667,1.0,0.1363,1.0,Customer-level address and order-value evidence for top or mismatched customers.
top_customer_address_value,customer,Pearline Dreamer,755,,customer_value_rank,127.0,1,1,1,0,8,8,102.4,12.8,17.525,1.0,0.1357,1.0,Customer-level address and order-value evidence for top or mismatched customers.
top_customer_address_value,customer,Nanni Kiss,1316,,customer_value_rank,128.0,1,2,2,0,8,8,102.27,12.7838,16.7,2.0,0.1355,2.0,Customer-level address and order-value evidence for top or mismatched customers.
top_customer_address_value,customer,Dudley Kidds,1415,,customer_value_rank,129.0,1,4,3,1,10,10,101.99,10.199,8.9,4.0,0.1352,3.0,Customer-level address and order-value evidence for top or mismatched customers.
top_customer_address_value,customer,Reiko Copcutt,1957,,customer_value_rank,130.0,1,2,2,0,10,10,101.88,10.188,9.26,2.0,0.135,2.0,Customer-level address and order-value evidence for top or mismatched customers.
top_customer_address_value,customer,Luci McCaughren,1422,,customer_value_rank,131.0,1,3,3,0,6,6,101.78,16.9633,9.4,3.0,0.1349,3.0,Customer-level address and order-value evidence for top or mismatched customers.
top_customer_address_value,customer,Esme Ateridge,1313,,customer_value_rank,132.0,1,3,2,1,10,10,101.13,10.113,8.3,3.0,0.134,3.0,Customer-level address and order-value evidence for top or mismatched customers.
top_customer_address_value,customer,Fran Hourigan,532,,customer_value_rank,133.0,1,5,3,2,8,8,100.84,12.605,12.8,5.0,0.1337,4.0,Customer-level address and order-value evidence for top or mismatched customers.
top_customer_address_value,customer,Allyn Bilham,1397,,customer_value_rank,134.0,1,3,2,1,12,12,100.48,8.3733,13.25,3.0,0.1332,3.0,Customer-level address and order-value evidence for top or mismatched customers.
top_customer_address_value,customer,Jarret Booij,1961,,customer_value_rank,135.0,1,2,2,0,12,12,100.32,8.36,10.7,2.0,0.133,2.0,Customer-level address and order-value evidence for top or mismatched customers.
top_customer_address_value,customer,Ermin Cristobal,1299,,customer_value_rank,136.0,1,2,2,0,8,8,100.21,12.5263,15.125,2.0,0.1328,2.0,Customer-level address and order-value evidence for top or mismatched customers.
top_customer_address_value,customer,Sherman Wenger,1975,,customer_value_rank,137.0,1,1,1,0,8,8,100.19,12.5238,12.8,1.0,0.1328,1.0,Customer-level address and order-value evidence for top or mismatched customers.
top_customer_address_value,customer,Brandi Lyon,876,,customer_value_rank,138.0,1,2,2,0,10,10,100.18,10.018,9.86,2.0,0.1328,2.0,Customer-level address and order-value evidence for top or mismatched customers.
top_customer_address_value,customer,Cesaro Oglethorpe,845,,customer_value_rank,139.0,1,2,2,0,7,7,99.99,14.2843,16.0143,1.0,0.1325,1.0,Customer-level address and order-value evidence for top or mismatched customers.
top_customer_address_value,customer,Lib Hutsby,1771,,customer_value_rank,140.0,1,2,2,0,10,10,99.98,9.998,14.18,2.0,0.1325,2.0,Customer-level address and order-value evidence for top or mismatched customers.
top_customer_address_value,customer,Kaleena Mapletoft,1122,,customer_value_rank,141.0,1,1,1,0,9,9,99.85,11.0944,13.7667,1.0,0.1323,1.0,Customer-level address and order-value evidence for top or mismatched customers.
top_customer_address_value,customer,Sly Botham,685,,customer_value_rank,142.0,1,2,2,0,8,8,99.79,12.4737,10.1,2.0,0.1323,1.0,Customer-level address and order-value evidence for top or mismatched customers.
top_customer_address_value,customer,Conan Vaune,860,,customer_value_rank,143.0,1,3,2,1,8,8,99.54,12.4425,7.4,3.0,0.1319,2.0,Customer-level address and order-value evidence for top or mismatched customers.
top_customer_address_value,customer,Audie Wildblood,1445,,customer_value_rank,144.0,1,3,2,1,9,9,99.48,11.0533,13.0333,3.0,0.1318,3.0,Customer-level address and order-value evidence for top or mismatched customers.
top_customer_address_value,customer,Catrina Shortan,222,,customer_value_rank,145.0,1,1,1,0,9,9,99.29,11.0322,13.0333,1.0,0.1316,1.0,Customer-level address and order-value evidence for top or mismatched customers.
top_customer_address_value,customer,Gerick MacRitchie,1343,,customer_value_rank,146.0,1,1,1,0,7,7,99.25,14.1786,11.9857,1.0,0.1315,1.0,Customer-level address and order-value evidence for top or mismatched customers.
top_customer_address_value,customer,Briana Featonby,865,,customer_value_rank,147.0,1,3,2,1,9,9,99.22,11.0244,9.9,3.0,0.1315,2.0,Customer-level address and order-value evidence for top or mismatched customers.
top_customer_address_value,customer,Dagmar Sansome,1778,,customer_value_rank,148.0,1,2,2,0,9,9,98.98,10.9978,12.7,2.0,0.1312,2.0,Customer-level address and order-value evidence for top or mismatched customers.
top_customer_address_value,customer,Lombard Davidy,1692,,customer_value_rank,149.0,1,2,1,1,10,10,98.85,9.885,14.18,2.0,0.131,2.0,Customer-level address and order-value evidence for top or mismatched customers.
top_customer_address_value,customer,Felix Gallardo,391,,customer_value_rank,150.0,1,3,2,1,8,8,98.36,12.295,10.025,3.0,0.1304,3.0,Customer-level address and order-value evidence for top or mismatched customers.
top_customer_address_value,customer,Annemarie Musterd,669,,customer_value_rank,151.0,1,1,1,0,9,9,98.23,10.9144,11.7,1.0,0.1302,1.0,Customer-level address and order-value evidence for top or mismatched customers.
top_customer_address_value,customer,Costa Alennikov,854,,customer_value_rank,152.0,1,4,3,1,13,13,98.04,7.5415,14.6231,3.0,0.1299,2.0,Customer-level address and order-value evidence for top or mismatched customers.
top_customer_address_value,customer,Jammal Abelovitz,156,,customer_value_rank,153.0,1,2,1,1,9,9,97.86,10.8733,12.3667,2.0,0.1297,2.0,Customer-level address and order-value evidence for top or mismatched customers.
top_customer_address_value,customer,Fifine Kinworthy,803,,customer_value_rank,154.0,1,2,2,0,11,11,97.82,8.8927,11.4091,2.0,0.1296,2.0,Customer-level address and order-value evidence for top or mismatched customers.
top_customer_address_value,customer,Pamela Cham,660,,customer_value_rank,155.0,1,1,1,0,9,9,97.1,10.7889,13.0333,1.0,0.1287,1.0,Customer-level address and order-value evidence for top or mismatched customers.
top_customer_address_value,customer,Tremayne Stritton,1335,,customer_value_rank,156.0,1,2,2,0,10,10,97.08,9.708,16.04,2.0,0.1287,2.0,Customer-level address and order-value evidence for top or mismatched customers.
top_customer_address_value,customer,Izaak Roz,1475,,customer_value_rank,157.0,1,2,2,0,9,9,96.54,10.7267,13.7667,2.0,0.128,2.0,Customer-level address and order-value evidence for top or mismatched customers.
top_customer_address_value,customer,Katrine Esposita,1204,,customer_value_rank,158.0,1,3,3,0,10,10,96.33,9.633,12.02,2.0,0.1277,2.0,Customer-level address and order-value evidence for top or mismatched customers.
top_customer_address_value,customer,Emmery Allington,1208,,customer_value_rank,159.0,1,2,2,0,8,8,96.26,12.0325,10.85,2.0,0.1276,2.0,Customer-level address and order-value evidence for top or mismatched customers.
top_customer_address_value,customer,Marcelia Goering,88,,customer_value_rank,160.0,1,1,1,0,8,8,96.11,12.0137,9.725,1.0,0.1274,1.0,Customer-level address and order-value evidence for top or mismatched customers.
top_customer_address_value,customer,Ardella Walley,711,,customer_value_rank,161.0,1,3,2,1,10,10,95.83,9.583,15.44,3.0,0.127,3.0,Customer-level address and order-value evidence for top or mismatched customers.
top_customer_address_value,customer,Sher Chaffin,408,,customer_value_rank,162.0,1,1,1,0,9,9,95.82,10.6467,15.1,1.0,0.127,1.0,Customer-level address and order-value evidence for top or mismatched customers.
top_customer_address_value,customer,Allard Leer,1626,,customer_value_rank,163.0,1,2,2,0,11,11,95.34,8.6673,13.7,2.0,0.1264,2.0,Customer-level address and order-value evidence for top or mismatched customers.
top_customer_address_value,customer,Giulia Borrowman,366,,customer_value_rank,164.0,1,4,3,1,10,10,95.33,9.533,14.48,3.0,0.1263,2.0,Customer-level address and order-value evidence for top or mismatched customers.
top_customer_address_value,customer,Clair Heaysman,649,,customer_value_rank,165.0,1,2,2,0,8,8,95.22,11.9025,12.35,2.0,0.1262,2.0,Customer-level address and order-value evidence for top or mismatched customers.
top_customer_address_value,customer,Ashley Loseke,1360,,customer_value_rank,166.0,1,3,2,1,11,11,95.06,8.6418,13.9727,3.0,0.126,3.0,Customer-level address and order-value evidence for top or mismatched customers.
top_customer_address_value,customer,Sibby Fierman,1783,,customer_value_rank,167.0,1,1,1,0,8,8,94.93,11.8663,18.65,1.0,0.1258,1.0,Customer-level address and order-value evidence for top or mismatched customers.
top_customer_address_value,customer,Lynette Hucke,767,,customer_value_rank,168.0,1,1,1,0,6,6,94.67,15.7783,8.4,1.0,0.1255,1.0,Customer-level address and order-value evidence for top or mismatched customers.
top_customer_address_value,customer,Cordy Dumbarton,874,,customer_value_rank,169.0,1,3,2,1,8,8,94.38,11.7975,14.75,3.0,0.1251,3.0,Customer-level address and order-value evidence for top or mismatched customers.
top_customer_address_value,customer,Royall Wimms,1242,,customer_value_rank,170.0,1,1,1,0,9,9,94.12,10.4578,10.9667,1.0,0.1247,1.0,Customer-level address and order-value evidence for top or mismatched customers.
top_customer_address_value,customer,Shermy Pauls,574,,customer_value_rank,171.0,1,3,2,1,10,10,94.08,9.408,9.56,3.0,0.1247,3.0,Customer-level address and order-value evidence for top or mismatched customers.
top_customer_address_value,customer,Devin Iacoviello,417,,customer_value_rank,172.0,1,4,2,2,8,8,94.02,11.7525,8.525,3.0,0.1246,3.0,Customer-level address and order-value evidence for top or mismatched customers.
top_customer_address_value,customer,Hettie Dodgshon,1354,,customer_value_rank,173.0,1,4,3,1,12,12,93.64,7.8033,16.7,4.0,0.1241,3.0,Customer-level address and order-value evidence for top or mismatched customers.
top_customer_address_value,customer,Kimmie Erbe,1971,,customer_value_rank,174.0,1,3,3,0,9,9,93.3,10.3667,8.9,3.0,0.1237,3.0,Customer-level address and order-value evidence for top or mismatched customers.
top_customer_address_value,customer,Randal Grise,182,,customer_value_rank,175.0,1,3,2,1,10,10,93.11,9.311,10.82,3.0,0.1234,3.0,Customer-level address and order-value evidence for top or mismatched customers.
top_customer_address_value,customer,Hayward Dymoke,871,,customer_value_rank,176.0,1,2,2,0,8,8,92.92,11.615,12.8,2.0,0.1232,2.0,Customer-level address and order-value evidence for top or mismatched customers.
top_customer_address_value,customer,Cornie Frary,354,,customer_value_rank,177.0,1,1,1,0,8,8,92.73,11.5913,18.2,1.0,0.1229,1.0,Customer-level address and order-value evidence for top or mismatched customers.
top_customer_address_value,customer,Tab Block,269,,customer_value_rank,178.0,1,2,2,0,9,9,92.64,10.2933,13.0333,2.0,0.1228,2.0,Customer-level address and order-value evidence for top or mismatched customers.
top_customer_address_value,customer,Carissa Corking,1887,,customer_value_rank,179.0,1,2,2,0,9,9,92.62,10.2911,13.7667,2.0,0.1228,2.0,Customer-level address and order-value evidence for top or mismatched customers.
top_customer_address_value,customer,Fernande L'Episcopio,300,,customer_value_rank,180.0,1,2,1,1,11,11,92.6,8.4182,15.1182,2.0,0.1227,2.0,Customer-level address and order-value evidence for top or mismatched customers.
top_customer_address_value,customer,Carlyn Vickors,1855,,customer_value_rank,181.0,1,2,1,1,12,12,92.46,7.705,11.0,2.0,0.1225,2.0,Customer-level address and order-value evidence for top or mismatched customers.
top_customer_address_value,customer,Charlean Palphramand,402,,customer_value_rank,182.0,1,2,2,0,8,8,92.03,11.5037,18.65,2.0,0.122,2.0,Customer-level address and order-value evidence for top or mismatched customers.
top_customer_address_value,customer,Mano Wilkinson,789,,customer_value_rank,183.0,1,4,3,1,10,10,92.02,9.202,14.84,4.0,0.122,4.0,Customer-level address and order-value evidence for top or mismatched customers.
top_customer_address_value,customer,Sidnee Tabbitt,1805,,customer_value_rank,184.0,1,1,1,0,8,8,91.84,11.48,10.1,1.0,0.1217,1.0,Customer-level address and order-value evidence for top or mismatched customers.
top_customer_address_value,customer,Fern O'Gavin,1017,,customer_value_rank,185.0,1,2,2,0,8,8,91.76,11.47,12.8,2.0,0.1216,2.0,Customer-level address and order-value evidence for top or mismatched customers.
top_customer_address_value,customer,Cassaundra Passey,1193,,customer_value_rank,186.0,1,2,2,0,7,7,91.73,13.1043,14.2143,1.0,0.1216,1.0,Customer-level address and order-value evidence for top or mismatched customers.
top_customer_address_value,customer,Riane Nassi,1147,,customer_value_rank,187.0,1,2,2,0,8,8,91.65,11.4562,12.05,2.0,0.1215,2.0,Customer-level address and order-value evidence for top or mismatched customers.
top_customer_address_value,customer,Lynda Roseborough,49,,customer_value_rank,188.0,1,1,1,0,7,7,91.39,13.0557,11.6429,1.0,0.1211,1.0,Customer-level address and order-value evidence for top or mismatched customers.
top_customer_address_value,customer,Matthus Gliddon,1460,,customer_value_rank,189.0,1,2,2,0,6,6,91.16,15.1933,13.6,2.0,0.1208,1.0,Customer-level address and order-value evidence for top or mismatched customers.
top_customer_address_value,customer,Vernen Newnham,482,,customer_value_rank,190.0,1,2,2,0,7,7,91.12,13.0171,13.7857,2.0,0.1208,2.0,Customer-level address and order-value evidence for top or mismatched customers.
top_customer_address_value,customer,Huntlee Burl,1296,,customer_value_rank,191.0,1,3,2,1,8,8,90.98,11.3725,10.1,3.0,0.1206,2.0,Customer-level address and order-value evidence for top or mismatched customers.
top_customer_address_value,customer,Cammi Wastie,1768,,customer_value_rank,192.0,1,2,2,0,8,8,90.77,11.3463,10.85,2.0,0.1203,2.0,Customer-level address and order-value evidence for top or mismatched customers.
top_customer_address_value,customer,Alon Itschakov,1177,,customer_value_rank,193.0,1,2,2,0,8,8,90.71,11.3388,9.65,1.0,0.1202,1.0,Customer-level address and order-value evidence for top or mismatched customers.
top_customer_address_value,customer,Correy Churchard,1042,,customer_value_rank,194.0,1,2,2,0,12,12,90.68,7.5567,12.55,2.0,0.1202,2.0,Customer-level address and order-value evidence for top or mismatched customers.
top_customer_address_value,customer,Chastity Cornewall,534,,customer_value_rank,195.0,1,2,2,0,8,8,90.53,11.3163,17.075,1.0,0.12,1.0,Customer-level address and order-value evidence for top or mismatched customers.
top_customer_address_value,customer,Cece Gebby,1146,,customer_value_rank,196.0,1,2,1,1,9,9,90.45,10.05,11.0333,2.0,0.1199,2.0,Customer-level address and order-value evidence for top or mismatched customers.
top_customer_address_value,customer,Liam Chazotte,928,,customer_value_rank,197.0,1,3,3,0,9,9,90.39,10.0433,10.3667,3.0,0.1198,3.0,Customer-level address and order-value evidence for top or mismatched customers.
top_customer_address_value,customer,Celisse Mickleborough,1992,,customer_value_rank,198.0,1,2,2,0,6,6,90.35,15.0583,22.4,2.0,0.1197,2.0,Customer-level address and order-value evidence for top or mismatched customers.
top_customer_address_value,customer,Kevin Wheway,907,,customer_value_rank,199.0,1,3,2,1,7,7,90.34,12.9057,11.1286,3.0,0.1197,1.0,Customer-level address and order-value evidence for top or mismatched customers.
top_customer_address_value,customer,Calypso Sorbie,113,,customer_value_rank,200.0,1,2,2,0,10,10,90.16,9.016,12.02,2.0,0.1195,2.0,Customer-level address and order-value evidence for top or mismatched customers.
top_customer_address_value,customer,Verney Fabri,69,,customer_value_rank,201.0,1,3,2,1,11,11,90.11,8.1918,12.5545,3.0,0.1194,3.0,Customer-level address and order-value evidence for top or mismatched customers.
top_customer_address_value,customer,Corabel Clymo,1619,,customer_value_rank,202.0,1,2,2,0,8,8,90.09,11.2612,8.9,2.0,0.1194,2.0,Customer-level address and order-value evidence for top or mismatched customers.
top_customer_address_value,customer,Thaddeus Kivelle,125,,customer_value_rank,203.0,1,3,3,0,9,9,90.07,10.0078,11.6333,3.0,0.1194,1.0,Customer-level address and order-value evidence for top or mismatched customers.
top_customer_address_value,customer,Marlane Graveson,230,,customer_value_rank,204.0,1,3,2,1,9,9,89.81,9.9789,13.3667,3.0,0.119,3.0,Customer-level address and order-value evidence for top or mismatched customers.
top_customer_address_value,customer,Derick Casella,718,,customer_value_rank,205.0,1,2,2,0,6,6,89.67,14.945,17.2,1.0,0.1188,1.0,Customer-level address and order-value evidence for top or mismatched customers.
top_customer_address_value,customer,Issie Prangnell,1643,,customer_value_rank,206.0,1,1,1,0,7,7,89.61,12.8014,14.2143,1.0,0.1188,1.0,Customer-level address and order-value evidence for top or mismatched customers.
top_customer_address_value,customer,Ardenia Oliva,1793,,customer_value_rank,207.0,1,2,2,0,6,6,89.45,14.9083,13.1,2.0,0.1186,2.0,Customer-level address and order-value evidence for top or mismatched customers.
top_customer_address_value,customer,Cesya Necolds,1434,,customer_value_rank,208.0,1,2,1,1,8,8,89.36,11.17,16.325,2.0,0.1184,2.0,Customer-level address and order-value evidence for top or mismatched customers.
top_customer_address_value,customer,Ashby Strong,930,,customer_value_rank,209.0,1,2,2,0,9,9,89.16,9.9067,12.3667,2.0,0.1182,2.0,Customer-level address and order-value evidence for top or mismatched customers.
top_customer_address_value,customer,Georgena Stango,1129,,customer_value_rank,210.0,1,3,2,1,8,8,89.07,11.1337,13.55,3.0,0.1181,2.0,Customer-level address and order-value evidence for top or mismatched customers.
top_customer_address_value,customer,Ty Strutton,268,,customer_value_rank,211.0,1,3,2,1,11,11,88.74,8.0673,12.0091,3.0,0.1176,3.0,Customer-level address and order-value evidence for top or mismatched customers.
top_customer_address_value,customer,Hannah Mc Harg,1657,,customer_value_rank,212.0,1,3,3,0,10,10,88.35,8.835,12.62,2.0,0.1171,1.0,Customer-level address and order-value evidence for top or mismatched customers.
top_customer_address_value,customer,Garrick Rhucroft,1897,,customer_value_rank,213.0,1,3,2,1,7,7,88.26,12.6086,11.5571,3.0,0.117,3.0,Customer-level address and order-value evidence for top or mismatched customers.
top_customer_address_value,customer,Roberto Doull,1352,,customer_value_rank,214.0,1,1,1,0,7,7,88.15,12.5929,11.9857,1.0,0.1168,1.0,Customer-level address and order-value evidence for top or mismatched customers.
top_customer_address_value,customer,Bria Gotfrey,841,,customer_value_rank,215.0,1,4,2,2,8,8,88.12,11.015,18.65,2.0,0.1168,2.0,Customer-level address and order-value evidence for top or mismatched customers.
top_customer_address_value,customer,Lauri Oldrey,763,,customer_value_rank,216.0,1,2,2,0,9,9,87.96,9.7733,10.9667,2.0,0.1166,2.0,Customer-level address and order-value evidence for top or mismatched customers.
top_customer_address_value,customer,Danica Jellicorse,1165,,customer_value_rank,217.0,1,4,3,1,8,8,87.86,10.9825,10.1,4.0,0.1164,4.0,Customer-level address and order-value evidence for top or mismatched customers.
top_customer_address_value,customer,Cornelia Spohrmann,1519,,customer_value_rank,218.0,1,4,3,1,9,9,87.85,9.7611,10.6333,3.0,0.1164,2.0,Customer-level address and order-value evidence for top or mismatched customers.
top_customer_address_value,customer,Danell Mace,979,,customer_value_rank,219.0,1,1,1,0,7,7,87.81,12.5443,11.9857,1.0,0.1164,1.0,Customer-level address and order-value evidence for top or mismatched customers.
top_customer_address_value,customer,Fayette Dillway,370,,customer_value_rank,220.0,1,4,3,1,8,8,87.67,10.9588,13.625,4.0,0.1162,2.0,Customer-level address and order-value evidence for top or mismatched customers.
top_customer_address_value,customer,Gloriane Bowe,688,,customer_value_rank,221.0,1,2,2,0,9,9,87.64,9.7378,13.3667,1.0,0.1162,1.0,Customer-level address and order-value evidence for top or mismatched customers.
top_customer_address_value,customer,Elie Heater,1026,,customer_value_rank,222.0,1,1,1,0,7,7,87.58,12.5114,7.6143,1.0,0.1161,1.0,Customer-level address and order-value evidence for top or mismatched customers.
top_customer_address_value,customer,Angele Churchman,1401,,customer_value_rank,223.0,1,2,2,0,6,6,87.29,14.5483,15.1,2.0,0.1157,2.0,Customer-level address and order-value evidence for top or mismatched customers.
top_customer_address_value,customer,Inglis Newberry,439,,customer_value_rank,224.0,1,1,1,0,7,7,87.27,12.4671,12.9286,1.0,0.1157,1.0,Customer-level address and order-value evidence for top or mismatched customers.
top_customer_address_value,customer,Fawn Bythway,343,,customer_value_rank,225.0,1,1,1,0,6,6,87.09,14.515,13.5,1.0,0.1154,1.0,Customer-level address and order-value evidence for top or mismatched customers.
top_customer_address_value,customer,Cullie McGowan,1675,,customer_value_rank,226.0,1,3,2,1,9,9,86.96,9.6622,10.3,3.0,0.1153,2.0,Customer-level address and order-value evidence for top or mismatched customers.
top_customer_address_value,customer,Marlin Tackle,573,,customer_value_rank,227.0,1,2,2,0,7,7,86.93,12.4186,18.6714,2.0,0.1152,2.0,Customer-level address and order-value evidence for top or mismatched customers.
top_customer_address_value,customer,Dulcy Thrush,715,,customer_value_rank,228.0,1,2,2,0,10,10,86.71,8.671,10.1,2.0,0.1149,2.0,Customer-level address and order-value evidence for top or mismatched customers.
top_customer_address_value,customer,Deloria Skpsey,1464,,customer_value_rank,229.0,1,2,2,0,8,8,86.62,10.8275,12.425,2.0,0.1148,1.0,Customer-level address and order-value evidence for top or mismatched customers.
top_customer_address_value,customer,Craggie Othick,740,,customer_value_rank,230.0,1,2,2,0,8,8,86.34,10.7925,11.975,2.0,0.1144,2.0,Customer-level address and order-value evidence for top or mismatched customers.
top_customer_address_value,customer,Aurelie Daughtry,1531,,customer_value_rank,231.0,1,2,2,0,8,8,86.25,10.7813,13.925,2.0,0.1143,1.0,Customer-level address and order-value evidence for top or mismatched customers.
top_customer_address_value,customer,Carroll Brixey,1940,,customer_value_rank,232.0,1,2,1,1,10,10,86.16,8.616,15.14,2.0,0.1142,2.0,Customer-level address and order-value evidence for top or mismatched customers.
top_customer_address_value,customer,Danyette Lilley,957,,customer_value_rank,233.0,1,4,2,2,9,9,85.79,9.5322,12.0333,4.0,0.1137,4.0,Customer-level address and order-value evidence for top or mismatched customers.
top_customer_address_value,customer,Birgit Shreeve,204,,customer_value_rank,234.0,1,2,2,0,8,8,85.74,10.7175,11.3,2.0,0.1136,2.0,Customer-level address and order-value evidence for top or mismatched customers.
top_customer_address_value,customer,Amitie Filasov,86,,customer_value_rank,235.0,1,2,2,0,9,9,85.73,9.5256,12.7,2.0,0.1136,2.0,Customer-level address and order-value evidence for top or mismatched customers.
top_customer_address_value,customer,Zia Roizin,64,,customer_value_rank,236.0,1,2,2,0,8,8,85.61,10.7013,15.5,2.0,0.1135,2.0,Customer-level address and order-value evidence for top or mismatched customers.
top_customer_address_value,customer,Gearard Longstreeth,1345,,customer_value_rank,237.0,1,2,2,0,8,8,85.48,10.685,15.5,2.0,0.1133,2.0,Customer-level address and order-value evidence for top or mismatched customers.
top_customer_address_value,customer,Faythe Laker,838,,customer_value_rank,238.0,1,1,1,0,7,7,85.28,12.1829,12.4143,1.0,0.113,1.0,Customer-level address and order-value evidence for top or mismatched customers.
top_customer_address_value,customer,Lorens Titchard,1943,,customer_value_rank,239.0,1,1,1,0,8,8,85.16,10.645,14.3,1.0,0.1129,1.0,Customer-level address and order-value evidence for top or mismatched customers.
top_customer_address_value,customer,Ivan Orpyne,934,,customer_value_rank,240.0,1,3,2,1,11,11,85.15,7.7409,11.1364,2.0,0.1129,2.0,Customer-level address and order-value evidence for top or mismatched customers.
top_customer_address_value,customer,Ozzie Petters,74,,customer_value_rank,241.0,1,3,2,1,7,7,85.13,12.1614,13.7857,3.0,0.1128,2.0,Customer-level address and order-value evidence for top or mismatched customers.
top_customer_address_value,customer,Laura Warne,1224,,customer_value_rank,242.0,1,2,2,0,7,7,85.06,12.1514,11.2143,2.0,0.1127,2.0,Customer-level address and order-value evidence for top or mismatched customers.
top_customer_address_value,customer,Denney Jest,1936,,customer_value_rank,243.0,1,3,2,1,9,9,85.03,9.4478,10.6333,3.0,0.1127,3.0,Customer-level address and order-value evidence for top or mismatched customers.
top_customer_address_value,customer,Gordan Toft,129,,customer_value_rank,244.0,1,1,1,0,7,7,84.93,12.1329,11.1286,1.0,0.1126,1.0,Customer-level address and order-value evidence for top or mismatched customers.
top_customer_address_value,customer,Kevina Brahm,992,,customer_value_rank,245.0,1,1,1,0,7,7,84.74,12.1057,13.3571,1.0,0.1123,1.0,Customer-level address and order-value evidence for top or mismatched customers.
top_customer_address_value,customer,Rollins Jansema,1782,,customer_value_rank,246.0,1,3,2,1,7,7,84.73,12.1043,13.3571,3.0,0.1123,3.0,Customer-level address and order-value evidence for top or mismatched customers.
top_customer_address_value,customer,Tull Jansens,769,,customer_value_rank,247.0,1,1,1,0,6,6,84.63,14.105,13.1,1.0,0.1122,1.0,Customer-level address and order-value evidence for top or mismatched customers.
top_customer_address_value,customer,Leonard Fullerlove,762,,customer_value_rank,248.0,1,1,1,0,7,7,84.51,12.0729,11.5571,1.0,0.112,1.0,Customer-level address and order-value evidence for top or mismatched customers.
top_customer_address_value,customer,Steffen Brunstan,243,,customer_value_rank,249.0,1,1,1,0,7,7,84.5,12.0714,13.3571,1.0,0.112,1.0,Customer-level address and order-value evidence for top or mismatched customers.
top_customer_address_value,customer,Ewart Thorsby,1870,,customer_value_rank,250.0,1,1,1,0,9,9,84.46,9.3844,9.9,1.0,0.1119,1.0,Customer-level address and order-value evidence for top or mismatched customers.
top_customer_address_value,customer,Munmro Morling,958,,customer_value_rank,251.0,1,3,2,1,8,8,84.38,10.5475,10.4,3.0,0.1118,2.0,Customer-level address and order-value evidence for top or mismatched customers.
top_customer_address_value,customer,Donovan Weinmann,931,,customer_value_rank,252.0,1,2,2,0,9,9,84.32,9.3689,12.0333,2.0,0.1118,2.0,Customer-level address and order-value evidence for top or mismatched customers.
top_customer_address_value,customer,Darbee Kalvin,831,,customer_value_rank,253.0,1,3,2,1,8,8,83.9,10.4875,13.55,3.0,0.1112,3.0,Customer-level address and order-value evidence for top or mismatched customers.
top_customer_address_value,customer,Ethelyn Shambrook,802,,customer_value_rank,254.0,1,1,1,0,7,7,83.3,11.9,16.8714,1.0,0.1104,1.0,Customer-level address and order-value evidence for top or mismatched customers.
top_customer_address_value,customer,Wilhelm Loosley,717,,customer_value_rank,255.0,1,3,3,0,7,7,83.22,11.8886,12.9286,3.0,0.1103,1.0,Customer-level address and order-value evidence for top or mismatched customers.
top_customer_address_value,customer,Vonny Edmondson,682,,customer_value_rank,256.0,1,1,1,0,9,9,83.2,9.2444,13.3667,1.0,0.1103,1.0,Customer-level address and order-value evidence for top or mismatched customers.
top_customer_address_value,customer,Nanice Nutter,1493,,customer_value_rank,257.0,1,2,2,0,7,7,83.14,11.8771,12.9286,2.0,0.1102,1.0,Customer-level address and order-value evidence for top or mismatched customers.
top_customer_address_value,customer,Elmore Peyto,936,,customer_value_rank,258.0,1,2,2,0,6,6,82.92,13.82,19.8,2.0,0.1099,2.0,Customer-level address and order-value evidence for top or mismatched customers.
top_customer_address_value,customer,Madelena MacNeilly,1355,,customer_value_rank,259.0,1,1,1,0,7,7,82.89,11.8414,15.1571,1.0,0.1099,1.0,Customer-level address and order-value evidence for top or mismatched customers.
top_customer_address_value,customer,Vickie Rocco,1351,,customer_value_rank,260.0,1,4,3,1,7,7,82.74,11.82,7.6143,3.0,0.1097,2.0,Customer-level address and order-value evidence for top or mismatched customers.
top_customer_address_value,customer,Ashlee Bourne,387,,customer_value_rank,261.0,1,1,1,0,9,9,82.34,9.1489,11.7,1.0,0.1091,1.0,Customer-level address and order-value evidence for top or mismatched customers.
top_customer_address_value,customer,Wash Uttridge,983,,customer_value_rank,262.0,1,1,1,0,7,7,82.2,11.7429,17.3857,1.0,0.1089,1.0,Customer-level address and order-value evidence for top or mismatched customers.
top_customer_address_value,customer,Aviva Oxnam,974,,customer_value_rank,263.0,1,2,2,0,8,8,82.18,10.2725,10.475,2.0,0.1089,2.0,Customer-level address and order-value evidence for top or mismatched customers.
top_customer_address_value,customer,Page Holsey,1986,,customer_value_rank,264.0,1,3,2,1,11,11,82.14,7.4673,13.1545,3.0,0.1089,3.0,Customer-level address and order-value evidence for top or mismatched customers.
top_customer_address_value,customer,Jeri Seakes,1064,,customer_value_rank,265.0,1,1,1,0,7,7,81.94,11.7057,9.8429,1.0,0.1086,1.0,Customer-level address and order-value evidence for top or mismatched customers.
top_customer_address_value,customer,Kippar Casaroli,875,,customer_value_rank,266.0,1,2,2,0,8,8,81.89,10.2363,11.225,2.0,0.1085,1.0,Customer-level address and order-value evidence for top or mismatched customers.
top_customer_address_value,customer,Cort Kenion,1297,,customer_value_rank,267.0,1,2,2,0,8,8,81.88,10.235,9.725,2.0,0.1085,2.0,Customer-level address and order-value evidence for top or mismatched customers.
top_customer_address_value,customer,Harriet Hysom,1896,,customer_value_rank,268.0,1,2,2,0,8,8,81.69,10.2113,7.4,2.0,0.1083,2.0,Customer-level address and order-value evidence for top or mismatched customers.
top_customer_address_value,customer,Aurelie MacSherry,114,,customer_value_rank,269.0,1,1,1,0,8,8,81.47,10.1838,11.675,1.0,0.108,1.0,Customer-level address and order-value evidence for top or mismatched customers.
top_customer_address_value,customer,Rhys Hearn,1658,,customer_value_rank,270.0,1,3,2,1,6,6,81.44,13.5733,12.0,3.0,0.1079,3.0,Customer-level address and order-value evidence for top or mismatched customers.
top_customer_address_value,customer,Letisha Bielby,210,,customer_value_rank,271.0,1,3,2,1,9,9,81.33,9.0367,9.6333,3.0,0.1078,2.0,Customer-level address and order-value evidence for top or mismatched customers.
top_customer_address_value,customer,Carlin Malinowski,851,,customer_value_rank,272.0,1,3,2,1,6,6,81.33,13.555,10.5,2.0,0.1078,1.0,Customer-level address and order-value evidence for top or mismatched customers.
top_customer_address_value,customer,Milicent Mogenot,1012,,customer_value_rank,273.0,1,2,2,0,7,7,81.23,11.6043,8.4714,2.0,0.1077,1.0,Customer-level address and order-value evidence for top or mismatched customers.
top_customer_address_value,customer,Ezekiel Masi,894,,customer_value_rank,274.0,1,3,2,1,7,7,81.21,11.6014,11.1286,3.0,0.1076,2.0,Customer-level address and order-value evidence for top or mismatched customers.
top_customer_address_value,customer,Frans Spadari,1754,,customer_value_rank,275.0,1,2,1,1,8,8,81.17,10.1463,14.0,2.0,0.1076,2.0,Customer-level address and order-value evidence for top or mismatched customers.
top_customer_address_value,customer,Sapphira Collough,1217,,customer_value_rank,276.0,1,2,2,0,9,9,80.99,8.9989,11.3,2.0,0.1073,1.0,Customer-level address and order-value evidence for top or mismatched customers.
top_customer_address_value,customer,Carver Haugen,179,,customer_value_rank,277.0,1,3,3,0,9,9,80.89,8.9878,12.3667,3.0,0.1072,3.0,Customer-level address and order-value evidence for top or mismatched customers.
top_customer_address_value,customer,Hamnet Lidgate,1157,,customer_value_rank,278.0,1,2,2,0,9,9,80.86,8.9844,13.4333,2.0,0.1072,2.0,Customer-level address and order-value evidence for top or mismatched customers.
top_customer_address_value,customer,Ethel Estoile,1755,,customer_value_rank,279.0,1,2,1,1,9,9,80.83,8.9811,12.0333,2.0,0.1071,2.0,Customer-level address and order-value evidence for top or mismatched customers.
top_customer_address_value,customer,Winifield Epinoy,1317,,customer_value_rank,280.0,1,2,2,0,8,8,80.65,10.0813,9.65,2.0,0.1069,2.0,Customer-level address and order-value evidence for top or mismatched customers.
top_customer_address_value,customer,Tamar Vedenisov,1374,,customer_value_rank,281.0,1,2,2,0,6,6,80.53,13.4217,8.9,2.0,0.1067,2.0,Customer-level address and order-value evidence for top or mismatched customers.
top_customer_address_value,customer,Leanor Smither,474,,customer_value_rank,282.0,1,3,2,1,6,6,80.44,13.4067,10.9,3.0,0.1066,2.0,Customer-level address and order-value evidence for top or mismatched customers.
top_customer_address_value,customer,Cosmo Hendrix,952,,customer_value_rank,283.0,1,2,2,0,6,6,80.22,13.37,12.0,2.0,0.1063,2.0,Customer-level address and order-value evidence for top or mismatched customers.
top_customer_address_value,customer,Deirdre Mugleston,1679,,customer_value_rank,284.0,1,2,2,0,8,8,80.18,10.0225,15.125,2.0,0.1063,2.0,Customer-level address and order-value evidence for top or mismatched customers.
top_customer_address_value,customer,Giorgia Edler,423,,customer_value_rank,285.0,1,2,2,0,6,6,80.07,13.345,13.6,2.0,0.1061,2.0,Customer-level address and order-value evidence for top or mismatched customers.
top_customer_address_value,customer,Lowrance Else,1586,,customer_value_rank,286.0,1,1,1,0,7,7,79.92,11.4171,16.0143,1.0,0.1059,1.0,Customer-level address and order-value evidence for top or mismatched customers.
top_customer_address_value,customer,Gay Wind,1189,,customer_value_rank,287.0,1,1,1,0,5,5,79.78,15.956,15.14,1.0,0.1057,1.0,Customer-level address and order-value evidence for top or mismatched customers.
top_customer_address_value,customer,Crysta Hibling,536,,customer_value_rank,288.0,1,1,1,0,6,6,79.66,13.2767,11.0,1.0,0.1056,1.0,Customer-level address and order-value evidence for top or mismatched customers.
top_customer_address_value,customer,Shanon Spering,1520,,customer_value_rank,289.0,1,2,2,0,8,8,79.54,9.9425,13.175,2.0,0.1054,2.0,Customer-level address and order-value evidence for top or mismatched customers.
top_customer_address_value,customer,Mavra McAlpine,924,,customer_value_rank,290.0,1,3,2,1,8,8,79.47,9.9338,12.425,3.0,0.1053,2.0,Customer-level address and order-value evidence for top or mismatched customers.
top_customer_address_value,customer,Kate Vaughn,643,,customer_value_rank,291.0,1,2,1,1,10,10,79.33,7.933,17.3,1.0,0.1051,1.0,Customer-level address and order-value evidence for top or mismatched customers.
top_customer_address_value,customer,Kaspar Scanlon,236,,customer_value_rank,292.0,1,3,3,0,10,10,79.32,7.932,8.9,3.0,0.1051,2.0,Customer-level address and order-value evidence for top or mismatched customers.
top_customer_address_value,customer,Doretta Eilhertsen,821,,customer_value_rank,293.0,1,1,1,0,5,5,79.29,15.858,10.82,1.0,0.1051,1.0,Customer-level address and order-value evidence for top or mismatched customers.
top_customer_address_value,customer,Gilligan Duffin,868,,customer_value_rank,294.0,1,3,2,1,12,12,79.06,6.5883,12.8,3.0,0.1048,2.0,Customer-level address and order-value evidence for top or mismatched customers.
top_customer_address_value,customer,Trula D'Arrigo,504,,customer_value_rank,295.0,1,1,1,0,7,7,79.03,11.29,10.1857,1.0,0.1047,1.0,Customer-level address and order-value evidence for top or mismatched customers.
top_customer_address_value,customer,Lucas Wyldbore,90,,customer_value_rank,296.0,1,1,1,0,9,9,78.87,8.7633,12.7,1.0,0.1045,1.0,Customer-level address and order-value evidence for top or mismatched customers.
top_customer_address_value,customer,Cross Laxton,454,,customer_value_rank,297.0,1,1,1,0,7,7,78.52,11.2171,15.5857,1.0,0.1041,1.0,Customer-level address and order-value evidence for top or mismatched customers.
top_customer_address_value,customer,Nikaniki Openshaw,962,,customer_value_rank,298.0,1,3,2,1,11,11,78.46,7.1327,8.1364,2.0,0.104,2.0,Customer-level address and order-value evidence for top or mismatched customers.
top_customer_address_value,customer,Noella Ruddoch,1830,,customer_value_rank,299.0,1,1,1,0,6,6,78.42,13.07,15.1,1.0,0.1039,1.0,Customer-level address and order-value evidence for top or mismatched customers.
top_customer_address_value,customer,Natalina Rudolfer,1234,,customer_value_rank,300.0,1,1,1,0,7,7,78.25,11.1786,11.9857,1.0,0.1037,1.0,Customer-level address and order-value evidence for top or mismatched customers.
top_customer_address_value,customer,Myrtie Iuorio,782,,customer_value_rank,301.0,1,2,1,1,7,7,78.23,11.1757,16.0143,1.0,0.1037,1.0,Customer-level address and order-value evidence for top or mismatched customers.
top_customer_address_value,customer,Gui Vint,1302,,customer_value_rank,302.0,1,3,2,1,6,6,78.23,13.0383,12.1,3.0,0.1037,2.0,Customer-level address and order-value evidence for top or mismatched customers.
top_customer_address_value,customer,Agnes Dunnico,805,,customer_value_rank,303.0,1,2,2,0,8,8,78.15,9.7688,12.425,2.0,0.1036,2.0,Customer-level address and order-value evidence for top or mismatched customers.
top_customer_address_value,customer,Natka Howells,1501,,customer_value_rank,304.0,1,3,3,0,6,6,78.14,13.0233,14.6,3.0,0.1036,2.0,Customer-level address and order-value evidence for top or mismatched customers.
top_customer_address_value,customer,Sophronia Durbann,1647,,customer_value_rank,305.0,1,1,1,0,6,6,78.12,13.02,14.1,1.0,0.1035,1.0,Customer-level address and order-value evidence for top or mismatched customers.
top_customer_address_value,customer,Demetra Roddie,1088,,customer_value_rank,306.0,1,2,2,0,8,8,78.1,9.7625,11.225,2.0,0.1035,2.0,Customer-level address and order-value evidence for top or mismatched customers.
top_customer_address_value,customer,Aldridge Sharrier,589,,customer_value_rank,307.0,1,2,2,0,8,8,78.01,9.7513,15.125,2.0,0.1034,2.0,Customer-level address and order-value evidence for top or mismatched customers.
top_customer_address_value,customer,Elspeth Van Rembrandt,1161,,customer_value_rank,308.0,1,2,2,0,7,7,77.94,11.1343,9.7571,2.0,0.1033,2.0,Customer-level address and order-value evidence for top or mismatched customers.
top_customer_address_value,customer,Vassili Lukash,1440,,customer_value_rank,309.0,1,3,2,1,6,6,77.88,12.98,11.5,3.0,0.1032,2.0,Customer-level address and order-value evidence for top or mismatched customers.
top_customer_address_value,customer,Isak Geipel,315,,customer_value_rank,310.0,1,2,2,0,6,6,77.76,12.96,16.7,2.0,0.1031,2.0,Customer-level address and order-value evidence for top or mismatched customers.
top_customer_address_value,customer,Jillene Satyford,1505,,customer_value_rank,311.0,1,1,1,0,5,5,77.69,15.538,15.14,1.0,0.103,1.0,Customer-level address and order-value evidence for top or mismatched customers.
top_customer_address_value,customer,Filmer Douse,12,,customer_value_rank,312.0,1,2,1,1,8,8,77.36,9.67,12.8,2.0,0.1025,2.0,Customer-level address and order-value evidence for top or mismatched customers.
top_customer_address_value,customer,Tobey Vallens,659,,customer_value_rank,313.0,1,1,1,0,7,7,77.22,11.0314,15.5857,1.0,0.1023,1.0,Customer-level address and order-value evidence for top or mismatched customers.
top_customer_address_value,customer,Lindy Espina,393,,customer_value_rank,314.0,1,1,1,0,7,7,77.17,11.0243,16.0143,1.0,0.1023,1.0,Customer-level address and order-value evidence for top or mismatched customers.
top_customer_address_value,customer,Kimberley Mordecai,1178,,customer_value_rank,315.0,1,2,2,0,5,5,77.16,15.432,8.3,2.0,0.1023,2.0,Customer-level address and order-value evidence for top or mismatched customers.
top_customer_address_value,customer,Editha todor,1426,,customer_value_rank,316.0,1,1,1,0,7,7,76.93,10.99,11.5571,1.0,0.102,1.0,Customer-level address and order-value evidence for top or mismatched customers.
top_customer_address_value,customer,Peria Jeandet,1673,,customer_value_rank,317.0,1,1,1,0,6,6,76.68,12.78,14.6,1.0,0.1016,1.0,Customer-level address and order-value evidence for top or mismatched customers.
top_customer_address_value,customer,Dorelle Heinemann,1920,,customer_value_rank,318.0,1,2,2,0,8,8,76.53,9.5663,10.475,2.0,0.1014,2.0,Customer-level address and order-value evidence for top or mismatched customers.
top_customer_address_value,customer,Cedric Edwin,861,,customer_value_rank,319.0,1,4,2,2,8,8,76.44,9.555,12.8,4.0,0.1013,2.0,Customer-level address and order-value evidence for top or mismatched customers.
top_customer_address_value,customer,Janek Maides,1736,,customer_value_rank,320.0,1,2,2,0,8,8,76.42,9.5525,13.55,1.0,0.1013,1.0,Customer-level address and order-value evidence for top or mismatched customers.
top_customer_address_value,customer,Imogene Sansome,1539,,customer_value_rank,321.0,1,2,2,0,6,6,76.29,12.715,12.5,2.0,0.1011,2.0,Customer-level address and order-value evidence for top or mismatched customers.
top_customer_address_value,customer,Louisette Fraczak,1384,,customer_value_rank,322.0,1,1,1,0,7,7,75.6,10.8,11.1286,1.0,0.1002,1.0,Customer-level address and order-value evidence for top or mismatched customers.
top_customer_address_value,customer,Ursula Peniman,798,,customer_value_rank,323.0,1,2,2,0,7,7,75.6,10.8,16.4429,2.0,0.1002,2.0,Customer-level address and order-value evidence for top or mismatched customers.
top_customer_address_value,customer,Tonya Eitter,540,,customer_value_rank,324.0,1,2,2,0,8,8,75.47,9.4338,13.175,2.0,0.1,2.0,Customer-level address and order-value evidence for top or mismatched customers.
top_customer_address_value,customer,Odelinda Ruppel,897,,customer_value_rank,325.0,1,1,1,0,8,8,75.03,9.3788,13.55,1.0,0.0994,1.0,Customer-level address and order-value evidence for top or mismatched customers.
top_customer_address_value,customer,Corty Deguara,1321,,customer_value_rank,326.0,1,2,2,0,6,6,75.02,12.5033,14.1,2.0,0.0994,2.0,Customer-level address and order-value evidence for top or mismatched customers.
top_customer_address_value,customer,Carlin Lecointe,1593,,customer_value_rank,327.0,1,2,2,0,8,8,74.83,9.3538,15.125,2.0,0.0992,2.0,Customer-level address and order-value evidence for top or mismatched customers.
top_customer_address_value,customer,Chuck Felkin,816,,customer_value_rank,328.0,1,3,3,0,5,5,74.79,14.958,18.26,3.0,0.0991,2.0,Customer-level address and order-value evidence for top or mismatched customers.
top_customer_address_value,customer,Anastasia Brilon,493,,customer_value_rank,329.0,1,3,3,0,9,9,74.56,8.2844,10.6333,3.0,0.0988,3.0,Customer-level address and order-value evidence for top or mismatched customers.
top_customer_address_value,customer,Spence Crier,667,,customer_value_rank,330.0,1,1,1,0,7,7,74.26,10.6086,8.9,1.0,0.0984,1.0,Customer-level address and order-value evidence for top or mismatched customers.
top_customer_address_value,customer,Katinka Wolfarth,1084,,customer_value_rank,331.0,1,2,2,0,7,7,74.16,10.5943,8.0429,2.0,0.0983,1.0,Customer-level address and order-value evidence for top or mismatched customers.
top_customer_address_value,customer,Ginnifer Elvidge,705,,customer_value_rank,332.0,1,1,1,0,8,8,74.09,9.2613,12.425,1.0,0.0982,1.0,Customer-level address and order-value evidence for top or mismatched customers.
top_customer_address_value,customer,Othelia Drabble,858,,customer_value_rank,333.0,1,1,1,0,8,8,74.06,9.2575,17.45,1.0,0.0982,1.0,Customer-level address and order-value evidence for top or mismatched customers.
top_customer_address_value,customer,Allianora Boerder,708,,customer_value_rank,334.0,1,1,1,0,7,7,74.01,10.5729,12.0714,1.0,0.0981,1.0,Customer-level address and order-value evidence for top or mismatched customers.
top_customer_address_value,customer,Eartha Gosnoll,1307,,customer_value_rank,335.0,1,2,1,1,6,6,73.97,12.3283,10.5,2.0,0.098,1.0,Customer-level address and order-value evidence for top or mismatched customers.
top_customer_address_value,customer,Lynnett Heaffey,751,,customer_value_rank,336.0,1,2,1,1,9,9,73.92,8.2133,10.3,2.0,0.098,2.0,Customer-level address and order-value evidence for top or mismatched customers.
top_customer_address_value,customer,Desi O'Hengerty,1008,,customer_value_rank,337.0,1,2,2,0,6,6,73.89,12.315,12.0,2.0,0.0979,2.0,Customer-level address and order-value evidence for top or mismatched customers.
top_customer_address_value,customer,Camella Anglish,1171,,customer_value_rank,338.0,1,3,2,1,9,9,73.89,8.21,12.0333,2.0,0.0979,2.0,Customer-level address and order-value evidence for top or mismatched customers.
top_customer_address_value,customer,Malissa Bolesworth,893,,customer_value_rank,339.0,1,1,1,0,7,7,73.82,10.5457,11.6429,1.0,0.0978,1.0,Customer-level address and order-value evidence for top or mismatched customers.
top_customer_address_value,customer,Lib Asprey,1063,,customer_value_rank,340.0,1,2,2,0,5,5,73.66,14.732,12.02,2.0,0.0976,1.0,Customer-level address and order-value evidence for top or mismatched customers.
top_customer_address_value,customer,Vyky Joberne,1669,,customer_value_rank,341.0,1,3,2,1,6,6,73.53,12.255,17.2,3.0,0.0975,1.0,Customer-level address and order-value evidence for top or mismatched customers.
top_customer_address_value,customer,Nelia Sebring,1769,,customer_value_rank,342.0,1,2,2,0,7,7,73.1,10.4429,11.5571,2.0,0.0969,2.0,Customer-level address and order-value evidence for top or mismatched customers.
top_customer_address_value,customer,Helen-elizabeth Toffanelli,1650,,customer_value_rank,343.0,1,1,1,0,5,5,73.03,14.606,8.3,1.0,0.0968,1.0,Customer-level address and order-value evidence for top or mismatched customers.
top_customer_address_value,customer,Wain Michel,591,,customer_value_rank,344.0,1,2,1,1,7,7,73.01,10.43,10.1857,2.0,0.0968,2.0,Customer-level address and order-value evidence for top or mismatched customers.
top_customer_address_value,customer,Gilligan Betteson,23,,customer_value_rank,345.0,1,3,3,0,10,10,72.87,7.287,14.78,3.0,0.0966,3.0,Customer-level address and order-value evidence for top or mismatched customers.
top_customer_address_value,customer,Gustavo Sidnall,72,,customer_value_rank,346.0,1,1,1,0,6,6,72.84,12.14,17.2,1.0,0.0965,1.0,Customer-level address and order-value evidence for top or mismatched customers.
top_customer_address_value,customer,Doretta Dudderidge,1892,,customer_value_rank,347.0,1,2,2,0,7,7,72.81,10.4014,11.5571,2.0,0.0965,2.0,Customer-level address and order-value evidence for top or mismatched customers.
top_customer_address_value,customer,Nanette Elphinstone,967,,customer_value_rank,348.0,1,1,1,0,7,7,72.56,10.3657,12.9286,1.0,0.0962,1.0,Customer-level address and order-value evidence for top or mismatched customers.
top_customer_address_value,customer,Sterne Johnikin,1535,,customer_value_rank,349.0,1,2,2,0,6,6,72.39,12.065,14.6,2.0,0.0959,2.0,Customer-level address and order-value evidence for top or mismatched customers.
top_customer_address_value,customer,Brina Postill,336,,customer_value_rank,350.0,1,2,2,0,5,5,72.36,14.472,13.34,1.0,0.0959,1.0,Customer-level address and order-value evidence for top or mismatched customers.
top_customer_address_value,customer,Lance Boddis,842,,customer_value_rank,351.0,1,3,2,1,6,6,72.31,12.0517,8.9,3.0,0.0958,3.0,Customer-level address and order-value evidence for top or mismatched customers.
top_customer_address_value,customer,Lester Pedden,960,,customer_value_rank,352.0,1,2,1,1,7,7,71.79,10.2557,12.9286,1.0,0.0951,1.0,Customer-level address and order-value evidence for top or mismatched customers.
top_customer_address_value,customer,Delmore Tamplin,302,,customer_value_rank,353.0,1,2,2,0,5,5,71.77,14.354,7.1,2.0,0.0951,2.0,Customer-level address and order-value evidence for top or mismatched customers.
top_customer_address_value,customer,Claus Rockcliff,1318,,customer_value_rank,354.0,1,2,1,1,5,5,71.76,14.352,13.94,2.0,0.0951,2.0,Customer-level address and order-value evidence for top or mismatched customers.
top_customer_address_value,customer,Elwin Frede,477,,customer_value_rank,355.0,1,2,2,0,7,7,71.74,10.2486,16.4429,2.0,0.0951,1.0,Customer-level address and order-value evidence for top or mismatched customers.
top_customer_address_value,customer,Kaela Isaq,245,,customer_value_rank,356.0,1,1,1,0,7,7,71.38,10.1971,11.5571,1.0,0.0946,1.0,Customer-level address and order-value evidence for top or mismatched customers.
top_customer_address_value,customer,Neall Fligg,606,,customer_value_rank,357.0,1,1,1,0,7,7,71.13,10.1614,8.4714,1.0,0.0943,1.0,Customer-level address and order-value evidence for top or mismatched customers.
top_customer_address_value,customer,Dareen Melton,1646,,customer_value_rank,358.0,1,1,1,0,8,8,71.05,8.8813,10.1,1.0,0.0942,1.0,Customer-level address and order-value evidence for top or mismatched customers.
top_customer_address_value,customer,Seline Waghorne,752,,customer_value_rank,359.0,1,3,2,1,8,8,70.98,8.8725,14.75,3.0,0.0941,3.0,Customer-level address and order-value evidence for top or mismatched customers.
top_customer_address_value,customer,Kare Rein,996,,customer_value_rank,360.0,1,2,2,0,7,7,70.86,10.1229,11.2143,2.0,0.0939,1.0,Customer-level address and order-value evidence for top or mismatched customers.
top_customer_address_value,customer,Madelina Scougal,987,,customer_value_rank,361.0,1,3,2,1,11,11,70.66,6.4236,10.5909,3.0,0.0937,3.0,Customer-level address and order-value evidence for top or mismatched customers.
top_customer_address_value,customer,Alyssa Grayshan,1314,,customer_value_rank,362.0,1,2,2,0,6,6,70.58,11.7633,9.9,1.0,0.0935,1.0,Customer-level address and order-value evidence for top or mismatched customers.
top_customer_address_value,customer,Giselle Betton,82,,customer_value_rank,363.0,1,2,2,0,7,7,70.54,10.0771,13.7857,2.0,0.0935,1.0,Customer-level address and order-value evidence for top or mismatched customers.
top_customer_address_value,customer,Patty O'Rudden,597,,customer_value_rank,364.0,1,3,2,1,8,8,70.21,8.7763,10.85,3.0,0.0931,3.0,Customer-level address and order-value evidence for top or mismatched customers.
top_customer_address_value,customer,Tracey Abel,141,,customer_value_rank,365.0,1,1,1,0,7,7,69.91,9.9871,11.9857,1.0,0.0927,1.0,Customer-level address and order-value evidence for top or mismatched customers.
top_customer_address_value,customer,Sven Ivain,1779,,customer_value_rank,366.0,1,1,1,0,6,6,69.36,11.56,17.2,1.0,0.0919,1.0,Customer-level address and order-value evidence for top or mismatched customers.
top_customer_address_value,customer,Clair Saywell,1780,,customer_value_rank,367.0,1,2,1,1,6,6,69.2,11.5333,13.6,2.0,0.0917,2.0,Customer-level address and order-value evidence for top or mismatched customers.
top_customer_address_value,customer,Artemas Frankiewicz,257,,customer_value_rank,368.0,1,1,1,0,7,7,69.1,9.8714,13.3571,1.0,0.0916,1.0,Customer-level address and order-value evidence for top or mismatched customers.
top_customer_address_value,customer,Josephine Baiss,1172,,customer_value_rank,369.0,1,2,1,1,8,8,68.97,8.6213,10.475,2.0,0.0914,2.0,Customer-level address and order-value evidence for top or mismatched customers.
top_customer_address_value,customer,Leena Mullins,1239,,customer_value_rank,370.0,1,2,1,1,8,8,68.84,8.605,9.725,2.0,0.0912,2.0,Customer-level address and order-value evidence for top or mismatched customers.
top_customer_address_value,customer,Ann Biggar,104,,customer_value_rank,371.0,1,2,2,0,6,6,68.7,11.45,13.1,2.0,0.0911,2.0,Customer-level address and order-value evidence for top or mismatched customers.
top_customer_address_value,customer,Aguste Alleburton,733,,customer_value_rank,372.0,1,2,1,1,9,9,68.55,7.6167,14.4333,2.0,0.0909,2.0,Customer-level address and order-value evidence for top or mismatched customers.
top_customer_address_value,customer,Aron Buxsey,350,,customer_value_rank,373.0,1,1,1,0,6,6,68.42,11.4033,11.5,1.0,0.0907,1.0,Customer-level address and order-value evidence for top or mismatched customers.
top_customer_address_value,customer,Ailina Arthur,531,,customer_value_rank,374.0,1,1,1,0,8,8,68.32,8.54,13.55,1.0,0.0905,1.0,Customer-level address and order-value evidence for top or mismatched customers.
top_customer_address_value,customer,Aube Prator,285,,customer_value_rank,375.0,1,3,2,1,8,8,68.3,8.5375,15.95,2.0,0.0905,2.0,Customer-level address and order-value evidence for top or mismatched customers.
top_customer_address_value,customer,Johan Jutson,1553,,customer_value_rank,376.0,1,3,2,1,7,7,68.23,9.7471,10.7,3.0,0.0904,3.0,Customer-level address and order-value evidence for top or mismatched customers.
top_customer_address_value,customer,Yanaton Tuny,1287,,customer_value_rank,377.0,1,1,1,0,7,7,68.07,9.7243,11.9857,1.0,0.0902,1.0,Customer-level address and order-value evidence for top or mismatched customers.
top_customer_address_value,customer,Rock Collyns,588,,customer_value_rank,378.0,1,1,1,0,7,7,68.0,9.7143,9.3286,1.0,0.0901,1.0,Customer-level address and order-value evidence for top or mismatched customers.
top_customer_address_value,customer,Burke Strute,303,,customer_value_rank,379.0,1,3,2,1,5,5,67.98,13.596,8.9,3.0,0.0901,2.0,Customer-level address and order-value evidence for top or mismatched customers.
top_customer_address_value,customer,Ingram Mazzey,991,,customer_value_rank,380.0,1,3,3,0,10,10,67.92,6.792,11.06,2.0,0.09,2.0,Customer-level address and order-value evidence for top or mismatched customers.
top_customer_address_value,customer,Calhoun Mecchi,878,,customer_value_rank,381.0,1,2,2,0,8,8,67.89,8.4863,14.0,2.0,0.09,2.0,Customer-level address and order-value evidence for top or mismatched customers.
top_customer_address_value,customer,Maxie Lassen,1750,,customer_value_rank,382.0,1,1,1,0,7,7,67.65,9.6643,14.2143,1.0,0.0897,1.0,Customer-level address and order-value evidence for top or mismatched customers.
top_customer_address_value,customer,Mahalia Full,223,,customer_value_rank,383.0,1,1,1,0,8,8,67.64,8.455,11.975,1.0,0.0896,1.0,Customer-level address and order-value evidence for top or mismatched customers.
top_customer_address_value,customer,Dedra Ogus,154,,customer_value_rank,384.0,1,1,1,0,5,5,67.52,13.504,13.94,1.0,0.0895,1.0,Customer-level address and order-value evidence for top or mismatched customers.
top_customer_address_value,customer,Arden Giabucci,1267,,customer_value_rank,385.0,1,2,2,0,6,6,67.46,11.2433,13.6,1.0,0.0894,1.0,Customer-level address and order-value evidence for top or mismatched customers.
top_customer_address_value,customer,Dennie Dikes,1590,,customer_value_rank,386.0,1,1,1,0,7,7,67.41,9.63,13.7857,1.0,0.0893,1.0,Customer-level address and order-value evidence for top or mismatched customers.
top_customer_address_value,customer,Chevalier Gowenlock,521,,customer_value_rank,387.0,1,4,3,1,8,8,67.07,8.3837,13.175,4.0,0.0889,2.0,Customer-level address and order-value evidence for top or mismatched customers.
top_customer_address_value,customer,Hazlett Colqueran,472,,customer_value_rank,388.0,1,2,2,0,9,9,66.81,7.4233,12.7,2.0,0.0885,2.0,Customer-level address and order-value evidence for top or mismatched customers.
top_customer_address_value,customer,Sybilla Lamble,1100,,customer_value_rank,389.0,1,3,3,0,7,7,66.81,9.5443,10.2714,3.0,0.0885,3.0,Customer-level address and order-value evidence for top or mismatched customers.
top_customer_address_value,customer,Bridgette Sailer,376,,customer_value_rank,390.0,1,2,2,0,8,8,66.75,8.3438,13.175,2.0,0.0885,2.0,Customer-level address and order-value evidence for top or mismatched customers.
top_customer_address_value,customer,Urban Samsin,1236,,customer_value_rank,391.0,1,2,2,0,8,8,66.69,8.3362,17.825,2.0,0.0884,2.0,Customer-level address and order-value evidence for top or mismatched customers.
top_customer_address_value,customer,Trevor Muffitt,175,,customer_value_rank,392.0,1,2,2,0,4,4,66.66,16.665,16.7,2.0,0.0883,2.0,Customer-level address and order-value evidence for top or mismatched customers.
top_customer_address_value,customer,Adrian Kunzelmann,430,,customer_value_rank,393.0,1,2,2,0,9,9,66.64,7.4044,14.8333,2.0,0.0883,2.0,Customer-level address and order-value evidence for top or mismatched customers.
top_customer_address_value,customer,Micky Pontin,465,,customer_value_rank,394.0,1,2,2,0,7,7,66.63,9.5186,17.3857,2.0,0.0883,2.0,Customer-level address and order-value evidence for top or mismatched customers.
top_customer_address_value,customer,Louisette Brattan,670,,customer_value_rank,395.0,1,2,2,0,6,6,66.15,11.025,13.5,2.0,0.0877,1.0,Customer-level address and order-value evidence for top or mismatched customers.
top_customer_address_value,customer,Suzy Pincked,1344,,customer_value_rank,396.0,1,3,2,1,5,5,66.11,13.222,8.3,3.0,0.0876,3.0,Customer-level address and order-value evidence for top or mismatched customers.
top_customer_address_value,customer,Wilow Thominga,1823,,customer_value_rank,397.0,1,1,1,0,7,7,66.05,9.4357,11.1286,1.0,0.0875,1.0,Customer-level address and order-value evidence for top or mismatched customers.
top_customer_address_value,customer,Olga Allcott,131,,customer_value_rank,398.0,1,2,1,1,9,9,66.0,7.3333,9.6333,2.0,0.0875,2.0,Customer-level address and order-value evidence for top or mismatched customers.
top_customer_address_value,customer,Frannie Battisson,93,,customer_value_rank,399.0,1,1,1,0,7,7,65.95,9.4214,12.9286,1.0,0.0874,1.0,Customer-level address and order-value evidence for top or mismatched customers.
top_customer_address_value,customer,Carrie Arran,229,,customer_value_rank,400.0,1,2,2,0,4,4,65.9,16.475,11.3,2.0,0.0873,2.0,Customer-level address and order-value evidence for top or mismatched customers.
top_customer_address_value,customer,Nichole Durand,1269,,customer_value_rank,401.0,1,4,3,1,9,9,65.79,7.31,10.3,4.0,0.0872,3.0,Customer-level address and order-value evidence for top or mismatched customers.
top_customer_address_value,customer,Waiter Ridel,216,,customer_value_rank,402.0,1,2,2,0,8,8,65.78,8.2225,16.25,2.0,0.0872,2.0,Customer-level address and order-value evidence for top or mismatched customers.
top_customer_address_value,customer,Arlene Ebanks,67,,customer_value_rank,403.0,1,1,1,0,7,7,65.5,9.3571,11.6429,1.0,0.0868,1.0,Customer-level address and order-value evidence for top or mismatched customers.
top_customer_address_value,customer,Allyn Jaggard,1967,,customer_value_rank,404.0,1,2,2,0,6,6,65.49,10.915,10.5,2.0,0.0868,2.0,Customer-level address and order-value evidence for top or mismatched customers.
top_customer_address_value,customer,Cornie Banthorpe,652,,customer_value_rank,405.0,1,1,1,0,5,5,65.47,13.094,15.14,1.0,0.0868,1.0,Customer-level address and order-value evidence for top or mismatched customers.
top_customer_address_value,customer,Ronica Possell,671,,customer_value_rank,406.0,1,3,3,0,5,5,65.44,13.088,13.22,3.0,0.0867,3.0,Customer-level address and order-value evidence for top or mismatched customers.
top_customer_address_value,customer,Margette Cawdell,63,,customer_value_rank,407.0,1,1,1,0,4,4,65.01,16.2525,15.05,1.0,0.0862,1.0,Customer-level address and order-value evidence for top or mismatched customers.
top_customer_address_value,customer,Richard Itzkovici,149,,customer_value_rank,408.0,1,1,1,0,7,7,65.0,9.2857,9.8429,1.0,0.0861,1.0,Customer-level address and order-value evidence for top or mismatched customers.
top_customer_address_value,customer,Kessiah Sunnucks,1446,,customer_value_rank,409.0,1,1,1,0,5,5,64.94,12.988,11.42,1.0,0.0861,1.0,Customer-level address and order-value evidence for top or mismatched customers.
top_customer_address_value,customer,Maryanne MacNaughton,1187,,customer_value_rank,410.0,1,2,2,0,8,8,64.9,8.1125,8.9,2.0,0.086,2.0,Customer-level address and order-value evidence for top or mismatched customers.
top_customer_address_value,customer,Cele Farman,1644,,customer_value_rank,411.0,1,2,2,0,5,5,64.79,12.958,14.54,2.0,0.0859,2.0,Customer-level address and order-value evidence for top or mismatched customers.
top_customer_address_value,customer,Hillary Proffer,1841,,customer_value_rank,412.0,1,1,1,0,7,7,64.7,9.2429,11.5571,1.0,0.0858,1.0,Customer-level address and order-value evidence for top or mismatched customers.
top_customer_address_value,customer,Jethro Hawney,1836,,customer_value_rank,413.0,1,3,2,1,7,7,64.69,9.2414,14.3,3.0,0.0857,3.0,Customer-level address and order-value evidence for top or mismatched customers.
top_customer_address_value,customer,Monica Tinto,1220,,customer_value_rank,414.0,1,2,2,0,6,6,64.65,10.775,13.0,2.0,0.0857,1.0,Customer-level address and order-value evidence for top or mismatched customers.
top_customer_address_value,customer,Leland Ickovitz,1724,,customer_value_rank,415.0,1,1,1,0,5,5,64.63,12.926,8.3,1.0,0.0857,1.0,Customer-level address and order-value evidence for top or mismatched customers.
top_customer_address_value,customer,Vivie Crabtree,508,,customer_value_rank,416.0,1,2,1,1,6,6,64.5,10.75,14.1,2.0,0.0855,2.0,Customer-level address and order-value evidence for top or mismatched customers.
top_customer_address_value,customer,Callie MacDonald,1544,,customer_value_rank,417.0,1,3,2,1,8,8,64.36,8.045,13.175,3.0,0.0853,3.0,Customer-level address and order-value evidence for top or mismatched customers.
top_customer_address_value,customer,Shirley Elson,470,,customer_value_rank,418.0,1,3,3,0,5,5,64.28,12.856,12.02,3.0,0.0852,2.0,Customer-level address and order-value evidence for top or mismatched customers.
top_customer_address_value,customer,Sheree Oxenford,1691,,customer_value_rank,419.0,1,2,1,1,7,7,64.02,9.1457,18.6714,2.0,0.0849,1.0,Customer-level address and order-value evidence for top or mismatched customers.
top_customer_address_value,customer,Thorvald McAughtry,1808,,customer_value_rank,420.0,1,1,1,0,4,4,63.69,15.9225,17.45,1.0,0.0844,1.0,Customer-level address and order-value evidence for top or mismatched customers.
top_customer_address_value,customer,Nixie Musk,898,,customer_value_rank,421.0,1,3,2,1,4,4,63.65,15.9125,12.8,2.0,0.0844,1.0,Customer-level address and order-value evidence for top or mismatched customers.
top_customer_address_value,customer,Amitie Sayre,1860,,customer_value_rank,422.0,1,2,2,0,4,4,63.53,15.8825,12.05,2.0,0.0842,2.0,Customer-level address and order-value evidence for top or mismatched customers.
top_customer_address_value,customer,Fabe Filintsev,547,,customer_value_rank,423.0,1,3,2,1,8,8,63.47,7.9338,12.8,3.0,0.0841,3.0,Customer-level address and order-value evidence for top or mismatched customers.
top_customer_address_value,customer,Drusie Eakin,1925,,customer_value_rank,424.0,1,3,3,0,7,7,63.41,9.0586,16.0143,3.0,0.084,3.0,Customer-level address and order-value evidence for top or mismatched customers.
top_customer_address_value,customer,Wally Hartup,863,,customer_value_rank,425.0,1,3,2,1,5,5,63.37,12.674,8.3,3.0,0.084,2.0,Customer-level address and order-value evidence for top or mismatched customers.
top_customer_address_value,customer,Flint Barhams,1407,,customer_value_rank,426.0,1,2,2,0,6,6,63.33,10.555,12.5,2.0,0.0839,2.0,Customer-level address and order-value evidence for top or mismatched customers.
top_customer_address_value,customer,Raynell Stoneley,691,,customer_value_rank,427.0,1,1,1,0,8,8,63.19,7.8988,11.6,1.0,0.0838,1.0,Customer-level address and order-value evidence for top or mismatched customers.
top_customer_address_value,customer,Ardelis Trythall,478,,customer_value_rank,428.0,1,1,1,0,7,7,63.17,9.0243,11.9857,1.0,0.0837,1.0,Customer-level address and order-value evidence for top or mismatched customers.
top_customer_address_value,customer,Dot Wasielewicz,1751,,customer_value_rank,429.0,1,2,2,0,5,5,63.16,12.632,11.3,2.0,0.0837,1.0,Customer-level address and order-value evidence for top or mismatched customers.
top_customer_address_value,customer,Merle Genders,224,,customer_value_rank,430.0,1,1,1,0,5,5,63.15,12.63,11.42,1.0,0.0837,1.0,Customer-level address and order-value evidence for top or mismatched customers.
top_customer_address_value,customer,Halimeda Briant,638,,customer_value_rank,431.0,1,4,3,1,7,7,63.13,9.0186,15.5857,4.0,0.0837,2.0,Customer-level address and order-value evidence for top or mismatched customers.
top_customer_address_value,customer,Joly Oldred,61,,customer_value_rank,432.0,1,1,1,0,7,7,63.07,9.01,12.8429,1.0,0.0836,1.0,Customer-level address and order-value evidence for top or mismatched customers.
top_customer_address_value,customer,Alanah Abramovici,385,,customer_value_rank,433.0,1,3,3,0,6,6,63.03,10.505,7.9,2.0,0.0835,1.0,Customer-level address and order-value evidence for top or mismatched customers.
top_customer_address_value,customer,Ky Mitchiner,642,,customer_value_rank,434.0,1,1,1,0,5,5,62.77,12.554,11.42,1.0,0.0832,1.0,Customer-level address and order-value evidence for top or mismatched customers.
top_customer_address_value,customer,Monte Birdall,563,,customer_value_rank,435.0,1,1,1,0,5,5,62.77,12.554,13.22,1.0,0.0832,1.0,Customer-level address and order-value evidence for top or mismatched customers.
top_customer_address_value,customer,Iormina Dunkerton,1174,,customer_value_rank,436.0,1,1,1,0,4,4,62.6,15.65,12.05,1.0,0.083,1.0,Customer-level address and order-value evidence for top or mismatched customers.
top_customer_address_value,customer,Lorrayne De Atta,1430,,customer_value_rank,437.0,1,1,1,0,7,7,62.57,8.9386,12.4143,1.0,0.0829,1.0,Customer-level address and order-value evidence for top or mismatched customers.
top_customer_address_value,customer,Catlin Lidgey,1711,,customer_value_rank,438.0,1,1,1,0,5,5,62.5,12.5,11.42,1.0,0.0828,1.0,Customer-level address and order-value evidence for top or mismatched customers.
top_customer_address_value,customer,Zebadiah Bulcroft,884,,customer_value_rank,439.0,1,2,2,0,5,5,62.45,12.49,12.02,1.0,0.0828,1.0,Customer-level address and order-value evidence for top or mismatched customers.
top_customer_address_value,customer,Bran Sorrie,1442,,customer_value_rank,440.0,1,1,1,0,5,5,62.35,12.47,10.1,1.0,0.0826,1.0,Customer-level address and order-value evidence for top or mismatched customers.
top_customer_address_value,customer,Janel Inworth,976,,customer_value_rank,441.0,1,2,2,0,8,8,62.31,7.7888,11.6,2.0,0.0826,2.0,Customer-level address and order-value evidence for top or mismatched customers.
top_customer_address_value,customer,Kaitlyn Basill,349,,customer_value_rank,442.0,1,2,2,0,9,9,62.3,6.9222,13.0333,2.0,0.0826,2.0,Customer-level address and order-value evidence for top or mismatched customers.
top_customer_address_value,customer,Dianna Manoelli,1294,,customer_value_rank,443.0,1,3,2,1,6,6,61.74,10.29,13.6,3.0,0.0818,2.0,Customer-level address and order-value evidence for top or mismatched customers.
top_customer_address_value,customer,Kimberly Ingerith,1645,,customer_value_rank,444.0,1,2,1,1,6,6,61.6,10.2667,12.5,2.0,0.0816,2.0,Customer-level address and order-value evidence for top or mismatched customers.
top_customer_address_value,customer,Hagen Claiden,971,,customer_value_rank,445.0,1,1,1,0,7,7,61.46,8.78,10.2714,1.0,0.0815,1.0,Customer-level address and order-value evidence for top or mismatched customers.
top_customer_address_value,customer,Bank Kiddle,985,,customer_value_rank,446.0,1,2,1,1,7,7,61.35,8.7643,7.6143,2.0,0.0813,2.0,Customer-level address and order-value evidence for top or mismatched customers.
top_customer_address_value,customer,Hayden Towriss,496,,customer_value_rank,447.0,1,2,2,0,8,8,61.31,7.6638,17.45,2.0,0.0813,2.0,Customer-level address and order-value evidence for top or mismatched customers.
top_customer_address_value,customer,Jamesy Scandred,599,,customer_value_rank,448.0,1,1,1,0,5,5,60.87,12.174,10.82,1.0,0.0807,1.0,Customer-level address and order-value evidence for top or mismatched customers.
top_customer_address_value,customer,Cynthy Woolham,412,,customer_value_rank,449.0,1,2,2,0,5,5,60.78,12.156,12.62,2.0,0.0806,1.0,Customer-level address and order-value evidence for top or mismatched customers.
top_customer_address_value,customer,Granville Cluff,680,,customer_value_rank,450.0,1,1,1,0,4,4,60.78,15.195,12.05,1.0,0.0806,1.0,Customer-level address and order-value evidence for top or mismatched customers.
top_customer_address_value,customer,Hallsy Goodings,926,,customer_value_rank,451.0,1,1,1,0,5,5,60.69,12.138,10.1,1.0,0.0804,1.0,Customer-level address and order-value evidence for top or mismatched customers.
top_customer_address_value,customer,Becka Scarlin,486,,customer_value_rank,452.0,1,1,1,0,5,5,60.67,12.134,12.62,1.0,0.0804,1.0,Customer-level address and order-value evidence for top or mismatched customers.
top_customer_address_value,customer,Hirsch Pickworth,527,,customer_value_rank,453.0,1,3,2,1,8,8,60.67,7.5838,12.05,1.0,0.0804,1.0,Customer-level address and order-value evidence for top or mismatched customers.
top_customer_address_value,customer,Ellerey Mucklestone,627,,customer_value_rank,454.0,1,2,2,0,8,8,60.5,7.5625,10.025,2.0,0.0802,2.0,Customer-level address and order-value evidence for top or mismatched customers.
top_customer_address_value,customer,Dwayne Junes,1458,,customer_value_rank,455.0,1,2,2,0,6,6,60.33,10.055,11.0,1.0,0.08,1.0,Customer-level address and order-value evidence for top or mismatched customers.
top_customer_address_value,customer,Van Glayzer,249,,customer_value_rank,456.0,1,3,3,0,6,6,60.3,10.05,8.9,3.0,0.0799,3.0,Customer-level address and order-value evidence for top or mismatched customers.
top_customer_address_value,customer,Manuel Laborda,1880,,customer_value_rank,457.0,1,2,2,0,5,5,60.3,12.06,15.14,2.0,0.0799,2.0,Customer-level address and order-value evidence for top or mismatched customers.
top_customer_address_value,customer,Verena Morsom,1682,,customer_value_rank,458.0,1,3,2,1,5,5,60.27,12.054,10.1,3.0,0.0799,2.0,Customer-level address and order-value evidence for top or mismatched customers.
top_customer_address_value,customer,Dahlia Pagelsen,339,,customer_value_rank,459.0,1,1,1,0,7,7,60.2,8.6,12.5,1.0,0.0798,1.0,Customer-level address and order-value evidence for top or mismatched customers.
top_customer_address_value,customer,Dionysus Ropking,972,,customer_value_rank,460.0,1,4,3,1,6,6,59.95,9.9917,12.5,3.0,0.0795,2.0,Customer-level address and order-value evidence for top or mismatched customers.
top_customer_address_value,customer,Jayne Tilliard,1185,,customer_value_rank,461.0,1,2,2,0,8,8,59.95,7.4938,12.05,2.0,0.0795,1.0,Customer-level address and order-value evidence for top or mismatched customers.
top_customer_address_value,customer,Hayes Trett,1077,,customer_value_rank,462.0,1,3,2,1,5,5,59.81,11.962,9.5,3.0,0.0793,2.0,Customer-level address and order-value evidence for top or mismatched customers.
top_customer_address_value,customer,Arielle Wastling,1676,,customer_value_rank,463.0,1,4,4,0,5,5,59.7,11.94,15.14,4.0,0.0791,2.0,Customer-level address and order-value evidence for top or mismatched customers.
top_customer_address_value,customer,Rozina Dearlove,1248,,customer_value_rank,464.0,1,2,2,0,8,8,59.66,7.4575,12.05,2.0,0.0791,2.0,Customer-level address and order-value evidence for top or mismatched customers.
top_customer_address_value,customer,Hephzibah Dawley,1359,,customer_value_rank,465.0,1,1,1,0,6,6,59.63,9.9383,16.2,1.0,0.079,1.0,Customer-level address and order-value evidence for top or mismatched customers.
top_customer_address_value,customer,Romeo Barrable,1523,,customer_value_rank,466.0,1,2,1,1,6,6,59.28,9.88,13.6,1.0,0.0786,1.0,Customer-level address and order-value evidence for top or mismatched customers.
top_customer_address_value,customer,Annelise Arsnell,1739,,customer_value_rank,467.0,1,3,2,1,7,7,59.17,8.4529,15.5857,2.0,0.0784,2.0,Customer-level address and order-value evidence for top or mismatched customers.
top_customer_address_value,customer,Callean Antonnikov,1694,,customer_value_rank,468.0,1,1,1,0,4,4,59.0,14.75,12.05,1.0,0.0782,1.0,Customer-level address and order-value evidence for top or mismatched customers.
top_customer_address_value,customer,Adriane Kays,666,,customer_value_rank,469.0,1,1,1,0,5,5,58.96,11.792,9.5,1.0,0.0781,1.0,Customer-level address and order-value evidence for top or mismatched customers.
top_customer_address_value,customer,Bard Fennell,1206,,customer_value_rank,470.0,1,2,2,0,4,4,58.92,14.73,7.4,2.0,0.0781,1.0,Customer-level address and order-value evidence for top or mismatched customers.
top_customer_address_value,customer,Jonell Cescon,188,,customer_value_rank,471.0,1,3,3,0,7,7,58.87,8.41,14.2143,3.0,0.078,2.0,Customer-level address and order-value evidence for top or mismatched customers.
top_customer_address_value,customer,Piotr Saul,1192,,customer_value_rank,472.0,1,3,2,1,4,4,58.81,14.7025,12.05,2.0,0.0779,2.0,Customer-level address and order-value evidence for top or mismatched customers.
top_customer_address_value,customer,Niall Dicke,1939,,customer_value_rank,473.0,1,1,1,0,5,5,58.67,11.734,15.14,1.0,0.0778,1.0,Customer-level address and order-value evidence for top or mismatched customers.
top_customer_address_value,customer,Jackquelin Schulkins,937,,customer_value_rank,474.0,1,2,2,0,6,6,58.65,9.775,13.6,2.0,0.0777,2.0,Customer-level address and order-value evidence for top or mismatched customers.
top_customer_address_value,customer,Murdoch Rentz,1812,,customer_value_rank,475.0,1,2,1,1,6,6,58.58,9.7633,8.4,2.0,0.0776,2.0,Customer-level address and order-value evidence for top or mismatched customers.
top_customer_address_value,customer,Shay Flaverty,180,,customer_value_rank,476.0,1,2,2,0,4,4,58.55,14.6375,12.8,2.0,0.0776,2.0,Customer-level address and order-value evidence for top or mismatched customers.
top_customer_address_value,customer,Fania Jeanesson,265,,customer_value_rank,477.0,1,1,1,0,7,7,58.47,8.3529,8.9857,1.0,0.0775,1.0,Customer-level address and order-value evidence for top or mismatched customers.
top_customer_address_value,customer,Eleanora Scriviner,1025,,customer_value_rank,478.0,1,3,2,1,5,5,58.47,11.694,11.42,2.0,0.0775,2.0,Customer-level address and order-value evidence for top or mismatched customers.
top_customer_address_value,customer,Keely Robinson,457,,customer_value_rank,479.0,1,1,1,0,4,4,58.34,14.585,6.65,1.0,0.0773,1.0,Customer-level address and order-value evidence for top or mismatched customers.
top_customer_address_value,customer,Anallise Menat,1098,,customer_value_rank,480.0,1,2,2,0,5,5,58.34,11.668,8.9,2.0,0.0773,1.0,Customer-level address and order-value evidence for top or mismatched customers.
top_customer_address_value,customer,Julie Mengo,1884,,customer_value_rank,481.0,1,1,1,0,7,7,58.29,8.3271,12.5,1.0,0.0773,1.0,Customer-level address and order-value evidence for top or mismatched customers.
top_customer_address_value,customer,Mikkel Youle,383,,customer_value_rank,482.0,1,3,2,1,7,7,58.25,8.3214,11.1286,3.0,0.0772,3.0,Customer-level address and order-value evidence for top or mismatched customers.
top_customer_address_value,customer,Reynard Tordoff,226,,customer_value_rank,483.0,1,1,1,0,4,4,58.19,14.5475,15.95,1.0,0.0771,1.0,Customer-level address and order-value evidence for top or mismatched customers.
top_customer_address_value,customer,Mickey Cromer,1251,,customer_value_rank,484.0,1,2,1,1,5,5,57.97,11.594,7.1,2.0,0.0768,2.0,Customer-level address and order-value evidence for top or mismatched customers.
top_customer_address_value,customer,Chicky Tumini,323,,customer_value_rank,485.0,1,2,2,0,6,6,57.88,9.6467,16.7,1.0,0.0767,1.0,Customer-level address and order-value evidence for top or mismatched customers.
top_customer_address_value,customer,Johan Chastelain,981,,customer_value_rank,486.0,1,1,1,0,7,7,57.88,8.2686,11.1286,1.0,0.0767,1.0,Customer-level address and order-value evidence for top or mismatched customers.
top_customer_address_value,customer,Griffin Creamen,1570,,customer_value_rank,487.0,1,3,2,1,4,4,57.82,14.455,12.05,3.0,0.0766,2.0,Customer-level address and order-value evidence for top or mismatched customers.
top_customer_address_value,customer,Mara Georgievski,432,,customer_value_rank,488.0,1,3,3,0,7,7,57.53,8.2186,11.1286,3.0,0.0762,2.0,Customer-level address and order-value evidence for top or mismatched customers.
top_customer_address_value,customer,Ricki Woollons,503,,customer_value_rank,489.0,1,1,1,0,5,5,57.45,11.49,12.02,1.0,0.0761,1.0,Customer-level address and order-value evidence for top or mismatched customers.
top_customer_address_value,customer,Elyssa Caves,1058,,customer_value_rank,490.0,1,2,2,0,5,5,57.43,11.486,11.42,2.0,0.0761,2.0,Customer-level address and order-value evidence for top or mismatched customers.
top_customer_address_value,customer,Jinny Meader,485,,customer_value_rank,491.0,1,4,2,2,7,7,57.4,8.2,11.5571,4.0,0.0761,2.0,Customer-level address and order-value evidence for top or mismatched customers.
top_customer_address_value,customer,Mack Stonehewer,1031,,customer_value_rank,492.0,1,1,1,0,5,5,57.23,11.446,11.42,1.0,0.0759,1.0,Customer-level address and order-value evidence for top or mismatched customers.
top_customer_address_value,customer,Reuben Mayne,476,,customer_value_rank,493.0,1,2,2,0,6,6,57.11,9.5183,14.1,2.0,0.0757,2.0,Customer-level address and order-value evidence for top or mismatched customers.
top_customer_address_value,customer,Phaedra Moresby,997,,customer_value_rank,494.0,1,2,1,1,5,5,57.1,11.42,8.9,2.0,0.0757,2.0,Customer-level address and order-value evidence for top or mismatched customers.
top_customer_address_value,customer,Melessa Cockarill,1894,,customer_value_rank,495.0,1,2,1,1,6,6,57.08,9.5133,10.4,2.0,0.0757,2.0,Customer-level address and order-value evidence for top or mismatched customers.
top_customer_address_value,customer,Rancell Colyer,749,,customer_value_rank,496.0,1,2,2,0,6,6,57.04,9.5067,12.5,2.0,0.0756,2.0,Customer-level address and order-value evidence for top or mismatched customers.
top_customer_address_value,customer,Elbertina Holleworth,475,,customer_value_rank,497.0,1,2,1,1,7,7,57.0,8.1429,16.0143,1.0,0.0755,1.0,Customer-level address and order-value evidence for top or mismatched customers.
top_customer_address_value,customer,Caz Abbot,1072,,customer_value_rank,498.0,1,1,1,0,7,7,56.91,8.13,14.7286,1.0,0.0754,1.0,Customer-level address and order-value evidence for top or mismatched customers.
top_customer_address_value,customer,Emlyn Stanney,390,,customer_value_rank,499.0,1,1,1,0,5,5,56.87,11.374,8.3,1.0,0.0754,1.0,Customer-level address and order-value evidence for top or mismatched customers.
top_customer_address_value,customer,Cacilie Jarret,1056,,customer_value_rank,500.0,1,2,1,1,7,7,56.86,8.1229,12.0714,2.0,0.0754,1.0,Customer-level address and order-value evidence for top or mismatched customers.
top_customer_address_value,customer,Raquel Coleford,568,,customer_value_rank,501.0,1,2,2,0,5,5,56.66,11.332,15.14,2.0,0.0751,1.0,Customer-level address and order-value evidence for top or mismatched customers.
top_customer_address_value,customer,Miquela Fandrich,1871,,customer_value_rank,502.0,1,1,1,0,5,5,56.64,11.328,15.74,1.0,0.0751,1.0,Customer-level address and order-value evidence for top or mismatched customers.
top_customer_address_value,customer,Shell Wroe,1456,,customer_value_rank,503.0,1,2,2,0,4,4,56.62,14.155,11.3,2.0,0.075,1.0,Customer-level address and order-value evidence for top or mismatched customers.
top_customer_address_value,customer,Nickolai Domenget,144,,customer_value_rank,504.0,1,2,1,1,4,4,56.59,14.1475,12.05,2.0,0.075,1.0,Customer-level address and order-value evidence for top or mismatched customers.
top_customer_address_value,customer,Grove Feander,1190,,customer_value_rank,505.0,1,3,2,1,9,9,56.36,6.2622,12.0333,3.0,0.0747,2.0,Customer-level address and order-value evidence for top or mismatched customers.
top_customer_address_value,customer,Sergei Matokhnin,918,,customer_value_rank,506.0,1,3,2,1,5,5,56.3,11.26,12.62,3.0,0.0746,2.0,Customer-level address and order-value evidence for top or mismatched customers.
top_customer_address_value,customer,Hannah Highton,1893,,customer_value_rank,507.0,1,2,2,0,6,6,56.27,9.3783,8.9,2.0,0.0746,2.0,Customer-level address and order-value evidence for top or mismatched customers.
top_customer_address_value,customer,Merwin Feakins,1462,,customer_value_rank,508.0,1,3,2,1,6,6,56.23,9.3717,10.4,3.0,0.0745,3.0,Customer-level address and order-value evidence for top or mismatched customers.
top_customer_address_value,customer,Freeman Walls,1330,,customer_value_rank,509.0,1,1,1,0,7,7,56.1,8.0143,13.3571,1.0,0.0744,1.0,Customer-level address and order-value evidence for top or mismatched customers.
top_customer_address_value,customer,Latisha Harbord,881,,customer_value_rank,510.0,1,2,2,0,6,6,56.01,9.335,16.1,2.0,0.0742,2.0,Customer-level address and order-value evidence for top or mismatched customers.
top_customer_address_value,customer,Vanni Longforth,1968,,customer_value_rank,511.0,1,3,2,1,4,4,55.95,13.9875,7.4,3.0,0.0742,2.0,Customer-level address and order-value evidence for top or mismatched customers.
top_customer_address_value,customer,Sal Colloby,214,,customer_value_rank,512.0,1,2,2,0,8,8,55.86,6.9825,13.175,2.0,0.074,2.0,Customer-level address and order-value evidence for top or mismatched customers.
top_customer_address_value,customer,Napoleon Berkely,1605,,customer_value_rank,513.0,1,1,1,0,5,5,55.83,11.166,14.54,1.0,0.074,1.0,Customer-level address and order-value evidence for top or mismatched customers.
top_customer_address_value,customer,Enrichetta Morrill,75,,customer_value_rank,514.0,1,2,2,0,6,6,55.82,9.3033,11.0,2.0,0.074,2.0,Customer-level address and order-value evidence for top or mismatched customers.
top_customer_address_value,customer,Sidnee Thurby,256,,customer_value_rank,515.0,1,4,3,1,5,5,55.79,11.158,13.94,4.0,0.0739,3.0,Customer-level address and order-value evidence for top or mismatched customers.
top_customer_address_value,customer,Raymond Limon,1741,,customer_value_rank,516.0,1,2,2,0,8,8,55.74,6.9675,16.7,2.0,0.0739,2.0,Customer-level address and order-value evidence for top or mismatched customers.
top_customer_address_value,customer,Mirella Salterne,1213,,customer_value_rank,517.0,1,1,1,0,5,5,55.67,11.134,11.3,1.0,0.0738,1.0,Customer-level address and order-value evidence for top or mismatched customers.
top_customer_address_value,customer,Stanwood Murtimer,1368,,customer_value_rank,518.0,1,1,1,0,5,5,55.67,11.134,12.02,1.0,0.0738,1.0,Customer-level address and order-value evidence for top or mismatched customers.
top_customer_address_value,customer,Cathrine Soda,238,,customer_value_rank,519.0,1,3,2,1,7,7,55.61,7.9443,15.1571,3.0,0.0737,3.0,Customer-level address and order-value evidence for top or mismatched customers.
top_customer_address_value,customer,Tammie Middle,561,,customer_value_rank,520.0,1,1,1,0,4,4,55.61,13.9025,12.8,1.0,0.0737,1.0,Customer-level address and order-value evidence for top or mismatched customers.
top_customer_address_value,customer,Thibaud Bangle,834,,customer_value_rank,521.0,1,1,1,0,6,6,55.51,9.2517,10.5,1.0,0.0736,1.0,Customer-level address and order-value evidence for top or mismatched customers.
top_customer_address_value,customer,Nert Verrills,1392,,customer_value_rank,522.0,1,2,2,0,5,5,55.43,11.086,18.26,2.0,0.0735,1.0,Customer-level address and order-value evidence for top or mismatched customers.
top_customer_address_value,customer,Wenda Rome,1555,,customer_value_rank,523.0,1,2,2,0,8,8,55.15,6.8938,11.225,2.0,0.0731,2.0,Customer-level address and order-value evidence for top or mismatched customers.
top_customer_address_value,customer,Gabriellia Eastway,84,,customer_value_rank,524.0,1,2,2,0,8,8,55.09,6.8863,13.55,2.0,0.073,2.0,Customer-level address and order-value evidence for top or mismatched customers.
top_customer_address_value,customer,Doroteya Syme,1358,,customer_value_rank,525.0,1,2,1,1,5,5,55.09,11.018,15.74,2.0,0.073,1.0,Customer-level address and order-value evidence for top or mismatched customers.
top_customer_address_value,customer,Mick Sever,135,,customer_value_rank,526.0,1,2,2,0,6,6,55.05,9.175,14.6,2.0,0.073,2.0,Customer-level address and order-value evidence for top or mismatched customers.
top_customer_address_value,customer,Jinny Tomblings,819,,customer_value_rank,527.0,1,2,1,1,7,7,55.01,7.8586,8.0429,2.0,0.0729,2.0,Customer-level address and order-value evidence for top or mismatched customers.
top_customer_address_value,customer,Georgette Hurt,404,,customer_value_rank,528.0,1,1,1,0,5,5,54.98,10.996,10.1,1.0,0.0729,1.0,Customer-level address and order-value evidence for top or mismatched customers.
top_customer_address_value,customer,Selinda Bale,1557,,customer_value_rank,529.0,1,1,1,0,4,4,54.97,13.7425,12.05,1.0,0.0729,1.0,Customer-level address and order-value evidence for top or mismatched customers.
top_customer_address_value,customer,Dyann Kertess,150,,customer_value_rank,530.0,1,2,2,0,4,4,54.88,13.72,13.55,2.0,0.0727,1.0,Customer-level address and order-value evidence for top or mismatched customers.
top_customer_address_value,customer,Moshe Shayler,722,,customer_value_rank,531.0,1,2,2,0,9,9,54.83,6.0922,11.3667,2.0,0.0727,2.0,Customer-level address and order-value evidence for top or mismatched customers.
top_customer_address_value,customer,Shena Ubank,1709,,customer_value_rank,532.0,1,1,1,0,6,6,54.78,9.13,14.6,1.0,0.0726,1.0,Customer-level address and order-value evidence for top or mismatched customers.
top_customer_address_value,customer,Cyrillus Claisse,765,,customer_value_rank,533.0,1,2,2,0,5,5,54.66,10.932,17.66,2.0,0.0724,2.0,Customer-level address and order-value evidence for top or mismatched customers.
top_customer_address_value,customer,Shalom Astlett,1119,,customer_value_rank,534.0,1,2,2,0,7,7,54.61,7.8014,10.7,2.0,0.0724,1.0,Customer-level address and order-value evidence for top or mismatched customers.
top_customer_address_value,customer,Lenette Shepton,1143,,customer_value_rank,535.0,1,2,2,0,5,5,54.6,10.92,7.7,2.0,0.0724,2.0,Customer-level address and order-value evidence for top or mismatched customers.
top_customer_address_value,customer,Derrek Pellman,727,,customer_value_rank,536.0,1,2,1,1,5,5,54.12,10.824,10.22,2.0,0.0717,1.0,Customer-level address and order-value evidence for top or mismatched customers.
top_customer_address_value,customer,Archibold MacNab,994,,customer_value_rank,537.0,1,1,1,0,4,4,54.01,13.5025,14.3,1.0,0.0716,1.0,Customer-level address and order-value evidence for top or mismatched customers.
top_customer_address_value,customer,Lebbie Eskrigg,459,,customer_value_rank,538.0,1,1,1,0,5,5,53.81,10.762,18.26,1.0,0.0713,1.0,Customer-level address and order-value evidence for top or mismatched customers.
top_customer_address_value,customer,May Sawdon,1873,,customer_value_rank,539.0,1,1,1,0,4,4,53.79,13.4475,18.2,1.0,0.0713,1.0,Customer-level address and order-value evidence for top or mismatched customers.
top_customer_address_value,customer,Ellsworth Philpots,1806,,customer_value_rank,540.0,1,1,1,0,4,4,53.67,13.4175,6.65,1.0,0.0711,1.0,Customer-level address and order-value evidence for top or mismatched customers.
top_customer_address_value,customer,Kenny Dewsbury,1337,,customer_value_rank,541.0,1,2,1,1,4,4,53.55,13.3875,10.4,2.0,0.071,2.0,Customer-level address and order-value evidence for top or mismatched customers.
top_customer_address_value,customer,Zia Iacabucci,494,,customer_value_rank,542.0,1,1,1,0,4,4,53.49,13.3725,13.55,1.0,0.0709,1.0,Customer-level address and order-value evidence for top or mismatched customers.
top_customer_address_value,customer,Antony Balmann,1964,,customer_value_rank,543.0,1,2,2,0,6,6,53.48,8.9133,12.6,2.0,0.0709,2.0,Customer-level address and order-value evidence for top or mismatched customers.
top_customer_address_value,customer,Geralda Czaja,1890,,customer_value_rank,544.0,1,2,2,0,5,5,53.48,10.696,10.22,2.0,0.0709,1.0,Customer-level address and order-value evidence for top or mismatched customers.
top_customer_address_value,customer,Gusella Quogan,14,,customer_value_rank,545.0,1,2,2,0,4,4,53.41,13.3525,13.55,2.0,0.0708,1.0,Customer-level address and order-value evidence for top or mismatched customers.
top_customer_address_value,customer,Georgeanna Garman,1998,,customer_value_rank,546.0,1,1,1,0,6,6,53.38,8.8967,12.0,1.0,0.0707,1.0,Customer-level address and order-value evidence for top or mismatched customers.
top_customer_address_value,customer,Giuseppe Saull,910,,customer_value_rank,547.0,1,2,2,0,5,5,53.37,10.674,8.9,2.0,0.0707,2.0,Customer-level address and order-value evidence for top or mismatched customers.
top_customer_address_value,customer,Gert Binks,1292,,customer_value_rank,548.0,1,3,2,1,5,5,53.2,10.64,8.9,3.0,0.0705,3.0,Customer-level address and order-value evidence for top or mismatched customers.
top_customer_address_value,customer,Linea Gaither,1029,,customer_value_rank,549.0,1,1,1,0,6,6,53.19,8.865,15.6,1.0,0.0705,1.0,Customer-level address and order-value evidence for top or mismatched customers.
top_customer_address_value,customer,Ethelind Laybourne,1285,,customer_value_rank,550.0,1,1,1,0,6,6,53.16,8.86,11.0,1.0,0.0705,1.0,Customer-level address and order-value evidence for top or mismatched customers.
top_customer_address_value,customer,Ulrica Fakes,39,,customer_value_rank,551.0,1,2,2,0,4,4,53.15,13.2875,13.55,2.0,0.0704,1.0,Customer-level address and order-value evidence for top or mismatched customers.
top_customer_address_value,customer,Abby Chevins,1449,,customer_value_rank,552.0,1,3,3,0,6,6,53.05,8.8417,10.0,3.0,0.0703,3.0,Customer-level address and order-value evidence for top or mismatched customers.
top_customer_address_value,customer,Laurie Pavlov,1714,,customer_value_rank,553.0,1,4,3,1,4,4,53.04,13.26,13.55,4.0,0.0703,1.0,Customer-level address and order-value evidence for top or mismatched customers.
top_customer_address_value,customer,Minnie Jedrzejczak,1853,,customer_value_rank,554.0,1,1,1,0,4,4,52.9,13.225,8.15,1.0,0.0701,1.0,Customer-level address and order-value evidence for top or mismatched customers.
top_customer_address_value,customer,Leda Futter,1549,,customer_value_rank,555.0,1,3,2,1,8,8,52.8,6.6,15.125,2.0,0.07,2.0,Customer-level address and order-value evidence for top or mismatched customers.
top_customer_address_value,customer,Dannie Kerslake,1938,,customer_value_rank,556.0,1,2,1,1,7,7,52.73,7.5329,13.3571,2.0,0.0699,2.0,Customer-level address and order-value evidence for top or mismatched customers.
top_customer_address_value,customer,Griffie Toombes,908,,customer_value_rank,557.0,1,1,1,0,4,4,52.57,13.1425,17.45,1.0,0.0697,1.0,Customer-level address and order-value evidence for top or mismatched customers.
top_customer_address_value,customer,Cristina Quinnelly,1801,,customer_value_rank,558.0,1,3,3,0,5,5,52.43,10.486,12.02,3.0,0.0695,2.0,Customer-level address and order-value evidence for top or mismatched customers.
top_customer_address_value,customer,Bert Keetley,1448,,customer_value_rank,559.0,1,3,2,1,5,5,52.4,10.48,13.22,3.0,0.0694,2.0,Customer-level address and order-value evidence for top or mismatched customers.
top_customer_address_value,customer,Byron Mayor,1996,,customer_value_rank,560.0,1,2,2,0,5,5,52.39,10.478,18.26,2.0,0.0694,2.0,Customer-level address and order-value evidence for top or mismatched customers.
top_customer_address_value,customer,Franky Duchart,152,,customer_value_rank,561.0,1,1,1,0,7,7,52.37,7.4814,16.0143,1.0,0.0694,1.0,Customer-level address and order-value evidence for top or mismatched customers.
top_customer_address_value,customer,Benji Lowen,820,,customer_value_rank,562.0,1,2,1,1,5,5,52.3,10.46,8.3,2.0,0.0693,1.0,Customer-level address and order-value evidence for top or mismatched customers.
top_customer_address_value,customer,Wolfy Swatman,1309,,customer_value_rank,563.0,1,1,1,0,7,7,52.18,7.4543,10.7,1.0,0.0692,1.0,Customer-level address and order-value evidence for top or mismatched customers.
top_customer_address_value,customer,Bertrand Attreed,405,,customer_value_rank,564.0,1,1,1,0,3,3,52.14,17.38,20.3,1.0,0.0691,1.0,Customer-level address and order-value evidence for top or mismatched customers.
top_customer_address_value,customer,Monique McOrkil,1757,,customer_value_rank,565.0,1,4,3,1,5,5,51.78,10.356,12.62,4.0,0.0686,3.0,Customer-level address and order-value evidence for top or mismatched customers.
top_customer_address_value,customer,Lotte Gillcrist,78,,customer_value_rank,566.0,1,1,1,0,9,9,51.76,5.7511,12.0333,1.0,0.0686,1.0,Customer-level address and order-value evidence for top or mismatched customers.
top_customer_address_value,customer,Hamid Jeacocke,1746,,customer_value_rank,567.0,1,1,1,0,4,4,51.68,12.92,8.15,1.0,0.0685,1.0,Customer-level address and order-value evidence for top or mismatched customers.
top_customer_address_value,customer,Fran Valero,673,,customer_value_rank,568.0,1,2,2,0,4,4,51.62,12.905,8.9,2.0,0.0684,1.0,Customer-level address and order-value evidence for top or mismatched customers.
top_customer_address_value,customer,Avrit Rockall,948,,customer_value_rank,569.0,1,1,1,0,6,6,51.59,8.5983,17.2,1.0,0.0684,1.0,Customer-level address and order-value evidence for top or mismatched customers.
top_customer_address_value,customer,Modesta Gullefant,124,,customer_value_rank,570.0,1,1,1,0,6,6,51.55,8.5917,15.1,1.0,0.0683,1.0,Customer-level address and order-value evidence for top or mismatched customers.
top_customer_address_value,customer,Florette Sobczak,870,,customer_value_rank,571.0,1,2,2,0,6,6,51.53,8.5883,14.1,2.0,0.0683,1.0,Customer-level address and order-value evidence for top or mismatched customers.
top_customer_address_value,customer,Jacquelin Tutchener,1412,,customer_value_rank,572.0,1,2,2,0,7,7,51.52,7.36,12.5,2.0,0.0683,2.0,Customer-level address and order-value evidence for top or mismatched customers.
top_customer_address_value,customer,Guglielma Brogiotti,1196,,customer_value_rank,573.0,1,3,2,1,6,6,51.5,8.5833,11.0,2.0,0.0683,2.0,Customer-level address and order-value evidence for top or mismatched customers.
top_customer_address_value,customer,Falkner Kenryd,1798,,customer_value_rank,574.0,1,2,2,0,5,5,51.5,10.3,10.82,2.0,0.0683,2.0,Customer-level address and order-value evidence for top or mismatched customers.
top_customer_address_value,customer,Westley Gammie,403,,customer_value_rank,575.0,1,1,1,0,9,9,51.46,5.7178,10.6333,1.0,0.0682,1.0,Customer-level address and order-value evidence for top or mismatched customers.
top_customer_address_value,customer,Jenna Zettler,293,,customer_value_rank,576.0,1,2,2,0,5,5,51.34,10.268,18.86,2.0,0.068,2.0,Customer-level address and order-value evidence for top or mismatched customers.
top_customer_address_value,customer,Jayme Benge,491,,customer_value_rank,577.0,1,1,1,0,7,7,51.3,7.3286,10.2714,1.0,0.068,1.0,Customer-level address and order-value evidence for top or mismatched customers.
top_customer_address_value,customer,Rocky Rockall,352,,customer_value_rank,578.0,1,3,2,1,4,4,51.29,12.8225,11.3,3.0,0.068,3.0,Customer-level address and order-value evidence for top or mismatched customers.
top_customer_address_value,customer,Rosmunda Quaife,742,,customer_value_rank,579.0,1,2,2,0,5,5,51.25,10.25,18.26,2.0,0.0679,2.0,Customer-level address and order-value evidence for top or mismatched customers.
top_customer_address_value,customer,Angele Cobleigh,1838,,customer_value_rank,580.0,1,1,1,0,5,5,51.08,10.216,12.02,1.0,0.0677,1.0,Customer-level address and order-value evidence for top or mismatched customers.
top_customer_address_value,customer,Fallon Cromwell,513,,customer_value_rank,581.0,1,1,1,0,7,7,51.0,7.2857,15.5857,1.0,0.0676,1.0,Customer-level address and order-value evidence for top or mismatched customers.
top_customer_address_value,customer,Wendell Craigheid,1216,,customer_value_rank,582.0,1,2,2,0,6,6,50.98,8.4967,12.0,2.0,0.0676,2.0,Customer-level address and order-value evidence for top or mismatched customers.
top_customer_address_value,customer,Any Hamblyn,1262,,customer_value_rank,583.0,1,2,1,1,4,4,50.89,12.7225,15.95,2.0,0.0674,1.0,Customer-level address and order-value evidence for top or mismatched customers.
top_customer_address_value,customer,Louella Joddens,1609,,customer_value_rank,584.0,1,2,2,0,3,3,50.85,16.95,24.5,2.0,0.0674,2.0,Customer-level address and order-value evidence for top or mismatched customers.
top_customer_address_value,customer,Jordan Pressland,1504,,customer_value_rank,585.0,1,1,1,0,7,7,50.83,7.2614,14.7286,1.0,0.0674,1.0,Customer-level address and order-value evidence for top or mismatched customers.
top_customer_address_value,customer,Cleopatra Bernade,1055,,customer_value_rank,586.0,1,2,2,0,4,4,50.8,12.7,12.05,2.0,0.0673,1.0,Customer-level address and order-value evidence for top or mismatched customers.
top_customer_address_value,customer,Bianka Knight,1864,,customer_value_rank,587.0,1,2,1,1,4,4,50.75,12.6875,9.65,2.0,0.0673,1.0,Customer-level address and order-value evidence for top or mismatched customers.
top_customer_address_value,customer,Farrel Eckels,106,,customer_value_rank,588.0,1,1,1,0,5,5,50.7,10.14,15.14,1.0,0.0672,1.0,Customer-level address and order-value evidence for top or mismatched customers.
top_customer_address_value,customer,Jarid Mauchline,524,,customer_value_rank,589.0,1,2,2,0,4,4,50.66,12.665,12.8,2.0,0.0671,1.0,Customer-level address and order-value evidence for top or mismatched customers.
top_customer_address_value,customer,Jimmy Goldney,1258,,customer_value_rank,590.0,1,1,1,0,5,5,50.6,10.12,10.7,1.0,0.0671,1.0,Customer-level address and order-value evidence for top or mismatched customers.
top_customer_address_value,customer,Traver Bumpus,768,,customer_value_rank,591.0,1,1,1,0,5,5,50.6,10.12,11.42,1.0,0.0671,1.0,Customer-level address and order-value evidence for top or mismatched customers.
top_customer_address_value,customer,Griff Heaford,1411,,customer_value_rank,592.0,1,1,1,0,5,5,50.51,10.102,15.14,1.0,0.0669,1.0,Customer-level address and order-value evidence for top or mismatched customers.
top_customer_address_value,customer,Amity Dash,479,,customer_value_rank,593.0,1,1,1,0,4,4,50.39,12.5975,11.3,1.0,0.0668,1.0,Customer-level address and order-value evidence for top or mismatched customers.
top_customer_address_value,customer,Frayda Glaze,564,,customer_value_rank,594.0,1,2,2,0,5,5,50.25,10.05,14.54,2.0,0.0666,1.0,Customer-level address and order-value evidence for top or mismatched customers.
top_customer_address_value,customer,Fidela Caro,895,,customer_value_rank,595.0,1,2,2,0,6,6,50.16,8.36,15.7,2.0,0.0665,2.0,Customer-level address and order-value evidence for top or mismatched customers.
top_customer_address_value,customer,Lucretia McClymond,1452,,customer_value_rank,596.0,1,2,2,0,5,5,50.16,10.032,9.5,2.0,0.0665,2.0,Customer-level address and order-value evidence for top or mismatched customers.
top_customer_address_value,customer,Farrell Cabrera,889,,customer_value_rank,597.0,1,2,2,0,5,5,50.13,10.026,10.82,2.0,0.0664,1.0,Customer-level address and order-value evidence for top or mismatched customers.
top_customer_address_value,customer,Ignacius Ivanisov,51,,customer_value_rank,598.0,1,3,2,1,4,4,49.94,12.485,8.9,3.0,0.0662,2.0,Customer-level address and order-value evidence for top or mismatched customers.
top_customer_address_value,customer,Clyve Rochell,1065,,customer_value_rank,599.0,1,1,1,0,5,5,49.93,9.986,15.74,1.0,0.0662,1.0,Customer-level address and order-value evidence for top or mismatched customers.
top_customer_address_value,customer,Miner McLay,187,,customer_value_rank,600.0,1,2,2,0,4,4,49.83,12.4575,12.05,2.0,0.066,2.0,Customer-level address and order-value evidence for top or mismatched customers.
top_customer_address_value,customer,Myrle Magill,1198,,customer_value_rank,601.0,1,2,2,0,5,5,49.8,9.96,10.7,2.0,0.066,1.0,Customer-level address and order-value evidence for top or mismatched customers.
top_customer_address_value,customer,Elden Linnell,1652,,customer_value_rank,602.0,1,2,2,0,6,6,49.69,8.2817,14.1,2.0,0.0659,2.0,Customer-level address and order-value evidence for top or mismatched customers.
top_customer_address_value,customer,Kaila Geeraert,1904,,customer_value_rank,603.0,1,2,2,0,5,5,49.47,9.894,8.9,2.0,0.0656,2.0,Customer-level address and order-value evidence for top or mismatched customers.
top_customer_address_value,customer,Husain Hutchin,1878,,customer_value_rank,604.0,1,3,2,1,5,5,49.4,9.88,11.42,3.0,0.0655,2.0,Customer-level address and order-value evidence for top or mismatched customers.
top_customer_address_value,customer,Brynn Castell,1291,,customer_value_rank,605.0,1,2,1,1,4,4,49.35,12.3375,12.05,2.0,0.0654,2.0,Customer-level address and order-value evidence for top or mismatched customers.
top_customer_address_value,customer,Claybourne Crawforth,1421,,customer_value_rank,606.0,1,2,1,1,5,5,49.34,9.868,18.26,2.0,0.0654,2.0,Customer-level address and order-value evidence for top or mismatched customers.
top_customer_address_value,customer,Mirilla Hexum,664,,customer_value_rank,607.0,1,1,1,0,4,4,49.34,12.335,7.4,1.0,0.0654,1.0,Customer-level address and order-value evidence for top or mismatched customers.
top_customer_address_value,customer,Rob Handes,28,,customer_value_rank,608.0,1,2,1,1,4,4,49.31,12.3275,8.15,2.0,0.0654,1.0,Customer-level address and order-value evidence for top or mismatched customers.
top_customer_address_value,customer,Jonis Loseby,160,,customer_value_rank,609.0,1,1,1,0,7,7,49.29,7.0414,11.1286,1.0,0.0653,1.0,Customer-level address and order-value evidence for top or mismatched customers.
top_customer_address_value,customer,Allyn Ianni,1386,,customer_value_rank,610.0,1,2,2,0,3,3,49.23,16.41,8.9,2.0,0.0652,1.0,Customer-level address and order-value evidence for top or mismatched customers.
top_customer_address_value,customer,Yvonne Maccree,299,,customer_value_rank,611.0,1,1,1,0,6,6,49.13,8.1883,12.5,1.0,0.0651,1.0,Customer-level address and order-value evidence for top or mismatched customers.
top_customer_address_value,customer,Claudell Quarrie,1428,,customer_value_rank,612.0,1,2,2,0,8,8,49.01,6.1263,13.175,2.0,0.065,2.0,Customer-level address and order-value evidence for top or mismatched customers.
top_customer_address_value,customer,Kent Trippitt,435,,customer_value_rank,613.0,1,3,2,1,6,6,49.0,8.1667,16.7,3.0,0.0649,3.0,Customer-level address and order-value evidence for top or mismatched customers.
top_customer_address_value,customer,Andra Eisold,1142,,customer_value_rank,614.0,1,2,2,0,5,5,48.99,9.798,10.82,2.0,0.0649,1.0,Customer-level address and order-value evidence for top or mismatched customers.
top_customer_address_value,customer,Kienan Mauser,1799,,customer_value_rank,615.0,1,2,2,0,5,5,48.98,9.796,15.74,2.0,0.0649,2.0,Customer-level address and order-value evidence for top or mismatched customers.
top_customer_address_value,customer,Christoph Densham,1569,,customer_value_rank,616.0,1,1,1,0,4,4,48.92,12.23,12.8,1.0,0.0648,1.0,Customer-level address and order-value evidence for top or mismatched customers.
top_customer_address_value,customer,Cleve Wegener,433,,customer_value_rank,617.0,1,2,2,0,5,5,48.77,9.754,9.5,2.0,0.0646,2.0,Customer-level address and order-value evidence for top or mismatched customers.
top_customer_address_value,customer,Delora Bigglestone,2000,,customer_value_rank,618.0,1,1,1,0,4,4,48.76,12.19,11.3,1.0,0.0646,1.0,Customer-level address and order-value evidence for top or mismatched customers.
top_customer_address_value,customer,Hayyim de la Tremoille,728,,customer_value_rank,619.0,1,1,1,0,6,6,48.75,8.125,11.0,1.0,0.0646,1.0,Customer-level address and order-value evidence for top or mismatched customers.
top_customer_address_value,customer,Derrik Rao,1131,,customer_value_rank,620.0,1,2,2,0,4,4,48.73,12.1825,9.65,2.0,0.0646,1.0,Customer-level address and order-value evidence for top or mismatched customers.
top_customer_address_value,customer,Roxanna Burchmore,731,,customer_value_rank,621.0,1,2,2,0,5,5,48.7,9.74,15.74,2.0,0.0645,2.0,Customer-level address and order-value evidence for top or mismatched customers.
top_customer_address_value,customer,La verne Figg,43,,customer_value_rank,622.0,1,1,1,0,5,5,48.7,9.74,10.1,1.0,0.0645,1.0,Customer-level address and order-value evidence for top or mismatched customers.
top_customer_address_value,customer,Adair Frome,771,,customer_value_rank,623.0,1,3,2,1,7,7,48.61,6.9443,11.6429,3.0,0.0644,3.0,Customer-level address and order-value evidence for top or mismatched customers.
top_customer_address_value,customer,Christoper Bompas,1632,,customer_value_rank,624.0,1,2,2,0,6,6,48.6,8.1,14.1,1.0,0.0644,1.0,Customer-level address and order-value evidence for top or mismatched customers.
top_customer_address_value,customer,Craig Graine,603,,customer_value_rank,625.0,1,2,1,1,4,4,48.57,12.1425,20.6,2.0,0.0644,1.0,Customer-level address and order-value evidence for top or mismatched customers.
top_customer_address_value,customer,Kendra Margarson,1040,,customer_value_rank,626.0,1,1,1,0,7,7,48.54,6.9343,15.1571,1.0,0.0643,1.0,Customer-level address and order-value evidence for top or mismatched customers.
top_customer_address_value,customer,Lizzy Donneely,1303,,customer_value_rank,627.0,1,4,3,1,4,4,48.54,12.135,10.4,4.0,0.0643,3.0,Customer-level address and order-value evidence for top or mismatched customers.
top_customer_address_value,customer,Drusy Vecard,1153,,customer_value_rank,628.0,1,1,1,0,4,4,48.28,12.07,17.45,1.0,0.064,1.0,Customer-level address and order-value evidence for top or mismatched customers.
top_customer_address_value,customer,Beverie Barden,835,,customer_value_rank,629.0,1,2,2,0,4,4,48.24,12.06,15.95,2.0,0.0639,2.0,Customer-level address and order-value evidence for top or mismatched customers.
top_customer_address_value,customer,Dorolisa McCluskey,1247,,customer_value_rank,630.0,1,2,2,0,5,5,48.17,9.634,12.62,2.0,0.0638,1.0,Customer-level address and order-value evidence for top or mismatched customers.
top_customer_address_value,customer,Frederik Dasent,623,,customer_value_rank,631.0,1,3,3,0,4,4,48.1,12.025,20.6,3.0,0.0638,1.0,Customer-level address and order-value evidence for top or mismatched customers.
top_customer_address_value,customer,Elinor McCrudden,804,,customer_value_rank,632.0,1,2,1,1,3,3,48.09,16.03,6.9,2.0,0.0637,1.0,Customer-level address and order-value evidence for top or mismatched customers.
top_customer_address_value,customer,Forster Syddall,127,,customer_value_rank,633.0,1,2,1,1,5,5,48.01,9.602,11.42,2.0,0.0636,1.0,Customer-level address and order-value evidence for top or mismatched customers.
top_customer_address_value,customer,Kathye Georgeau,1283,,customer_value_rank,634.0,1,2,2,0,5,5,47.97,9.594,12.62,2.0,0.0636,2.0,Customer-level address and order-value evidence for top or mismatched customers.
top_customer_address_value,customer,Carlos Bromwich,1396,,customer_value_rank,635.0,1,1,1,0,7,7,47.89,6.8414,12.9286,1.0,0.0635,1.0,Customer-level address and order-value evidence for top or mismatched customers.
top_customer_address_value,customer,Dottie Poyntz,538,,customer_value_rank,636.0,1,2,2,0,7,7,47.88,6.84,7.6143,2.0,0.0635,2.0,Customer-level address and order-value evidence for top or mismatched customers.
top_customer_address_value,customer,Gabi Turle,172,,customer_value_rank,637.0,1,2,2,0,6,6,47.87,7.9783,17.2,2.0,0.0634,2.0,Customer-level address and order-value evidence for top or mismatched customers.
top_customer_address_value,customer,Dare Danelut,631,,customer_value_rank,638.0,1,1,1,0,3,3,47.84,15.9467,13.1,1.0,0.0634,1.0,Customer-level address and order-value evidence for top or mismatched customers.
top_customer_address_value,customer,Mathew Cowderoy,1093,,customer_value_rank,639.0,1,1,1,0,4,4,47.82,11.955,6.65,1.0,0.0634,1.0,Customer-level address and order-value evidence for top or mismatched customers.
top_customer_address_value,customer,Vinson Bohlens,1304,,customer_value_rank,640.0,1,2,2,0,5,5,47.62,9.524,16.94,2.0,0.0631,2.0,Customer-level address and order-value evidence for top or mismatched customers.
top_customer_address_value,customer,Melissa Capoun,618,,customer_value_rank,641.0,1,1,1,0,5,5,47.59,9.518,12.02,1.0,0.0631,1.0,Customer-level address and order-value evidence for top or mismatched customers.
top_customer_address_value,customer,Min Neilson,1819,,customer_value_rank,642.0,1,1,1,0,5,5,47.58,9.516,11.42,1.0,0.0631,1.0,Customer-level address and order-value evidence for top or mismatched customers.
top_customer_address_value,customer,Marline Neiland,1130,,customer_value_rank,643.0,1,1,1,0,5,5,47.52,9.504,10.82,1.0,0.063,1.0,Customer-level address and order-value evidence for top or mismatched customers.
top_customer_address_value,customer,Clyde Gait,1159,,customer_value_rank,644.0,1,2,1,1,6,6,47.45,7.9083,12.0,2.0,0.0629,2.0,Customer-level address and order-value evidence for top or mismatched customers.
top_customer_address_value,customer,Analise Sullivan,982,,customer_value_rank,645.0,1,2,2,0,5,5,47.43,9.486,11.42,2.0,0.0629,2.0,Customer-level address and order-value evidence for top or mismatched customers.
top_customer_address_value,customer,Neville MacGarvey,1686,,customer_value_rank,646.0,1,2,2,0,4,4,47.38,11.845,15.95,2.0,0.0628,2.0,Customer-level address and order-value evidence for top or mismatched customers.
top_customer_address_value,customer,Staford Antognazzi,592,,customer_value_rank,647.0,1,3,2,1,7,7,47.36,6.7657,14.2143,2.0,0.0628,2.0,Customer-level address and order-value evidence for top or mismatched customers.
top_customer_address_value,customer,Shantee Keyte,1839,,customer_value_rank,648.0,1,3,2,1,5,5,47.36,9.472,10.1,3.0,0.0628,2.0,Customer-level address and order-value evidence for top or mismatched customers.
top_customer_address_value,customer,Claudelle Mattingley,1685,,customer_value_rank,649.0,1,2,1,1,5,5,47.34,9.468,13.82,2.0,0.0627,2.0,Customer-level address and order-value evidence for top or mismatched customers.
top_customer_address_value,customer,Maurine Jahns,726,,customer_value_rank,650.0,1,3,2,1,5,5,47.34,9.468,12.62,3.0,0.0627,2.0,Customer-level address and order-value evidence for top or mismatched customers.
top_customer_address_value,customer,Fee Sancraft,35,,customer_value_rank,651.0,1,1,1,0,7,7,47.23,6.7471,12.9286,1.0,0.0626,1.0,Customer-level address and order-value evidence for top or mismatched customers.
top_customer_address_value,customer,Susan Del Dello,1038,,customer_value_rank,652.0,1,3,2,1,6,6,47.19,7.865,10.9,3.0,0.0625,2.0,Customer-level address and order-value evidence for top or mismatched customers.
top_customer_address_value,customer,Lynette Baldung,1567,,customer_value_rank,653.0,1,2,1,1,4,4,47.12,11.78,12.05,2.0,0.0625,1.0,Customer-level address and order-value evidence for top or mismatched customers.
top_customer_address_value,customer,Prescott Revie,943,,customer_value_rank,654.0,1,3,3,0,5,5,47.11,9.422,16.94,2.0,0.0624,2.0,Customer-level address and order-value evidence for top or mismatched customers.
top_customer_address_value,customer,Samaria Cappel,1952,,customer_value_rank,655.0,1,1,1,0,3,3,47.09,15.6967,9.9,1.0,0.0624,1.0,Customer-level address and order-value evidence for top or mismatched customers.
top_customer_address_value,customer,Lannie Michurin,96,,customer_value_rank,656.0,1,1,1,0,7,7,47.0,6.7143,8.9,1.0,0.0623,1.0,Customer-level address and order-value evidence for top or mismatched customers.
top_customer_address_value,customer,Nani Long,340,,customer_value_rank,657.0,1,2,2,0,6,6,46.99,7.8317,15.1,2.0,0.0623,1.0,Customer-level address and order-value evidence for top or mismatched customers.
top_customer_address_value,customer,Lezley Gillman,1649,,customer_value_rank,658.0,1,3,2,1,5,5,46.9,9.38,7.7,3.0,0.0622,2.0,Customer-level address and order-value evidence for top or mismatched customers.
top_customer_address_value,customer,Brenn Corneljes,471,,customer_value_rank,659.0,1,2,2,0,5,5,46.83,9.366,11.42,2.0,0.0621,1.0,Customer-level address and order-value evidence for top or mismatched customers.
top_customer_address_value,customer,Casey Bartoszek,1742,,customer_value_rank,660.0,1,1,1,0,4,4,46.71,11.6775,8.9,1.0,0.0619,1.0,Customer-level address and order-value evidence for top or mismatched customers.
top_customer_address_value,customer,Murial Firmager,905,,customer_value_rank,661.0,1,1,1,0,5,5,46.7,9.34,7.7,1.0,0.0619,1.0,Customer-level address and order-value evidence for top or mismatched customers.
top_customer_address_value,customer,Jane Couzens,1759,,customer_value_rank,662.0,1,1,1,0,5,5,46.66,9.332,15.14,1.0,0.0618,1.0,Customer-level address and order-value evidence for top or mismatched customers.
top_customer_address_value,customer,Kyrstin Pascoe,1431,,customer_value_rank,663.0,1,3,3,0,4,4,46.38,11.595,10.55,3.0,0.0615,2.0,Customer-level address and order-value evidence for top or mismatched customers.
top_customer_address_value,customer,Olwen Giovanardi,1162,,customer_value_rank,664.0,1,1,1,0,6,6,46.29,7.715,13.6,1.0,0.0614,1.0,Customer-level address and order-value evidence for top or mismatched customers.
top_customer_address_value,customer,Minny Gilleon,142,,customer_value_rank,665.0,1,3,2,1,5,5,46.13,9.226,18.26,2.0,0.0611,2.0,Customer-level address and order-value evidence for top or mismatched customers.
top_customer_address_value,customer,Mozelle Tebbs,1810,,customer_value_rank,666.0,1,2,2,0,5,5,46.13,9.226,12.62,2.0,0.0611,2.0,Customer-level address and order-value evidence for top or mismatched customers.
top_customer_address_value,customer,Saw Gomez,1443,,customer_value_rank,667.0,1,3,2,1,6,6,45.98,7.6633,13.1,3.0,0.0609,1.0,Customer-level address and order-value evidence for top or mismatched customers.
top_customer_address_value,customer,Parke Grinham,661,,customer_value_rank,668.0,1,2,2,0,3,3,45.95,15.3167,5.9,2.0,0.0609,1.0,Customer-level address and order-value evidence for top or mismatched customers.
top_customer_address_value,customer,Shaine Cockell,1467,,customer_value_rank,669.0,1,3,2,1,5,5,45.89,9.178,10.82,2.0,0.0608,2.0,Customer-level address and order-value evidence for top or mismatched customers.
top_customer_address_value,customer,Verene Pettyfer,54,,customer_value_rank,670.0,1,2,1,1,6,6,45.86,7.6433,12.0,2.0,0.0608,1.0,Customer-level address and order-value evidence for top or mismatched customers.
top_customer_address_value,customer,Sidonnie Bartel,624,,customer_value_rank,671.0,1,2,2,0,5,5,45.86,9.172,10.1,2.0,0.0608,2.0,Customer-level address and order-value evidence for top or mismatched customers.
top_customer_address_value,customer,Ernesta Alben,1279,,customer_value_rank,672.0,1,2,2,0,7,7,45.82,6.5457,17.3857,2.0,0.0607,2.0,Customer-level address and order-value evidence for top or mismatched customers.
top_customer_address_value,customer,Judie Parkes,1053,,customer_value_rank,673.0,1,1,1,0,5,5,45.69,9.138,15.14,1.0,0.0606,1.0,Customer-level address and order-value evidence for top or mismatched customers.
top_customer_address_value,customer,Harlin Passfield,713,,customer_value_rank,674.0,1,1,1,0,4,4,45.69,11.4225,6.65,1.0,0.0606,1.0,Customer-level address and order-value evidence for top or mismatched customers.
top_customer_address_value,customer,Ardeen Percifull,844,,customer_value_rank,675.0,1,2,2,0,7,7,45.67,6.5243,10.7,2.0,0.0605,2.0,Customer-level address and order-value evidence for top or mismatched customers.
top_customer_address_value,customer,Skip Filpo,1284,,customer_value_rank,676.0,1,2,2,0,5,5,45.64,9.128,13.34,2.0,0.0605,2.0,Customer-level address and order-value evidence for top or mismatched customers.
top_customer_address_value,customer,Danice Matthiesen,546,,customer_value_rank,677.0,1,2,2,0,5,5,45.63,9.126,7.7,2.0,0.0605,2.0,Customer-level address and order-value evidence for top or mismatched customers.
top_customer_address_value,customer,Anderea Maylott,359,,customer_value_rank,678.0,1,2,2,0,3,3,45.55,15.1833,10.9,2.0,0.0604,2.0,Customer-level address and order-value evidence for top or mismatched customers.
top_customer_address_value,customer,Viola Sives,1319,,customer_value_rank,679.0,1,2,2,0,4,4,45.42,11.355,15.95,2.0,0.0602,2.0,Customer-level address and order-value evidence for top or mismatched customers.
top_customer_address_value,customer,Marlene Bedingfield,1148,,customer_value_rank,680.0,1,3,3,0,5,5,45.37,9.074,18.86,3.0,0.0601,3.0,Customer-level address and order-value evidence for top or mismatched customers.
top_customer_address_value,customer,Bobbee Pellant,869,,customer_value_rank,681.0,1,2,1,1,5,5,45.26,9.052,18.26,2.0,0.06,2.0,Customer-level address and order-value evidence for top or mismatched customers.
top_customer_address_value,customer,Miguel Fieldsend,326,,customer_value_rank,682.0,1,2,2,0,4,4,45.25,11.3125,8.9,2.0,0.06,1.0,Customer-level address and order-value evidence for top or mismatched customers.
top_customer_address_value,customer,Morey Bastone,453,,customer_value_rank,683.0,1,2,2,0,5,5,45.21,9.042,14.54,2.0,0.0599,1.0,Customer-level address and order-value evidence for top or mismatched customers.
top_customer_address_value,customer,Rosa Harden,1375,,customer_value_rank,684.0,1,2,2,0,8,8,45.17,5.6463,15.5,2.0,0.0599,2.0,Customer-level address and order-value evidence for top or mismatched customers.
top_customer_address_value,customer,Agace MacKinnon,604,,customer_value_rank,685.0,1,2,2,0,4,4,45.17,11.2925,15.95,2.0,0.0599,1.0,Customer-level address and order-value evidence for top or mismatched customers.
top_customer_address_value,customer,Falkner Mees,1484,,customer_value_rank,686.0,1,2,2,0,5,5,45.12,9.024,11.3,2.0,0.0598,1.0,Customer-level address and order-value evidence for top or mismatched customers.
top_customer_address_value,customer,Abigael Trowbridge,813,,customer_value_rank,687.0,1,1,1,0,5,5,45.04,9.008,9.5,1.0,0.0597,1.0,Customer-level address and order-value evidence for top or mismatched customers.
top_customer_address_value,customer,Leonerd Cannon,781,,customer_value_rank,688.0,1,1,1,0,3,3,45.02,15.0067,13.1,1.0,0.0597,1.0,Customer-level address and order-value evidence for top or mismatched customers.
top_customer_address_value,customer,Karolina Varran,794,,customer_value_rank,689.0,1,3,2,1,6,6,45.02,7.5033,14.1,3.0,0.0597,3.0,Customer-level address and order-value evidence for top or mismatched customers.
top_customer_address_value,customer,Kathi Rheam,215,,customer_value_rank,690.0,1,1,1,0,4,4,45.01,11.2525,12.8,1.0,0.0597,1.0,Customer-level address and order-value evidence for top or mismatched customers.
top_customer_address_value,customer,Dorelia Chilley,194,,customer_value_rank,691.0,1,1,1,0,4,4,44.98,11.245,8.15,1.0,0.0596,1.0,Customer-level address and order-value evidence for top or mismatched customers.
top_customer_address_value,customer,Seth Druhan,205,,customer_value_rank,692.0,1,1,1,0,7,7,44.97,6.4243,11.1286,1.0,0.0596,1.0,Customer-level address and order-value evidence for top or mismatched customers.
top_customer_address_value,customer,Matthiew Donizeau,30,,customer_value_rank,693.0,1,3,2,1,4,4,44.82,11.205,8.9,2.0,0.0594,1.0,Customer-level address and order-value evidence for top or mismatched customers.
top_customer_address_value,customer,Olympe Dovinson,111,,customer_value_rank,694.0,1,2,1,1,3,3,44.78,14.9267,15.1,2.0,0.0594,2.0,Customer-level address and order-value evidence for top or mismatched customers.
top_customer_address_value,customer,Zarah Huerta,632,,customer_value_rank,695.0,1,3,3,0,5,5,44.73,8.946,18.86,3.0,0.0593,3.0,Customer-level address and order-value evidence for top or mismatched customers.
top_customer_address_value,customer,Merill Sparkwell,822,,customer_value_rank,696.0,1,2,2,0,6,6,44.58,7.43,13.6,2.0,0.0591,2.0,Customer-level address and order-value evidence for top or mismatched customers.
top_customer_address_value,customer,Jammie Boosey,554,,customer_value_rank,697.0,1,2,2,0,3,3,44.45,14.8167,8.9,1.0,0.0589,1.0,Customer-level address and order-value evidence for top or mismatched customers.
top_customer_address_value,customer,Dasie Blouet,1243,,customer_value_rank,698.0,1,1,1,0,5,5,44.44,8.888,11.3,1.0,0.0589,1.0,Customer-level address and order-value evidence for top or mismatched customers.
top_customer_address_value,customer,Lorrie McIlharga,1807,,customer_value_rank,699.0,1,2,2,0,3,3,44.42,14.8067,6.9,2.0,0.0589,1.0,Customer-level address and order-value evidence for top or mismatched customers.
top_customer_address_value,customer,Julee Barenskie,1099,,customer_value_rank,700.0,1,2,2,0,3,3,44.38,14.7933,14.1,2.0,0.0588,2.0,Customer-level address and order-value evidence for top or mismatched customers.
top_customer_address_value,customer,Peria Free,1009,,customer_value_rank,701.0,1,1,1,0,4,4,44.36,11.09,9.65,1.0,0.0588,1.0,Customer-level address and order-value evidence for top or mismatched customers.
top_customer_address_value,customer,Levy Thacker,52,,customer_value_rank,702.0,1,3,3,0,5,5,44.32,8.864,13.22,3.0,0.0587,3.0,Customer-level address and order-value evidence for top or mismatched customers.
top_customer_address_value,customer,Hilary Todeo,46,,customer_value_rank,703.0,1,2,2,0,4,4,44.23,11.0575,9.65,2.0,0.0586,2.0,Customer-level address and order-value evidence for top or mismatched customers.
top_customer_address_value,customer,Amy Jaynes,879,,customer_value_rank,704.0,1,1,1,0,5,5,44.09,8.818,14.54,1.0,0.0584,1.0,Customer-level address and order-value evidence for top or mismatched customers.
top_customer_address_value,customer,Erina Dungay,1139,,customer_value_rank,705.0,1,2,2,0,5,5,44.09,8.818,14.42,2.0,0.0584,2.0,Customer-level address and order-value evidence for top or mismatched customers.
top_customer_address_value,customer,Candis Wakes,1921,,customer_value_rank,706.0,1,1,1,0,6,6,44.03,7.3383,9.4,1.0,0.0584,1.0,Customer-level address and order-value evidence for top or mismatched customers.
top_customer_address_value,customer,Zebulen Haggar,115,,customer_value_rank,707.0,1,2,1,1,5,5,44.02,8.804,7.7,2.0,0.0583,1.0,Customer-level address and order-value evidence for top or mismatched customers.
top_customer_address_value,customer,Pierrette Diess,137,,customer_value_rank,708.0,1,3,2,1,8,8,44.0,5.5,8.15,3.0,0.0583,3.0,Customer-level address and order-value evidence for top or mismatched customers.
top_customer_address_value,customer,Andras Kraut,1016,,customer_value_rank,709.0,1,1,1,0,6,6,43.97,7.3283,11.0,1.0,0.0583,1.0,Customer-level address and order-value evidence for top or mismatched customers.
top_customer_address_value,customer,Angus Berardt,1048,,customer_value_rank,710.0,1,1,1,0,4,4,43.67,10.9175,14.3,1.0,0.0579,1.0,Customer-level address and order-value evidence for top or mismatched customers.
top_customer_address_value,customer,Dixie Devenish,374,,customer_value_rank,711.0,1,1,1,0,5,5,43.58,8.716,10.1,1.0,0.0578,1.0,Customer-level address and order-value evidence for top or mismatched customers.
top_customer_address_value,customer,Artie Coltan,132,,customer_value_rank,712.0,1,3,2,1,4,4,43.55,10.8875,18.2,2.0,0.0577,2.0,Customer-level address and order-value evidence for top or mismatched customers.
top_customer_address_value,customer,Robyn Westpfel,581,,customer_value_rank,713.0,1,1,1,0,6,6,43.52,7.2533,9.9,1.0,0.0577,1.0,Customer-level address and order-value evidence for top or mismatched customers.
top_customer_address_value,customer,Inna Burke,850,,customer_value_rank,714.0,1,2,2,0,4,4,43.37,10.8425,16.7,1.0,0.0575,1.0,Customer-level address and order-value evidence for top or mismatched customers.
top_customer_address_value,customer,Robinson Rosenauer,1417,,customer_value_rank,715.0,1,1,1,0,6,6,43.35,7.225,20.3,1.0,0.0575,1.0,Customer-level address and order-value evidence for top or mismatched customers.
top_customer_address_value,customer,Teador Presnell,1070,,customer_value_rank,716.0,1,1,1,0,3,3,43.3,14.4333,15.1,1.0,0.0574,1.0,Customer-level address and order-value evidence for top or mismatched customers.
top_customer_address_value,customer,Leoline Colrein,585,,customer_value_rank,717.0,1,2,1,1,4,4,43.21,10.8025,11.9,2.0,0.0573,1.0,Customer-level address and order-value evidence for top or mismatched customers.
top_customer_address_value,customer,Skylar Corkel,1263,,customer_value_rank,718.0,1,3,2,1,4,4,43.21,10.8025,8.15,3.0,0.0573,3.0,Customer-level address and order-value evidence for top or mismatched customers.
top_customer_address_value,customer,Marni Capron,1080,,customer_value_rank,719.0,1,3,2,1,4,4,43.11,10.7775,18.2,2.0,0.0571,2.0,Customer-level address and order-value evidence for top or mismatched customers.
top_customer_address_value,customer,Donia Tapsell,1944,,customer_value_rank,720.0,1,2,2,0,3,3,42.86,14.2867,16.1,2.0,0.0568,1.0,Customer-level address and order-value evidence for top or mismatched customers.
top_customer_address_value,customer,Denyse Salan,1370,,customer_value_rank,721.0,1,2,2,0,3,3,42.8,14.2667,13.1,2.0,0.0567,1.0,Customer-level address and order-value evidence for top or mismatched customers.
top_customer_address_value,customer,Federica Moulding,1861,,customer_value_rank,722.0,1,1,1,0,4,4,42.76,10.69,19.85,1.0,0.0567,1.0,Customer-level address and order-value evidence for top or mismatched customers.
top_customer_address_value,customer,Sargent Inwood,468,,customer_value_rank,723.0,1,3,2,1,4,4,42.59,10.6475,9.65,2.0,0.0564,1.0,Customer-level address and order-value evidence for top or mismatched customers.
top_customer_address_value,customer,Monro Gumme,1906,,customer_value_rank,724.0,1,3,2,1,8,8,42.51,5.3138,11.675,3.0,0.0563,3.0,Customer-level address and order-value evidence for top or mismatched customers.
top_customer_address_value,customer,Lonni Janus,309,,customer_value_rank,725.0,1,3,2,1,6,6,42.45,7.075,13.0,3.0,0.0563,2.0,Customer-level address and order-value evidence for top or mismatched customers.
top_customer_address_value,customer,Vergil MacKay,1710,,customer_value_rank,726.0,1,1,1,0,5,5,42.14,8.428,10.82,1.0,0.0559,1.0,Customer-level address and order-value evidence for top or mismatched customers.
top_customer_address_value,customer,Noreen Baumert,329,,customer_value_rank,727.0,1,3,2,1,4,4,42.04,10.51,16.7,3.0,0.0557,2.0,Customer-level address and order-value evidence for top or mismatched customers.
top_customer_address_value,customer,Alma Rubbert,1735,,customer_value_rank,728.0,1,3,3,0,5,5,42.03,8.406,14.54,2.0,0.0557,1.0,Customer-level address and order-value evidence for top or mismatched customers.
top_customer_address_value,customer,Thatch Ikin,1437,,customer_value_rank,729.0,1,1,1,0,4,4,42.03,10.5075,13.55,1.0,0.0557,1.0,Customer-level address and order-value evidence for top or mismatched customers.
top_customer_address_value,customer,Carline Kupis,5,,customer_value_rank,730.0,1,1,1,0,3,3,41.94,13.98,15.1,1.0,0.0556,1.0,Customer-level address and order-value evidence for top or mismatched customers.
top_customer_address_value,customer,Isak Spadelli,1934,,customer_value_rank,731.0,1,3,2,1,5,5,41.85,8.37,14.54,3.0,0.0555,2.0,Customer-level address and order-value evidence for top or mismatched customers.
top_customer_address_value,customer,Noreen Stanluck,1203,,customer_value_rank,732.0,1,3,2,1,4,4,41.73,10.4325,8.9,3.0,0.0553,2.0,Customer-level address and order-value evidence for top or mismatched customers.
top_customer_address_value,customer,Nancie Naper,738,,customer_value_rank,733.0,1,3,2,1,5,5,41.71,8.342,11.42,2.0,0.0553,1.0,Customer-level address and order-value evidence for top or mismatched customers.
top_customer_address_value,customer,Jeri Phifer,1704,,customer_value_rank,734.0,1,1,1,0,5,5,41.66,8.332,15.74,1.0,0.0552,1.0,Customer-level address and order-value evidence for top or mismatched customers.
top_customer_address_value,customer,Stuart Slyford,533,,customer_value_rank,735.0,1,1,1,0,5,5,41.57,8.314,11.42,1.0,0.0551,1.0,Customer-level address and order-value evidence for top or mismatched customers.
top_customer_address_value,customer,Nester Klaessen,801,,customer_value_rank,736.0,1,1,1,0,3,3,41.57,13.8567,24.5,1.0,0.0551,1.0,Customer-level address and order-value evidence for top or mismatched customers.
top_customer_address_value,customer,Glynn Whild,1689,,customer_value_rank,737.0,1,2,2,0,4,4,41.42,10.355,8.15,2.0,0.0549,1.0,Customer-level address and order-value evidence for top or mismatched customers.
top_customer_address_value,customer,Nels Antrag,744,,customer_value_rank,738.0,1,4,2,2,3,3,41.38,13.7933,9.9,4.0,0.0548,3.0,Customer-level address and order-value evidence for top or mismatched customers.
top_customer_address_value,customer,Pepi Millmore,1367,,customer_value_rank,739.0,1,1,1,0,3,3,41.38,13.7933,6.9,1.0,0.0548,1.0,Customer-level address and order-value evidence for top or mismatched customers.
top_customer_address_value,customer,Derril McLane,1011,,customer_value_rank,740.0,1,2,2,0,5,5,41.31,8.262,12.02,2.0,0.0548,2.0,Customer-level address and order-value evidence for top or mismatched customers.
top_customer_address_value,customer,Marcelle Woolgar,511,,customer_value_rank,741.0,1,2,2,0,4,4,41.3,10.325,8.9,2.0,0.0547,2.0,Customer-level address and order-value evidence for top or mismatched customers.
top_customer_address_value,customer,Padraig Avent,1705,,customer_value_rank,742.0,1,3,2,1,4,4,41.15,10.2875,17.45,3.0,0.0545,2.0,Customer-level address and order-value evidence for top or mismatched customers.
top_customer_address_value,customer,Antonie Liebmann,483,,customer_value_rank,743.0,1,3,3,0,6,6,41.12,6.8533,14.1,3.0,0.0545,3.0,Customer-level address and order-value evidence for top or mismatched customers.
top_customer_address_value,customer,Toddy Febre,1877,,customer_value_rank,744.0,1,2,2,0,5,5,40.97,8.194,14.54,2.0,0.0543,1.0,Customer-level address and order-value evidence for top or mismatched customers.
top_customer_address_value,customer,Rozanna Artin,91,,customer_value_rank,745.0,1,1,1,0,3,3,40.72,13.5733,19.3,1.0,0.054,1.0,Customer-level address and order-value evidence for top or mismatched customers.
top_customer_address_value,customer,Hillery Hallifax,287,,customer_value_rank,746.0,1,2,2,0,4,4,40.6,10.15,12.05,1.0,0.0538,1.0,Customer-level address and order-value evidence for top or mismatched customers.
top_customer_address_value,customer,Gilberto Joliffe,1288,,customer_value_rank,747.0,1,3,2,1,4,4,40.58,10.145,10.4,3.0,0.0538,2.0,Customer-level address and order-value evidence for top or mismatched customers.
top_customer_address_value,customer,Winifield Esh,544,,customer_value_rank,748.0,1,3,2,1,5,5,40.42,8.084,8.9,2.0,0.0536,2.0,Customer-level address and order-value evidence for top or mismatched customers.
top_customer_address_value,customer,Maighdiln Damiral,580,,customer_value_rank,749.0,1,2,2,0,3,3,40.4,13.4667,7.9,2.0,0.0535,2.0,Customer-level address and order-value evidence for top or mismatched customers.
top_customer_address_value,customer,Ruthanne Vatini,2,,customer_value_rank,750.0,1,1,1,0,4,4,40.38,10.095,13.55,1.0,0.0535,1.0,Customer-level address and order-value evidence for top or mismatched customers.
top_customer_address_value,customer,Anna-diana Coton,1041,,customer_value_rank,751.0,1,3,2,1,5,5,40.36,8.072,18.86,3.0,0.0535,3.0,Customer-level address and order-value evidence for top or mismatched customers.
top_customer_address_value,customer,Regan Athersmith,610,,customer_value_rank,752.0,1,2,2,0,4,4,40.32,10.08,9.65,1.0,0.0534,1.0,Customer-level address and order-value evidence for top or mismatched customers.
top_customer_address_value,customer,Pearla Caze,963,,customer_value_rank,753.0,1,1,1,0,4,4,40.3,10.075,10.55,1.0,0.0534,1.0,Customer-level address and order-value evidence for top or mismatched customers.
top_customer_address_value,customer,Tripp Halsworth,31,,customer_value_rank,754.0,1,1,1,0,5,5,40.13,8.026,14.54,1.0,0.0532,1.0,Customer-level address and order-value evidence for top or mismatched customers.
top_customer_address_value,customer,Ardeen Caret,1999,,customer_value_rank,755.0,1,2,2,0,5,5,40.11,8.022,12.62,2.0,0.0532,2.0,Customer-level address and order-value evidence for top or mismatched customers.
top_customer_address_value,customer,Morley Jiras,295,,customer_value_rank,756.0,1,2,2,0,4,4,40.11,10.0275,12.8,2.0,0.0532,2.0,Customer-level address and order-value evidence for top or mismatched customers.
top_customer_address_value,customer,Dulci Barme,440,,customer_value_rank,757.0,1,1,1,0,3,3,40.07,13.3567,9.9,1.0,0.0531,1.0,Customer-level address and order-value evidence for top or mismatched customers.
top_customer_address_value,customer,Garey Krochmann,866,,customer_value_rank,758.0,1,1,1,0,5,5,40.05,8.01,13.94,1.0,0.0531,1.0,Customer-level address and order-value evidence for top or mismatched customers.
top_customer_address_value,customer,Ahmed Casson,1641,,customer_value_rank,759.0,1,2,1,1,5,5,40.03,8.006,9.5,2.0,0.0531,1.0,Customer-level address and order-value evidence for top or mismatched customers.
top_customer_address_value,customer,Olva Celloni,1654,,customer_value_rank,760.0,1,2,2,0,6,6,39.87,6.645,9.9,1.0,0.0528,1.0,Customer-level address and order-value evidence for top or mismatched customers.
top_customer_address_value,customer,Bennie Mepsted,89,,customer_value_rank,761.0,1,4,3,1,4,4,39.77,9.9425,12.05,4.0,0.0527,3.0,Customer-level address and order-value evidence for top or mismatched customers.
top_customer_address_value,customer,Noelle Duke,65,,customer_value_rank,762.0,1,1,1,0,4,4,39.73,9.9325,17.45,1.0,0.0527,1.0,Customer-level address and order-value evidence for top or mismatched customers.
top_customer_address_value,customer,Zak Rizzardi,849,,customer_value_rank,763.0,1,1,1,0,4,4,39.7,9.925,12.05,1.0,0.0526,1.0,Customer-level address and order-value evidence for top or mismatched customers.
top_customer_address_value,customer,Patrizio Di Franceschi,1598,,customer_value_rank,764.0,1,3,2,1,5,5,39.65,7.93,10.82,3.0,0.0526,3.0,Customer-level address and order-value evidence for top or mismatched customers.
top_customer_address_value,customer,Nelli Provest,956,,customer_value_rank,765.0,1,3,3,0,4,4,39.63,9.9075,15.95,3.0,0.0525,1.0,Customer-level address and order-value evidence for top or mismatched customers.
top_customer_address_value,customer,Dolf Lasty,1674,,customer_value_rank,766.0,1,2,2,0,3,3,39.57,13.19,7.9,1.0,0.0524,1.0,Customer-level address and order-value evidence for top or mismatched customers.
top_customer_address_value,customer,Dusty Merrikin,196,,customer_value_rank,767.0,1,1,1,0,3,3,39.53,13.1767,10.9,1.0,0.0524,1.0,Customer-level address and order-value evidence for top or mismatched customers.
top_customer_address_value,customer,Keane Adamoli,526,,customer_value_rank,768.0,1,4,3,1,4,4,39.44,9.86,12.05,4.0,0.0523,2.0,Customer-level address and order-value evidence for top or mismatched customers.
top_customer_address_value,customer,Juieta Hellings,1796,,customer_value_rank,769.0,1,3,3,0,5,5,39.42,7.884,10.1,3.0,0.0522,2.0,Customer-level address and order-value evidence for top or mismatched customers.
top_customer_address_value,customer,Sue Bohlin,735,,customer_value_rank,770.0,1,3,2,1,3,3,39.4,13.1333,13.1,2.0,0.0522,2.0,Customer-level address and order-value evidence for top or mismatched customers.
top_customer_address_value,customer,Dag Josselsohn,1734,,customer_value_rank,771.0,1,3,2,1,5,5,39.3,7.86,15.74,3.0,0.0521,1.0,Customer-level address and order-value evidence for top or mismatched customers.
top_customer_address_value,customer,Ilise Byfford,575,,customer_value_rank,772.0,1,2,2,0,5,5,39.3,7.86,12.02,2.0,0.0521,2.0,Customer-level address and order-value evidence for top or mismatched customers.
top_customer_address_value,customer,Engracia Odgaard,975,,customer_value_rank,773.0,1,1,1,0,3,3,39.29,13.0967,14.1,1.0,0.0521,1.0,Customer-level address and order-value evidence for top or mismatched customers.
top_customer_address_value,customer,Martin Lidgley,706,,customer_value_rank,774.0,1,3,3,0,3,3,39.25,13.0833,8.9,3.0,0.052,1.0,Customer-level address and order-value evidence for top or mismatched customers.
top_customer_address_value,customer,Glenine Nare,419,,customer_value_rank,775.0,1,2,2,0,3,3,39.22,13.0733,13.1,2.0,0.052,1.0,Customer-level address and order-value evidence for top or mismatched customers.
top_customer_address_value,customer,Dulci Portman,360,,customer_value_rank,776.0,1,3,2,1,7,7,39.18,5.5971,10.7,3.0,0.0519,2.0,Customer-level address and order-value evidence for top or mismatched customers.
top_customer_address_value,customer,Stefano Ech,1991,,customer_value_rank,777.0,1,1,1,0,4,4,39.13,9.7825,8.9,1.0,0.0519,1.0,Customer-level address and order-value evidence for top or mismatched customers.
top_customer_address_value,customer,Kalvin Wasiel,754,,customer_value_rank,778.0,1,2,2,0,6,6,39.09,6.515,14.1,2.0,0.0518,2.0,Customer-level address and order-value evidence for top or mismatched customers.
top_customer_address_value,customer,Natalya Cannam,1486,,customer_value_rank,779.0,1,2,2,0,3,3,39.06,13.02,7.9,2.0,0.0518,1.0,Customer-level address and order-value evidence for top or mismatched customers.
top_customer_address_value,customer,Mona Eckery,519,,customer_value_rank,780.0,1,4,3,1,5,5,39.03,7.806,12.62,4.0,0.0517,2.0,Customer-level address and order-value evidence for top or mismatched customers.
top_customer_address_value,customer,Julia Warlowe,1728,,customer_value_rank,781.0,1,1,1,0,3,3,39.03,13.01,8.9,1.0,0.0517,1.0,Customer-level address and order-value evidence for top or mismatched customers.
top_customer_address_value,customer,Tami Gyer,219,,customer_value_rank,782.0,1,2,2,0,5,5,39.02,7.804,12.02,2.0,0.0517,1.0,Customer-level address and order-value evidence for top or mismatched customers.
top_customer_address_value,customer,Andrei Jefferson,18,,customer_value_rank,783.0,1,2,2,0,3,3,39.02,13.0067,10.9,2.0,0.0517,1.0,Customer-level address and order-value evidence for top or mismatched customers.
top_customer_address_value,customer,Garvey Kemmish,1670,,customer_value_rank,784.0,1,2,2,0,4,4,38.99,9.7475,11.15,2.0,0.0517,2.0,Customer-level address and order-value evidence for top or mismatched customers.
top_customer_address_value,customer,Lammond Boys,469,,customer_value_rank,785.0,1,2,2,0,5,5,38.81,7.762,13.94,2.0,0.0514,1.0,Customer-level address and order-value evidence for top or mismatched customers.
top_customer_address_value,customer,Friedrich Fallows,1497,,customer_value_rank,786.0,1,1,1,0,4,4,38.68,9.67,12.05,1.0,0.0513,1.0,Customer-level address and order-value evidence for top or mismatched customers.
top_customer_address_value,customer,Newton Miguel,1883,,customer_value_rank,787.0,1,2,2,0,5,5,38.53,7.706,15.74,1.0,0.0511,1.0,Customer-level address and order-value evidence for top or mismatched customers.
top_customer_address_value,customer,Trudey Itzhaki,1984,,customer_value_rank,788.0,1,1,1,0,3,3,38.51,12.8367,20.3,1.0,0.051,1.0,Customer-level address and order-value evidence for top or mismatched customers.
top_customer_address_value,customer,Courtnay Scales,938,,customer_value_rank,789.0,1,1,1,0,4,4,38.46,9.615,11.3,1.0,0.051,1.0,Customer-level address and order-value evidence for top or mismatched customers.
top_customer_address_value,customer,Ulrike Sabie,1802,,customer_value_rank,790.0,1,1,1,0,5,5,38.4,7.68,14.54,1.0,0.0509,1.0,Customer-level address and order-value evidence for top or mismatched customers.
top_customer_address_value,customer,Morgan Snaden,447,,customer_value_rank,791.0,1,1,1,0,3,3,38.39,12.7967,20.3,1.0,0.0509,1.0,Customer-level address and order-value evidence for top or mismatched customers.
top_customer_address_value,customer,Vivi Lightman,681,,customer_value_rank,792.0,1,1,1,0,3,3,38.36,12.7867,8.9,1.0,0.0508,1.0,Customer-level address and order-value evidence for top or mismatched customers.
top_customer_address_value,customer,Claudio Woan,647,,customer_value_rank,793.0,1,1,1,0,4,4,38.31,9.5775,12.8,1.0,0.0508,1.0,Customer-level address and order-value evidence for top or mismatched customers.
top_customer_address_value,customer,Anya Nattrass,1594,,customer_value_rank,794.0,1,1,1,0,4,4,38.16,9.54,12.8,1.0,0.0506,1.0,Customer-level address and order-value evidence for top or mismatched customers.
top_customer_address_value,customer,Kissie Sneller,566,,customer_value_rank,795.0,1,1,1,0,4,4,38.16,9.54,15.2,1.0,0.0506,1.0,Customer-level address and order-value evidence for top or mismatched customers.
top_customer_address_value,customer,Sherline Degli Antoni,437,,customer_value_rank,796.0,1,3,3,0,5,5,38.1,7.62,7.7,2.0,0.0505,2.0,Customer-level address and order-value evidence for top or mismatched customers.
top_customer_address_value,customer,Caryl Hearon,1574,,customer_value_rank,797.0,1,3,2,1,4,4,38.03,9.5075,10.4,3.0,0.0504,1.0,Customer-level address and order-value evidence for top or mismatched customers.
top_customer_address_value,customer,Lia Danslow,1937,,customer_value_rank,798.0,1,2,1,1,4,4,38.01,9.5025,6.65,2.0,0.0504,1.0,Customer-level address and order-value evidence for top or mismatched customers.
top_customer_address_value,customer,Rachele Ingarfill,512,,customer_value_rank,799.0,1,1,1,0,3,3,37.96,12.6533,9.9,1.0,0.0503,1.0,Customer-level address and order-value evidence for top or mismatched customers.
top_customer_address_value,customer,Jeanie Castelletti,1044,,customer_value_rank,800.0,1,1,1,0,3,3,37.9,12.6333,12.1,1.0,0.0502,1.0,Customer-level address and order-value evidence for top or mismatched customers.
top_customer_address_value,customer,Moe Gerkens,704,,customer_value_rank,801.0,1,2,2,0,4,4,37.88,9.47,8.15,2.0,0.0502,2.0,Customer-level address and order-value evidence for top or mismatched customers.
top_customer_address_value,customer,Giuditta Giorgetti,764,,customer_value_rank,802.0,1,1,1,0,4,4,37.84,9.46,18.2,1.0,0.0502,1.0,Customer-level address and order-value evidence for top or mismatched customers.
top_customer_address_value,customer,Tierney Sturte,543,,customer_value_rank,803.0,1,1,1,0,4,4,37.73,9.4325,8.9,1.0,0.05,1.0,Customer-level address and order-value evidence for top or mismatched customers.
top_customer_address_value,customer,Meade McLevie,1034,,customer_value_rank,804.0,1,1,1,0,3,3,37.72,12.5733,20.3,1.0,0.05,1.0,Customer-level address and order-value evidence for top or mismatched customers.
top_customer_address_value,customer,Karola Hellin,877,,customer_value_rank,805.0,1,1,1,0,4,4,37.57,9.3925,12.05,1.0,0.0498,1.0,Customer-level address and order-value evidence for top or mismatched customers.
top_customer_address_value,customer,Lonnie Cambden,15,,customer_value_rank,806.0,1,2,2,0,4,4,37.43,9.3575,15.05,2.0,0.0496,2.0,Customer-level address and order-value evidence for top or mismatched customers.
top_customer_address_value,customer,Anica Kobel,1534,,customer_value_rank,807.0,1,4,3,1,5,5,37.42,7.484,12.02,4.0,0.0496,2.0,Customer-level address and order-value evidence for top or mismatched customers.
top_customer_address_value,customer,Reuben Usher,650,,customer_value_rank,808.0,1,2,1,1,6,6,37.39,6.2317,14.6,2.0,0.0496,2.0,Customer-level address and order-value evidence for top or mismatched customers.
top_customer_address_value,customer,Otha Putton,126,,customer_value_rank,809.0,1,1,1,0,5,5,37.3,7.46,7.1,1.0,0.0494,1.0,Customer-level address and order-value evidence for top or mismatched customers.
top_customer_address_value,customer,Adriano Hyman,1745,,customer_value_rank,810.0,1,1,1,0,3,3,37.25,12.4167,14.1,1.0,0.0494,1.0,Customer-level address and order-value evidence for top or mismatched customers.
top_customer_address_value,customer,Mamie Weathers,615,,customer_value_rank,811.0,1,1,1,0,4,4,37.2,9.3,20.6,1.0,0.0493,1.0,Customer-level address and order-value evidence for top or mismatched customers.
top_customer_address_value,customer,Noby Burtenshaw,32,,customer_value_rank,812.0,1,5,3,2,4,4,37.2,9.3,19.85,5.0,0.0493,2.0,Customer-level address and order-value evidence for top or mismatched customers.
top_customer_address_value,customer,Traci Vanyashin,978,,customer_value_rank,813.0,1,1,1,0,5,5,37.09,7.418,10.82,1.0,0.0492,1.0,Customer-level address and order-value evidence for top or mismatched customers.
top_customer_address_value,customer,Zelma Shipman,1561,,customer_value_rank,814.0,1,1,1,0,6,6,37.07,6.1783,11.5,1.0,0.0491,1.0,Customer-level address and order-value evidence for top or mismatched customers.
top_customer_address_value,customer,Koenraad Kingsnoad,452,,customer_value_rank,815.0,1,1,1,0,6,6,37.0,6.1667,15.1,1.0,0.049,1.0,Customer-level address and order-value evidence for top or mismatched customers.
top_customer_address_value,customer,Norma Arminger,1993,,customer_value_rank,816.0,1,2,2,0,6,6,36.96,6.16,14.6,2.0,0.049,2.0,Customer-level address and order-value evidence for top or mismatched customers.
top_customer_address_value,customer,Tracey Worling,1820,,customer_value_rank,817.0,1,2,2,0,4,4,36.9,9.225,8.9,2.0,0.0489,1.0,Customer-level address and order-value evidence for top or mismatched customers.
top_customer_address_value,customer,Winifield Bilham,1105,,customer_value_rank,818.0,1,1,1,0,4,4,36.88,9.22,10.55,1.0,0.0489,1.0,Customer-level address and order-value evidence for top or mismatched customers.
top_customer_address_value,customer,Thain Rodway,1461,,customer_value_rank,819.0,1,1,1,0,5,5,36.82,7.364,6.5,1.0,0.0488,1.0,Customer-level address and order-value evidence for top or mismatched customers.
top_customer_address_value,customer,Roberto Swiggs,169,,customer_value_rank,820.0,1,3,2,1,3,3,36.74,12.2467,9.9,2.0,0.0487,1.0,Customer-level address and order-value evidence for top or mismatched customers.
top_customer_address_value,customer,Carolan Pratten,825,,customer_value_rank,821.0,1,1,1,0,5,5,36.68,7.336,13.82,1.0,0.0486,1.0,Customer-level address and order-value evidence for top or mismatched customers.
top_customer_address_value,customer,Kerstin Stormonth,414,,customer_value_rank,822.0,1,3,2,1,5,5,36.6,7.32,17.66,3.0,0.0485,3.0,Customer-level address and order-value evidence for top or mismatched customers.
top_customer_address_value,customer,Cristionna Wagon,1145,,customer_value_rank,823.0,1,2,2,0,5,5,36.45,7.29,13.22,2.0,0.0483,2.0,Customer-level address and order-value evidence for top or mismatched customers.
top_customer_address_value,customer,Danny Killcross,1834,,customer_value_rank,824.0,1,2,2,0,2,2,36.31,18.155,10.4,2.0,0.0481,1.0,Customer-level address and order-value evidence for top or mismatched customers.
top_customer_address_value,customer,Ive Jachimiak,725,,customer_value_rank,825.0,1,2,2,0,3,3,36.3,12.1,15.1,2.0,0.0481,2.0,Customer-level address and order-value evidence for top or mismatched customers.
top_customer_address_value,customer,Cullin Fransseni,812,,customer_value_rank,826.0,1,2,1,1,3,3,36.27,12.09,8.9,2.0,0.0481,2.0,Customer-level address and order-value evidence for top or mismatched customers.
top_customer_address_value,customer,Urbanus Renfield,183,,customer_value_rank,827.0,1,1,1,0,4,4,36.26,9.065,11.3,1.0,0.0481,1.0,Customer-level address and order-value evidence for top or mismatched customers.
top_customer_address_value,customer,Paxton Baroux,598,,customer_value_rank,828.0,1,2,1,1,4,4,36.25,9.0625,13.55,2.0,0.048,1.0,Customer-level address and order-value evidence for top or mismatched customers.
top_customer_address_value,customer,Olympie Roylance,110,,customer_value_rank,829.0,1,2,1,1,5,5,36.16,7.232,13.22,2.0,0.0479,2.0,Customer-level address and order-value evidence for top or mismatched customers.
top_customer_address_value,customer,Conan Safell,1500,,customer_value_rank,830.0,1,2,1,1,4,4,36.06,9.015,12.8,2.0,0.0478,1.0,Customer-level address and order-value evidence for top or mismatched customers.
top_customer_address_value,customer,Katey Lorentz,1776,,customer_value_rank,831.0,1,2,2,0,3,3,36.01,12.0033,7.9,2.0,0.0477,2.0,Customer-level address and order-value evidence for top or mismatched customers.
top_customer_address_value,customer,Derwin Matashkin,1915,,customer_value_rank,832.0,1,3,2,1,2,2,35.95,17.975,24.5,3.0,0.0476,2.0,Customer-level address and order-value evidence for top or mismatched customers.
top_customer_address_value,customer,Francine Sier,123,,customer_value_rank,833.0,1,2,2,0,5,5,35.9,7.18,13.82,2.0,0.0476,2.0,Customer-level address and order-value evidence for top or mismatched customers.
top_customer_address_value,customer,Greta Wharby,227,,customer_value_rank,834.0,1,2,2,0,3,3,35.87,11.9567,8.9,2.0,0.0475,2.0,Customer-level address and order-value evidence for top or mismatched customers.
top_customer_address_value,customer,Trixi Lamasna,1059,,customer_value_rank,835.0,1,2,2,0,4,4,35.85,8.9625,11.15,2.0,0.0475,1.0,Customer-level address and order-value evidence for top or mismatched customers.
top_customer_address_value,customer,Jeramie Burge,1790,,customer_value_rank,836.0,1,1,1,0,3,3,35.79,11.93,14.1,1.0,0.0474,1.0,Customer-level address and order-value evidence for top or mismatched customers.
top_customer_address_value,customer,Neil Ogg,1843,,customer_value_rank,837.0,1,2,2,0,3,3,35.77,11.9233,9.9,1.0,0.0474,1.0,Customer-level address and order-value evidence for top or mismatched customers.
top_customer_address_value,customer,Gaby Olley,927,,customer_value_rank,838.0,1,1,1,0,2,2,35.75,17.875,10.4,1.0,0.0474,1.0,Customer-level address and order-value evidence for top or mismatched customers.
top_customer_address_value,customer,Kevin Slatcher,1045,,customer_value_rank,839.0,1,2,2,0,5,5,35.58,7.116,7.7,2.0,0.0472,2.0,Customer-level address and order-value evidence for top or mismatched customers.
top_customer_address_value,customer,Griselda Leatherborrow,1515,,customer_value_rank,840.0,1,1,1,0,4,4,35.49,8.8725,15.95,1.0,0.047,1.0,Customer-level address and order-value evidence for top or mismatched customers.
top_customer_address_value,customer,Parsifal Burdess,1114,,customer_value_rank,841.0,1,3,3,0,4,4,35.47,8.8675,7.4,3.0,0.047,3.0,Customer-level address and order-value evidence for top or mismatched customers.
top_customer_address_value,customer,Benetta Bussell,679,,customer_value_rank,842.0,1,2,2,0,7,7,35.46,5.0657,16.0143,2.0,0.047,2.0,Customer-level address and order-value evidence for top or mismatched customers.
top_customer_address_value,customer,Roseann Utridge,582,,customer_value_rank,843.0,1,3,2,1,4,4,35.41,8.8525,20.6,3.0,0.0469,3.0,Customer-level address and order-value evidence for top or mismatched customers.
top_customer_address_value,customer,Fidel Iacobetto,1207,,customer_value_rank,844.0,1,2,2,0,6,6,35.32,5.8867,12.5,2.0,0.0468,1.0,Customer-level address and order-value evidence for top or mismatched customers.
top_customer_address_value,customer,Worden Trengove,159,,customer_value_rank,845.0,1,2,2,0,2,2,35.31,17.655,8.9,2.0,0.0468,2.0,Customer-level address and order-value evidence for top or mismatched customers.
top_customer_address_value,customer,Michal Bensen,1377,,customer_value_rank,846.0,1,3,2,1,3,3,35.27,11.7567,8.9,3.0,0.0467,1.0,Customer-level address and order-value evidence for top or mismatched customers.
top_customer_address_value,customer,Brantley Bollin,1019,,customer_value_rank,847.0,1,1,1,0,4,4,35.08,8.77,15.95,1.0,0.0465,1.0,Customer-level address and order-value evidence for top or mismatched customers.
top_customer_address_value,customer,Marlo Jeannin,139,,customer_value_rank,848.0,1,2,2,0,4,4,35.0,8.75,12.8,2.0,0.0464,1.0,Customer-level address and order-value evidence for top or mismatched customers.
top_customer_address_value,customer,Jerrie McAleese,1640,,customer_value_rank,849.0,1,2,2,0,4,4,34.96,8.74,9.65,2.0,0.0463,2.0,Customer-level address and order-value evidence for top or mismatched customers.
top_customer_address_value,customer,Tommy Badsworth,398,,customer_value_rank,850.0,1,2,1,1,4,4,34.89,8.7225,11.3,2.0,0.0462,2.0,Customer-level address and order-value evidence for top or mismatched customers.
top_customer_address_value,customer,Anabel Poon,770,,customer_value_rank,851.0,1,1,1,0,5,5,34.73,6.946,13.94,1.0,0.046,1.0,Customer-level address and order-value evidence for top or mismatched customers.
top_customer_address_value,customer,Hubey Bagshawe,320,,customer_value_rank,852.0,1,1,1,0,4,4,34.68,8.67,12.05,1.0,0.046,1.0,Customer-level address and order-value evidence for top or mismatched customers.
top_customer_address_value,customer,Emylee Hubbert,59,,customer_value_rank,853.0,1,2,2,0,3,3,34.63,11.5433,14.1,2.0,0.0459,1.0,Customer-level address and order-value evidence for top or mismatched customers.
top_customer_address_value,customer,Desiri MacDunleavy,211,,customer_value_rank,854.0,1,1,1,0,6,6,34.55,5.7583,11.0,1.0,0.0458,1.0,Customer-level address and order-value evidence for top or mismatched customers.
top_customer_address_value,customer,Reidar Turbitt,3,,customer_value_rank,855.0,1,1,1,0,2,2,34.49,17.245,15.2,1.0,0.0457,1.0,Customer-level address and order-value evidence for top or mismatched customers.
top_customer_address_value,customer,Tybalt McOwen,772,,customer_value_rank,856.0,1,1,1,0,3,3,34.48,11.4933,13.1,1.0,0.0457,1.0,Customer-level address and order-value evidence for top or mismatched customers.
top_customer_address_value,customer,Bowie Laurenzi,1775,,customer_value_rank,857.0,1,1,1,0,4,4,34.47,8.6175,15.95,1.0,0.0457,1.0,Customer-level address and order-value evidence for top or mismatched customers.
top_customer_address_value,customer,Patin Casaletto,867,,customer_value_rank,858.0,1,2,1,1,2,2,34.46,17.23,8.9,2.0,0.0457,1.0,Customer-level address and order-value evidence for top or mismatched customers.
top_customer_address_value,customer,Ivar Corona,914,,customer_value_rank,859.0,1,2,2,0,2,2,34.45,17.225,18.2,2.0,0.0457,2.0,Customer-level address and order-value evidence for top or mismatched customers.
top_customer_address_value,customer,Gallard Whanstall,314,,customer_value_rank,860.0,1,1,1,0,3,3,34.38,11.46,15.1,1.0,0.0456,1.0,Customer-level address and order-value evidence for top or mismatched customers.
top_customer_address_value,customer,Xena Kretchmer,1743,,customer_value_rank,861.0,1,3,2,1,3,3,34.38,11.46,16.1,2.0,0.0456,2.0,Customer-level address and order-value evidence for top or mismatched customers.
top_customer_address_value,customer,Rad Bernth,520,,customer_value_rank,862.0,1,2,2,0,5,5,34.36,6.872,9.5,2.0,0.0455,1.0,Customer-level address and order-value evidence for top or mismatched customers.
top_customer_address_value,customer,Orbadiah Gason,1229,,customer_value_rank,863.0,1,2,2,0,2,2,34.31,17.155,18.2,2.0,0.0455,2.0,Customer-level address and order-value evidence for top or mismatched customers.
top_customer_address_value,customer,Mitchel Babbage,1245,,customer_value_rank,864.0,1,2,2,0,6,6,34.3,5.7167,11.0,2.0,0.0455,2.0,Customer-level address and order-value evidence for top or mismatched customers.
top_customer_address_value,customer,Isabel Chenery,1078,,customer_value_rank,865.0,1,2,2,0,4,4,34.27,8.5675,13.55,1.0,0.0454,1.0,Customer-level address and order-value evidence for top or mismatched customers.
top_customer_address_value,customer,Aldon Skone,1912,,customer_value_rank,866.0,1,2,1,1,5,5,34.24,6.848,17.66,2.0,0.0454,1.0,Customer-level address and order-value evidence for top or mismatched customers.
top_customer_address_value,customer,Moss Zarb,81,,customer_value_rank,867.0,1,2,2,0,4,4,34.2,8.55,16.7,2.0,0.0453,1.0,Customer-level address and order-value evidence for top or mismatched customers.
top_customer_address_value,customer,Felice Bonwell,1857,,customer_value_rank,868.0,1,2,2,0,4,4,34.18,8.545,12.8,2.0,0.0453,1.0,Customer-level address and order-value evidence for top or mismatched customers.
top_customer_address_value,customer,Fairlie Sedgeworth,1051,,customer_value_rank,869.0,1,2,2,0,4,4,34.13,8.5325,12.8,2.0,0.0452,1.0,Customer-level address and order-value evidence for top or mismatched customers.
top_customer_address_value,customer,Gian Penburton,830,,customer_value_rank,870.0,1,1,1,0,3,3,34.12,11.3733,7.9,1.0,0.0452,1.0,Customer-level address and order-value evidence for top or mismatched customers.
top_customer_address_value,customer,Zebadiah Ducker,1238,,customer_value_rank,871.0,1,1,1,0,4,4,34.04,8.51,15.05,1.0,0.0451,1.0,Customer-level address and order-value evidence for top or mismatched customers.
top_customer_address_value,customer,Jermain Giraudeau,7,,customer_value_rank,872.0,1,2,2,0,4,4,34.0,8.5,10.4,2.0,0.0451,1.0,Customer-level address and order-value evidence for top or mismatched customers.
top_customer_address_value,customer,Jane Bradneck,1179,,customer_value_rank,873.0,1,1,1,0,7,7,33.91,4.8443,11.5571,1.0,0.0449,1.0,Customer-level address and order-value evidence for top or mismatched customers.
top_customer_address_value,customer,Illa Kinnaird,1160,,customer_value_rank,874.0,1,2,2,0,4,4,33.9,8.475,12.05,2.0,0.0449,2.0,Customer-level address and order-value evidence for top or mismatched customers.
top_customer_address_value,customer,Jamill Brimson,284,,customer_value_rank,875.0,1,1,1,0,3,3,33.84,11.28,5.9,1.0,0.0449,1.0,Customer-level address and order-value evidence for top or mismatched customers.
top_customer_address_value,customer,Maximilian MacAvddy,1230,,customer_value_rank,876.0,1,2,1,1,2,2,33.65,16.825,10.4,2.0,0.0446,1.0,Customer-level address and order-value evidence for top or mismatched customers.
top_customer_address_value,customer,Ulberto Kettel,1660,,customer_value_rank,877.0,1,2,2,0,3,3,33.62,11.2067,14.1,2.0,0.0446,1.0,Customer-level address and order-value evidence for top or mismatched customers.
top_customer_address_value,customer,Lin Speck,1642,,customer_value_rank,878.0,1,1,1,0,5,5,33.43,6.686,10.7,1.0,0.0443,1.0,Customer-level address and order-value evidence for top or mismatched customers.
top_customer_address_value,customer,Ramsey Snaden,730,,customer_value_rank,879.0,1,1,1,0,5,5,33.31,6.662,13.94,1.0,0.0441,1.0,Customer-level address and order-value evidence for top or mismatched customers.
top_customer_address_value,customer,Kira Lethbury,935,,customer_value_rank,880.0,1,2,2,0,6,6,33.26,5.5433,9.9,2.0,0.0441,2.0,Customer-level address and order-value evidence for top or mismatched customers.
top_customer_address_value,customer,Joanne Preuvost,1473,,customer_value_rank,881.0,1,1,1,0,3,3,33.23,11.0767,9.9,1.0,0.044,1.0,Customer-level address and order-value evidence for top or mismatched customers.
top_customer_address_value,customer,Lurlene Lente,1623,,customer_value_rank,882.0,1,1,1,0,4,4,33.19,8.2975,8.15,1.0,0.044,1.0,Customer-level address and order-value evidence for top or mismatched customers.
top_customer_address_value,customer,Shandee Jenicke,397,,customer_value_rank,883.0,1,1,1,0,3,3,33.15,11.05,16.1,1.0,0.0439,1.0,Customer-level address and order-value evidence for top or mismatched customers.
top_customer_address_value,customer,Leanora Swannack,1928,,customer_value_rank,884.0,1,2,2,0,4,4,33.09,8.2725,10.4,2.0,0.0439,2.0,Customer-level address and order-value evidence for top or mismatched customers.
top_customer_address_value,customer,Diane Muffett,1719,,customer_value_rank,885.0,1,2,2,0,4,4,33.09,8.2725,21.35,2.0,0.0439,2.0,Customer-level address and order-value evidence for top or mismatched customers.
top_customer_address_value,customer,Eberhard Friedlos,1111,,customer_value_rank,886.0,1,1,1,0,4,4,33.0,8.25,8.9,1.0,0.0437,1.0,Customer-level address and order-value evidence for top or mismatched customers.
top_customer_address_value,customer,Margaretha Praundl,335,,customer_value_rank,887.0,1,2,2,0,4,4,32.99,8.2475,16.7,2.0,0.0437,1.0,Customer-level address and order-value evidence for top or mismatched customers.
top_customer_address_value,customer,Melissa Giraudel,1828,,customer_value_rank,888.0,1,2,2,0,2,2,32.9,16.45,16.7,2.0,0.0436,1.0,Customer-level address and order-value evidence for top or mismatched customers.
top_customer_address_value,customer,Colette Velez,1334,,customer_value_rank,889.0,1,2,2,0,2,2,32.83,16.415,16.7,2.0,0.0435,1.0,Customer-level address and order-value evidence for top or mismatched customers.
top_customer_address_value,customer,Tricia Saull,87,,customer_value_rank,890.0,1,2,2,0,4,4,32.8,8.2,18.2,2.0,0.0435,2.0,Customer-level address and order-value evidence for top or mismatched customers.
top_customer_address_value,customer,Leone Utterson,304,,customer_value_rank,891.0,1,2,2,0,4,4,32.79,8.1975,8.15,2.0,0.0435,2.0,Customer-level address and order-value evidence for top or mismatched customers.
top_customer_address_value,customer,Natka Coppen,1491,,customer_value_rank,892.0,1,1,1,0,4,4,32.78,8.195,14.3,1.0,0.0434,1.0,Customer-level address and order-value evidence for top or mismatched customers.
top_customer_address_value,customer,Alaster Lemmers,272,,customer_value_rank,893.0,1,2,2,0,2,2,32.74,16.37,5.9,2.0,0.0434,1.0,Customer-level address and order-value evidence for top or mismatched customers.
top_customer_address_value,customer,Antonella Scotchbourouge,70,,customer_value_rank,894.0,1,1,1,0,4,4,32.68,8.17,8.15,1.0,0.0433,1.0,Customer-level address and order-value evidence for top or mismatched customers.
top_customer_address_value,customer,Natassia Dearl,1173,,customer_value_rank,895.0,1,2,2,0,5,5,32.67,6.534,12.62,2.0,0.0433,1.0,Customer-level address and order-value evidence for top or mismatched customers.
top_customer_address_value,customer,Clerc Midghall,814,,customer_value_rank,896.0,1,2,2,0,3,3,32.66,10.8867,12.1,2.0,0.0433,2.0,Customer-level address and order-value evidence for top or mismatched customers.
top_customer_address_value,customer,Nolana Sweetsur,980,,customer_value_rank,897.0,1,3,3,0,4,4,32.65,8.1625,10.4,3.0,0.0433,2.0,Customer-level address and order-value evidence for top or mismatched customers.
top_customer_address_value,customer,Kelly Tomsen,1439,,customer_value_rank,898.0,1,1,1,0,4,4,32.56,8.14,16.7,1.0,0.0432,1.0,Customer-level address and order-value evidence for top or mismatched customers.
top_customer_address_value,customer,Merwyn Marshallsay,625,,customer_value_rank,899.0,1,1,1,0,4,4,32.34,8.085,8.15,1.0,0.0429,1.0,Customer-level address and order-value evidence for top or mismatched customers.
top_customer_address_value,customer,Lorain Gradly,1479,,customer_value_rank,900.0,1,2,1,1,2,2,32.27,16.135,10.4,2.0,0.0428,2.0,Customer-level address and order-value evidence for top or mismatched customers.
top_customer_address_value,customer,Clarine Pryer,1136,,customer_value_rank,901.0,1,1,1,0,4,4,32.24,8.06,12.8,1.0,0.0427,1.0,Customer-level address and order-value evidence for top or mismatched customers.
top_customer_address_value,customer,Hall Jerome,381,,customer_value_rank,902.0,1,1,1,0,5,5,32.22,6.444,12.62,1.0,0.0427,1.0,Customer-level address and order-value evidence for top or mismatched customers.
top_customer_address_value,customer,Carson Cadore,1244,,customer_value_rank,903.0,1,2,2,0,4,4,32.16,8.04,12.05,2.0,0.0426,2.0,Customer-level address and order-value evidence for top or mismatched customers.
top_customer_address_value,customer,Liliane Ashdown,1831,,customer_value_rank,904.0,1,2,2,0,4,4,32.15,8.0375,10.4,2.0,0.0426,1.0,Customer-level address and order-value evidence for top or mismatched customers.
top_customer_address_value,customer,Doyle Shimwell,57,,customer_value_rank,905.0,1,2,2,0,3,3,32.03,10.6767,8.9,2.0,0.0425,1.0,Customer-level address and order-value evidence for top or mismatched customers.
top_customer_address_value,customer,Ilysa Hallgate,1715,,customer_value_rank,906.0,1,1,1,0,4,4,31.98,7.995,6.65,1.0,0.0424,1.0,Customer-level address and order-value evidence for top or mismatched customers.
top_customer_address_value,customer,Phebe Curdell,9,,customer_value_rank,907.0,1,1,1,0,3,3,31.96,10.6533,8.9,1.0,0.0424,1.0,Customer-level address and order-value evidence for top or mismatched customers.
top_customer_address_value,customer,Homerus Clemes,1371,,customer_value_rank,908.0,1,1,1,0,2,2,31.94,15.97,24.5,1.0,0.0423,1.0,Customer-level address and order-value evidence for top or mismatched customers.
top_customer_address_value,customer,Beniamino Rillatt,516,,customer_value_rank,909.0,1,1,1,0,2,2,31.85,15.925,7.4,1.0,0.0422,1.0,Customer-level address and order-value evidence for top or mismatched customers.
top_customer_address_value,customer,Wilma MacGorrie,951,,customer_value_rank,910.0,1,1,1,0,3,3,31.77,10.59,9.9,1.0,0.0421,1.0,Customer-level address and order-value evidence for top or mismatched customers.
top_customer_address_value,customer,Lynsey McPeice,168,,customer_value_rank,911.0,1,2,2,0,2,2,31.73,15.865,7.4,2.0,0.0421,2.0,Customer-level address and order-value evidence for top or mismatched customers.
top_customer_address_value,customer,Skipton Chessor,1264,,customer_value_rank,912.0,1,3,2,1,5,5,31.53,6.306,12.62,2.0,0.0418,1.0,Customer-level address and order-value evidence for top or mismatched customers.
top_customer_address_value,customer,Jeffry Spohrmann,719,,customer_value_rank,913.0,1,2,1,1,3,3,31.52,10.5067,14.1,2.0,0.0418,2.0,Customer-level address and order-value evidence for top or mismatched customers.
top_customer_address_value,customer,Decca Boddy,1378,,customer_value_rank,914.0,1,2,2,0,2,2,31.5,15.75,16.7,2.0,0.0417,2.0,Customer-level address and order-value evidence for top or mismatched customers.
top_customer_address_value,customer,Edyth Revie,248,,customer_value_rank,915.0,1,2,2,0,3,3,31.47,10.49,8.9,2.0,0.0417,1.0,Customer-level address and order-value evidence for top or mismatched customers.
top_customer_address_value,customer,Dorice Petris,1155,,customer_value_rank,916.0,1,1,1,0,3,3,31.42,10.4733,14.1,1.0,0.0416,1.0,Customer-level address and order-value evidence for top or mismatched customers.
top_customer_address_value,customer,Mignon Ranger,301,,customer_value_rank,917.0,1,2,2,0,3,3,31.41,10.47,16.1,2.0,0.0416,2.0,Customer-level address and order-value evidence for top or mismatched customers.
top_customer_address_value,customer,Deana Matusevich,1545,,customer_value_rank,918.0,1,3,2,1,3,3,31.37,10.4567,9.9,2.0,0.0416,2.0,Customer-level address and order-value evidence for top or mismatched customers.
top_customer_address_value,customer,Rubie Kington,1311,,customer_value_rank,919.0,1,2,2,0,3,3,31.37,10.4567,14.1,2.0,0.0416,2.0,Customer-level address and order-value evidence for top or mismatched customers.
top_customer_address_value,customer,Jon Del Castello,357,,customer_value_rank,920.0,1,1,1,0,2,2,31.29,15.645,11.9,1.0,0.0415,1.0,Customer-level address and order-value evidence for top or mismatched customers.
top_customer_address_value,customer,Sonni Gontier,1879,,customer_value_rank,921.0,1,1,1,0,3,3,31.12,10.3733,24.5,1.0,0.0412,1.0,Customer-level address and order-value evidence for top or mismatched customers.
top_customer_address_value,customer,Addie Basterfield,161,,customer_value_rank,922.0,1,2,2,0,5,5,31.11,6.222,8.9,2.0,0.0412,2.0,Customer-level address and order-value evidence for top or mismatched customers.
top_customer_address_value,customer,Sarge Tooke,1090,,customer_value_rank,923.0,1,3,2,1,4,4,31.11,7.7775,12.8,3.0,0.0412,2.0,Customer-level address and order-value evidence for top or mismatched customers.
top_customer_address_value,customer,Sven Decent,657,,customer_value_rank,924.0,1,3,2,1,4,4,31.04,7.76,15.2,3.0,0.0411,1.0,Customer-level address and order-value evidence for top or mismatched customers.
top_customer_address_value,customer,Kennett Ambroisin,687,,customer_value_rank,925.0,1,1,1,0,3,3,31.03,10.3433,19.3,1.0,0.0411,1.0,Customer-level address and order-value evidence for top or mismatched customers.
top_customer_address_value,customer,Barny Shadwick,375,,customer_value_rank,926.0,1,1,1,0,4,4,30.94,7.735,8.9,1.0,0.041,1.0,Customer-level address and order-value evidence for top or mismatched customers.
top_customer_address_value,customer,Orella Willmetts,1522,,customer_value_rank,927.0,1,2,2,0,3,3,30.91,10.3033,7.9,2.0,0.041,1.0,Customer-level address and order-value evidence for top or mismatched customers.
top_customer_address_value,customer,Bobette Lewendon,254,,customer_value_rank,928.0,1,1,1,0,4,4,30.91,7.7275,12.8,1.0,0.041,1.0,Customer-level address and order-value evidence for top or mismatched customers.
top_customer_address_value,customer,Dacy Mabe,27,,customer_value_rank,929.0,1,1,1,0,3,3,30.9,10.3,7.9,1.0,0.041,1.0,Customer-level address and order-value evidence for top or mismatched customers.
top_customer_address_value,customer,Jacquelyn Thewlis,330,,customer_value_rank,930.0,1,1,1,0,3,3,30.9,10.3,7.9,1.0,0.041,1.0,Customer-level address and order-value evidence for top or mismatched customers.
top_customer_address_value,customer,Alejandrina Wellings,1737,,customer_value_rank,931.0,1,1,1,0,2,2,30.9,15.45,8.9,1.0,0.041,1.0,Customer-level address and order-value evidence for top or mismatched customers.
top_customer_address_value,customer,Tessi Carbin,903,,customer_value_rank,932.0,1,2,2,0,3,3,30.81,10.27,12.1,2.0,0.0408,2.0,Customer-level address and order-value evidence for top or mismatched customers.
top_customer_address_value,customer,Rasia Edland,993,,customer_value_rank,933.0,1,2,1,1,2,2,30.8,15.4,10.4,2.0,0.0408,2.0,Customer-level address and order-value evidence for top or mismatched customers.
top_customer_address_value,customer,Lianne Gorry,99,,customer_value_rank,934.0,1,3,2,1,4,4,30.76,7.69,17.45,3.0,0.0408,3.0,Customer-level address and order-value evidence for top or mismatched customers.
top_customer_address_value,customer,Aguste Robarts,1286,,customer_value_rank,935.0,1,1,1,0,2,2,30.6,15.3,18.2,1.0,0.0406,1.0,Customer-level address and order-value evidence for top or mismatched customers.
top_customer_address_value,customer,Fonzie Bachellier,1278,,customer_value_rank,936.0,1,2,2,0,5,5,30.59,6.118,10.7,2.0,0.0405,1.0,Customer-level address and order-value evidence for top or mismatched customers.
top_customer_address_value,customer,Zachery Hriinchenko,174,,customer_value_rank,937.0,1,1,1,0,4,4,30.49,7.6225,8.9,1.0,0.0404,1.0,Customer-level address and order-value evidence for top or mismatched customers.
top_customer_address_value,customer,Blayne Horbath,1094,,customer_value_rank,938.0,1,1,1,0,3,3,30.47,10.1567,10.9,1.0,0.0404,1.0,Customer-level address and order-value evidence for top or mismatched customers.
top_customer_address_value,customer,Ivory Perillo,208,,customer_value_rank,939.0,1,2,2,0,2,2,30.44,15.22,10.4,2.0,0.0403,2.0,Customer-level address and order-value evidence for top or mismatched customers.
top_customer_address_value,customer,Opalina Bentham3,1120,,customer_value_rank,940.0,1,1,1,0,4,4,30.39,7.5975,12.8,1.0,0.0403,1.0,Customer-level address and order-value evidence for top or mismatched customers.
top_customer_address_value,customer,Eleanora Clemon,1301,,customer_value_rank,941.0,1,1,1,0,2,2,30.36,15.18,15.2,1.0,0.0402,1.0,Customer-level address and order-value evidence for top or mismatched customers.
top_customer_address_value,customer,Carmela Jarvie,986,,customer_value_rank,942.0,1,2,2,0,2,2,30.35,15.175,7.4,1.0,0.0402,1.0,Customer-level address and order-value evidence for top or mismatched customers.
top_customer_address_value,customer,Cecile Hrinishin,654,,customer_value_rank,943.0,1,2,1,1,4,4,30.32,7.58,12.8,2.0,0.0402,1.0,Customer-level address and order-value evidence for top or mismatched customers.
top_customer_address_value,customer,Lenci Brookshaw,1875,,customer_value_rank,944.0,1,2,2,0,4,4,30.3,7.575,15.2,2.0,0.0402,2.0,Customer-level address and order-value evidence for top or mismatched customers.
top_customer_address_value,customer,Theresita Grelak,1435,,customer_value_rank,945.0,1,2,2,0,3,3,30.11,10.0367,18.3,2.0,0.0399,2.0,Customer-level address and order-value evidence for top or mismatched customers.
top_customer_address_value,customer,Abbot Tesseyman,218,,customer_value_rank,946.0,1,2,2,0,2,2,30.1,15.05,18.2,1.0,0.0399,1.0,Customer-level address and order-value evidence for top or mismatched customers.
top_customer_address_value,customer,Jenilee Ayliffe,505,,customer_value_rank,947.0,1,2,2,0,3,3,30.03,10.01,5.9,2.0,0.0398,1.0,Customer-level address and order-value evidence for top or mismatched customers.
top_customer_address_value,customer,Archibaldo Bustin,683,,customer_value_rank,948.0,1,3,2,1,3,3,30.02,10.0067,18.3,2.0,0.0398,2.0,Customer-level address and order-value evidence for top or mismatched customers.
top_customer_address_value,customer,Dolf Reynoollds,1932,,customer_value_rank,949.0,1,2,2,0,2,2,30.0,15.0,8.9,2.0,0.0398,2.0,Customer-level address and order-value evidence for top or mismatched customers.
top_customer_address_value,customer,Tarrah Chiechio,235,,customer_value_rank,950.0,1,2,2,0,4,4,29.92,7.48,11.3,2.0,0.0397,2.0,Customer-level address and order-value evidence for top or mismatched customers.
top_customer_address_value,customer,Brigit Pettipher,912,,customer_value_rank,951.0,1,1,1,0,3,3,29.92,9.9733,9.9,1.0,0.0397,1.0,Customer-level address and order-value evidence for top or mismatched customers.
top_customer_address_value,customer,Kora Bamber,1602,,customer_value_rank,952.0,1,3,2,1,4,4,29.84,7.46,12.8,3.0,0.0395,2.0,Customer-level address and order-value evidence for top or mismatched customers.
top_customer_address_value,customer,Debbi Huyghe,16,,customer_value_rank,953.0,1,2,2,0,2,2,29.79,14.895,16.7,2.0,0.0395,2.0,Customer-level address and order-value evidence for top or mismatched customers.
top_customer_address_value,customer,Deonne Lowen,551,,customer_value_rank,954.0,1,2,2,0,4,4,29.77,7.4425,9.65,2.0,0.0395,1.0,Customer-level address and order-value evidence for top or mismatched customers.
top_customer_address_value,customer,Nadine Blackburne,1455,,customer_value_rank,955.0,1,1,1,0,2,2,29.64,14.82,11.9,1.0,0.0393,1.0,Customer-level address and order-value evidence for top or mismatched customers.
top_customer_address_value,customer,Jolee Alejandre,1882,,customer_value_rank,956.0,1,1,1,0,3,3,29.59,9.8633,10.9,1.0,0.0392,1.0,Customer-level address and order-value evidence for top or mismatched customers.
top_customer_address_value,customer,Roxy Cotton,883,,customer_value_rank,957.0,1,2,2,0,4,4,29.55,7.3875,9.65,2.0,0.0392,2.0,Customer-level address and order-value evidence for top or mismatched customers.
top_customer_address_value,customer,Germaine Aseef,1465,,customer_value_rank,958.0,1,1,1,0,4,4,29.4,7.35,9.65,1.0,0.039,1.0,Customer-level address and order-value evidence for top or mismatched customers.
top_customer_address_value,customer,Vivie McVie,1900,,customer_value_rank,959.0,1,1,1,0,3,3,29.36,9.7867,14.1,1.0,0.0389,1.0,Customer-level address and order-value evidence for top or mismatched customers.
top_customer_address_value,customer,Thorstein Crufts,614,,customer_value_rank,960.0,1,1,1,0,5,5,29.35,5.87,12.62,1.0,0.0389,1.0,Customer-level address and order-value evidence for top or mismatched customers.
top_customer_address_value,customer,Sutton Grunder,1485,,customer_value_rank,961.0,1,1,1,0,3,3,29.33,9.7767,12.1,1.0,0.0389,1.0,Customer-level address and order-value evidence for top or mismatched customers.
top_customer_address_value,customer,Miguel Fromont,1845,,customer_value_rank,962.0,1,2,1,1,4,4,29.29,7.3225,18.2,2.0,0.0388,1.0,Customer-level address and order-value evidence for top or mismatched customers.
top_customer_address_value,customer,Cyrillus Phelip,916,,customer_value_rank,963.0,1,2,2,0,7,7,29.17,4.1671,12.5,2.0,0.0387,2.0,Customer-level address and order-value evidence for top or mismatched customers.
top_customer_address_value,customer,Aimil Wherry,1666,,customer_value_rank,964.0,1,2,2,0,2,2,29.15,14.575,16.7,2.0,0.0386,1.0,Customer-level address and order-value evidence for top or mismatched customers.
top_customer_address_value,customer,Cesare Kordova,1697,,customer_value_rank,965.0,1,1,1,0,4,4,29.07,7.2675,13.55,1.0,0.0385,1.0,Customer-level address and order-value evidence for top or mismatched customers.
top_customer_address_value,customer,Zaria MacCafferky,416,,customer_value_rank,966.0,1,2,1,1,4,4,29.06,7.265,7.4,2.0,0.0385,1.0,Customer-level address and order-value evidence for top or mismatched customers.
top_customer_address_value,customer,Derek Schober,594,,customer_value_rank,967.0,1,1,1,0,3,3,29.05,9.6833,14.1,1.0,0.0385,1.0,Customer-level address and order-value evidence for top or mismatched customers.
top_customer_address_value,customer,Matteo Minmagh,1265,,customer_value_rank,968.0,1,2,2,0,2,2,29.04,14.52,16.7,2.0,0.0385,2.0,Customer-level address and order-value evidence for top or mismatched customers.
top_customer_address_value,customer,Diandra Barnham,1876,,customer_value_rank,969.0,1,1,1,0,3,3,28.96,9.6533,8.9,1.0,0.0384,1.0,Customer-level address and order-value evidence for top or mismatched customers.
top_customer_address_value,customer,Harland Brands,793,,customer_value_rank,970.0,1,1,1,0,2,2,28.94,14.47,7.4,1.0,0.0384,1.0,Customer-level address and order-value evidence for top or mismatched customers.
top_customer_address_value,customer,Terrance Lashbrook,1255,,customer_value_rank,971.0,1,2,2,0,2,2,28.92,14.46,8.9,2.0,0.0383,2.0,Customer-level address and order-value evidence for top or mismatched customers.
top_customer_address_value,customer,Valentine Fonteyne,617,,customer_value_rank,972.0,1,2,2,0,2,2,28.9,14.45,10.4,2.0,0.0383,1.0,Customer-level address and order-value evidence for top or mismatched customers.
top_customer_address_value,customer,Hardy Dundendale,672,,customer_value_rank,973.0,1,3,3,0,2,2,28.83,14.415,18.2,2.0,0.0382,1.0,Customer-level address and order-value evidence for top or mismatched customers.
top_customer_address_value,customer,Meggi Eickhoff,1215,,customer_value_rank,974.0,1,1,1,0,3,3,28.82,9.6067,10.9,1.0,0.0382,1.0,Customer-level address and order-value evidence for top or mismatched customers.
top_customer_address_value,customer,Earvin Brownett,1052,,customer_value_rank,975.0,1,1,1,0,3,3,28.81,9.6033,18.3,1.0,0.0382,1.0,Customer-level address and order-value evidence for top or mismatched customers.
top_customer_address_value,customer,Aube Woodroff,689,,customer_value_rank,976.0,1,1,1,0,4,4,28.7,7.175,16.7,1.0,0.038,1.0,Customer-level address and order-value evidence for top or mismatched customers.
top_customer_address_value,customer,Craig D'Acth,619,,customer_value_rank,977.0,1,3,2,1,3,3,28.7,9.5667,19.3,3.0,0.038,1.0,Customer-level address and order-value evidence for top or mismatched customers.
top_customer_address_value,customer,Maisie Payle,1749,,customer_value_rank,978.0,1,2,1,1,2,2,28.56,14.28,11.9,2.0,0.0379,2.0,Customer-level address and order-value evidence for top or mismatched customers.
top_customer_address_value,customer,Elianora Golder,552,,customer_value_rank,979.0,1,1,1,0,3,3,28.56,9.52,8.9,1.0,0.0379,1.0,Customer-level address and order-value evidence for top or mismatched customers.
top_customer_address_value,customer,Melany Viscovi,244,,customer_value_rank,980.0,1,2,2,0,3,3,28.55,9.5167,20.3,2.0,0.0378,2.0,Customer-level address and order-value evidence for top or mismatched customers.
top_customer_address_value,customer,Salomone Rummin,620,,customer_value_rank,981.0,1,2,2,0,3,3,28.49,9.4967,14.1,2.0,0.0378,1.0,Customer-level address and order-value evidence for top or mismatched customers.
top_customer_address_value,customer,Alvis Atkirk,891,,customer_value_rank,982.0,1,2,1,1,4,4,28.48,7.12,12.05,2.0,0.0377,2.0,Customer-level address and order-value evidence for top or mismatched customers.
top_customer_address_value,customer,Sianna Cotgrove,1979,,customer_value_rank,983.0,1,3,2,1,2,2,28.46,14.23,15.2,3.0,0.0377,2.0,Customer-level address and order-value evidence for top or mismatched customers.
top_customer_address_value,customer,Jemie Redmille,901,,customer_value_rank,984.0,1,2,2,0,2,2,28.36,14.18,8.9,2.0,0.0376,1.0,Customer-level address and order-value evidence for top or mismatched customers.
top_customer_address_value,customer,Theo Maureen,565,,customer_value_rank,985.0,1,2,2,0,6,6,28.35,4.725,15.6,2.0,0.0376,2.0,Customer-level address and order-value evidence for top or mismatched customers.
top_customer_address_value,customer,Kellen Hellens,1987,,customer_value_rank,986.0,1,1,1,0,6,6,28.34,4.7233,9.9,1.0,0.0376,1.0,Customer-level address and order-value evidence for top or mismatched customers.
top_customer_address_value,customer,Karen Bartholin,843,,customer_value_rank,987.0,1,3,2,1,5,5,28.12,5.624,13.94,3.0,0.0373,2.0,Customer-level address and order-value evidence for top or mismatched customers.
top_customer_address_value,customer,Saraann Willoughey,1575,,customer_value_rank,988.0,1,1,1,0,2,2,28.1,14.05,7.4,1.0,0.0372,1.0,Customer-level address and order-value evidence for top or mismatched customers.
top_customer_address_value,customer,Tyrus Seiler,757,,customer_value_rank,989.0,1,2,2,0,5,5,28.06,5.612,14.54,2.0,0.0372,1.0,Customer-level address and order-value evidence for top or mismatched customers.
top_customer_address_value,customer,Rozella Gwilt,371,,customer_value_rank,990.0,1,2,2,0,2,2,27.98,13.99,8.9,2.0,0.0371,2.0,Customer-level address and order-value evidence for top or mismatched customers.
top_customer_address_value,customer,Fiona Elderbrant,576,,customer_value_rank,991.0,1,2,2,0,3,3,27.96,9.32,14.1,2.0,0.0371,1.0,Customer-level address and order-value evidence for top or mismatched customers.
top_customer_address_value,customer,Erma Realy,436,,customer_value_rank,992.0,1,3,2,1,4,4,27.8,6.95,5.9,2.0,0.0368,1.0,Customer-level address and order-value evidence for top or mismatched customers.
top_customer_address_value,customer,Syd de Leon,1511,,customer_value_rank,993.0,1,3,2,1,2,2,27.64,13.82,5.9,3.0,0.0366,1.0,Customer-level address and order-value evidence for top or mismatched customers.
top_customer_address_value,customer,Reinold Fransman,1502,,customer_value_rank,994.0,1,2,2,0,5,5,27.6,5.52,15.74,2.0,0.0366,2.0,Customer-level address and order-value evidence for top or mismatched customers.
top_customer_address_value,customer,Ephrem Mc Ilwrick,347,,customer_value_rank,995.0,1,1,1,0,2,2,27.55,13.775,10.4,1.0,0.0365,1.0,Customer-level address and order-value evidence for top or mismatched customers.
top_customer_address_value,customer,Franciskus Minchinden,130,,customer_value_rank,996.0,1,1,1,0,4,4,27.46,6.865,8.9,1.0,0.0364,1.0,Customer-level address and order-value evidence for top or mismatched customers.
top_customer_address_value,customer,Adele Bromehead,848,,customer_value_rank,997.0,1,2,2,0,3,3,27.42,9.14,18.3,2.0,0.0363,2.0,Customer-level address and order-value evidence for top or mismatched customers.
top_customer_address_value,customer,Carlyle Storey,949,,customer_value_rank,998.0,1,3,2,1,2,2,27.39,13.695,8.9,3.0,0.0363,2.0,Customer-level address and order-value evidence for top or mismatched customers.
top_customer_address_value,customer,Cordey Swaton,1671,,customer_value_rank,999.0,1,2,1,1,4,4,27.31,6.8275,7.4,2.0,0.0362,2.0,Customer-level address and order-value evidence for top or mismatched customers.
top_customer_address_value,customer,Livvyy Rising,1199,,customer_value_rank,1000.0,1,1,1,0,2,2,27.28,13.64,15.2,1.0,0.0362,1.0,Customer-level address and order-value evidence for top or mismatched customers.
top_customer_address_value,customer,Jaquelyn L'Homme,1164,,customer_value_rank,1001.0,1,1,1,0,3,3,27.25,9.0833,7.9,1.0,0.0361,1.0,Customer-level address and order-value evidence for top or mismatched customers.
top_customer_address_value,customer,Scarlett Ormrod,1082,,customer_value_rank,1002.0,1,1,1,0,3,3,27.23,9.0767,19.3,1.0,0.0361,1.0,Customer-level address and order-value evidence for top or mismatched customers.
top_customer_address_value,customer,Ardene Yashin,1348,,customer_value_rank,1003.0,1,2,2,0,3,3,27.22,9.0733,15.1,2.0,0.0361,1.0,Customer-level address and order-value evidence for top or mismatched customers.
top_customer_address_value,customer,Eudora Bocke,1414,,customer_value_rank,1004.0,1,1,1,0,3,3,27.18,9.06,12.1,1.0,0.036,1.0,Customer-level address and order-value evidence for top or mismatched customers.
top_customer_address_value,customer,Giulietta Hanks,1969,,customer_value_rank,1005.0,1,1,1,0,2,2,27.17,13.585,11.9,1.0,0.036,1.0,Customer-level address and order-value evidence for top or mismatched customers.
top_customer_address_value,customer,Ronny Rubinowitsch,1390,,customer_value_rank,1006.0,1,2,2,0,2,2,27.13,13.565,11.9,2.0,0.036,2.0,Customer-level address and order-value evidence for top or mismatched customers.
top_customer_address_value,customer,Raul Pentelow,24,,customer_value_rank,1007.0,1,1,1,0,5,5,27.05,5.41,10.82,1.0,0.0359,1.0,Customer-level address and order-value evidence for top or mismatched customers.
top_customer_address_value,customer,Melisenda Kendred,839,,customer_value_rank,1008.0,1,1,1,0,3,3,27.03,9.01,24.5,1.0,0.0358,1.0,Customer-level address and order-value evidence for top or mismatched customers.
top_customer_address_value,customer,Adeline Sellner,263,,customer_value_rank,1009.0,1,2,2,0,2,2,27.01,13.505,8.9,2.0,0.0358,2.0,Customer-level address and order-value evidence for top or mismatched customers.
top_customer_address_value,customer,Roxana Troy,1091,,customer_value_rank,1010.0,1,1,1,0,5,5,26.99,5.398,11.42,1.0,0.0358,1.0,Customer-level address and order-value evidence for top or mismatched customers.
top_customer_address_value,customer,Ronda Scoble,515,,customer_value_rank,1011.0,1,1,1,0,5,5,26.96,5.392,12.02,1.0,0.0357,1.0,Customer-level address and order-value evidence for top or mismatched customers.
top_customer_address_value,customer,Nicolette Sadler,101,,customer_value_rank,1012.0,1,2,2,0,3,3,26.73,8.91,13.1,2.0,0.0354,1.0,Customer-level address and order-value evidence for top or mismatched customers.
top_customer_address_value,customer,Maribelle Luciani,1405,,customer_value_rank,1013.0,1,2,1,1,2,2,26.62,13.31,16.7,2.0,0.0353,1.0,Customer-level address and order-value evidence for top or mismatched customers.
top_customer_address_value,customer,Andra Izkovicz,1854,,customer_value_rank,1014.0,1,1,1,0,2,2,26.54,13.27,18.2,1.0,0.0352,1.0,Customer-level address and order-value evidence for top or mismatched customers.
top_customer_address_value,customer,Sean Kringe,550,,customer_value_rank,1015.0,1,3,2,1,3,3,26.43,8.81,14.1,3.0,0.035,2.0,Customer-level address and order-value evidence for top or mismatched customers.
top_customer_address_value,customer,Carlyle Attwater,1962,,customer_value_rank,1016.0,1,2,1,1,2,2,26.41,13.205,18.2,2.0,0.035,1.0,Customer-level address and order-value evidence for top or mismatched customers.
top_customer_address_value,customer,Hymie Kulis,698,,customer_value_rank,1017.0,1,3,2,1,3,3,26.31,8.77,6.9,3.0,0.0349,2.0,Customer-level address and order-value evidence for top or mismatched customers.
top_customer_address_value,customer,Melisse Shailer,50,,customer_value_rank,1018.0,1,1,1,0,3,3,26.15,8.7167,8.9,1.0,0.0347,1.0,Customer-level address and order-value evidence for top or mismatched customers.
top_customer_address_value,customer,Crista Casella,837,,customer_value_rank,1019.0,1,2,1,1,3,3,26.14,8.7133,19.3,2.0,0.0346,1.0,Customer-level address and order-value evidence for top or mismatched customers.
top_customer_address_value,customer,Annmaria Plenty,1770,,customer_value_rank,1020.0,1,2,2,0,3,3,26.11,8.7033,5.9,2.0,0.0346,1.0,Customer-level address and order-value evidence for top or mismatched customers.
top_customer_address_value,customer,Alis Goodie,1007,,customer_value_rank,1021.0,1,2,1,1,2,2,25.99,12.995,11.9,2.0,0.0344,2.0,Customer-level address and order-value evidence for top or mismatched customers.
top_customer_address_value,customer,Mireielle Jorgesen,1576,,customer_value_rank,1022.0,1,1,1,0,3,3,25.93,8.6433,18.3,1.0,0.0344,1.0,Customer-level address and order-value evidence for top or mismatched customers.
top_customer_address_value,customer,Leese Birtwhistle,264,,customer_value_rank,1023.0,1,1,1,0,3,3,25.76,8.5867,13.1,1.0,0.0341,1.0,Customer-level address and order-value evidence for top or mismatched customers.
top_customer_address_value,customer,Yetta Kuhlen,1629,,customer_value_rank,1024.0,1,2,1,1,3,3,25.72,8.5733,13.1,2.0,0.0341,1.0,Customer-level address and order-value evidence for top or mismatched customers.
top_customer_address_value,customer,Ulrika Rope,522,,customer_value_rank,1025.0,1,3,3,0,2,2,25.53,12.765,18.2,3.0,0.0338,1.0,Customer-level address and order-value evidence for top or mismatched customers.
top_customer_address_value,customer,Revkah Stronack,1195,,customer_value_rank,1026.0,1,3,2,1,3,3,25.51,8.5033,7.9,3.0,0.0338,1.0,Customer-level address and order-value evidence for top or mismatched customers.
top_customer_address_value,customer,Joane Lovewell,1423,,customer_value_rank,1027.0,1,4,2,2,3,3,25.47,8.49,11.9,3.0,0.0338,3.0,Customer-level address and order-value evidence for top or mismatched customers.
top_customer_address_value,customer,Alida Wapples,523,,customer_value_rank,1028.0,1,1,1,0,5,5,25.38,5.076,13.22,1.0,0.0336,1.0,Customer-level address and order-value evidence for top or mismatched customers.
top_customer_address_value,customer,Nicolina Scorthorne,44,,customer_value_rank,1029.0,1,2,2,0,3,3,25.36,8.4533,13.1,2.0,0.0336,1.0,Customer-level address and order-value evidence for top or mismatched customers.
top_customer_address_value,customer,Puff Owthwaite,587,,customer_value_rank,1030.0,1,2,2,0,2,2,25.35,12.675,10.4,2.0,0.0336,2.0,Customer-level address and order-value evidence for top or mismatched customers.
top_customer_address_value,customer,Peadar Preator,34,,customer_value_rank,1031.0,1,2,2,0,4,4,25.3,6.325,13.55,2.0,0.0335,2.0,Customer-level address and order-value evidence for top or mismatched customers.
top_customer_address_value,customer,Brear Coggins,1030,,customer_value_rank,1032.0,1,1,1,0,4,4,25.21,6.3025,8.9,1.0,0.0334,1.0,Customer-level address and order-value evidence for top or mismatched customers.
top_customer_address_value,customer,Pearle Cauldwell,1832,,customer_value_rank,1033.0,1,2,2,0,2,2,25.19,12.595,10.4,2.0,0.0334,2.0,Customer-level address and order-value evidence for top or mismatched customers.
top_customer_address_value,customer,Bastian Conibear,1257,,customer_value_rank,1034.0,1,2,1,1,3,3,25.18,8.3933,15.1,2.0,0.0334,2.0,Customer-level address and order-value evidence for top or mismatched customers.
top_customer_address_value,customer,Nolly Bonicelli,8,,customer_value_rank,1035.0,1,2,2,0,2,2,25.16,12.58,5.9,2.0,0.0333,2.0,Customer-level address and order-value evidence for top or mismatched customers.
top_customer_address_value,customer,Elfreda Gadd,1186,,customer_value_rank,1036.0,1,1,1,0,3,3,25.14,8.38,12.1,1.0,0.0333,1.0,Customer-level address and order-value evidence for top or mismatched customers.
top_customer_address_value,customer,Miguela Morican,1959,,customer_value_rank,1037.0,1,2,2,0,2,2,25.11,12.555,15.2,1.0,0.0333,1.0,Customer-level address and order-value evidence for top or mismatched customers.
top_customer_address_value,customer,Gerianna Valente,596,,customer_value_rank,1038.0,1,2,2,0,4,4,25.02,6.255,15.95,2.0,0.0332,2.0,Customer-level address and order-value evidence for top or mismatched customers.
top_customer_address_value,customer,Aurlie Extil,1241,,customer_value_rank,1039.0,1,1,1,0,3,3,24.97,8.3233,13.1,1.0,0.0331,1.0,Customer-level address and order-value evidence for top or mismatched customers.
top_customer_address_value,customer,Pier Donovin,1578,,customer_value_rank,1040.0,1,1,1,0,2,2,24.97,12.485,7.4,1.0,0.0331,1.0,Customer-level address and order-value evidence for top or mismatched customers.
top_customer_address_value,customer,Trenton Spenceley,909,,customer_value_rank,1041.0,1,2,2,0,3,3,24.93,8.31,8.9,2.0,0.033,2.0,Customer-level address and order-value evidence for top or mismatched customers.
top_customer_address_value,customer,Kingston Seiler,880,,customer_value_rank,1042.0,1,2,2,0,4,4,24.88,6.22,12.8,2.0,0.033,2.0,Customer-level address and order-value evidence for top or mismatched customers.
top_customer_address_value,customer,Eb Sydenham,331,,customer_value_rank,1043.0,1,1,1,0,4,4,24.78,6.195,11.3,1.0,0.0328,1.0,Customer-level address and order-value evidence for top or mismatched customers.
top_customer_address_value,customer,Anthe Erdes,209,,customer_value_rank,1044.0,1,1,1,0,3,3,24.77,8.2567,15.1,1.0,0.0328,1.0,Customer-level address and order-value evidence for top or mismatched customers.
top_customer_address_value,customer,Trstram Jellman,1457,,customer_value_rank,1045.0,1,1,1,0,2,2,24.71,12.355,11.9,1.0,0.0328,1.0,Customer-level address and order-value evidence for top or mismatched customers.
top_customer_address_value,customer,Faber Cline,181,,customer_value_rank,1046.0,1,2,1,1,3,3,24.65,8.2167,11.9,2.0,0.0327,1.0,Customer-level address and order-value evidence for top or mismatched customers.
top_customer_address_value,customer,Roseline Plampin,1184,,customer_value_rank,1047.0,1,1,1,0,2,2,24.62,12.31,7.4,1.0,0.0326,1.0,Customer-level address and order-value evidence for top or mismatched customers.
top_customer_address_value,customer,Johnny Hanlin,1398,,customer_value_rank,1048.0,1,2,1,1,2,2,24.59,12.295,8.9,2.0,0.0326,1.0,Customer-level address and order-value evidence for top or mismatched customers.
top_customer_address_value,customer,Drugi Stoodley,1261,,customer_value_rank,1049.0,1,1,1,0,2,2,24.54,12.27,10.4,1.0,0.0325,1.0,Customer-level address and order-value evidence for top or mismatched customers.
top_customer_address_value,customer,Matteo Beccera,1133,,customer_value_rank,1050.0,1,2,2,0,2,2,24.52,12.26,15.2,2.0,0.0325,2.0,Customer-level address and order-value evidence for top or mismatched customers.
top_customer_address_value,customer,Eachelle Adamec,237,,customer_value_rank,1051.0,1,1,1,0,4,4,24.46,6.115,12.05,1.0,0.0324,1.0,Customer-level address and order-value evidence for top or mismatched customers.
top_customer_address_value,customer,Ardra Tripony,95,,customer_value_rank,1052.0,1,1,1,0,2,2,24.41,12.205,11.9,1.0,0.0324,1.0,Customer-level address and order-value evidence for top or mismatched customers.
top_customer_address_value,customer,Malchy Drissell,273,,customer_value_rank,1053.0,1,2,2,0,5,5,24.4,4.88,15.14,2.0,0.0323,1.0,Customer-level address and order-value evidence for top or mismatched customers.
top_customer_address_value,customer,Alaine McKinless,1844,,customer_value_rank,1054.0,1,1,1,0,3,3,24.38,8.1267,15.1,1.0,0.0323,1.0,Customer-level address and order-value evidence for top or mismatched customers.
top_customer_address_value,customer,Kinna Georgelin,824,,customer_value_rank,1055.0,1,3,3,0,3,3,24.23,8.0767,20.3,3.0,0.0321,2.0,Customer-level address and order-value evidence for top or mismatched customers.
top_customer_address_value,customer,Francis Cutmore,241,,customer_value_rank,1056.0,1,1,1,0,3,3,24.14,8.0467,15.1,1.0,0.032,1.0,Customer-level address and order-value evidence for top or mismatched customers.
top_customer_address_value,customer,Katharine Monnoyer,1232,,customer_value_rank,1057.0,1,1,1,0,3,3,24.11,8.0367,16.1,1.0,0.032,1.0,Customer-level address and order-value evidence for top or mismatched customers.
top_customer_address_value,customer,Mollee Silk,906,,customer_value_rank,1058.0,1,1,1,0,3,3,24.09,8.03,7.9,1.0,0.0319,1.0,Customer-level address and order-value evidence for top or mismatched customers.
top_customer_address_value,customer,Zach Tussaine,1614,,customer_value_rank,1059.0,1,2,2,0,4,4,23.84,5.96,9.65,2.0,0.0316,2.0,Customer-level address and order-value evidence for top or mismatched customers.
top_customer_address_value,customer,Shannon Janicek,1659,,customer_value_rank,1060.0,1,1,1,0,2,2,23.8,11.9,16.7,1.0,0.0315,1.0,Customer-level address and order-value evidence for top or mismatched customers.
top_customer_address_value,customer,Batsheva Leneham,1583,,customer_value_rank,1061.0,1,2,2,0,2,2,23.76,11.88,10.4,2.0,0.0315,2.0,Customer-level address and order-value evidence for top or mismatched customers.
top_customer_address_value,customer,Derrek Kops,267,,customer_value_rank,1062.0,1,1,1,0,3,3,23.72,7.9067,16.1,1.0,0.0314,1.0,Customer-level address and order-value evidence for top or mismatched customers.
top_customer_address_value,customer,Rodina Poleye,351,,customer_value_rank,1063.0,1,2,2,0,2,2,23.69,11.845,11.9,1.0,0.0314,1.0,Customer-level address and order-value evidence for top or mismatched customers.
top_customer_address_value,customer,Jeffry Blasl,1599,,customer_value_rank,1064.0,1,2,2,0,3,3,23.55,7.85,18.3,2.0,0.0312,2.0,Customer-level address and order-value evidence for top or mismatched customers.
top_customer_address_value,customer,Fina Keslake,1633,,customer_value_rank,1065.0,1,2,2,0,2,2,23.5,11.75,7.4,2.0,0.0311,2.0,Customer-level address and order-value evidence for top or mismatched customers.
top_customer_address_value,customer,Pietrek Moen,1035,,customer_value_rank,1066.0,1,1,1,0,4,4,23.41,5.8525,7.4,1.0,0.031,1.0,Customer-level address and order-value evidence for top or mismatched customers.
top_customer_address_value,customer,Yorker Bohlens,1225,,customer_value_rank,1067.0,1,2,2,0,2,2,23.38,11.69,8.9,2.0,0.031,2.0,Customer-level address and order-value evidence for top or mismatched customers.
top_customer_address_value,customer,Ora Lyttle,939,,customer_value_rank,1068.0,1,1,1,0,3,3,23.29,7.7633,13.1,1.0,0.0309,1.0,Customer-level address and order-value evidence for top or mismatched customers.
top_customer_address_value,customer,Alister Clipston,1270,,customer_value_rank,1069.0,1,3,3,0,2,2,23.2,11.6,18.2,3.0,0.0307,1.0,Customer-level address and order-value evidence for top or mismatched customers.
top_customer_address_value,customer,Carrissa Skarr,1033,,customer_value_rank,1070.0,1,3,3,0,4,4,23.19,5.7975,16.7,3.0,0.0307,3.0,Customer-level address and order-value evidence for top or mismatched customers.
top_customer_address_value,customer,Victoria Moukes,415,,customer_value_rank,1071.0,1,2,2,0,2,2,23.19,11.595,8.9,2.0,0.0307,2.0,Customer-level address and order-value evidence for top or mismatched customers.
top_customer_address_value,customer,Dianne Marling,1004,,customer_value_rank,1072.0,1,2,2,0,2,2,23.05,11.525,5.9,2.0,0.0305,2.0,Customer-level address and order-value evidence for top or mismatched customers.
top_customer_address_value,customer,Myles Salasar,166,,customer_value_rank,1073.0,1,1,1,0,2,2,22.97,11.485,18.2,1.0,0.0304,1.0,Customer-level address and order-value evidence for top or mismatched customers.
top_customer_address_value,customer,Bernete Purle,900,,customer_value_rank,1074.0,1,2,1,1,2,2,22.86,11.43,7.4,2.0,0.0303,2.0,Customer-level address and order-value evidence for top or mismatched customers.
top_customer_address_value,customer,Stefan Altree,1210,,customer_value_rank,1075.0,1,3,3,0,3,3,22.85,7.6167,8.9,3.0,0.0303,2.0,Customer-level address and order-value evidence for top or mismatched customers.
top_customer_address_value,customer,Boonie Blumfield,1638,,customer_value_rank,1076.0,1,1,1,0,2,2,22.72,11.36,16.7,1.0,0.0301,1.0,Customer-level address and order-value evidence for top or mismatched customers.
top_customer_address_value,customer,Jackqueline Sidnell,729,,customer_value_rank,1077.0,1,2,2,0,2,2,22.71,11.355,16.7,2.0,0.0301,1.0,Customer-level address and order-value evidence for top or mismatched customers.
top_customer_address_value,customer,Alisa Normanell,622,,customer_value_rank,1078.0,1,2,2,0,2,2,22.68,11.34,18.2,2.0,0.0301,2.0,Customer-level address and order-value evidence for top or mismatched customers.
top_customer_address_value,customer,Saul Allso,1336,,customer_value_rank,1079.0,1,1,1,0,3,3,22.64,7.5467,20.3,1.0,0.03,1.0,Customer-level address and order-value evidence for top or mismatched customers.
top_customer_address_value,customer,Javier Cretney,157,,customer_value_rank,1080.0,1,1,1,0,2,2,22.59,11.295,7.4,1.0,0.0299,1.0,Customer-level address and order-value evidence for top or mismatched customers.
top_customer_address_value,customer,Reggy Klossek,1988,,customer_value_rank,1081.0,1,1,1,0,4,4,22.51,5.6275,14.3,1.0,0.0298,1.0,Customer-level address and order-value evidence for top or mismatched customers.
top_customer_address_value,customer,Olag Goodredge,1655,,customer_value_rank,1082.0,1,1,1,0,3,3,22.41,7.47,8.9,1.0,0.0297,1.0,Customer-level address and order-value evidence for top or mismatched customers.
top_customer_address_value,customer,Nertie Beautyman,707,,customer_value_rank,1083.0,1,2,2,0,2,2,22.31,11.155,10.4,2.0,0.0296,2.0,Customer-level address and order-value evidence for top or mismatched customers.
top_customer_address_value,customer,Filmer Crawcour,1980,,customer_value_rank,1084.0,1,1,1,0,2,2,22.04,11.02,15.2,1.0,0.0292,1.0,Customer-level address and order-value evidence for top or mismatched customers.
top_customer_address_value,customer,Walton Kindall,261,,customer_value_rank,1085.0,1,1,1,0,2,2,22.04,11.02,18.2,1.0,0.0292,1.0,Customer-level address and order-value evidence for top or mismatched customers.
top_customer_address_value,customer,Lothaire Wake,258,,customer_value_rank,1086.0,1,1,1,0,2,2,22.0,11.0,15.2,1.0,0.0292,1.0,Customer-level address and order-value evidence for top or mismatched customers.
top_customer_address_value,customer,Jordon Hardie,1295,,customer_value_rank,1087.0,1,1,1,0,2,2,21.91,10.955,15.2,1.0,0.029,1.0,Customer-level address and order-value evidence for top or mismatched customers.
top_customer_address_value,customer,Kristen Guterson,1268,,customer_value_rank,1088.0,1,2,1,1,2,2,21.87,10.935,15.2,2.0,0.029,2.0,Customer-level address and order-value evidence for top or mismatched customers.
top_customer_address_value,customer,Carmen Lambie,1616,,customer_value_rank,1089.0,1,1,1,0,2,2,21.72,10.86,8.9,1.0,0.0288,1.0,Customer-level address and order-value evidence for top or mismatched customers.
top_customer_address_value,customer,Jeni Swarbrigg,58,,customer_value_rank,1090.0,1,2,2,0,2,2,21.71,10.855,10.4,2.0,0.0288,2.0,Customer-level address and order-value evidence for top or mismatched customers.
top_customer_address_value,customer,Marya Harradine,510,,customer_value_rank,1091.0,1,2,2,0,3,3,21.69,7.23,15.1,2.0,0.0287,2.0,Customer-level address and order-value evidence for top or mismatched customers.
top_customer_address_value,customer,Bertie Drover,1332,,customer_value_rank,1092.0,1,1,1,0,2,2,21.59,10.795,8.9,1.0,0.0286,1.0,Customer-level address and order-value evidence for top or mismatched customers.
top_customer_address_value,customer,Grissel Ancliff,441,,customer_value_rank,1093.0,1,2,2,0,2,2,21.58,10.79,16.7,2.0,0.0286,2.0,Customer-level address and order-value evidence for top or mismatched customers.
top_customer_address_value,customer,Gavrielle d' Eye,1972,,customer_value_rank,1094.0,1,1,1,0,4,4,21.5,5.375,18.2,1.0,0.0285,1.0,Customer-level address and order-value evidence for top or mismatched customers.
top_customer_address_value,customer,Dolf Theurer,202,,customer_value_rank,1095.0,1,1,1,0,2,2,21.48,10.74,16.7,1.0,0.0285,1.0,Customer-level address and order-value evidence for top or mismatched customers.
top_customer_address_value,customer,Curr Lansberry,743,,customer_value_rank,1096.0,1,1,1,0,2,2,21.43,10.715,24.5,1.0,0.0284,1.0,Customer-level address and order-value evidence for top or mismatched customers.
top_customer_address_value,customer,Carmelina Bartosik,1266,,customer_value_rank,1097.0,1,2,1,1,2,2,21.39,10.695,8.9,2.0,0.0283,2.0,Customer-level address and order-value evidence for top or mismatched customers.
top_customer_address_value,customer,Avictor Salsbury,162,,customer_value_rank,1098.0,1,1,1,0,2,2,21.22,10.61,8.9,1.0,0.0281,1.0,Customer-level address and order-value evidence for top or mismatched customers.
top_customer_address_value,customer,Rheta Sparrowe,1898,,customer_value_rank,1099.0,1,2,2,0,4,4,21.21,5.3025,12.8,2.0,0.0281,1.0,Customer-level address and order-value evidence for top or mismatched customers.
top_customer_address_value,customer,Ira Cocozza,1960,,customer_value_rank,1100.0,1,1,1,0,3,3,21.2,7.0667,15.1,1.0,0.0281,1.0,Customer-level address and order-value evidence for top or mismatched customers.
top_customer_address_value,customer,Emelia Foulkes,1800,,customer_value_rank,1101.0,1,2,1,1,3,3,21.19,7.0633,8.9,1.0,0.0281,1.0,Customer-level address and order-value evidence for top or mismatched customers.
top_customer_address_value,customer,Cad Yanshin,832,,customer_value_rank,1102.0,1,2,2,0,3,3,21.15,7.05,24.5,2.0,0.028,1.0,Customer-level address and order-value evidence for top or mismatched customers.
top_customer_address_value,customer,Cammie Faraker,1054,,customer_value_rank,1103.0,1,2,2,0,2,2,21.14,10.57,16.7,2.0,0.028,1.0,Customer-level address and order-value evidence for top or mismatched customers.
top_customer_address_value,customer,Guilbert Norcross,1151,,customer_value_rank,1104.0,1,3,2,1,4,4,21.05,5.2625,13.55,3.0,0.0279,2.0,Customer-level address and order-value evidence for top or mismatched customers.
top_customer_address_value,customer,Sean Franken,1113,,customer_value_rank,1105.0,1,1,1,0,3,3,20.86,6.9533,14.1,1.0,0.0276,1.0,Customer-level address and order-value evidence for top or mismatched customers.
top_customer_address_value,customer,Ike Flaherty,1874,,customer_value_rank,1106.0,1,1,1,0,2,2,20.75,10.375,7.4,1.0,0.0275,1.0,Customer-level address and order-value evidence for top or mismatched customers.
top_customer_address_value,customer,Onfroi Ottewell,445,,customer_value_rank,1107.0,1,3,2,1,2,2,20.75,10.375,10.4,2.0,0.0275,1.0,Customer-level address and order-value evidence for top or mismatched customers.
top_customer_address_value,customer,Shamus Weavill,286,,customer_value_rank,1108.0,1,2,2,0,4,4,20.64,5.16,8.9,2.0,0.0274,1.0,Customer-level address and order-value evidence for top or mismatched customers.
top_customer_address_value,customer,Mikey Pol,1803,,customer_value_rank,1109.0,1,3,2,1,2,2,20.63,10.315,10.4,3.0,0.0273,2.0,Customer-level address and order-value evidence for top or mismatched customers.
top_customer_address_value,customer,Win McManamon,319,,customer_value_rank,1110.0,1,1,1,0,4,4,20.6,5.15,15.95,1.0,0.0273,1.0,Customer-level address and order-value evidence for top or mismatched customers.
top_customer_address_value,customer,Paxton Perree,1406,,customer_value_rank,1111.0,1,2,2,0,4,4,20.55,5.1375,12.05,2.0,0.0272,1.0,Customer-level address and order-value evidence for top or mismatched customers.
top_customer_address_value,customer,Yasmin Errichelli,1194,,customer_value_rank,1112.0,1,2,2,0,2,2,20.48,10.24,16.7,2.0,0.0271,1.0,Customer-level address and order-value evidence for top or mismatched customers.
top_customer_address_value,customer,Hyacinth Medlicott,380,,customer_value_rank,1113.0,1,1,1,0,2,2,20.44,10.22,10.4,1.0,0.0271,1.0,Customer-level address and order-value evidence for top or mismatched customers.
top_customer_address_value,customer,Belvia Ellwell,1395,,customer_value_rank,1114.0,1,2,2,0,3,3,20.32,6.7733,9.9,2.0,0.0269,1.0,Customer-level address and order-value evidence for top or mismatched customers.
top_customer_address_value,customer,Osmund Fattore,305,,customer_value_rank,1115.0,1,1,1,0,3,3,20.31,6.77,14.1,1.0,0.0269,1.0,Customer-level address and order-value evidence for top or mismatched customers.
top_customer_address_value,customer,Elizabet Ketts,1451,,customer_value_rank,1116.0,1,1,1,0,3,3,20.28,6.76,18.3,1.0,0.0269,1.0,Customer-level address and order-value evidence for top or mismatched customers.
top_customer_address_value,customer,Marj Brisse,693,,customer_value_rank,1117.0,1,1,1,0,3,3,20.25,6.75,20.3,1.0,0.0268,1.0,Customer-level address and order-value evidence for top or mismatched customers.
top_customer_address_value,customer,Annette Tschursch,1363,,customer_value_rank,1118.0,1,2,2,0,3,3,20.24,6.7467,8.9,2.0,0.0268,1.0,Customer-level address and order-value evidence for top or mismatched customers.
top_customer_address_value,customer,Consalve Vigors,1477,,customer_value_rank,1119.0,1,1,1,0,5,5,20.23,4.046,17.06,1.0,0.0268,1.0,Customer-level address and order-value evidence for top or mismatched customers.
top_customer_address_value,customer,Ly Breit,446,,customer_value_rank,1120.0,1,2,2,0,3,3,20.15,6.7167,18.3,2.0,0.0267,2.0,Customer-level address and order-value evidence for top or mismatched customers.
top_customer_address_value,customer,Forbes Rattrie,998,,customer_value_rank,1121.0,1,1,1,0,2,2,20.1,10.05,18.2,1.0,0.0266,1.0,Customer-level address and order-value evidence for top or mismatched customers.
top_customer_address_value,customer,Allen Barabich,1816,,customer_value_rank,1122.0,1,3,3,0,2,2,20.1,10.05,7.4,3.0,0.0266,2.0,Customer-level address and order-value evidence for top or mismatched customers.
top_customer_address_value,customer,Annabal Kieran,1272,,customer_value_rank,1123.0,1,1,1,0,2,2,20.08,10.04,10.4,1.0,0.0266,1.0,Customer-level address and order-value evidence for top or mismatched customers.
top_customer_address_value,customer,Dulci Toth,1181,,customer_value_rank,1124.0,1,1,1,0,2,2,20.07,10.035,15.2,1.0,0.0266,1.0,Customer-level address and order-value evidence for top or mismatched customers.
top_customer_address_value,customer,Greggory Parcell,1552,,customer_value_rank,1125.0,1,2,1,1,2,2,20.06,10.03,5.9,2.0,0.0266,2.0,Customer-level address and order-value evidence for top or mismatched customers.
top_customer_address_value,customer,Jasen Chansonnau,676,,customer_value_rank,1126.0,1,1,1,0,1,1,19.96,19.96,24.5,1.0,0.0265,1.0,Customer-level address and order-value evidence for top or mismatched customers.
top_customer_address_value,customer,Leela Jeffry,138,,customer_value_rank,1127.0,1,1,1,0,1,1,19.95,19.95,24.5,1.0,0.0264,1.0,Customer-level address and order-value evidence for top or mismatched customers.
top_customer_address_value,customer,Lucy Jacklin,365,,customer_value_rank,1128.0,1,1,1,0,1,1,19.9,19.9,24.5,1.0,0.0264,1.0,Customer-level address and order-value evidence for top or mismatched customers.
top_customer_address_value,customer,Ania Fenwick,1622,,customer_value_rank,1129.0,1,2,2,0,4,4,19.89,4.9725,12.8,2.0,0.0264,2.0,Customer-level address and order-value evidence for top or mismatched customers.
top_customer_address_value,customer,Sallee Heaviside,600,,customer_value_rank,1130.0,1,1,1,0,1,1,19.88,19.88,24.5,1.0,0.0263,1.0,Customer-level address and order-value evidence for top or mismatched customers.
top_customer_address_value,customer,Velma Fleetham,341,,customer_value_rank,1131.0,1,1,1,0,1,1,19.77,19.77,5.9,1.0,0.0262,1.0,Customer-level address and order-value evidence for top or mismatched customers.
top_customer_address_value,customer,Pet Roskruge,424,,customer_value_rank,1132.0,1,1,1,0,1,1,19.76,19.76,8.9,1.0,0.0262,1.0,Customer-level address and order-value evidence for top or mismatched customers.
top_customer_address_value,customer,Freeman Blore,571,,customer_value_rank,1133.0,1,1,1,0,1,1,19.75,19.75,8.9,1.0,0.0262,1.0,Customer-level address and order-value evidence for top or mismatched customers.
top_customer_address_value,customer,Renie Peacock,1941,,customer_value_rank,1134.0,1,2,2,0,4,4,19.74,4.935,12.05,2.0,0.0262,2.0,Customer-level address and order-value evidence for top or mismatched customers.
top_customer_address_value,customer,Kaleb MacClenan,481,,customer_value_rank,1135.0,1,2,1,1,1,1,19.72,19.72,8.9,2.0,0.0261,1.0,Customer-level address and order-value evidence for top or mismatched customers.
top_customer_address_value,customer,Pepi Buckney,1197,,customer_value_rank,1136.0,1,2,2,0,1,1,19.71,19.71,24.5,2.0,0.0261,1.0,Customer-level address and order-value evidence for top or mismatched customers.
top_customer_address_value,customer,Nadean Birtwhistle,266,,customer_value_rank,1137.0,1,2,2,0,1,1,19.68,19.68,24.5,2.0,0.0261,1.0,Customer-level address and order-value evidence for top or mismatched customers.
top_customer_address_value,customer,Sherline Sivell,201,,customer_value_rank,1138.0,1,1,1,0,1,1,19.68,19.68,8.9,1.0,0.0261,1.0,Customer-level address and order-value evidence for top or mismatched customers.
top_customer_address_value,customer,Nikki Shearsby,466,,customer_value_rank,1139.0,1,1,1,0,1,1,19.66,19.66,5.9,1.0,0.0261,1.0,Customer-level address and order-value evidence for top or mismatched customers.
top_customer_address_value,customer,Shandie Baiss,1141,,customer_value_rank,1140.0,1,2,2,0,1,1,19.57,19.57,11.9,2.0,0.0259,1.0,Customer-level address and order-value evidence for top or mismatched customers.
top_customer_address_value,customer,Marcelline Fridd,947,,customer_value_rank,1141.0,1,1,1,0,1,1,19.43,19.43,24.5,1.0,0.0258,1.0,Customer-level address and order-value evidence for top or mismatched customers.
top_customer_address_value,customer,Yolanthe Feechan,1610,,customer_value_rank,1142.0,1,2,2,0,3,3,19.42,6.4733,15.1,2.0,0.0257,2.0,Customer-level address and order-value evidence for top or mismatched customers.
top_customer_address_value,customer,Alli Puttergill,246,,customer_value_rank,1143.0,1,1,1,0,2,2,19.42,9.71,16.7,1.0,0.0257,1.0,Customer-level address and order-value evidence for top or mismatched customers.
top_customer_address_value,customer,Horatia MacMeeking,1731,,customer_value_rank,1144.0,1,1,1,0,1,1,19.42,19.42,5.9,1.0,0.0257,1.0,Customer-level address and order-value evidence for top or mismatched customers.
top_customer_address_value,customer,Victoria Blatherwick,1209,,customer_value_rank,1145.0,1,1,1,0,2,2,19.37,9.685,7.4,1.0,0.0257,1.0,Customer-level address and order-value evidence for top or mismatched customers.
top_customer_address_value,customer,Fabio Hawksley,250,,customer_value_rank,1146.0,1,1,1,0,1,1,19.35,19.35,24.5,1.0,0.0256,1.0,Customer-level address and order-value evidence for top or mismatched customers.
top_customer_address_value,customer,Mariette Tulley,344,,customer_value_rank,1147.0,1,1,1,0,2,2,19.34,9.67,8.9,1.0,0.0256,1.0,Customer-level address and order-value evidence for top or mismatched customers.
top_customer_address_value,customer,Charlotta Pina,1222,,customer_value_rank,1148.0,1,1,1,0,1,1,19.31,19.31,8.9,1.0,0.0256,1.0,Customer-level address and order-value evidence for top or mismatched customers.
top_customer_address_value,customer,Mariya Taber,334,,customer_value_rank,1149.0,1,1,1,0,1,1,19.28,19.28,11.9,1.0,0.0256,1.0,Customer-level address and order-value evidence for top or mismatched customers.
top_customer_address_value,customer,Michelle Kornyakov,1471,,customer_value_rank,1150.0,1,1,1,0,3,3,19.24,6.4133,9.9,1.0,0.0255,1.0,Customer-level address and order-value evidence for top or mismatched customers.
top_customer_address_value,customer,Aldous Tinston,1010,,customer_value_rank,1151.0,1,1,1,0,1,1,19.24,19.24,5.9,1.0,0.0255,1.0,Customer-level address and order-value evidence for top or mismatched customers.
top_customer_address_value,customer,Desmond Eliez,1631,,customer_value_rank,1152.0,1,2,1,1,1,1,19.24,19.24,8.9,2.0,0.0255,1.0,Customer-level address and order-value evidence for top or mismatched customers.
top_customer_address_value,customer,Berti Gowlett,83,,customer_value_rank,1153.0,1,1,1,0,2,2,19.23,9.615,15.2,1.0,0.0255,1.0,Customer-level address and order-value evidence for top or mismatched customers.
top_customer_address_value,customer,Thorstein Roskelly,338,,customer_value_rank,1154.0,1,1,1,0,1,1,19.19,19.19,11.9,1.0,0.0254,1.0,Customer-level address and order-value evidence for top or mismatched customers.
top_customer_address_value,customer,Tabbie Bartolijn,1005,,customer_value_rank,1155.0,1,2,2,0,5,5,19.18,3.836,11.42,2.0,0.0254,2.0,Customer-level address and order-value evidence for top or mismatched customers.
top_customer_address_value,customer,Nissa Santora,853,,customer_value_rank,1156.0,1,1,1,0,1,1,19.16,19.16,24.5,1.0,0.0254,1.0,Customer-level address and order-value evidence for top or mismatched customers.
top_customer_address_value,customer,Emelen Duckworth,535,,customer_value_rank,1157.0,1,1,1,0,4,4,19.15,4.7875,12.05,1.0,0.0254,1.0,Customer-level address and order-value evidence for top or mismatched customers.
top_customer_address_value,customer,Davina Ketchaside,1087,,customer_value_rank,1158.0,1,2,2,0,3,3,19.15,6.3833,18.3,2.0,0.0254,2.0,Customer-level address and order-value evidence for top or mismatched customers.
top_customer_address_value,customer,Hana Harrowing,1863,,customer_value_rank,1159.0,1,2,2,0,1,1,19.14,19.14,24.5,2.0,0.0254,1.0,Customer-level address and order-value evidence for top or mismatched customers.
top_customer_address_value,customer,Ginnifer Rodson,1521,,customer_value_rank,1160.0,1,1,1,0,4,4,19.12,4.78,12.8,1.0,0.0253,1.0,Customer-level address and order-value evidence for top or mismatched customers.
top_customer_address_value,customer,Nobie Large,1341,,customer_value_rank,1161.0,1,1,1,0,1,1,19.12,19.12,8.9,1.0,0.0253,1.0,Customer-level address and order-value evidence for top or mismatched customers.
top_customer_address_value,customer,Cirstoforo Jentle,1635,,customer_value_rank,1162.0,1,1,1,0,1,1,19.1,19.1,11.9,1.0,0.0253,1.0,Customer-level address and order-value evidence for top or mismatched customers.
top_customer_address_value,customer,Rubin Towe,1797,,customer_value_rank,1163.0,1,1,1,0,2,2,19.07,9.535,7.4,1.0,0.0253,1.0,Customer-level address and order-value evidence for top or mismatched customers.
top_customer_address_value,customer,Vladamir Ellerey,306,,customer_value_rank,1164.0,1,1,1,0,1,1,19.07,19.07,8.9,1.0,0.0253,1.0,Customer-level address and order-value evidence for top or mismatched customers.
top_customer_address_value,customer,Angil Savatier,444,,customer_value_rank,1165.0,1,2,2,0,2,2,19.04,9.52,18.2,2.0,0.0252,2.0,Customer-level address and order-value evidence for top or mismatched customers.
top_customer_address_value,customer,Natala Caswill,1888,,customer_value_rank,1166.0,1,1,1,0,1,1,18.97,18.97,11.9,1.0,0.0251,1.0,Customer-level address and order-value evidence for top or mismatched customers.
top_customer_address_value,customer,Lynnea Tournie,1121,,customer_value_rank,1167.0,1,1,1,0,1,1,18.95,18.95,24.5,1.0,0.0251,1.0,Customer-level address and order-value evidence for top or mismatched customers.
top_customer_address_value,customer,Franky Downie,699,,customer_value_rank,1168.0,1,1,1,0,3,3,18.93,6.31,14.1,1.0,0.0251,1.0,Customer-level address and order-value evidence for top or mismatched customers.
top_customer_address_value,customer,Hunt Brennenstuhl,1383,,customer_value_rank,1169.0,1,3,2,1,3,3,18.92,6.3067,18.3,3.0,0.0251,2.0,Customer-level address and order-value evidence for top or mismatched customers.
top_customer_address_value,customer,Kasey Jillitt,1076,,customer_value_rank,1170.0,1,1,1,0,1,1,18.92,18.92,5.9,1.0,0.0251,1.0,Customer-level address and order-value evidence for top or mismatched customers.
top_customer_address_value,customer,Morly Albone,283,,customer_value_rank,1171.0,1,2,2,0,1,1,18.92,18.92,11.9,2.0,0.0251,1.0,Customer-level address and order-value evidence for top or mismatched customers.
top_customer_address_value,customer,Cordi Whorf,1856,,customer_value_rank,1172.0,1,1,1,0,2,2,18.86,9.43,18.2,1.0,0.025,1.0,Customer-level address and order-value evidence for top or mismatched customers.
top_customer_address_value,customer,Isiahi Kezourec,509,,customer_value_rank,1173.0,1,1,1,0,2,2,18.82,9.41,16.7,1.0,0.0249,1.0,Customer-level address and order-value evidence for top or mismatched customers.
top_customer_address_value,customer,Cristina Lewty,294,,customer_value_rank,1174.0,1,2,1,1,3,3,18.81,6.27,14.1,2.0,0.0249,2.0,Customer-level address and order-value evidence for top or mismatched customers.
top_customer_address_value,customer,Morris Morales,247,,customer_value_rank,1175.0,1,2,2,0,2,2,18.77,9.385,8.9,2.0,0.0249,2.0,Customer-level address and order-value evidence for top or mismatched customers.
top_customer_address_value,customer,Gannon Wederell,1124,,customer_value_rank,1176.0,1,1,1,0,1,1,18.75,18.75,24.5,1.0,0.0249,1.0,Customer-level address and order-value evidence for top or mismatched customers.
top_customer_address_value,customer,Aprilette Winborn,583,,customer_value_rank,1177.0,1,1,1,0,3,3,18.71,6.2367,8.9,1.0,0.0248,1.0,Customer-level address and order-value evidence for top or mismatched customers.
top_customer_address_value,customer,Barbette Morford,1214,,customer_value_rank,1178.0,1,3,2,1,2,2,18.7,9.35,5.9,3.0,0.0248,2.0,Customer-level address and order-value evidence for top or mismatched customers.
top_customer_address_value,customer,Reid Ciotti,1441,,customer_value_rank,1179.0,1,1,1,0,2,2,18.57,9.285,11.9,1.0,0.0246,1.0,Customer-level address and order-value evidence for top or mismatched customers.
top_customer_address_value,customer,Anderson Corden,1618,,customer_value_rank,1180.0,1,1,1,0,1,1,18.53,18.53,8.9,1.0,0.0246,1.0,Customer-level address and order-value evidence for top or mismatched customers.
top_customer_address_value,customer,Fee Gell,1447,,customer_value_rank,1181.0,1,1,1,0,1,1,18.53,18.53,24.5,1.0,0.0246,1.0,Customer-level address and order-value evidence for top or mismatched customers.
top_customer_address_value,customer,Dinny Christin,1028,,customer_value_rank,1182.0,1,1,1,0,4,4,18.52,4.63,12.8,1.0,0.0245,1.0,Customer-level address and order-value evidence for top or mismatched customers.
top_customer_address_value,customer,Kathleen Fenemore,449,,customer_value_rank,1183.0,1,1,1,0,1,1,18.49,18.49,5.9,1.0,0.0245,1.0,Customer-level address and order-value evidence for top or mismatched customers.
top_customer_address_value,customer,Kaylee Winslett,1786,,customer_value_rank,1184.0,1,1,1,0,2,2,18.45,9.225,24.5,1.0,0.0245,1.0,Customer-level address and order-value evidence for top or mismatched customers.
top_customer_address_value,customer,Dyana Hows,862,,customer_value_rank,1185.0,1,1,1,0,1,1,18.45,18.45,24.5,1.0,0.0245,1.0,Customer-level address and order-value evidence for top or mismatched customers.
top_customer_address_value,customer,Genna Bontine,460,,customer_value_rank,1186.0,1,2,2,0,2,2,18.41,9.205,18.2,2.0,0.0244,2.0,Customer-level address and order-value evidence for top or mismatched customers.
top_customer_address_value,customer,Corabella Whittam,307,,customer_value_rank,1187.0,1,1,1,0,1,1,18.32,18.32,11.9,1.0,0.0243,1.0,Customer-level address and order-value evidence for top or mismatched customers.
top_customer_address_value,customer,Donavon Jatczak,775,,customer_value_rank,1188.0,1,4,3,1,1,1,18.32,18.32,11.9,4.0,0.0243,1.0,Customer-level address and order-value evidence for top or mismatched customers.
top_customer_address_value,customer,Redd Foyston,292,,customer_value_rank,1189.0,1,1,1,0,1,1,18.28,18.28,5.9,1.0,0.0242,1.0,Customer-level address and order-value evidence for top or mismatched customers.
top_customer_address_value,customer,Veradis Fulk,761,,customer_value_rank,1190.0,1,3,2,1,2,2,18.27,9.135,11.9,3.0,0.0242,2.0,Customer-level address and order-value evidence for top or mismatched customers.
top_customer_address_value,customer,Gabriella Rebeiro,1706,,customer_value_rank,1191.0,1,1,1,0,1,1,18.22,18.22,8.9,1.0,0.0241,1.0,Customer-level address and order-value evidence for top or mismatched customers.
top_customer_address_value,customer,Noellyn Sanderson,97,,customer_value_rank,1192.0,1,2,1,1,1,1,18.15,18.15,5.9,2.0,0.0241,1.0,Customer-level address and order-value evidence for top or mismatched customers.
top_customer_address_value,customer,Alfie Edmott,1804,,customer_value_rank,1193.0,1,1,1,0,1,1,18.14,18.14,8.9,1.0,0.024,1.0,Customer-level address and order-value evidence for top or mismatched customers.
top_customer_address_value,customer,Tomasina Trippick,1061,,customer_value_rank,1194.0,1,1,1,0,1,1,18.12,18.12,11.9,1.0,0.024,1.0,Customer-level address and order-value evidence for top or mismatched customers.
top_customer_address_value,customer,Malinda Mapstone,373,,customer_value_rank,1195.0,1,2,2,0,2,2,18.12,9.06,7.4,2.0,0.024,1.0,Customer-level address and order-value evidence for top or mismatched customers.
top_customer_address_value,customer,Rodd Diplock,112,,customer_value_rank,1196.0,1,1,1,0,2,2,18.1,9.05,8.9,1.0,0.024,1.0,Customer-level address and order-value evidence for top or mismatched customers.
top_customer_address_value,customer,Leopold Mattiessen,1149,,customer_value_rank,1197.0,1,1,1,0,2,2,18.04,9.02,10.4,1.0,0.0239,1.0,Customer-level address and order-value evidence for top or mismatched customers.
top_customer_address_value,customer,Winne Cutsforth,1478,,customer_value_rank,1198.0,1,2,2,0,2,2,18.04,9.02,8.9,2.0,0.0239,2.0,Customer-level address and order-value evidence for top or mismatched customers.
top_customer_address_value,customer,Bidget Habben,1787,,customer_value_rank,1199.0,1,2,2,0,1,1,18.01,18.01,11.9,2.0,0.0239,1.0,Customer-level address and order-value evidence for top or mismatched customers.
top_customer_address_value,customer,Kristoffer Lintot,809,,customer_value_rank,1200.0,1,1,1,0,1,1,18.0,18.0,5.9,1.0,0.0239,1.0,Customer-level address and order-value evidence for top or mismatched customers.
top_customer_address_value,customer,Amalita Digginson,384,,customer_value_rank,1201.0,1,1,1,0,1,1,17.93,17.93,11.9,1.0,0.0238,1.0,Customer-level address and order-value evidence for top or mismatched customers.
top_customer_address_value,customer,Erhart Lampkin,1218,,customer_value_rank,1202.0,1,2,2,0,1,1,17.93,17.93,11.9,2.0,0.0238,1.0,Customer-level address and order-value evidence for top or mismatched customers.
top_customer_address_value,customer,Ailey Ielden,1763,,customer_value_rank,1203.0,1,1,1,0,1,1,17.88,17.88,5.9,1.0,0.0237,1.0,Customer-level address and order-value evidence for top or mismatched customers.
top_customer_address_value,customer,Othella Khan,750,,customer_value_rank,1204.0,1,1,1,0,2,2,17.82,8.91,24.5,1.0,0.0236,1.0,Customer-level address and order-value evidence for top or mismatched customers.
top_customer_address_value,customer,Astrid Moules,570,,customer_value_rank,1205.0,1,2,2,0,1,1,17.8,17.8,24.5,2.0,0.0236,1.0,Customer-level address and order-value evidence for top or mismatched customers.
top_customer_address_value,customer,Spence Coopland,1223,,customer_value_rank,1206.0,1,2,2,0,2,2,17.78,8.89,7.4,1.0,0.0236,1.0,Customer-level address and order-value evidence for top or mismatched customers.
top_customer_address_value,customer,Nike Kennaird,1453,,customer_value_rank,1207.0,1,1,1,0,2,2,17.73,8.865,8.9,1.0,0.0235,1.0,Customer-level address and order-value evidence for top or mismatched customers.
top_customer_address_value,customer,Dacie Bewick,1175,,customer_value_rank,1208.0,1,1,1,0,1,1,17.67,17.67,24.5,1.0,0.0234,1.0,Customer-level address and order-value evidence for top or mismatched customers.
top_customer_address_value,customer,Antonius Sanbroke,1312,,customer_value_rank,1209.0,1,2,2,0,2,2,17.65,8.825,18.2,2.0,0.0234,2.0,Customer-level address and order-value evidence for top or mismatched customers.
top_customer_address_value,customer,Yankee Kremer,658,,customer_value_rank,1210.0,1,1,1,0,2,2,17.65,8.825,15.2,1.0,0.0234,1.0,Customer-level address and order-value evidence for top or mismatched customers.
top_customer_address_value,customer,Harris Filpi,342,,customer_value_rank,1211.0,1,2,2,0,2,2,17.62,8.81,7.4,2.0,0.0234,1.0,Customer-level address and order-value evidence for top or mismatched customers.
top_customer_address_value,customer,Vaclav Tattershall,1050,,customer_value_rank,1212.0,1,1,1,0,2,2,17.62,8.81,16.7,1.0,0.0234,1.0,Customer-level address and order-value evidence for top or mismatched customers.
top_customer_address_value,customer,Cory Bartoszewski,1963,,customer_value_rank,1213.0,1,2,1,1,1,1,17.58,17.58,11.9,2.0,0.0233,1.0,Customer-level address and order-value evidence for top or mismatched customers.
top_customer_address_value,customer,Leonard Ethersey,128,,customer_value_rank,1214.0,1,1,1,0,1,1,17.52,17.52,5.9,1.0,0.0232,1.0,Customer-level address and order-value evidence for top or mismatched customers.
top_customer_address_value,customer,Ike Nunns,855,,customer_value_rank,1215.0,1,2,2,0,1,1,17.51,17.51,5.9,2.0,0.0232,1.0,Customer-level address and order-value evidence for top or mismatched customers.
top_customer_address_value,customer,Katleen Schreiner,1551,,customer_value_rank,1216.0,1,1,1,0,5,5,17.49,3.498,15.14,1.0,0.0232,1.0,Customer-level address and order-value evidence for top or mismatched customers.
top_customer_address_value,customer,Francesca Grevatt,1881,,customer_value_rank,1217.0,1,1,1,0,1,1,17.49,17.49,8.9,1.0,0.0232,1.0,Customer-level address and order-value evidence for top or mismatched customers.
top_customer_address_value,customer,Cly Pethrick,355,,customer_value_rank,1218.0,1,1,1,0,1,1,17.46,17.46,24.5,1.0,0.0231,1.0,Customer-level address and order-value evidence for top or mismatched customers.
top_customer_address_value,customer,York Londsdale,85,,customer_value_rank,1219.0,1,1,1,0,1,1,17.44,17.44,11.9,1.0,0.0231,1.0,Customer-level address and order-value evidence for top or mismatched customers.
top_customer_address_value,customer,Corby Mattsson,902,,customer_value_rank,1220.0,1,1,1,0,1,1,17.42,17.42,5.9,1.0,0.0231,1.0,Customer-level address and order-value evidence for top or mismatched customers.
top_customer_address_value,customer,Mose Pover,1559,,customer_value_rank,1221.0,1,1,1,0,3,3,17.33,5.7767,14.1,1.0,0.023,1.0,Customer-level address and order-value evidence for top or mismatched customers.
top_customer_address_value,customer,Patsy Hicks,555,,customer_value_rank,1222.0,1,1,1,0,1,1,17.32,17.32,24.5,1.0,0.023,1.0,Customer-level address and order-value evidence for top or mismatched customers.
top_customer_address_value,customer,Wendell Bernhardsson,480,,customer_value_rank,1223.0,1,2,2,0,1,1,17.32,17.32,24.5,2.0,0.023,1.0,Customer-level address and order-value evidence for top or mismatched customers.
top_customer_address_value,customer,Andonis Roswarne,635,,customer_value_rank,1224.0,1,1,1,0,1,1,17.28,17.28,24.5,1.0,0.0229,1.0,Customer-level address and order-value evidence for top or mismatched customers.
top_customer_address_value,customer,Laurel Brassington,528,,customer_value_rank,1225.0,1,1,1,0,1,1,17.25,17.25,11.9,1.0,0.0229,1.0,Customer-level address and order-value evidence for top or mismatched customers.
top_customer_address_value,customer,Daffy Stonier,1636,,customer_value_rank,1226.0,1,1,1,0,2,2,17.22,8.61,15.2,1.0,0.0228,1.0,Customer-level address and order-value evidence for top or mismatched customers.
top_customer_address_value,customer,Poppy Curnucke,548,,customer_value_rank,1227.0,1,1,1,0,1,1,17.22,17.22,5.9,1.0,0.0228,1.0,Customer-level address and order-value evidence for top or mismatched customers.
top_customer_address_value,customer,Charis Henker,1761,,customer_value_rank,1228.0,1,1,1,0,1,1,17.21,17.21,11.9,1.0,0.0228,1.0,Customer-level address and order-value evidence for top or mismatched customers.
top_customer_address_value,customer,Mala Pauly,1924,,customer_value_rank,1229.0,1,1,1,0,1,1,17.19,17.19,8.9,1.0,0.0228,1.0,Customer-level address and order-value evidence for top or mismatched customers.
top_customer_address_value,customer,Kayle MacPaik,1914,,customer_value_rank,1230.0,1,2,2,0,3,3,17.17,5.7233,14.1,2.0,0.0228,1.0,Customer-level address and order-value evidence for top or mismatched customers.
top_customer_address_value,customer,Ninnette Wark,1867,,customer_value_rank,1231.0,1,1,1,0,1,1,17.17,17.17,5.9,1.0,0.0228,1.0,Customer-level address and order-value evidence for top or mismatched customers.
top_customer_address_value,customer,Hadley Aikin,792,,customer_value_rank,1232.0,1,2,1,1,1,1,17.12,17.12,5.9,2.0,0.0227,1.0,Customer-level address and order-value evidence for top or mismatched customers.
top_customer_address_value,customer,Henrietta Humbie,800,,customer_value_rank,1233.0,1,1,1,0,1,1,17.12,17.12,5.9,1.0,0.0227,1.0,Customer-level address and order-value evidence for top or mismatched customers.
top_customer_address_value,customer,Reid Hattrick,322,,customer_value_rank,1234.0,1,2,2,0,1,1,17.06,17.06,5.9,2.0,0.0226,1.0,Customer-level address and order-value evidence for top or mismatched customers.
top_customer_address_value,customer,Carmelle Probbings,1740,,customer_value_rank,1235.0,1,2,2,0,2,2,17.05,8.525,24.5,2.0,0.0226,2.0,Customer-level address and order-value evidence for top or mismatched customers.
top_customer_address_value,customer,Chelsae Shanley,1528,,customer_value_rank,1236.0,1,1,1,0,1,1,17.02,17.02,11.9,1.0,0.0226,1.0,Customer-level address and order-value evidence for top or mismatched customers.
top_customer_address_value,customer,Dion Nys,1308,,customer_value_rank,1237.0,1,1,1,0,1,1,16.95,16.95,5.9,1.0,0.0225,1.0,Customer-level address and order-value evidence for top or mismatched customers.
top_customer_address_value,customer,Hort Wilber,1698,,customer_value_rank,1238.0,1,1,1,0,1,1,16.89,16.89,11.9,1.0,0.0224,1.0,Customer-level address and order-value evidence for top or mismatched customers.
top_customer_address_value,customer,Rupert Hoffmann,1663,,customer_value_rank,1239.0,1,2,2,0,1,1,16.89,16.89,24.5,2.0,0.0224,1.0,Customer-level address and order-value evidence for top or mismatched customers.
top_customer_address_value,customer,Emmery Kissick,1933,,customer_value_rank,1240.0,1,2,2,0,1,1,16.83,16.83,11.9,2.0,0.0223,1.0,Customer-level address and order-value evidence for top or mismatched customers.
top_customer_address_value,customer,Ly Coady,1081,,customer_value_rank,1241.0,1,1,1,0,4,4,16.8,4.2,5.9,1.0,0.0223,1.0,Customer-level address and order-value evidence for top or mismatched customers.
top_customer_address_value,customer,Mercedes Gorger,955,,customer_value_rank,1242.0,1,1,1,0,1,1,16.78,16.78,5.9,1.0,0.0222,1.0,Customer-level address and order-value evidence for top or mismatched customers.
top_customer_address_value,customer,Zora Hurles,45,,customer_value_rank,1243.0,1,3,2,1,1,1,16.73,16.73,5.9,3.0,0.0222,1.0,Customer-level address and order-value evidence for top or mismatched customers.
top_customer_address_value,customer,Merrily Feltoe,826,,customer_value_rank,1244.0,1,2,2,0,2,2,16.71,8.355,5.9,2.0,0.0221,2.0,Customer-level address and order-value evidence for top or mismatched customers.
top_customer_address_value,customer,Jeannie Hackforth,1948,,customer_value_rank,1245.0,1,1,1,0,3,3,16.7,5.5667,12.1,1.0,0.0221,1.0,Customer-level address and order-value evidence for top or mismatched customers.
top_customer_address_value,customer,Suzette Maskelyne,1298,,customer_value_rank,1246.0,1,2,2,0,2,2,16.69,8.345,8.9,2.0,0.0221,1.0,Customer-level address and order-value evidence for top or mismatched customers.
top_customer_address_value,customer,Terra Peever,1470,,customer_value_rank,1247.0,1,2,1,1,2,2,16.62,8.31,5.9,2.0,0.022,1.0,Customer-level address and order-value evidence for top or mismatched customers.
top_customer_address_value,customer,Lawrence De Cristofalo,507,,customer_value_rank,1248.0,1,1,1,0,1,1,16.6,16.6,24.5,1.0,0.022,1.0,Customer-level address and order-value evidence for top or mismatched customers.
top_customer_address_value,customer,Bailie Curle,38,,customer_value_rank,1249.0,1,1,1,0,1,1,16.53,16.53,5.9,1.0,0.0219,1.0,Customer-level address and order-value evidence for top or mismatched customers.
top_customer_address_value,customer,Lorilee Yesinov,425,,customer_value_rank,1250.0,1,1,1,0,1,1,16.46,16.46,24.5,1.0,0.0218,1.0,Customer-level address and order-value evidence for top or mismatched customers.
top_customer_address_value,customer,Normand Muldoon,662,,customer_value_rank,1251.0,1,1,1,0,3,3,16.42,5.4733,13.1,1.0,0.0218,1.0,Customer-level address and order-value evidence for top or mismatched customers.
top_customer_address_value,customer,Konstance Vynarde,759,,customer_value_rank,1252.0,1,1,1,0,1,1,16.42,16.42,24.5,1.0,0.0218,1.0,Customer-level address and order-value evidence for top or mismatched customers.
top_customer_address_value,customer,Blondell Mcmanaman,1895,,customer_value_rank,1253.0,1,2,2,0,2,2,16.41,8.205,5.9,2.0,0.0217,2.0,Customer-level address and order-value evidence for top or mismatched customers.
top_customer_address_value,customer,Lars Sambiedge,945,,customer_value_rank,1254.0,1,1,1,0,1,1,16.4,16.4,8.9,1.0,0.0217,1.0,Customer-level address and order-value evidence for top or mismatched customers.
top_customer_address_value,customer,Vanda McGreil,856,,customer_value_rank,1255.0,1,1,1,0,1,1,16.37,16.37,24.5,1.0,0.0217,1.0,Customer-level address and order-value evidence for top or mismatched customers.
top_customer_address_value,customer,Blanche Gillinghams,1827,,customer_value_rank,1256.0,1,1,1,0,1,1,16.33,16.33,11.9,1.0,0.0216,1.0,Customer-level address and order-value evidence for top or mismatched customers.
top_customer_address_value,customer,Fidelio Domney,1380,,customer_value_rank,1257.0,1,3,2,1,1,1,16.33,16.33,8.9,3.0,0.0216,1.0,Customer-level address and order-value evidence for top or mismatched customers.
top_customer_address_value,customer,Willis Fulford,1621,,customer_value_rank,1258.0,1,2,2,0,1,1,16.3,16.3,24.5,2.0,0.0216,1.0,Customer-level address and order-value evidence for top or mismatched customers.
top_customer_address_value,customer,Bernhard Medgwick,77,,customer_value_rank,1259.0,1,1,1,0,1,1,16.28,16.28,24.5,1.0,0.0216,1.0,Customer-level address and order-value evidence for top or mismatched customers.
top_customer_address_value,customer,Dina Angelini,637,,customer_value_rank,1260.0,1,1,1,0,1,1,16.28,16.28,11.9,1.0,0.0216,1.0,Customer-level address and order-value evidence for top or mismatched customers.
top_customer_address_value,customer,Edwin Claiden,1922,,customer_value_rank,1261.0,1,1,1,0,1,1,16.25,16.25,24.5,1.0,0.0215,1.0,Customer-level address and order-value evidence for top or mismatched customers.
top_customer_address_value,customer,Flossi Duncanson,1581,,customer_value_rank,1262.0,1,2,2,0,1,1,16.23,16.23,8.9,2.0,0.0215,1.0,Customer-level address and order-value evidence for top or mismatched customers.
top_customer_address_value,customer,Merralee Nolan,1929,,customer_value_rank,1263.0,1,2,2,0,1,1,16.23,16.23,24.5,2.0,0.0215,1.0,Customer-level address and order-value evidence for top or mismatched customers.
top_customer_address_value,customer,Stavros Murney,239,,customer_value_rank,1264.0,1,1,1,0,2,2,16.19,8.095,8.9,1.0,0.0215,1.0,Customer-level address and order-value evidence for top or mismatched customers.
top_customer_address_value,customer,Zacharia Georg,827,,customer_value_rank,1265.0,1,1,1,0,1,1,16.18,16.18,11.9,1.0,0.0214,1.0,Customer-level address and order-value evidence for top or mismatched customers.
top_customer_address_value,customer,Jim Lombard,1784,,customer_value_rank,1266.0,1,2,1,1,2,2,16.16,8.08,11.9,2.0,0.0214,2.0,Customer-level address and order-value evidence for top or mismatched customers.
top_customer_address_value,customer,Shae Leser,116,,customer_value_rank,1267.0,1,1,1,0,2,2,16.15,8.075,7.4,1.0,0.0214,1.0,Customer-level address and order-value evidence for top or mismatched customers.
top_customer_address_value,customer,Edan Martygin,1603,,customer_value_rank,1268.0,1,1,1,0,1,1,16.13,16.13,24.5,1.0,0.0214,1.0,Customer-level address and order-value evidence for top or mismatched customers.
top_customer_address_value,customer,Joly Peeters,1885,,customer_value_rank,1269.0,1,1,1,0,1,1,16.05,16.05,24.5,1.0,0.0213,1.0,Customer-level address and order-value evidence for top or mismatched customers.
top_customer_address_value,customer,Fancy Hazart,1387,,customer_value_rank,1270.0,1,1,1,0,1,1,15.96,15.96,5.9,1.0,0.0212,1.0,Customer-level address and order-value evidence for top or mismatched customers.
top_customer_address_value,customer,Sigfried Mansel,413,,customer_value_rank,1271.0,1,1,1,0,1,1,15.96,15.96,11.9,1.0,0.0212,1.0,Customer-level address and order-value evidence for top or mismatched customers.
top_customer_address_value,customer,Onfroi Oakenfield,409,,customer_value_rank,1272.0,1,1,1,0,1,1,15.88,15.88,5.9,1.0,0.021,1.0,Customer-level address and order-value evidence for top or mismatched customers.
top_customer_address_value,customer,Caldwell Wakley,1822,,customer_value_rank,1273.0,1,2,2,0,1,1,15.87,15.87,8.9,2.0,0.021,1.0,Customer-level address and order-value evidence for top or mismatched customers.
top_customer_address_value,customer,Licha Broadwell,253,,customer_value_rank,1274.0,1,1,1,0,1,1,15.84,15.84,24.5,1.0,0.021,1.0,Customer-level address and order-value evidence for top or mismatched customers.
top_customer_address_value,customer,Appolonia Czyz,692,,customer_value_rank,1275.0,1,1,1,0,3,3,15.82,5.2733,8.9,1.0,0.021,1.0,Customer-level address and order-value evidence for top or mismatched customers.
top_customer_address_value,customer,Malina Johnson,887,,customer_value_rank,1276.0,1,2,1,1,2,2,15.8,7.9,24.5,2.0,0.0209,1.0,Customer-level address and order-value evidence for top or mismatched customers.
top_customer_address_value,customer,Renado Sherrington,68,,customer_value_rank,1277.0,1,2,2,0,1,1,15.78,15.78,24.5,2.0,0.0209,1.0,Customer-level address and order-value evidence for top or mismatched customers.
top_customer_address_value,customer,Talbert Vedenyakin,363,,customer_value_rank,1278.0,1,1,1,0,1,1,15.76,15.76,8.9,1.0,0.0209,1.0,Customer-level address and order-value evidence for top or mismatched customers.
top_customer_address_value,customer,Carling Syers,1438,,customer_value_rank,1279.0,1,2,2,0,2,2,15.75,7.875,8.9,2.0,0.0209,2.0,Customer-level address and order-value evidence for top or mismatched customers.
top_customer_address_value,customer,Alysa Crombleholme,155,,customer_value_rank,1280.0,1,1,1,0,1,1,15.75,15.75,11.9,1.0,0.0209,1.0,Customer-level address and order-value evidence for top or mismatched customers.
top_customer_address_value,customer,Pattie Blues,378,,customer_value_rank,1281.0,1,1,1,0,1,1,15.75,15.75,5.9,1.0,0.0209,1.0,Customer-level address and order-value evidence for top or mismatched customers.
top_customer_address_value,customer,Janie Caulwell,1829,,customer_value_rank,1282.0,1,1,1,0,2,2,15.71,7.855,7.4,1.0,0.0208,1.0,Customer-level address and order-value evidence for top or mismatched customers.
top_customer_address_value,customer,Gil Perfili,401,,customer_value_rank,1283.0,1,3,2,1,4,4,15.7,3.925,12.8,3.0,0.0208,3.0,Customer-level address and order-value evidence for top or mismatched customers.
top_customer_address_value,customer,Lek Perryman,892,,customer_value_rank,1284.0,1,1,1,0,1,1,15.7,15.7,24.5,1.0,0.0208,1.0,Customer-level address and order-value evidence for top or mismatched customers.
top_customer_address_value,customer,Laurice Causon,1101,,customer_value_rank,1285.0,1,1,1,0,2,2,15.66,7.83,8.9,1.0,0.0208,1.0,Customer-level address and order-value evidence for top or mismatched customers.
top_customer_address_value,customer,Sarene McLurg,797,,customer_value_rank,1286.0,1,1,1,0,2,2,15.63,7.815,10.4,1.0,0.0207,1.0,Customer-level address and order-value evidence for top or mismatched customers.
top_customer_address_value,customer,Ely Carlan,1110,,customer_value_rank,1287.0,1,1,1,0,1,1,15.62,15.62,24.5,1.0,0.0207,1.0,Customer-level address and order-value evidence for top or mismatched customers.
top_customer_address_value,customer,Aland Sineath,1748,,customer_value_rank,1288.0,1,1,1,0,1,1,15.6,15.6,24.5,1.0,0.0207,1.0,Customer-level address and order-value evidence for top or mismatched customers.
top_customer_address_value,customer,Emerson Crosi,136,,customer_value_rank,1289.0,1,1,1,0,2,2,15.57,7.785,5.9,1.0,0.0206,1.0,Customer-level address and order-value evidence for top or mismatched customers.
top_customer_address_value,customer,Salim McCreery,1388,,customer_value_rank,1290.0,1,1,1,0,2,2,15.54,7.77,10.4,1.0,0.0206,1.0,Customer-level address and order-value evidence for top or mismatched customers.
top_customer_address_value,customer,Luciano McAviy,969,,customer_value_rank,1291.0,1,1,1,0,3,3,15.54,5.18,9.9,1.0,0.0206,1.0,Customer-level address and order-value evidence for top or mismatched customers.
top_customer_address_value,customer,Celia Britcher,1596,,customer_value_rank,1292.0,1,2,2,0,2,2,15.52,7.76,15.2,2.0,0.0206,2.0,Customer-level address and order-value evidence for top or mismatched customers.
top_customer_address_value,customer,Joletta Boatwright,1774,,customer_value_rank,1293.0,1,3,2,1,2,2,15.52,7.76,16.7,3.0,0.0206,1.0,Customer-level address and order-value evidence for top or mismatched customers.
top_customer_address_value,customer,Aristotle Syder,1281,,customer_value_rank,1294.0,1,3,2,1,1,1,15.49,15.49,11.9,3.0,0.0205,1.0,Customer-level address and order-value evidence for top or mismatched customers.
top_customer_address_value,customer,Garold Kobisch,53,,customer_value_rank,1295.0,1,2,1,1,2,2,15.47,7.735,15.2,2.0,0.0205,2.0,Customer-level address and order-value evidence for top or mismatched customers.
top_customer_address_value,customer,Betteann Loddy,1235,,customer_value_rank,1296.0,1,1,1,0,2,2,15.45,7.725,24.5,1.0,0.0205,1.0,Customer-level address and order-value evidence for top or mismatched customers.
top_customer_address_value,customer,Aylmar Lathbury,1764,,customer_value_rank,1297.0,1,2,2,0,2,2,15.41,7.705,18.2,2.0,0.0204,2.0,Customer-level address and order-value evidence for top or mismatched customers.
top_customer_address_value,customer,Robinson Renfrew,1073,,customer_value_rank,1298.0,1,2,2,0,2,2,15.4,7.7,8.9,2.0,0.0204,2.0,Customer-level address and order-value evidence for top or mismatched customers.
top_customer_address_value,customer,Oates Gosz,395,,customer_value_rank,1299.0,1,1,1,0,1,1,15.27,15.27,11.9,1.0,0.0202,1.0,Customer-level address and order-value evidence for top or mismatched customers.
top_customer_address_value,customer,Lanni Wilman,1781,,customer_value_rank,1300.0,1,1,1,0,1,1,15.17,15.17,5.9,1.0,0.0201,1.0,Customer-level address and order-value evidence for top or mismatched customers.
top_customer_address_value,customer,Sosanna Hubane,296,,customer_value_rank,1301.0,1,1,1,0,1,1,15.14,15.14,8.9,1.0,0.0201,1.0,Customer-level address and order-value evidence for top or mismatched customers.
top_customer_address_value,customer,Kris Soot,1013,,customer_value_rank,1302.0,1,1,1,0,2,2,15.12,7.56,15.2,1.0,0.02,1.0,Customer-level address and order-value evidence for top or mismatched customers.
top_customer_address_value,customer,Rich Kirsz,4,,customer_value_rank,1303.0,1,1,1,0,1,1,15.08,15.08,5.9,1.0,0.02,1.0,Customer-level address and order-value evidence for top or mismatched customers.
top_customer_address_value,customer,Elva Shearme,1002,,customer_value_rank,1304.0,1,1,1,0,2,2,15.04,7.52,11.9,1.0,0.0199,1.0,Customer-level address and order-value evidence for top or mismatched customers.
top_customer_address_value,customer,Dulcinea Polak,942,,customer_value_rank,1305.0,1,1,1,0,1,1,15.0,15.0,5.9,1.0,0.0199,1.0,Customer-level address and order-value evidence for top or mismatched customers.
top_customer_address_value,customer,Wat Probart,602,,customer_value_rank,1306.0,1,1,1,0,1,1,14.92,14.92,5.9,1.0,0.0198,1.0,Customer-level address and order-value evidence for top or mismatched customers.
top_customer_address_value,customer,Elsey Tresvina,418,,customer_value_rank,1307.0,1,3,3,0,3,3,14.9,4.9667,18.3,3.0,0.0197,3.0,Customer-level address and order-value evidence for top or mismatched customers.
top_customer_address_value,customer,Gerti Elphee,1420,,customer_value_rank,1308.0,1,1,1,0,1,1,14.9,14.9,24.5,1.0,0.0197,1.0,Customer-level address and order-value evidence for top or mismatched customers.
top_customer_address_value,customer,Danit Darbyshire,429,,customer_value_rank,1309.0,1,3,2,1,1,1,14.89,14.89,11.9,2.0,0.0197,1.0,Customer-level address and order-value evidence for top or mismatched customers.
top_customer_address_value,customer,Carly Whiskerd,105,,customer_value_rank,1310.0,1,1,1,0,1,1,14.88,14.88,8.9,1.0,0.0197,1.0,Customer-level address and order-value evidence for top or mismatched customers.
top_customer_address_value,customer,Ardeen Greenstreet,279,,customer_value_rank,1311.0,1,1,1,0,1,1,14.79,14.79,24.5,1.0,0.0196,1.0,Customer-level address and order-value evidence for top or mismatched customers.
top_customer_address_value,customer,Coretta Dublin,98,,customer_value_rank,1312.0,1,2,2,0,1,1,14.79,14.79,5.9,2.0,0.0196,1.0,Customer-level address and order-value evidence for top or mismatched customers.
top_customer_address_value,customer,Mycah Sprull,1169,,customer_value_rank,1313.0,1,1,1,0,1,1,14.79,14.79,24.5,1.0,0.0196,1.0,Customer-level address and order-value evidence for top or mismatched customers.
top_customer_address_value,customer,Benjie Cardnell,346,,customer_value_rank,1314.0,1,1,1,0,1,1,14.77,14.77,8.9,1.0,0.0196,1.0,Customer-level address and order-value evidence for top or mismatched customers.
top_customer_address_value,customer,Alissa Oakhill,1512,,customer_value_rank,1315.0,1,1,1,0,1,1,14.69,14.69,5.9,1.0,0.0195,1.0,Customer-level address and order-value evidence for top or mismatched customers.
top_customer_address_value,customer,Mag Eble,1107,,customer_value_rank,1316.0,1,2,1,1,3,3,14.68,4.8933,8.9,1.0,0.0195,1.0,Customer-level address and order-value evidence for top or mismatched customers.
top_customer_address_value,customer,Shoshanna Simioli,913,,customer_value_rank,1317.0,1,3,2,1,1,1,14.67,14.67,11.9,2.0,0.0194,1.0,Customer-level address and order-value evidence for top or mismatched customers.
top_customer_address_value,customer,Arabelle Pillinger,859,,customer_value_rank,1318.0,1,1,1,0,1,1,14.56,14.56,8.9,1.0,0.0193,1.0,Customer-level address and order-value evidence for top or mismatched customers.
top_customer_address_value,customer,Johnette Entwistle,117,,customer_value_rank,1319.0,1,1,1,0,1,1,14.55,14.55,11.9,1.0,0.0193,1.0,Customer-level address and order-value evidence for top or mismatched customers.
top_customer_address_value,customer,Tann Booy,1509,,customer_value_rank,1320.0,1,1,1,0,2,2,14.55,7.275,16.7,1.0,0.0193,1.0,Customer-level address and order-value evidence for top or mismatched customers.
top_customer_address_value,customer,Aguistin Trounce,328,,customer_value_rank,1321.0,1,1,1,0,1,1,14.53,14.53,5.9,1.0,0.0193,1.0,Customer-level address and order-value evidence for top or mismatched customers.
top_customer_address_value,customer,Chase Supple,1333,,customer_value_rank,1322.0,1,1,1,0,2,2,14.52,7.26,16.7,1.0,0.0192,1.0,Customer-level address and order-value evidence for top or mismatched customers.
top_customer_address_value,customer,Corinne Chimienti,71,,customer_value_rank,1323.0,1,3,3,0,1,1,14.52,14.52,11.9,3.0,0.0192,1.0,Customer-level address and order-value evidence for top or mismatched customers.
top_customer_address_value,customer,Hermia Donnelly,709,,customer_value_rank,1324.0,1,2,2,0,1,1,14.47,14.47,11.9,2.0,0.0192,1.0,Customer-level address and order-value evidence for top or mismatched customers.
top_customer_address_value,customer,Randall Gilcrist,76,,customer_value_rank,1325.0,1,1,1,0,2,2,14.44,7.22,8.9,1.0,0.0191,1.0,Customer-level address and order-value evidence for top or mismatched customers.
top_customer_address_value,customer,Agnes Curwen,1219,,customer_value_rank,1326.0,1,1,1,0,1,1,14.42,14.42,5.9,1.0,0.0191,1.0,Customer-level address and order-value evidence for top or mismatched customers.
top_customer_address_value,customer,Baxter Flaonier,1249,,customer_value_rank,1327.0,1,2,2,0,2,2,14.33,7.165,16.7,2.0,0.019,2.0,Customer-level address and order-value evidence for top or mismatched customers.
top_customer_address_value,customer,Kenon Weeden,1282,,customer_value_rank,1328.0,1,1,1,0,1,1,14.22,14.22,5.9,1.0,0.0188,1.0,Customer-level address and order-value evidence for top or mismatched customers.
top_customer_address_value,customer,Laetitia Cliburn,1595,,customer_value_rank,1329.0,1,1,1,0,1,1,14.21,14.21,8.9,1.0,0.0188,1.0,Customer-level address and order-value evidence for top or mismatched customers.
top_customer_address_value,customer,Lucie Bartlam,171,,customer_value_rank,1330.0,1,1,1,0,1,1,14.21,14.21,24.5,1.0,0.0188,1.0,Customer-level address and order-value evidence for top or mismatched customers.
top_customer_address_value,customer,Flore Fateley,811,,customer_value_rank,1331.0,1,1,1,0,1,1,14.2,14.2,11.9,1.0,0.0188,1.0,Customer-level address and order-value evidence for top or mismatched customers.
top_customer_address_value,customer,Ricki Izhakov,1540,,customer_value_rank,1332.0,1,2,2,0,1,1,14.19,14.19,8.9,2.0,0.0188,1.0,Customer-level address and order-value evidence for top or mismatched customers.
top_customer_address_value,customer,Trudie Clash,1103,,customer_value_rank,1333.0,1,1,1,0,1,1,14.19,14.19,11.9,1.0,0.0188,1.0,Customer-level address and order-value evidence for top or mismatched customers.
top_customer_address_value,customer,Benedicto Haddinton,840,,customer_value_rank,1334.0,1,1,1,0,1,1,14.18,14.18,24.5,1.0,0.0188,1.0,Customer-level address and order-value evidence for top or mismatched customers.
top_customer_address_value,customer,Constance Raeburn,186,,customer_value_rank,1335.0,1,1,1,0,1,1,14.18,14.18,24.5,1.0,0.0188,1.0,Customer-level address and order-value evidence for top or mismatched customers.
top_customer_address_value,customer,Jaime Chadburn,1517,,customer_value_rank,1336.0,1,1,1,0,2,2,14.17,7.085,11.9,1.0,0.0188,1.0,Customer-level address and order-value evidence for top or mismatched customers.
top_customer_address_value,customer,Jim Pinwill,1112,,customer_value_rank,1337.0,1,1,1,0,1,1,14.16,14.16,5.9,1.0,0.0188,1.0,Customer-level address and order-value evidence for top or mismatched customers.
top_customer_address_value,customer,Sigismondo MacDermott,1488,,customer_value_rank,1338.0,1,1,1,0,1,1,14.11,14.11,11.9,1.0,0.0187,1.0,Customer-level address and order-value evidence for top or mismatched customers.
top_customer_address_value,customer,Yance Basini-Gazzi,428,,customer_value_rank,1339.0,1,1,1,0,1,1,14.11,14.11,24.5,1.0,0.0187,1.0,Customer-level address and order-value evidence for top or mismatched customers.
top_customer_address_value,customer,Octavius Cussen,1432,,customer_value_rank,1340.0,1,2,2,0,1,1,14.08,14.08,24.5,2.0,0.0187,1.0,Customer-level address and order-value evidence for top or mismatched customers.
top_customer_address_value,customer,Cart Kettleson,1865,,customer_value_rank,1341.0,1,3,2,1,1,1,14.06,14.06,5.9,3.0,0.0186,1.0,Customer-level address and order-value evidence for top or mismatched customers.
top_customer_address_value,customer,Jillene Aldwich,1408,,customer_value_rank,1342.0,1,1,1,0,2,2,14.04,7.02,8.9,1.0,0.0186,1.0,Customer-level address and order-value evidence for top or mismatched customers.
top_customer_address_value,customer,Dasha Galier,1085,,customer_value_rank,1343.0,1,1,1,0,1,1,13.98,13.98,5.9,1.0,0.0185,1.0,Customer-level address and order-value evidence for top or mismatched customers.
top_customer_address_value,customer,Isidro Oakton,1840,,customer_value_rank,1344.0,1,1,1,0,1,1,13.88,13.88,11.9,1.0,0.0184,1.0,Customer-level address and order-value evidence for top or mismatched customers.
top_customer_address_value,customer,Ardeen Domenge,1135,,customer_value_rank,1345.0,1,1,1,0,1,1,13.85,13.85,24.5,1.0,0.0184,1.0,Customer-level address and order-value evidence for top or mismatched customers.
top_customer_address_value,customer,Sibylla Vittet,940,,customer_value_rank,1346.0,1,2,2,0,1,1,13.85,13.85,11.9,2.0,0.0184,1.0,Customer-level address and order-value evidence for top or mismatched customers.
top_customer_address_value,customer,Tedie Vowels,1752,,customer_value_rank,1347.0,1,2,2,0,1,1,13.85,13.85,5.9,2.0,0.0184,1.0,Customer-level address and order-value evidence for top or mismatched customers.
top_customer_address_value,customer,Valerye Marrable,242,,customer_value_rank,1348.0,1,1,1,0,2,2,13.82,6.91,15.2,1.0,0.0183,1.0,Customer-level address and order-value evidence for top or mismatched customers.
top_customer_address_value,customer,Der Baulch,1547,,customer_value_rank,1349.0,1,2,2,0,1,1,13.71,13.71,8.9,2.0,0.0182,1.0,Customer-level address and order-value evidence for top or mismatched customers.
top_customer_address_value,customer,Cissy Hylands,47,,customer_value_rank,1350.0,1,1,1,0,1,1,13.7,13.7,11.9,1.0,0.0182,1.0,Customer-level address and order-value evidence for top or mismatched customers.
top_customer_address_value,customer,Florance Cullingford,745,,customer_value_rank,1351.0,1,1,1,0,2,2,13.63,6.815,15.2,1.0,0.0181,1.0,Customer-level address and order-value evidence for top or mismatched customers.
top_customer_address_value,customer,Jarrid Camamile,1935,,customer_value_rank,1352.0,1,3,2,1,2,2,13.59,6.795,8.9,3.0,0.018,2.0,Customer-level address and order-value evidence for top or mismatched customers.
top_customer_address_value,customer,Gherardo Sirey,1413,,customer_value_rank,1353.0,1,2,1,1,1,1,13.57,13.57,11.9,2.0,0.018,1.0,Customer-level address and order-value evidence for top or mismatched customers.
top_customer_address_value,customer,Wilfrid Curee,807,,customer_value_rank,1354.0,1,1,1,0,1,1,13.57,13.57,8.9,1.0,0.018,1.0,Customer-level address and order-value evidence for top or mismatched customers.
top_customer_address_value,customer,Cordelie Rickertsen,1427,,customer_value_rank,1355.0,1,1,1,0,1,1,13.54,13.54,24.5,1.0,0.0179,1.0,Customer-level address and order-value evidence for top or mismatched customers.
top_customer_address_value,customer,Joshuah Benit,857,,customer_value_rank,1356.0,1,1,1,0,1,1,13.5,13.5,24.5,1.0,0.0179,1.0,Customer-level address and order-value evidence for top or mismatched customers.
top_customer_address_value,customer,Alis Staries,1424,,customer_value_rank,1357.0,1,1,1,0,1,1,13.45,13.45,5.9,1.0,0.0178,1.0,Customer-level address and order-value evidence for top or mismatched customers.
top_customer_address_value,customer,Lyndy Redmond,190,,customer_value_rank,1358.0,1,1,1,0,1,1,13.45,13.45,24.5,1.0,0.0178,1.0,Customer-level address and order-value evidence for top or mismatched customers.
top_customer_address_value,customer,Flossie Maruszewski,1613,,customer_value_rank,1359.0,1,1,1,0,1,1,13.43,13.43,24.5,1.0,0.0178,1.0,Customer-level address and order-value evidence for top or mismatched customers.
top_customer_address_value,customer,Shirlene Southward,569,,customer_value_rank,1360.0,1,1,1,0,4,4,13.39,3.3475,12.05,1.0,0.0177,1.0,Customer-level address and order-value evidence for top or mismatched customers.
top_customer_address_value,customer,Lorilee Agirre,1665,,customer_value_rank,1361.0,1,2,2,0,2,2,13.33,6.665,11.9,2.0,0.0177,1.0,Customer-level address and order-value evidence for top or mismatched customers.
top_customer_address_value,customer,Eldridge Knighton,1917,,customer_value_rank,1362.0,1,1,1,0,1,1,13.29,13.29,8.9,1.0,0.0176,1.0,Customer-level address and order-value evidence for top or mismatched customers.
top_customer_address_value,customer,Darcy Render,1651,,customer_value_rank,1363.0,1,2,1,1,1,1,13.27,13.27,5.9,2.0,0.0176,1.0,Customer-level address and order-value evidence for top or mismatched customers.
top_customer_address_value,customer,Sylvester Eaton,140,,customer_value_rank,1364.0,1,1,1,0,1,1,13.26,13.26,11.9,1.0,0.0176,1.0,Customer-level address and order-value evidence for top or mismatched customers.
top_customer_address_value,customer,Arda Wanderschek,312,,customer_value_rank,1365.0,1,1,1,0,1,1,13.21,13.21,24.5,1.0,0.0175,1.0,Customer-level address and order-value evidence for top or mismatched customers.
top_customer_address_value,customer,Joelie Menhci,277,,customer_value_rank,1366.0,1,1,1,0,1,1,13.21,13.21,11.9,1.0,0.0175,1.0,Customer-level address and order-value evidence for top or mismatched customers.
top_customer_address_value,customer,Bjorn McCloud,199,,customer_value_rank,1367.0,1,1,1,0,3,3,13.13,4.3767,13.1,1.0,0.0174,1.0,Customer-level address and order-value evidence for top or mismatched customers.
top_customer_address_value,customer,Horace Craske,674,,customer_value_rank,1368.0,1,2,2,0,2,2,13.13,6.565,18.2,2.0,0.0174,1.0,Customer-level address and order-value evidence for top or mismatched customers.
top_customer_address_value,customer,Kermy Elton,990,,customer_value_rank,1369.0,1,1,1,0,1,1,13.12,13.12,5.9,1.0,0.0174,1.0,Customer-level address and order-value evidence for top or mismatched customers.
top_customer_address_value,customer,Sylvan Meek,1814,,customer_value_rank,1370.0,1,3,2,1,1,1,13.07,13.07,5.9,3.0,0.0173,1.0,Customer-level address and order-value evidence for top or mismatched customers.
top_customer_address_value,customer,Ramonda Normavell,1869,,customer_value_rank,1371.0,1,2,1,1,2,2,13.02,6.51,16.7,2.0,0.0173,1.0,Customer-level address and order-value evidence for top or mismatched customers.
top_customer_address_value,customer,Travus Skirven,37,,customer_value_rank,1372.0,1,1,1,0,1,1,12.95,12.95,11.9,1.0,0.0172,1.0,Customer-level address and order-value evidence for top or mismatched customers.
top_customer_address_value,customer,Giulietta Siveyer,1410,,customer_value_rank,1373.0,1,1,1,0,1,1,12.89,12.89,24.5,1.0,0.0171,1.0,Customer-level address and order-value evidence for top or mismatched customers.
top_customer_address_value,customer,Judas Ortell,448,,customer_value_rank,1374.0,1,2,1,1,2,2,12.88,6.44,11.9,2.0,0.0171,2.0,Customer-level address and order-value evidence for top or mismatched customers.
top_customer_address_value,customer,Torrin Smitten,1628,,customer_value_rank,1375.0,1,1,1,0,1,1,12.81,12.81,5.9,1.0,0.017,1.0,Customer-level address and order-value evidence for top or mismatched customers.
top_customer_address_value,customer,Delmor Pardew,1696,,customer_value_rank,1376.0,1,1,1,0,1,1,12.8,12.8,24.5,1.0,0.017,1.0,Customer-level address and order-value evidence for top or mismatched customers.
top_customer_address_value,customer,Harold Izacenko,1062,,customer_value_rank,1377.0,1,2,1,1,1,1,12.78,12.78,8.9,2.0,0.0169,1.0,Customer-level address and order-value evidence for top or mismatched customers.
top_customer_address_value,customer,Celia Wedge,1092,,customer_value_rank,1378.0,1,1,1,0,1,1,12.77,12.77,8.9,1.0,0.0169,1.0,Customer-level address and order-value evidence for top or mismatched customers.
top_customer_address_value,customer,Rustin Cadden,217,,customer_value_rank,1379.0,1,1,1,0,1,1,12.77,12.77,24.5,1.0,0.0169,1.0,Customer-level address and order-value evidence for top or mismatched customers.
top_customer_address_value,customer,Conroy Smoth,1182,,customer_value_rank,1380.0,1,1,1,0,1,1,12.75,12.75,11.9,1.0,0.0169,1.0,Customer-level address and order-value evidence for top or mismatched customers.
top_customer_address_value,customer,Raeann Doole,678,,customer_value_rank,1381.0,1,3,2,1,1,1,12.71,12.71,24.5,3.0,0.0168,1.0,Customer-level address and order-value evidence for top or mismatched customers.
top_customer_address_value,customer,Luella Bernardino,407,,customer_value_rank,1382.0,1,1,1,0,1,1,12.69,12.69,24.5,1.0,0.0168,1.0,Customer-level address and order-value evidence for top or mismatched customers.
top_customer_address_value,customer,Wash O' Sullivan,1331,,customer_value_rank,1383.0,1,1,1,0,1,1,12.63,12.63,11.9,1.0,0.0167,1.0,Customer-level address and order-value evidence for top or mismatched customers.
top_customer_address_value,customer,Nolan More,255,,customer_value_rank,1384.0,1,2,2,0,1,1,12.61,12.61,5.9,2.0,0.0167,1.0,Customer-level address and order-value evidence for top or mismatched customers.
top_customer_address_value,customer,Carina Brotherhood,260,,customer_value_rank,1385.0,1,1,1,0,1,1,12.59,12.59,24.5,1.0,0.0167,1.0,Customer-level address and order-value evidence for top or mismatched customers.
top_customer_address_value,customer,Arlen Plum,1503,,customer_value_rank,1386.0,1,1,1,0,1,1,12.58,12.58,8.9,1.0,0.0167,1.0,Customer-level address and order-value evidence for top or mismatched customers.
top_customer_address_value,customer,Marilyn Risson,1109,,customer_value_rank,1387.0,1,1,1,0,1,1,12.55,12.55,24.5,1.0,0.0166,1.0,Customer-level address and order-value evidence for top or mismatched customers.
top_customer_address_value,customer,Robinet Bailey,634,,customer_value_rank,1388.0,1,1,1,0,1,1,12.53,12.53,24.5,1.0,0.0166,1.0,Customer-level address and order-value evidence for top or mismatched customers.
top_customer_address_value,customer,Jane McCreath,539,,customer_value_rank,1389.0,1,2,2,0,3,3,12.43,4.1433,13.1,2.0,0.0165,2.0,Customer-level address and order-value evidence for top or mismatched customers.
top_customer_address_value,customer,Zolly Theml,1910,,customer_value_rank,1390.0,1,1,1,0,1,1,12.29,12.29,8.9,1.0,0.0163,1.0,Customer-level address and order-value evidence for top or mismatched customers.
top_customer_address_value,customer,Josephina Bunson,590,,customer_value_rank,1391.0,1,1,1,0,1,1,12.27,12.27,11.9,1.0,0.0163,1.0,Customer-level address and order-value evidence for top or mismatched customers.
top_customer_address_value,customer,Lyn Abethell,79,,customer_value_rank,1392.0,1,1,1,0,1,1,12.27,12.27,24.5,1.0,0.0163,1.0,Customer-level address and order-value evidence for top or mismatched customers.
top_customer_address_value,customer,Valry Bishell,1592,,customer_value_rank,1393.0,1,1,1,0,3,3,12.25,4.0833,11.9,1.0,0.0162,1.0,Customer-level address and order-value evidence for top or mismatched customers.
top_customer_address_value,customer,Tessie Sleigh,648,,customer_value_rank,1394.0,1,1,1,0,1,1,12.24,12.24,24.5,1.0,0.0162,1.0,Customer-level address and order-value evidence for top or mismatched customers.
top_customer_address_value,customer,Eda Garrish,697,,customer_value_rank,1395.0,1,1,1,0,4,4,12.22,3.055,17.45,1.0,0.0162,1.0,Customer-level address and order-value evidence for top or mismatched customers.
top_customer_address_value,customer,Ronny Heathfield,36,,customer_value_rank,1396.0,1,1,1,0,1,1,12.17,12.17,11.9,1.0,0.0161,1.0,Customer-level address and order-value evidence for top or mismatched customers.
top_customer_address_value,customer,Meridel Bradborne,553,,customer_value_rank,1397.0,1,1,1,0,2,2,12.16,6.08,11.9,1.0,0.0161,1.0,Customer-level address and order-value evidence for top or mismatched customers.
top_customer_address_value,customer,Sonia Redborn,1721,,customer_value_rank,1398.0,1,2,2,0,1,1,12.08,12.08,11.9,2.0,0.016,1.0,Customer-level address and order-value evidence for top or mismatched customers.
top_customer_address_value,customer,Jehanna Sleany,1340,,customer_value_rank,1399.0,1,2,1,1,3,3,12.04,4.0133,13.1,2.0,0.016,1.0,Customer-level address and order-value evidence for top or mismatched customers.
top_customer_address_value,customer,Burgess Dafforne,1572,,customer_value_rank,1400.0,1,1,1,0,1,1,11.99,11.99,5.9,1.0,0.0159,1.0,Customer-level address and order-value evidence for top or mismatched customers.
top_customer_address_value,customer,Simona Prahm,473,,customer_value_rank,1401.0,1,1,1,0,1,1,11.99,11.99,24.5,1.0,0.0159,1.0,Customer-level address and order-value evidence for top or mismatched customers.
top_customer_address_value,customer,Shara Cathro,396,,customer_value_rank,1402.0,1,1,1,0,1,1,11.98,11.98,5.9,1.0,0.0159,1.0,Customer-level address and order-value evidence for top or mismatched customers.
top_customer_address_value,customer,Clayborn Greenfield,605,,customer_value_rank,1403.0,1,1,1,0,1,1,11.97,11.97,5.9,1.0,0.0159,1.0,Customer-level address and order-value evidence for top or mismatched customers.
top_customer_address_value,customer,Svend Hamnett,790,,customer_value_rank,1404.0,1,1,1,0,1,1,11.91,11.91,11.9,1.0,0.0158,1.0,Customer-level address and order-value evidence for top or mismatched customers.
top_customer_address_value,customer,Hilary Vispo,1903,,customer_value_rank,1405.0,1,1,1,0,2,2,11.84,5.92,10.4,1.0,0.0157,1.0,Customer-level address and order-value evidence for top or mismatched customers.
top_customer_address_value,customer,Kirstin Philippart,1329,,customer_value_rank,1406.0,1,1,1,0,1,1,11.82,11.82,24.5,1.0,0.0157,1.0,Customer-level address and order-value evidence for top or mismatched customers.
top_customer_address_value,customer,Heath Irnis,1791,,customer_value_rank,1407.0,1,1,1,0,1,1,11.78,11.78,5.9,1.0,0.0156,1.0,Customer-level address and order-value evidence for top or mismatched customers.
top_customer_address_value,customer,Korey Bartomieu,1773,,customer_value_rank,1408.0,1,1,1,0,1,1,11.77,11.77,11.9,1.0,0.0156,1.0,Customer-level address and order-value evidence for top or mismatched customers.
top_customer_address_value,customer,Frans Teague,1188,,customer_value_rank,1409.0,1,1,1,0,1,1,11.75,11.75,5.9,1.0,0.0156,1.0,Customer-level address and order-value evidence for top or mismatched customers.
top_customer_address_value,customer,Eugenie Ahearne,921,,customer_value_rank,1410.0,1,1,1,0,2,2,11.71,5.855,18.2,1.0,0.0155,1.0,Customer-level address and order-value evidence for top or mismatched customers.
top_customer_address_value,customer,Natka Casarili,1201,,customer_value_rank,1411.0,1,1,1,0,2,2,11.69,5.845,8.9,1.0,0.0155,1.0,Customer-level address and order-value evidence for top or mismatched customers.
top_customer_address_value,customer,Jill Fowkes,1720,,customer_value_rank,1412.0,1,1,1,0,1,1,11.67,11.67,24.5,1.0,0.0155,1.0,Customer-level address and order-value evidence for top or mismatched customers.
top_customer_address_value,customer,Tad Weighell,1021,,customer_value_rank,1413.0,1,2,2,0,1,1,11.67,11.67,24.5,2.0,0.0155,1.0,Customer-level address and order-value evidence for top or mismatched customers.
top_customer_address_value,customer,Sileas Mattingly,747,,customer_value_rank,1414.0,1,2,2,0,2,2,11.66,5.83,18.2,2.0,0.0155,1.0,Customer-level address and order-value evidence for top or mismatched customers.
top_customer_address_value,customer,Alta Dundredge,362,,customer_value_rank,1415.0,1,2,2,0,2,2,11.65,5.825,11.9,1.0,0.0154,1.0,Customer-level address and order-value evidence for top or mismatched customers.
top_customer_address_value,customer,Stephi Egre,48,,customer_value_rank,1416.0,1,1,1,0,1,1,11.65,11.65,24.5,1.0,0.0154,1.0,Customer-level address and order-value evidence for top or mismatched customers.
top_customer_address_value,customer,Michelle Yoxall,1391,,customer_value_rank,1417.0,1,1,1,0,1,1,11.57,11.57,24.5,1.0,0.0153,1.0,Customer-level address and order-value evidence for top or mismatched customers.
top_customer_address_value,customer,Maiga Howey,1489,,customer_value_rank,1418.0,1,2,1,1,2,2,11.5,5.75,24.5,2.0,0.0152,1.0,Customer-level address and order-value evidence for top or mismatched customers.
top_customer_address_value,customer,Gram Lavelle,968,,customer_value_rank,1419.0,1,1,1,0,1,1,11.43,11.43,8.9,1.0,0.0151,1.0,Customer-level address and order-value evidence for top or mismatched customers.
top_customer_address_value,customer,Karyn Riddel,1612,,customer_value_rank,1420.0,1,1,1,0,1,1,11.37,11.37,8.9,1.0,0.0151,1.0,Customer-level address and order-value evidence for top or mismatched customers.
top_customer_address_value,customer,Fletch Canfield,240,,customer_value_rank,1421.0,1,2,1,1,2,2,11.33,5.665,8.9,2.0,0.015,2.0,Customer-level address and order-value evidence for top or mismatched customers.
top_customer_address_value,customer,Marti Cassely,232,,customer_value_rank,1422.0,1,3,2,1,1,1,11.29,11.29,11.9,3.0,0.015,1.0,Customer-level address and order-value evidence for top or mismatched customers.
top_customer_address_value,customer,Wilek Scarsbrooke,1376,,customer_value_rank,1423.0,1,1,1,0,1,1,11.17,11.17,11.9,1.0,0.0148,1.0,Customer-level address and order-value evidence for top or mismatched customers.
top_customer_address_value,customer,Orv Strover,108,,customer_value_rank,1424.0,1,1,1,0,2,2,11.09,5.545,15.2,1.0,0.0147,1.0,Customer-level address and order-value evidence for top or mismatched customers.
top_customer_address_value,customer,Robert Swedeland,431,,customer_value_rank,1425.0,1,2,2,0,3,3,11.0,3.6667,19.3,2.0,0.0146,1.0,Customer-level address and order-value evidence for top or mismatched customers.
top_customer_address_value,customer,Hi Goodredge,212,,customer_value_rank,1426.0,1,2,1,1,1,1,10.98,10.98,8.9,2.0,0.0146,1.0,Customer-level address and order-value evidence for top or mismatched customers.
top_customer_address_value,customer,Eddi De Mattei,562,,customer_value_rank,1427.0,1,1,1,0,2,2,10.92,5.46,15.2,1.0,0.0145,1.0,Customer-level address and order-value evidence for top or mismatched customers.
top_customer_address_value,customer,Borg Mossom,1481,,customer_value_rank,1428.0,1,2,1,1,1,1,10.9,10.9,11.9,2.0,0.0144,1.0,Customer-level address and order-value evidence for top or mismatched customers.
top_customer_address_value,customer,Pris Colleymore,394,,customer_value_rank,1429.0,1,1,1,0,1,1,10.9,10.9,8.9,1.0,0.0144,1.0,Customer-level address and order-value evidence for top or mismatched customers.
top_customer_address_value,customer,Cynthia Kunat,1399,,customer_value_rank,1430.0,1,1,1,0,1,1,10.86,10.86,24.5,1.0,0.0144,1.0,Customer-level address and order-value evidence for top or mismatched customers.
top_customer_address_value,customer,Elyse Mechell,1300,,customer_value_rank,1431.0,1,2,1,1,1,1,10.84,10.84,24.5,2.0,0.0144,1.0,Customer-level address and order-value evidence for top or mismatched customers.
top_customer_address_value,customer,Horacio Flemyng,1550,,customer_value_rank,1432.0,1,3,3,0,1,1,10.75,10.75,5.9,3.0,0.0142,1.0,Customer-level address and order-value evidence for top or mismatched customers.
top_customer_address_value,customer,Estell Hamby,1529,,customer_value_rank,1433.0,1,1,1,0,1,1,10.74,10.74,11.9,1.0,0.0142,1.0,Customer-level address and order-value evidence for top or mismatched customers.
top_customer_address_value,customer,Horst Van Der Hoog,753,,customer_value_rank,1434.0,1,1,1,0,1,1,10.72,10.72,5.9,1.0,0.0142,1.0,Customer-level address and order-value evidence for top or mismatched customers.
top_customer_address_value,customer,Davin Logue,1825,,customer_value_rank,1435.0,1,3,2,1,1,1,10.7,10.7,11.9,3.0,0.0142,1.0,Customer-level address and order-value evidence for top or mismatched customers.
top_customer_address_value,customer,Blake Carson,233,,customer_value_rank,1436.0,1,2,2,0,1,1,10.66,10.66,11.9,2.0,0.0141,1.0,Customer-level address and order-value evidence for top or mismatched customers.
top_customer_address_value,customer,Cristi Thresh,1630,,customer_value_rank,1437.0,1,1,1,0,1,1,10.64,10.64,11.9,1.0,0.0141,1.0,Customer-level address and order-value evidence for top or mismatched customers.
top_customer_address_value,customer,Jolyn Padly,490,,customer_value_rank,1438.0,1,1,1,0,1,1,10.64,10.64,8.9,1.0,0.0141,1.0,Customer-level address and order-value evidence for top or mismatched customers.
top_customer_address_value,customer,Maia Hedgeley,783,,customer_value_rank,1439.0,1,2,2,0,3,3,10.61,3.5367,7.9,2.0,0.0141,2.0,Customer-level address and order-value evidence for top or mismatched customers.
top_customer_address_value,customer,Bord Howkins,1573,,customer_value_rank,1440.0,1,1,1,0,2,2,10.61,5.305,5.9,1.0,0.0141,1.0,Customer-level address and order-value evidence for top or mismatched customers.
top_customer_address_value,customer,Clem McAloren,833,,customer_value_rank,1441.0,1,2,2,0,1,1,10.57,10.57,11.9,2.0,0.014,1.0,Customer-level address and order-value evidence for top or mismatched customers.
top_customer_address_value,customer,Isahella Flinn,280,,customer_value_rank,1442.0,1,3,3,0,2,2,10.53,5.265,8.9,3.0,0.014,2.0,Customer-level address and order-value evidence for top or mismatched customers.
top_customer_address_value,customer,Randall Leslie,464,,customer_value_rank,1443.0,1,2,2,0,2,2,10.51,5.255,7.4,1.0,0.0139,1.0,Customer-level address and order-value evidence for top or mismatched customers.
top_customer_address_value,customer,Cully Diggin,153,,customer_value_rank,1444.0,1,1,1,0,2,2,10.47,5.235,18.2,1.0,0.0139,1.0,Customer-level address and order-value evidence for top or mismatched customers.
top_customer_address_value,customer,Moshe Gorsse,1683,,customer_value_rank,1445.0,1,1,1,0,2,2,10.44,5.22,24.5,1.0,0.0138,1.0,Customer-level address and order-value evidence for top or mismatched customers.
top_customer_address_value,customer,Agnella Massie,558,,customer_value_rank,1446.0,1,1,1,0,1,1,10.41,10.41,8.9,1.0,0.0138,1.0,Customer-level address and order-value evidence for top or mismatched customers.
top_customer_address_value,customer,Mike McDonell,1138,,customer_value_rank,1447.0,1,1,1,0,1,1,10.41,10.41,24.5,1.0,0.0138,1.0,Customer-level address and order-value evidence for top or mismatched customers.
top_customer_address_value,customer,Isidore Devil,1667,,customer_value_rank,1448.0,1,2,2,0,1,1,10.37,10.37,11.9,2.0,0.0137,1.0,Customer-level address and order-value evidence for top or mismatched customers.
top_customer_address_value,customer,Regen Elsie,1126,,customer_value_rank,1449.0,1,1,1,0,1,1,10.37,10.37,8.9,1.0,0.0137,1.0,Customer-level address and order-value evidence for top or mismatched customers.
top_customer_address_value,customer,Angelique Goodwin,1954,,customer_value_rank,1450.0,1,1,1,0,1,1,10.35,10.35,5.9,1.0,0.0137,1.0,Customer-level address and order-value evidence for top or mismatched customers.
top_customer_address_value,customer,Emmy Palfrey,786,,customer_value_rank,1451.0,1,1,1,0,1,1,10.33,10.33,8.9,1.0,0.0137,1.0,Customer-level address and order-value evidence for top or mismatched customers.
top_customer_address_value,customer,Orsa Lotwich,741,,customer_value_rank,1452.0,1,1,1,0,1,1,10.21,10.21,8.9,1.0,0.0135,1.0,Customer-level address and order-value evidence for top or mismatched customers.
top_customer_address_value,customer,Dasya Arnott,1597,,customer_value_rank,1453.0,1,2,2,0,1,1,10.2,10.2,24.5,2.0,0.0135,1.0,Customer-level address and order-value evidence for top or mismatched customers.
top_customer_address_value,customer,Sianna Piris,55,,customer_value_rank,1454.0,1,2,1,1,2,2,10.18,5.09,15.2,2.0,0.0135,1.0,Customer-level address and order-value evidence for top or mismatched customers.
top_customer_address_value,customer,Lacey Woolbrook,760,,customer_value_rank,1455.0,1,2,2,0,1,1,10.17,10.17,24.5,2.0,0.0135,1.0,Customer-level address and order-value evidence for top or mismatched customers.
top_customer_address_value,customer,Selene McElrea,1060,,customer_value_rank,1456.0,1,1,1,0,1,1,10.17,10.17,8.9,1.0,0.0135,1.0,Customer-level address and order-value evidence for top or mismatched customers.
top_customer_address_value,customer,Maure Babidge,1096,,customer_value_rank,1457.0,1,1,1,0,1,1,10.15,10.15,11.9,1.0,0.0135,1.0,Customer-level address and order-value evidence for top or mismatched customers.
top_customer_address_value,customer,Edita Bardwell,721,,customer_value_rank,1458.0,1,1,1,0,2,2,10.05,5.025,10.4,1.0,0.0133,1.0,Customer-level address and order-value evidence for top or mismatched customers.
top_customer_address_value,customer,Pen Baigrie,1274,,customer_value_rank,1459.0,1,1,1,0,1,1,10.02,10.02,24.5,1.0,0.0133,1.0,Customer-level address and order-value evidence for top or mismatched customers.
top_customer_address_value,customer,Hayden Andrew,213,,customer_value_rank,1460.0,1,1,1,0,1,1,10.01,10.01,24.5,1.0,0.0133,1.0,Customer-level address and order-value evidence for top or mismatched customers.
top_customer_address_value,customer,Nowell Handke,545,,customer_value_rank,1461.0,1,1,1,0,1,1,10.0,10.0,8.9,1.0,0.0133,1.0,Customer-level address and order-value evidence for top or mismatched customers.
top_customer_address_value,customer,Leonanie Nolleth,530,,customer_value_rank,1462.0,1,1,1,0,1,1,9.98,9.98,11.9,1.0,0.0132,1.0,Customer-level address and order-value evidence for top or mismatched customers.
top_customer_address_value,customer,Holden Gollin,1006,,customer_value_rank,1463.0,1,1,1,0,1,1,9.96,9.96,8.9,1.0,0.0132,1.0,Customer-level address and order-value evidence for top or mismatched customers.
top_customer_address_value,customer,Orv Bottelstone,864,,customer_value_rank,1464.0,1,2,2,0,1,1,9.96,9.96,5.9,2.0,0.0132,1.0,Customer-level address and order-value evidence for top or mismatched customers.
top_customer_address_value,customer,Kali Sedgebeer,20,,customer_value_rank,1465.0,1,1,1,0,2,2,9.93,4.965,8.9,1.0,0.0132,1.0,Customer-level address and order-value evidence for top or mismatched customers.
top_customer_address_value,customer,Sheeree Sheddan,1280,,customer_value_rank,1466.0,1,1,1,0,2,2,9.93,4.965,8.9,1.0,0.0132,1.0,Customer-level address and order-value evidence for top or mismatched customers.
top_customer_address_value,customer,Emmie Roncelli,1260,,customer_value_rank,1467.0,1,1,1,0,1,1,9.9,9.9,5.9,1.0,0.0131,1.0,Customer-level address and order-value evidence for top or mismatched customers.
top_customer_address_value,customer,Nolie Boich,946,,customer_value_rank,1468.0,1,1,1,0,1,1,9.84,9.84,11.9,1.0,0.013,1.0,Customer-level address and order-value evidence for top or mismatched customers.
top_customer_address_value,customer,Pip Depper,665,,customer_value_rank,1469.0,1,2,2,0,2,2,9.83,4.915,10.4,2.0,0.013,2.0,Customer-level address and order-value evidence for top or mismatched customers.
top_customer_address_value,customer,Johnathan Gothrup,1899,,customer_value_rank,1470.0,1,2,1,1,1,1,9.82,9.82,5.9,2.0,0.013,1.0,Customer-level address and order-value evidence for top or mismatched customers.
top_customer_address_value,customer,Vance Casali,1089,,customer_value_rank,1471.0,1,2,1,1,1,1,9.81,9.81,24.5,2.0,0.013,1.0,Customer-level address and order-value evidence for top or mismatched customers.
top_customer_address_value,customer,Sophi Gibbard,1813,,customer_value_rank,1472.0,1,1,1,0,1,1,9.8,9.8,5.9,1.0,0.013,1.0,Customer-level address and order-value evidence for top or mismatched customers.
top_customer_address_value,customer,Esmeralda Swinfen,191,,customer_value_rank,1473.0,1,2,1,1,1,1,9.78,9.78,8.9,2.0,0.013,1.0,Customer-level address and order-value evidence for top or mismatched customers.
top_customer_address_value,customer,Letizia Febvre,133,,customer_value_rank,1474.0,1,1,1,0,2,2,9.71,4.855,18.2,1.0,0.0129,1.0,Customer-level address and order-value evidence for top or mismatched customers.
top_customer_address_value,customer,Callean Debenham,1306,,customer_value_rank,1475.0,1,1,1,0,1,1,9.69,9.69,11.9,1.0,0.0128,1.0,Customer-level address and order-value evidence for top or mismatched customers.
top_customer_address_value,customer,Katerine Boylin,1483,,customer_value_rank,1476.0,1,1,1,0,4,4,9.68,2.42,13.55,1.0,0.0128,1.0,Customer-level address and order-value evidence for top or mismatched customers.
top_customer_address_value,customer,Marty Gatheridge,690,,customer_value_rank,1477.0,1,1,1,0,1,1,9.67,9.67,8.9,1.0,0.0128,1.0,Customer-level address and order-value evidence for top or mismatched customers.
top_customer_address_value,customer,Whitney Nation,1824,,customer_value_rank,1478.0,1,2,2,0,1,1,9.67,9.67,24.5,2.0,0.0128,1.0,Customer-level address and order-value evidence for top or mismatched customers.
top_customer_address_value,customer,Evvie Petch,1018,,customer_value_rank,1479.0,1,1,1,0,1,1,9.66,9.66,8.9,1.0,0.0128,1.0,Customer-level address and order-value evidence for top or mismatched customers.
top_customer_address_value,customer,Marcelle Dench,965,,customer_value_rank,1480.0,1,1,1,0,1,1,9.62,9.62,11.9,1.0,0.0128,1.0,Customer-level address and order-value evidence for top or mismatched customers.
top_customer_address_value,customer,Franciska Zamboniari,815,,customer_value_rank,1481.0,1,3,2,1,1,1,9.49,9.49,24.5,2.0,0.0126,1.0,Customer-level address and order-value evidence for top or mismatched customers.
top_customer_address_value,customer,Hazlett Giamelli,1680,,customer_value_rank,1482.0,1,1,1,0,1,1,9.48,9.48,24.5,1.0,0.0126,1.0,Customer-level address and order-value evidence for top or mismatched customers.
top_customer_address_value,customer,Jorrie Pedder,1889,,customer_value_rank,1483.0,1,1,1,0,1,1,9.44,9.44,5.9,1.0,0.0125,1.0,Customer-level address and order-value evidence for top or mismatched customers.
top_customer_address_value,customer,Durant Thebe,518,,customer_value_rank,1484.0,1,1,1,0,1,1,9.43,9.43,24.5,1.0,0.0125,1.0,Customer-level address and order-value evidence for top or mismatched customers.
top_customer_address_value,customer,Bordie Keyzman,1977,,customer_value_rank,1485.0,1,1,1,0,1,1,9.42,9.42,5.9,1.0,0.0125,1.0,Customer-level address and order-value evidence for top or mismatched customers.
top_customer_address_value,customer,Pattin Benthall,1277,,customer_value_rank,1486.0,1,1,1,0,1,1,9.38,9.38,24.5,1.0,0.0124,1.0,Customer-level address and order-value evidence for top or mismatched customers.
top_customer_address_value,customer,Melesa Tremoille,1664,,customer_value_rank,1487.0,1,1,1,0,1,1,9.31,9.31,8.9,1.0,0.0123,1.0,Customer-level address and order-value evidence for top or mismatched customers.
top_customer_address_value,customer,Gherardo Crissil,1474,,customer_value_rank,1488.0,1,1,1,0,1,1,9.29,9.29,11.9,1.0,0.0123,1.0,Customer-level address and order-value evidence for top or mismatched customers.
top_customer_address_value,customer,Isadora Kittoe,609,,customer_value_rank,1489.0,1,1,1,0,2,2,9.28,4.64,15.2,1.0,0.0123,1.0,Customer-level address and order-value evidence for top or mismatched customers.
top_customer_address_value,customer,Dido Ellaman,1662,,customer_value_rank,1490.0,1,2,2,0,3,3,9.26,3.0867,9.9,2.0,0.0123,1.0,Customer-level address and order-value evidence for top or mismatched customers.
top_customer_address_value,customer,Sigismondo Collicott,608,,customer_value_rank,1491.0,1,2,2,0,1,1,9.26,9.26,24.5,2.0,0.0123,1.0,Customer-level address and order-value evidence for top or mismatched customers.
top_customer_address_value,customer,Krishnah Traite,21,,customer_value_rank,1492.0,1,1,1,0,1,1,9.22,9.22,5.9,1.0,0.0122,1.0,Customer-level address and order-value evidence for top or mismatched customers.
top_customer_address_value,customer,June Eustice,795,,customer_value_rank,1493.0,1,1,1,0,1,1,9.18,9.18,5.9,1.0,0.0122,1.0,Customer-level address and order-value evidence for top or mismatched customers.
top_customer_address_value,customer,Kent Adamec,1273,,customer_value_rank,1494.0,1,2,2,0,1,1,9.12,9.12,24.5,2.0,0.0121,1.0,Customer-level address and order-value evidence for top or mismatched customers.
top_customer_address_value,customer,Margareta Rentalll,458,,customer_value_rank,1495.0,1,2,2,0,1,1,9.0,9.0,11.9,2.0,0.0119,1.0,Customer-level address and order-value evidence for top or mismatched customers.
top_customer_address_value,customer,Fanechka Bartomeu,1000,,customer_value_rank,1496.0,1,1,1,0,1,1,8.97,8.97,5.9,1.0,0.0119,1.0,Customer-level address and order-value evidence for top or mismatched customers.
top_customer_address_value,customer,Lyndsie Cosgrave,919,,customer_value_rank,1497.0,1,1,1,0,1,1,8.95,8.95,24.5,1.0,0.0119,1.0,Customer-level address and order-value evidence for top or mismatched customers.
top_customer_address_value,customer,Kev Sone,1361,,customer_value_rank,1498.0,1,1,1,0,1,1,8.88,8.88,5.9,1.0,0.0118,1.0,Customer-level address and order-value evidence for top or mismatched customers.
top_customer_address_value,customer,Neddie Buy,310,,customer_value_rank,1499.0,1,2,2,0,1,1,8.87,8.87,8.9,2.0,0.0118,1.0,Customer-level address and order-value evidence for top or mismatched customers.
top_customer_address_value,customer,Sibley Lobb,389,,customer_value_rank,1500.0,1,1,1,0,1,1,8.83,8.83,8.9,1.0,0.0117,1.0,Customer-level address and order-value evidence for top or mismatched customers.
top_customer_address_value,customer,Nikolia Southcott,973,,customer_value_rank,1501.0,1,2,2,0,2,2,8.81,4.405,8.9,2.0,0.0117,2.0,Customer-level address and order-value evidence for top or mismatched customers.
top_customer_address_value,customer,Gearalt Ambrogi,1563,,customer_value_rank,1502.0,1,1,1,0,1,1,8.8,8.8,8.9,1.0,0.0117,1.0,Customer-level address and order-value evidence for top or mismatched customers.
top_customer_address_value,customer,Reinaldos Casaccio,1571,,customer_value_rank,1503.0,1,1,1,0,1,1,8.77,8.77,24.5,1.0,0.0116,1.0,Customer-level address and order-value evidence for top or mismatched customers.
top_customer_address_value,customer,Florie Laurencot,904,,customer_value_rank,1504.0,1,1,1,0,1,1,8.71,8.71,24.5,1.0,0.0115,1.0,Customer-level address and order-value evidence for top or mismatched customers.
top_customer_address_value,customer,Giustino Dowdney,1818,,customer_value_rank,1505.0,1,1,1,0,1,1,8.69,8.69,5.9,1.0,0.0115,1.0,Customer-level address and order-value evidence for top or mismatched customers.
top_customer_address_value,customer,Nady Toombes,1916,,customer_value_rank,1506.0,1,1,1,0,1,1,8.65,8.65,11.9,1.0,0.0115,1.0,Customer-level address and order-value evidence for top or mismatched customers.
top_customer_address_value,customer,Cathrine Nickell,420,,customer_value_rank,1507.0,1,2,2,0,1,1,8.6,8.6,5.9,2.0,0.0114,1.0,Customer-level address and order-value evidence for top or mismatched customers.
top_customer_address_value,customer,Jackie Palumbo,1221,,customer_value_rank,1508.0,1,1,1,0,4,4,8.59,2.1475,19.85,1.0,0.0114,1.0,Customer-level address and order-value evidence for top or mismatched customers.
top_customer_address_value,customer,Drud Moulden,1183,,customer_value_rank,1509.0,1,1,1,0,1,1,8.57,8.57,8.9,1.0,0.0114,1.0,Customer-level address and order-value evidence for top or mismatched customers.
top_customer_address_value,customer,Christina Cliff,1577,,customer_value_rank,1510.0,1,1,1,0,1,1,8.51,8.51,5.9,1.0,0.0113,1.0,Customer-level address and order-value evidence for top or mismatched customers.
top_customer_address_value,customer,Jone Cordes,1339,,customer_value_rank,1511.0,1,2,1,1,1,1,8.51,8.51,5.9,2.0,0.0113,1.0,Customer-level address and order-value evidence for top or mismatched customers.
top_customer_address_value,customer,Melvyn Iwanicki,364,,customer_value_rank,1512.0,1,1,1,0,1,1,8.51,8.51,24.5,1.0,0.0113,1.0,Customer-level address and order-value evidence for top or mismatched customers.
top_customer_address_value,customer,Whitney Skipworth,1729,,customer_value_rank,1513.0,1,2,2,0,1,1,8.49,8.49,24.5,2.0,0.0113,1.0,Customer-level address and order-value evidence for top or mismatched customers.
top_customer_address_value,customer,Berty Illwell,984,,customer_value_rank,1514.0,1,2,2,0,2,2,8.45,4.225,16.7,2.0,0.0112,2.0,Customer-level address and order-value evidence for top or mismatched customers.
top_customer_address_value,customer,Gusty Stitch,1533,,customer_value_rank,1515.0,1,1,1,0,1,1,8.43,8.43,11.9,1.0,0.0112,1.0,Customer-level address and order-value evidence for top or mismatched customers.
top_customer_address_value,customer,Solomon Bassick,1276,,customer_value_rank,1516.0,1,1,1,0,1,1,8.4,8.4,8.9,1.0,0.0111,1.0,Customer-level address and order-value evidence for top or mismatched customers.
top_customer_address_value,customer,Cristian Peeke-Vout,1926,,customer_value_rank,1517.0,1,2,1,1,3,3,8.38,2.7933,8.9,2.0,0.0111,1.0,Customer-level address and order-value evidence for top or mismatched customers.
top_customer_address_value,customer,Darius Breedy,1615,,customer_value_rank,1518.0,1,1,1,0,1,1,8.24,8.24,11.9,1.0,0.0109,1.0,Customer-level address and order-value evidence for top or mismatched customers.
top_customer_address_value,customer,Milena McGowran,1356,,customer_value_rank,1519.0,1,1,1,0,1,1,8.24,8.24,24.5,1.0,0.0109,1.0,Customer-level address and order-value evidence for top or mismatched customers.
top_customer_address_value,customer,Pearle Iacomelli,1564,,customer_value_rank,1520.0,1,3,3,0,1,1,8.19,8.19,11.9,3.0,0.0109,1.0,Customer-level address and order-value evidence for top or mismatched customers.
top_customer_address_value,customer,Dorothy Brizland,463,,customer_value_rank,1521.0,1,2,2,0,1,1,8.18,8.18,8.9,2.0,0.0108,1.0,Customer-level address and order-value evidence for top or mismatched customers.
top_customer_address_value,customer,Euell Guilder,10,,customer_value_rank,1522.0,1,1,1,0,1,1,8.18,8.18,11.9,1.0,0.0108,1.0,Customer-level address and order-value evidence for top or mismatched customers.
top_customer_address_value,customer,Stevana Golt,1541,,customer_value_rank,1523.0,1,1,1,0,1,1,8.11,8.11,8.9,1.0,0.0107,1.0,Customer-level address and order-value evidence for top or mismatched customers.
top_customer_address_value,customer,Lucian Mumbey,1656,,customer_value_rank,1524.0,1,1,1,0,1,1,8.1,8.1,5.9,1.0,0.0107,1.0,Customer-level address and order-value evidence for top or mismatched customers.
top_customer_address_value,customer,Diana Kleimt,1315,,customer_value_rank,1525.0,1,1,1,0,1,1,8.06,8.06,8.9,1.0,0.0107,1.0,Customer-level address and order-value evidence for top or mismatched customers.
top_customer_address_value,customer,Sanford Gillbe,19,,customer_value_rank,1526.0,1,2,1,1,1,1,8.06,8.06,24.5,2.0,0.0107,1.0,Customer-level address and order-value evidence for top or mismatched customers.
top_customer_address_value,customer,Ofella Juzek,443,,customer_value_rank,1527.0,1,2,2,0,2,2,8.01,4.005,18.2,2.0,0.0106,2.0,Customer-level address and order-value evidence for top or mismatched customers.
top_customer_address_value,customer,Jorge Caney,1506,,customer_value_rank,1528.0,1,2,2,0,1,1,7.81,7.81,8.9,2.0,0.0104,1.0,Customer-level address and order-value evidence for top or mismatched customers.
top_customer_address_value,customer,Ellette Riccio,920,,customer_value_rank,1529.0,1,1,1,0,1,1,7.77,7.77,8.9,1.0,0.0103,1.0,Customer-level address and order-value evidence for top or mismatched customers.
top_customer_address_value,customer,Lynette Davidofski,198,,customer_value_rank,1530.0,1,1,1,0,1,1,7.71,7.71,5.9,1.0,0.0102,1.0,Customer-level address and order-value evidence for top or mismatched customers.
top_customer_address_value,customer,Garrek Emnoney,25,,customer_value_rank,1531.0,1,1,1,0,1,1,7.67,7.67,5.9,1.0,0.0102,1.0,Customer-level address and order-value evidence for top or mismatched customers.
top_customer_address_value,customer,Allx Juara,1180,,customer_value_rank,1532.0,1,2,2,0,1,1,7.66,7.66,5.9,2.0,0.0102,1.0,Customer-level address and order-value evidence for top or mismatched customers.
top_customer_address_value,customer,Harley Carnew,785,,customer_value_rank,1533.0,1,1,1,0,1,1,7.63,7.63,8.9,1.0,0.0101,1.0,Customer-level address and order-value evidence for top or mismatched customers.
top_customer_address_value,customer,Kincaid De Avenell,60,,customer_value_rank,1534.0,1,1,1,0,1,1,7.54,7.54,8.9,1.0,0.01,1.0,Customer-level address and order-value evidence for top or mismatched customers.
top_customer_address_value,customer,Loren Weare,1985,,customer_value_rank,1535.0,1,2,2,0,1,1,7.52,7.52,5.9,2.0,0.01,1.0,Customer-level address and order-value evidence for top or mismatched customers.
top_customer_address_value,customer,Grantley Clyburn,646,,customer_value_rank,1536.0,1,1,1,0,1,1,7.49,7.49,24.5,1.0,0.0099,1.0,Customer-level address and order-value evidence for top or mismatched customers.
top_customer_address_value,customer,Rubie Lauks,686,,customer_value_rank,1537.0,1,1,1,0,1,1,7.45,7.45,8.9,1.0,0.0099,1.0,Customer-level address and order-value evidence for top or mismatched customers.
top_customer_address_value,customer,Ahmad Skittrell,656,,customer_value_rank,1538.0,1,2,2,0,2,2,7.26,3.63,8.9,2.0,0.0096,2.0,Customer-level address and order-value evidence for top or mismatched customers.
top_customer_address_value,customer,Dollie Comley,1176,,customer_value_rank,1539.0,1,1,1,0,1,1,7.24,7.24,8.9,1.0,0.0096,1.0,Customer-level address and order-value evidence for top or mismatched customers.
top_customer_address_value,customer,Fairlie Rockhall,1144,,customer_value_rank,1540.0,1,2,1,1,1,1,7.13,7.13,11.9,2.0,0.0094,1.0,Customer-level address and order-value evidence for top or mismatched customers.
top_customer_address_value,customer,Sybil Sterland,1425,,customer_value_rank,1541.0,1,1,1,0,1,1,7.05,7.05,24.5,1.0,0.0093,1.0,Customer-level address and order-value evidence for top or mismatched customers.
top_customer_address_value,customer,Cherry Klamman,1323,,customer_value_rank,1542.0,1,1,1,0,1,1,6.98,6.98,5.9,1.0,0.0093,1.0,Customer-level address and order-value evidence for top or mismatched customers.
top_customer_address_value,customer,Cristen Tooby,1381,,customer_value_rank,1543.0,1,3,3,0,2,2,6.94,3.47,7.4,3.0,0.0092,2.0,Customer-level address and order-value evidence for top or mismatched customers.
top_customer_address_value,customer,Rozamond Farrell,158,,customer_value_rank,1544.0,1,1,1,0,1,1,6.92,6.92,5.9,1.0,0.0092,1.0,Customer-level address and order-value evidence for top or mismatched customers.
top_customer_address_value,customer,Sheilah Houdmont,1725,,customer_value_rank,1545.0,1,1,1,0,1,1,6.87,6.87,24.5,1.0,0.0091,1.0,Customer-level address and order-value evidence for top or mismatched customers.
top_customer_address_value,customer,Guillemette Strothers,177,,customer_value_rank,1546.0,1,1,1,0,2,2,6.87,3.435,15.2,1.0,0.0091,1.0,Customer-level address and order-value evidence for top or mismatched customers.
top_customer_address_value,customer,Analise Larvin,1495,,customer_value_rank,1547.0,1,3,3,0,2,2,6.85,3.425,16.7,3.0,0.0091,2.0,Customer-level address and order-value evidence for top or mismatched customers.
top_customer_address_value,customer,Germana McKeevers,1086,,customer_value_rank,1548.0,1,2,2,0,1,1,6.85,6.85,24.5,2.0,0.0091,1.0,Customer-level address and order-value evidence for top or mismatched customers.
top_customer_address_value,customer,Harri Syers,358,,customer_value_rank,1549.0,1,1,1,0,1,1,6.72,6.72,24.5,1.0,0.0089,1.0,Customer-level address and order-value evidence for top or mismatched customers.
top_customer_address_value,customer,Erena Glede,176,,customer_value_rank,1550.0,1,1,1,0,1,1,6.69,6.69,24.5,1.0,0.0089,1.0,Customer-level address and order-value evidence for top or mismatched customers.
top_customer_address_value,customer,Rivkah Flott,567,,customer_value_rank,1551.0,1,1,1,0,1,1,6.68,6.68,5.9,1.0,0.0089,1.0,Customer-level address and order-value evidence for top or mismatched customers.
top_customer_address_value,customer,Tine Bastow,206,,customer_value_rank,1552.0,1,2,1,1,1,1,6.66,6.66,8.9,2.0,0.0088,1.0,Customer-level address and order-value evidence for top or mismatched customers.
top_customer_address_value,customer,Letitia Levane,1027,,customer_value_rank,1553.0,1,1,1,0,1,1,6.6,6.6,11.9,1.0,0.0087,1.0,Customer-level address and order-value evidence for top or mismatched customers.
top_customer_address_value,customer,Meredith Kachel,1611,,customer_value_rank,1554.0,1,1,1,0,2,2,6.55,3.275,10.4,1.0,0.0087,1.0,Customer-level address and order-value evidence for top or mismatched customers.
top_customer_address_value,customer,Arlan Pettigrew,1837,,customer_value_rank,1555.0,1,2,2,0,2,2,6.51,3.255,7.4,2.0,0.0086,1.0,Customer-level address and order-value evidence for top or mismatched customers.
top_customer_address_value,customer,Lorelle Davidson,549,,customer_value_rank,1556.0,1,2,2,0,1,1,6.51,6.51,11.9,2.0,0.0086,1.0,Customer-level address and order-value evidence for top or mismatched customers.
top_customer_address_value,customer,Torin Brokenshaw,506,,customer_value_rank,1557.0,1,1,1,0,2,2,6.5,3.25,24.5,1.0,0.0086,1.0,Customer-level address and order-value evidence for top or mismatched customers.
top_customer_address_value,customer,Rachael Ruprecht,1608,,customer_value_rank,1558.0,1,1,1,0,1,1,6.47,6.47,24.5,1.0,0.0086,1.0,Customer-level address and order-value evidence for top or mismatched customers.
top_customer_address_value,customer,Ondrea Haversham,808,,customer_value_rank,1559.0,1,1,1,0,1,1,6.32,6.32,11.9,1.0,0.0084,1.0,Customer-level address and order-value evidence for top or mismatched customers.
top_customer_address_value,customer,Cyrill O'Corren,1542,,customer_value_rank,1560.0,1,1,1,0,1,1,6.3,6.3,8.9,1.0,0.0083,1.0,Customer-level address and order-value evidence for top or mismatched customers.
top_customer_address_value,customer,Burnard Cotte,1701,,customer_value_rank,1561.0,1,1,1,0,1,1,6.25,6.25,8.9,1.0,0.0083,1.0,Customer-level address and order-value evidence for top or mismatched customers.
top_customer_address_value,customer,Sollie Pimlott,1946,,customer_value_rank,1562.0,1,2,2,0,1,1,6.23,6.23,11.9,2.0,0.0083,1.0,Customer-level address and order-value evidence for top or mismatched customers.
top_customer_address_value,customer,Serena Prudence,739,,customer_value_rank,1563.0,1,2,2,0,1,1,6.14,6.14,11.9,2.0,0.0081,1.0,Customer-level address and order-value evidence for top or mismatched customers.
top_customer_address_value,customer,Ansley Collaton,1240,,customer_value_rank,1564.0,1,2,2,0,2,2,6.13,3.065,8.9,2.0,0.0081,1.0,Customer-level address and order-value evidence for top or mismatched customers.
top_customer_address_value,customer,Jodee Grayer,1639,,customer_value_rank,1565.0,1,1,1,0,1,1,6.11,6.11,24.5,1.0,0.0081,1.0,Customer-level address and order-value evidence for top or mismatched customers.
top_customer_address_value,customer,Jayne Reijmers,1271,,customer_value_rank,1566.0,1,1,1,0,1,1,6.06,6.06,11.9,1.0,0.008,1.0,Customer-level address and order-value evidence for top or mismatched customers.
top_customer_address_value,customer,Kandy Adamec,6,,customer_value_rank,1567.0,1,1,1,0,1,1,5.95,5.95,8.9,1.0,0.0079,1.0,Customer-level address and order-value evidence for top or mismatched customers.
top_customer_address_value,customer,Tarrah Tullot,630,,customer_value_rank,1568.0,1,1,1,0,1,1,5.94,5.94,11.9,1.0,0.0079,1.0,Customer-level address and order-value evidence for top or mismatched customers.
top_customer_address_value,customer,Maddy Climar,411,,customer_value_rank,1569.0,1,1,1,0,1,1,5.89,5.89,11.9,1.0,0.0078,1.0,Customer-level address and order-value evidence for top or mismatched customers.
top_customer_address_value,customer,Vivienne Pepperill,1756,,customer_value_rank,1570.0,1,1,1,0,1,1,5.87,5.87,11.9,1.0,0.0078,1.0,Customer-level address and order-value evidence for top or mismatched customers.
top_customer_address_value,customer,Hillie Corradi,1069,,customer_value_rank,1571.0,1,2,2,0,1,1,5.81,5.81,24.5,2.0,0.0077,1.0,Customer-level address and order-value evidence for top or mismatched customers.
top_customer_address_value,customer,Brena Hands,1538,,customer_value_rank,1572.0,1,1,1,0,1,1,5.79,5.79,8.9,1.0,0.0077,1.0,Customer-level address and order-value evidence for top or mismatched customers.
top_customer_address_value,customer,Carleton Welds,1123,,customer_value_rank,1573.0,1,2,1,1,2,2,5.69,2.845,8.9,2.0,0.0075,2.0,Customer-level address and order-value evidence for top or mismatched customers.
top_customer_address_value,customer,Addison Sigg,716,,customer_value_rank,1574.0,1,2,2,0,1,1,5.65,5.65,5.9,2.0,0.0075,1.0,Customer-level address and order-value evidence for top or mismatched customers.
top_customer_address_value,customer,Evered Ovell,1990,,customer_value_rank,1575.0,1,1,1,0,1,1,5.65,5.65,5.9,1.0,0.0075,1.0,Customer-level address and order-value evidence for top or mismatched customers.
top_customer_address_value,customer,Worthington Maxstead,220,,customer_value_rank,1576.0,1,1,1,0,2,2,5.62,2.81,8.9,1.0,0.0074,1.0,Customer-level address and order-value evidence for top or mismatched customers.
top_customer_address_value,customer,Dorella Bulpitt,1498,,customer_value_rank,1577.0,1,2,2,0,1,1,5.5,5.5,24.5,2.0,0.0073,1.0,Customer-level address and order-value evidence for top or mismatched customers.
top_customer_address_value,customer,Lowrance Donnan,1833,,customer_value_rank,1578.0,1,1,1,0,1,1,5.16,5.16,8.9,1.0,0.0068,1.0,Customer-level address and order-value evidence for top or mismatched customers.
top_customer_address_value,customer,Isak Delooze,1627,,customer_value_rank,1579.0,1,1,1,0,2,2,5.14,2.57,15.2,1.0,0.0068,1.0,Customer-level address and order-value evidence for top or mismatched customers.
top_customer_address_value,customer,Therese Coal,1514,,customer_value_rank,1580.0,1,1,1,0,2,2,5.07,2.535,18.2,1.0,0.0067,1.0,Customer-level address and order-value evidence for top or mismatched customers.
top_customer_address_value,customer,Kiley Gibbe,1507,,customer_value_rank,1581.0,1,1,1,0,1,1,5.07,5.07,5.9,1.0,0.0067,1.0,Customer-level address and order-value evidence for top or mismatched customers.
top_customer_address_value,customer,Mickie Chinge de Hals,810,,customer_value_rank,1582.0,1,2,1,1,1,1,5.06,5.06,24.5,2.0,0.0067,1.0,Customer-level address and order-value evidence for top or mismatched customers.
top_customer_address_value,customer,Karolina Gresswood,977,,customer_value_rank,1583.0,1,1,1,0,1,1,5.04,5.04,8.9,1.0,0.0067,1.0,Customer-level address and order-value evidence for top or mismatched customers.
top_customer_address_value,customer,Blancha Facer,333,,customer_value_rank,1584.0,1,2,1,1,1,1,4.95,4.95,8.9,2.0,0.0066,1.0,Customer-level address and order-value evidence for top or mismatched customers.
top_customer_address_value,customer,Nat Dufaire,1981,,customer_value_rank,1585.0,1,1,1,0,1,1,4.89,4.89,24.5,1.0,0.0065,1.0,Customer-level address and order-value evidence for top or mismatched customers.
top_customer_address_value,customer,Emmit Traves,1747,,customer_value_rank,1586.0,1,2,2,0,2,2,4.8,2.4,7.4,2.0,0.0064,1.0,Customer-level address and order-value evidence for top or mismatched customers.
top_customer_address_value,customer,Abraham Skudder,192,,customer_value_rank,1587.0,1,1,1,0,1,1,4.73,4.73,24.5,1.0,0.0063,1.0,Customer-level address and order-value evidence for top or mismatched customers.
top_customer_address_value,customer,Ruthi McGeever,73,,customer_value_rank,1588.0,1,2,2,0,1,1,4.72,4.72,8.9,2.0,0.0063,1.0,Customer-level address and order-value evidence for top or mismatched customers.
top_customer_address_value,customer,Raff Bowkett,1566,,customer_value_rank,1589.0,1,2,2,0,1,1,4.64,4.64,24.5,2.0,0.0061,1.0,Customer-level address and order-value evidence for top or mismatched customers.
top_customer_address_value,customer,Wilbert Oades,1584,,customer_value_rank,1590.0,1,1,1,0,1,1,4.64,4.64,24.5,1.0,0.0061,1.0,Customer-level address and order-value evidence for top or mismatched customers.
top_customer_address_value,customer,Pearl Nutbeem,595,,customer_value_rank,1591.0,1,2,2,0,1,1,4.55,4.55,11.9,2.0,0.006,1.0,Customer-level address and order-value evidence for top or mismatched customers.
top_customer_address_value,customer,Devora Maddern,1868,,customer_value_rank,1592.0,1,2,2,0,1,1,4.54,4.54,24.5,2.0,0.006,1.0,Customer-level address and order-value evidence for top or mismatched customers.
top_customer_address_value,customer,Pattin Chree,1723,,customer_value_rank,1593.0,1,2,2,0,1,1,4.53,4.53,5.9,2.0,0.006,1.0,Customer-level address and order-value evidence for top or mismatched customers.
top_customer_address_value,customer,Luciana Munkley,1095,,customer_value_rank,1594.0,1,1,1,0,1,1,4.52,4.52,8.9,1.0,0.006,1.0,Customer-level address and order-value evidence for top or mismatched customers.
top_customer_address_value,customer,Domenic Farry,1024,,customer_value_rank,1595.0,1,1,1,0,1,1,4.48,4.48,5.9,1.0,0.0059,1.0,Customer-level address and order-value evidence for top or mismatched customers.
top_customer_address_value,customer,Janina Denford,1290,,customer_value_rank,1596.0,1,1,1,0,1,1,4.27,4.27,5.9,1.0,0.0057,1.0,Customer-level address and order-value evidence for top or mismatched customers.
top_customer_address_value,customer,Mathilde Kleanthous,26,,customer_value_rank,1597.0,1,1,1,0,1,1,4.09,4.09,24.5,1.0,0.0054,1.0,Customer-level address and order-value evidence for top or mismatched customers.
top_customer_address_value,customer,Halie Moffett,1468,,customer_value_rank,1598.0,1,1,1,0,1,1,4.07,4.07,8.9,1.0,0.0054,1.0,Customer-level address and order-value evidence for top or mismatched customers.
top_customer_address_value,customer,Urban Spavins,1116,,customer_value_rank,1599.0,1,1,1,0,1,1,4.03,4.03,8.9,1.0,0.0053,1.0,Customer-level address and order-value evidence for top or mismatched customers.
top_customer_address_value,customer,Owen Dmiterko,1325,,customer_value_rank,1600.0,1,1,1,0,1,1,3.96,3.96,24.5,1.0,0.0052,1.0,Customer-level address and order-value evidence for top or mismatched customers.
top_customer_address_value,customer,Jewel Jarnell,710,,customer_value_rank,1601.0,1,1,1,0,2,2,3.85,1.925,24.5,1.0,0.0051,1.0,Customer-level address and order-value evidence for top or mismatched customers.
top_customer_address_value,customer,Cletus Anfonsi,828,,customer_value_rank,1602.0,1,1,1,0,1,1,3.83,3.83,8.9,1.0,0.0051,1.0,Customer-level address and order-value evidence for top or mismatched customers.
top_customer_address_value,customer,Goldia Malia,766,,customer_value_rank,1603.0,1,1,1,0,1,1,3.83,3.83,11.9,1.0,0.0051,1.0,Customer-level address and order-value evidence for top or mismatched customers.
top_customer_address_value,customer,Meara Lindroos,799,,customer_value_rank,1604.0,1,2,2,0,2,2,3.82,1.91,7.4,2.0,0.0051,2.0,Customer-level address and order-value evidence for top or mismatched customers.
top_customer_address_value,customer,Dian Lesaunier,422,,customer_value_rank,1605.0,1,2,1,1,1,1,3.75,3.75,8.9,2.0,0.005,1.0,Customer-level address and order-value evidence for top or mismatched customers.
top_customer_address_value,customer,Wallache Beake,964,,customer_value_rank,1606.0,1,3,2,1,1,1,3.71,3.71,11.9,3.0,0.0049,1.0,Customer-level address and order-value evidence for top or mismatched customers.
top_customer_address_value,customer,Dwain Wolfart,1419,,customer_value_rank,1607.0,1,1,1,0,1,1,3.7,3.7,11.9,1.0,0.0049,1.0,Customer-level address and order-value evidence for top or mismatched customers.
top_customer_address_value,customer,Lorne Blaney,613,,customer_value_rank,1608.0,1,2,2,0,1,1,3.61,3.61,8.9,2.0,0.0048,1.0,Customer-level address and order-value evidence for top or mismatched customers.
top_customer_address_value,customer,Eduino Lumsden,1205,,customer_value_rank,1609.0,1,2,1,1,1,1,3.57,3.57,11.9,2.0,0.0047,1.0,Customer-level address and order-value evidence for top or mismatched customers.
top_customer_address_value,customer,Barri Loughton,696,,customer_value_rank,1610.0,1,1,1,0,1,1,3.56,3.56,5.9,1.0,0.0047,1.0,Customer-level address and order-value evidence for top or mismatched customers.
top_customer_address_value,customer,Melony Crinson,1536,,customer_value_rank,1611.0,1,2,1,1,1,1,3.55,3.55,8.9,2.0,0.0047,1.0,Customer-level address and order-value evidence for top or mismatched customers.
top_customer_address_value,customer,Dore Edington,675,,customer_value_rank,1612.0,1,2,2,0,1,1,3.45,3.45,5.9,2.0,0.0046,1.0,Customer-level address and order-value evidence for top or mismatched customers.
top_customer_address_value,customer,Aarika Leith-Harvey,1931,,customer_value_rank,1613.0,1,2,2,0,1,1,3.43,3.43,8.9,2.0,0.0045,1.0,Customer-level address and order-value evidence for top or mismatched customers.
top_customer_address_value,customer,Tracy Drable,1847,,customer_value_rank,1614.0,1,1,1,0,1,1,3.36,3.36,11.9,1.0,0.0045,1.0,Customer-level address and order-value evidence for top or mismatched customers.
top_customer_address_value,customer,Bryan Ansett,720,,customer_value_rank,1615.0,1,1,1,0,1,1,3.35,3.35,24.5,1.0,0.0044,1.0,Customer-level address and order-value evidence for top or mismatched customers.
top_customer_address_value,customer,Florrie Cowans,1582,,customer_value_rank,1616.0,1,3,3,0,1,1,3.3,3.3,24.5,2.0,0.0044,1.0,Customer-level address and order-value evidence for top or mismatched customers.
top_customer_address_value,customer,Perkin Sparkwill,1020,,customer_value_rank,1617.0,1,2,2,0,1,1,3.28,3.28,24.5,2.0,0.0043,1.0,Customer-level address and order-value evidence for top or mismatched customers.
top_customer_address_value,customer,Dud Pusill,100,,customer_value_rank,1618.0,1,1,1,0,1,1,3.26,3.26,8.9,1.0,0.0043,1.0,Customer-level address and order-value evidence for top or mismatched customers.
top_customer_address_value,customer,Angel Quenby,1402,,customer_value_rank,1619.0,1,1,1,0,1,1,3.21,3.21,24.5,1.0,0.0043,1.0,Customer-level address and order-value evidence for top or mismatched customers.
top_customer_address_value,customer,Ursola Purdy,1,,customer_value_rank,1620.0,1,1,1,0,1,1,3.19,3.19,8.9,1.0,0.0042,1.0,Customer-level address and order-value evidence for top or mismatched customers.
top_customer_address_value,customer,Abbott Kendrew,1372,,customer_value_rank,1621.0,1,1,1,0,1,1,3.12,3.12,24.5,1.0,0.0041,1.0,Customer-level address and order-value evidence for top or mismatched customers.
top_customer_address_value,customer,Nancey Bales,1703,,customer_value_rank,1622.0,1,1,1,0,1,1,3.09,3.09,11.9,1.0,0.0041,1.0,Customer-level address and order-value evidence for top or mismatched customers.
top_customer_address_value,customer,Bonita Sobey,1851,,customer_value_rank,1623.0,1,1,1,0,1,1,3.08,3.08,11.9,1.0,0.0041,1.0,Customer-level address and order-value evidence for top or mismatched customers.
top_customer_address_value,customer,Welby Reyes,484,,customer_value_rank,1624.0,1,1,1,0,1,1,3.08,3.08,8.9,1.0,0.0041,1.0,Customer-level address and order-value evidence for top or mismatched customers.
top_customer_address_value,customer,Dicky Hof,577,,customer_value_rank,1625.0,1,2,2,0,2,2,3.03,1.515,8.9,2.0,0.004,1.0,Customer-level address and order-value evidence for top or mismatched customers.
top_customer_address_value,customer,Mikkel Rubenczyk,1789,,customer_value_rank,1626.0,1,1,1,0,1,1,2.91,2.91,24.5,1.0,0.0039,1.0,Customer-level address and order-value evidence for top or mismatched customers.
top_customer_address_value,customer,Vicky Beenham,1891,,customer_value_rank,1627.0,1,2,2,0,1,1,2.88,2.88,24.5,2.0,0.0038,1.0,Customer-level address and order-value evidence for top or mismatched customers.
top_customer_address_value,customer,Kate Cotterel,1677,,customer_value_rank,1628.0,1,1,1,0,1,1,2.83,2.83,24.5,1.0,0.0038,1.0,Customer-level address and order-value evidence for top or mismatched customers.
top_customer_address_value,customer,Merrill Nunnerley,1580,,customer_value_rank,1629.0,1,2,2,0,1,1,2.78,2.78,11.9,2.0,0.0037,1.0,Customer-level address and order-value evidence for top or mismatched customers.
top_customer_address_value,customer,Edward Kenealy,195,,customer_value_rank,1630.0,1,1,1,0,1,1,2.66,2.66,8.9,1.0,0.0035,1.0,Customer-level address and order-value evidence for top or mismatched customers.
top_customer_address_value,customer,Barr Safe,178,,customer_value_rank,1631.0,1,1,1,0,3,3,2.65,0.8833,18.3,1.0,0.0035,1.0,Customer-level address and order-value evidence for top or mismatched customers.
top_customer_address_value,customer,Koralle Ricarde,197,,customer_value_rank,1632.0,1,1,1,0,1,1,2.64,2.64,5.9,1.0,0.0035,1.0,Customer-level address and order-value evidence for top or mismatched customers.
top_customer_address_value,customer,Raine Paaso,1588,,customer_value_rank,1633.0,1,1,1,0,1,1,2.58,2.58,11.9,1.0,0.0034,1.0,Customer-level address and order-value evidence for top or mismatched customers.
top_customer_address_value,customer,Devin Buckthorp,1708,,customer_value_rank,1634.0,1,1,1,0,1,1,2.53,2.53,5.9,1.0,0.0034,1.0,Customer-level address and order-value evidence for top or mismatched customers.
top_customer_address_value,customer,Maressa Stolte,392,,customer_value_rank,1635.0,1,1,1,0,1,1,2.49,2.49,8.9,1.0,0.0033,1.0,Customer-level address and order-value evidence for top or mismatched customers.
top_customer_address_value,customer,Carmela Gravener,1324,,customer_value_rank,1636.0,1,3,2,1,1,1,2.46,2.46,8.9,3.0,0.0033,1.0,Customer-level address and order-value evidence for top or mismatched customers.
top_customer_address_value,customer,Omar Woolcocks,1347,,customer_value_rank,1637.0,1,1,1,0,1,1,2.46,2.46,5.9,1.0,0.0033,1.0,Customer-level address and order-value evidence for top or mismatched customers.
top_customer_address_value,customer,Lauren Adacot,1777,,customer_value_rank,1638.0,1,1,1,0,1,1,2.44,2.44,5.9,1.0,0.0032,1.0,Customer-level address and order-value evidence for top or mismatched customers.
top_customer_address_value,customer,Nadine Houseley,1357,,customer_value_rank,1639.0,1,1,1,0,1,1,2.42,2.42,11.9,1.0,0.0032,1.0,Customer-level address and order-value evidence for top or mismatched customers.
top_customer_address_value,customer,Juliana Tribell,668,,customer_value_rank,1640.0,1,1,1,0,1,1,2.41,2.41,8.9,1.0,0.0032,1.0,Customer-level address and order-value evidence for top or mismatched customers.
top_customer_address_value,customer,Nessy D'Aeth,1637,,customer_value_rank,1641.0,1,1,1,0,1,1,2.37,2.37,11.9,1.0,0.0031,1.0,Customer-level address and order-value evidence for top or mismatched customers.
top_customer_address_value,customer,Rolland Bartrap,1788,,customer_value_rank,1642.0,1,1,1,0,1,1,2.37,2.37,11.9,1.0,0.0031,1.0,Customer-level address and order-value evidence for top or mismatched customers.
top_customer_address_value,customer,Hervey Erik,167,,customer_value_rank,1643.0,1,1,1,0,1,1,2.32,2.32,11.9,1.0,0.0031,1.0,Customer-level address and order-value evidence for top or mismatched customers.
top_customer_address_value,customer,Sebastiano Widdocks,1955,,customer_value_rank,1644.0,1,1,1,0,1,1,2.3,2.3,11.9,1.0,0.003,1.0,Customer-level address and order-value evidence for top or mismatched customers.
top_customer_address_value,customer,Ulrick De Andreis,1373,,customer_value_rank,1645.0,1,3,2,1,1,1,2.29,2.29,8.9,3.0,0.003,1.0,Customer-level address and order-value evidence for top or mismatched customers.
top_customer_address_value,customer,Brice Pass,1951,,customer_value_rank,1646.0,1,1,1,0,1,1,2.25,2.25,5.9,1.0,0.003,1.0,Customer-level address and order-value evidence for top or mismatched customers.
top_customer_address_value,customer,Friedrich Tsar,1591,,customer_value_rank,1647.0,1,1,1,0,1,1,2.13,2.13,8.9,1.0,0.0028,1.0,Customer-level address and order-value evidence for top or mismatched customers.
top_customer_address_value,customer,Brock Pietersen,774,,customer_value_rank,1648.0,1,1,1,0,2,2,2.11,1.055,15.2,1.0,0.0028,1.0,Customer-level address and order-value evidence for top or mismatched customers.
top_customer_address_value,customer,Pepillo Cattrall,173,,customer_value_rank,1649.0,1,1,1,0,1,1,2.09,2.09,11.9,1.0,0.0028,1.0,Customer-level address and order-value evidence for top or mismatched customers.
top_customer_address_value,customer,Alvira Spilsbury,1259,,customer_value_rank,1650.0,1,1,1,0,1,1,2.05,2.05,8.9,1.0,0.0027,1.0,Customer-level address and order-value evidence for top or mismatched customers.
top_customer_address_value,customer,Brigit Huetson,1792,,customer_value_rank,1651.0,1,1,1,0,1,1,1.9,1.9,24.5,1.0,0.0025,1.0,Customer-level address and order-value evidence for top or mismatched customers.
top_customer_address_value,customer,Kalinda Lavigne,1983,,customer_value_rank,1652.0,1,2,2,0,1,1,1.9,1.9,11.9,1.0,0.0025,1.0,Customer-level address and order-value evidence for top or mismatched customers.
top_customer_address_value,customer,Jeremiah De Lascy,275,,customer_value_rank,1653.0,1,1,1,0,2,2,1.89,0.945,18.2,1.0,0.0025,1.0,Customer-level address and order-value evidence for top or mismatched customers.
top_customer_address_value,customer,Keefer Triner,1886,,customer_value_rank,1654.0,1,3,2,1,1,1,1.87,1.87,5.9,2.0,0.0025,1.0,Customer-level address and order-value evidence for top or mismatched customers.
top_customer_address_value,customer,Lettie Benyan,1821,,customer_value_rank,1655.0,1,1,1,0,1,1,1.84,1.84,11.9,1.0,0.0024,1.0,Customer-level address and order-value evidence for top or mismatched customers.
top_customer_address_value,customer,Jodie Fenge,193,,customer_value_rank,1656.0,1,1,1,0,1,1,1.81,1.81,5.9,1.0,0.0024,1.0,Customer-level address and order-value evidence for top or mismatched customers.
top_customer_address_value,customer,Hugues Verry,817,,customer_value_rank,1657.0,1,1,1,0,1,1,1.78,1.78,24.5,1.0,0.0024,1.0,Customer-level address and order-value evidence for top or mismatched customers.
top_customer_address_value,customer,Kordula Ronisch,1726,,customer_value_rank,1658.0,1,1,1,0,1,1,1.72,1.72,24.5,1.0,0.0023,1.0,Customer-level address and order-value evidence for top or mismatched customers.
top_customer_address_value,customer,Etti Staziker,1252,,customer_value_rank,1659.0,1,1,1,0,2,2,1.67,0.835,8.9,1.0,0.0022,1.0,Customer-level address and order-value evidence for top or mismatched customers.
top_customer_address_value,customer,Oran Pittet,327,,customer_value_rank,1660.0,1,1,1,0,1,1,1.65,1.65,11.9,1.0,0.0022,1.0,Customer-level address and order-value evidence for top or mismatched customers.
top_customer_address_value,customer,Estelle Alton,107,,customer_value_rank,1661.0,1,2,2,0,1,1,1.58,1.58,11.9,2.0,0.0021,1.0,Customer-level address and order-value evidence for top or mismatched customers.
top_customer_address_value,customer,Rriocard McPhail,410,,customer_value_rank,1662.0,1,1,1,0,1,1,1.52,1.52,11.9,1.0,0.002,1.0,Customer-level address and order-value evidence for top or mismatched customers.
top_customer_address_value,customer,Cad Tomas,185,,customer_value_rank,1663.0,1,1,1,0,1,1,1.39,1.39,8.9,1.0,0.0018,1.0,Customer-level address and order-value evidence for top or mismatched customers.
top_customer_address_value,customer,Dorie Burkinshaw,651,,customer_value_rank,1664.0,1,1,1,0,1,1,1.38,1.38,8.9,1.0,0.0018,1.0,Customer-level address and order-value evidence for top or mismatched customers.
top_customer_address_value,customer,Rosetta Clegg,607,,customer_value_rank,1665.0,1,1,1,0,1,1,1.37,1.37,8.9,1.0,0.0018,1.0,Customer-level address and order-value evidence for top or mismatched customers.
top_customer_address_value,customer,Burgess Grieve,1908,,customer_value_rank,1666.0,1,2,2,0,1,1,1.28,1.28,5.9,2.0,0.0017,1.0,Customer-level address and order-value evidence for top or mismatched customers.
top_customer_address_value,customer,Skip Dredge,1945,,customer_value_rank,1667.0,1,1,1,0,1,1,1.23,1.23,11.9,1.0,0.0016,1.0,Customer-level address and order-value evidence for top or mismatched customers.
top_customer_address_value,customer,Anstice Filer,1416,,customer_value_rank,1668.0,1,1,1,0,1,1,1.2,1.2,11.9,1.0,0.0016,1.0,Customer-level address and order-value evidence for top or mismatched customers.
top_customer_address_value,customer,Augusta Semerad,1950,,customer_value_rank,1669.0,1,1,1,0,1,1,1.15,1.15,8.9,1.0,0.0015,1.0,Customer-level address and order-value evidence for top or mismatched customers.
top_customer_address_value,customer,Dewey Ainsby,1525,,customer_value_rank,1670.0,1,1,1,0,1,1,1.12,1.12,11.9,1.0,0.0015,1.0,Customer-level address and order-value evidence for top or mismatched customers.
top_customer_address_value,customer,Neel Bonny,873,,customer_value_rank,1671.0,1,1,1,0,1,1,1.09,1.09,5.9,1.0,0.0014,1.0,Customer-level address and order-value evidence for top or mismatched customers.
top_customer_address_value,customer,Emmet Kupis,1556,,customer_value_rank,1672.0,1,1,1,0,1,1,1.07,1.07,24.5,1.0,0.0014,1.0,Customer-level address and order-value evidence for top or mismatched customers.
top_customer_address_value,customer,Tabitha Deeney,1767,,customer_value_rank,1673.0,1,1,1,0,1,1,0.99,0.99,11.9,1.0,0.0013,1.0,Customer-level address and order-value evidence for top or mismatched customers.
top_customer_address_value,customer,Gerianna Vinecombe,612,,customer_value_rank,1674.0,1,1,1,0,1,1,0.94,0.94,24.5,1.0,0.0012,1.0,Customer-level address and order-value evidence for top or mismatched customers.
top_customer_address_value,customer,Mag Dring,702,,customer_value_rank,1675.0,1,1,1,0,1,1,0.92,0.92,24.5,1.0,0.0012,1.0,Customer-level address and order-value evidence for top or mismatched customers.
top_customer_address_value,customer,Dore Franchi,780,,customer_value_rank,1676.0,1,1,1,0,1,1,0.83,0.83,11.9,1.0,0.0011,1.0,Customer-level address and order-value evidence for top or mismatched customers.
top_customer_address_value,customer,Brandtr Petzold,1254,,customer_value_rank,1677.0,1,1,1,0,1,1,0.82,0.82,8.9,1.0,0.0011,1.0,Customer-level address and order-value evidence for top or mismatched customers.
top_customer_address_value,customer,Carolann Cloke,1049,,customer_value_rank,1678.0,1,1,1,0,1,1,0.82,0.82,24.5,1.0,0.0011,1.0,Customer-level address and order-value evidence for top or mismatched customers.
top_customer_address_value,customer,Lynea Matskevich,578,,customer_value_rank,1679.0,1,2,2,0,1,1,0.81,0.81,11.9,2.0,0.0011,1.0,Customer-level address and order-value evidence for top or mismatched customers.
top_customer_address_value,customer,Ninon Duesberry,890,,customer_value_rank,1680.0,1,3,2,1,2,2,0.68,0.34,16.7,3.0,0.0009,2.0,Customer-level address and order-value evidence for top or mismatched customers.
top_customer_address_value,customer,Natty Bencher,40,,customer_value_rank,1681.0,1,1,1,0,1,1,0.6,0.6,24.5,1.0,0.0008,1.0,Customer-level address and order-value evidence for top or mismatched customers.
top_customer_address_value,customer,Alfons Blabie,1039,,customer_value_rank,1682.0,1,1,1,0,1,1,0.56,0.56,5.9,1.0,0.0007,1.0,Customer-level address and order-value evidence for top or mismatched customers.
top_customer_address_value,customer,Sandra Jedrych,1625,,customer_value_rank,1683.0,1,1,1,0,1,1,0.55,0.55,8.9,1.0,0.0007,1.0,Customer-level address and order-value evidence for top or mismatched customers.
top_customer_address_value,customer,Lonee Bellefant,318,,customer_value_rank,1684.0,1,1,1,0,1,1,0.48,0.48,8.9,1.0,0.0006,1.0,Customer-level address and order-value evidence for top or mismatched customers.
top_customer_address_value,customer,Steffane Addicote,1389,,customer_value_rank,1685.0,1,2,2,0,1,1,0.46,0.46,8.9,2.0,0.0006,1.0,Customer-level address and order-value evidence for top or mismatched customers.
top_customer_address_value,customer,Benedict Kehir,200,,customer_value_rank,1686.0,1,1,1,0,1,1,0.45,0.45,8.9,1.0,0.0006,1.0,Customer-level address and order-value evidence for top or mismatched customers.
top_customer_address_value,customer,Cynthie Pantling,1526,,customer_value_rank,1687.0,1,2,2,0,1,1,0.44,0.44,11.9,2.0,0.0006,1.0,Customer-level address and order-value evidence for top or mismatched customers.
top_customer_address_value,customer,Nita Robinet,655,,customer_value_rank,1688.0,1,1,1,0,2,2,0.39,0.195,15.2,1.0,0.0005,1.0,Customer-level address and order-value evidence for top or mismatched customers.
top_customer_address_value,customer,Teriann Marritt,11,,customer_value_rank,1689.0,1,3,2,1,1,1,0.28,0.28,11.9,2.0,0.0004,1.0,Customer-level address and order-value evidence for top or mismatched customers.
top_customer_address_value,customer,Waylin Skuce,888,,customer_value_rank,1690.0,1,1,1,0,1,1,0.24,0.24,8.9,1.0,0.0003,1.0,Customer-level address and order-value evidence for top or mismatched customers.
top_customer_address_value,customer,Preston Prium,1167,,customer_value_rank,1691.0,1,2,2,0,1,1,0.21,0.21,11.9,2.0,0.0003,1.0,Customer-level address and order-value evidence for top or mismatched customers.
top_customer_address_value,customer,Shay MacPherson,1866,,customer_value_rank,1692.0,1,1,1,0,1,1,0.2,0.2,11.9,1.0,0.0003,1.0,Customer-level address and order-value evidence for top or mismatched customers.
top_customer_address_value,customer,Lorita Ouldred,593,,customer_value_rank,1693.0,1,1,1,0,1,1,0.16,0.16,11.9,1.0,0.0002,1.0,Customer-level address and order-value evidence for top or mismatched customers.
top_customer_address_value,customer,Alayne Olexa,1482,,customer_value_rank,1694.0,1,2,2,0,1,1,0.13,0.13,5.9,2.0,0.0002,1.0,Customer-level address and order-value evidence for top or mismatched customers.
top_customer_address_value,customer,Euphemia Barbe,1546,,customer_value_rank,1695.0,1,2,2,0,1,1,0.12,0.12,11.9,2.0,0.0002,1.0,Customer-level address and order-value evidence for top or mismatched customers.
top_customer_address_value,customer,Carey Paolini,628,,customer_value_rank,1696.0,1,1,1,0,1,1,0.09,0.09,8.9,1.0,0.0001,1.0,Customer-level address and order-value evidence for top or mismatched customers.
top_customer_address_value,customer,Laurence Steptoe,1815,,customer_value_rank,1697.0,1,1,1,0,1,1,0.09,0.09,24.5,1.0,0.0001,1.0,Customer-level address and order-value evidence for top or mismatched customers.
