evidence_block,grain,item,item_2,item_3,rank_label,rank_value,transactions,customers,brands,reviews,revenue,gross_margin_proxy,gross_margin_proxy_rate_pct,avg_rating,transaction_share_pct,review_share_pct,notes
customer_brand_preference,customer_brand,448739,IBC,5,customer_transaction_rank,1.0,29,1,16,2,81.0,51.6,63.7037,3.5,0.4594,0.2805,Identify top customers and their leading brand preference.
customer_brand_preference,customer_brand,739669,Dad's,5,customer_transaction_rank,2.0,27,1,13,1,81.0,51.7,63.8272,1.0,0.4278,0.1403,Identify top customers and their leading brand preference.
customer_brand_preference,customer_brand,373200,Dad's,4,customer_transaction_rank,3.0,24,1,11,1,70.0,43.78,62.5429,1.0,0.3802,0.1403,Identify top customers and their leading brand preference.
customer_brand_preference,customer_brand,344702,Captain Eli's,3,customer_transaction_rank,4.0,23,1,13,1,67.0,41.31,61.6567,4.0,0.3644,0.1403,Identify top customers and their leading brand preference.
customer_brand_preference,customer_brand,407605,Bedfords,4,customer_transaction_rank,5.0,22,1,12,4,64.0,40.92,63.9375,4.5,0.3485,0.561,Identify top customers and their leading brand preference.
customer_brand_preference,customer_brand,612681,Sparky's Fresh Draft,4,customer_transaction_rank,6.0,22,1,10,0,66.0,40.18,60.8788,,0.3485,0.0,Identify top customers and their leading brand preference.
customer_brand_preference,customer_brand,905670,Gales,3,customer_transaction_rank,7.0,22,1,14,3,60.0,35.18,58.6333,2.0,0.3485,0.4208,Identify top customers and their leading brand preference.
customer_brand_preference,customer_brand,147216,Bedfords,5,customer_transaction_rank,8.0,21,1,11,2,63.0,40.57,64.3968,2.5,0.3327,0.2805,Identify top customers and their leading brand preference.
customer_brand_preference,customer_brand,175940,Captain Eli's,3,customer_transaction_rank,9.0,21,1,10,3,63.0,41.38,65.6825,3.3333,0.3327,0.4208,Identify top customers and their leading brand preference.
customer_brand_preference,customer_brand,242720,Bundaberg,3,customer_transaction_rank,10.0,21,1,13,4,61.0,38.87,63.7213,3.75,0.3327,0.561,Identify top customers and their leading brand preference.
customer_brand_preference,customer_brand,433442,Abita,2,customer_transaction_rank,11.0,21,1,13,1,63.0,40.14,63.7143,3.0,0.3327,0.1403,Identify top customers and their leading brand preference.
customer_brand_preference,customer_brand,611848,IBC,6,customer_transaction_rank,12.0,21,1,10,0,63.0,42.08,66.7937,,0.3327,0.0,Identify top customers and their leading brand preference.
customer_brand_preference,customer_brand,730305,Fitz's,4,customer_transaction_rank,13.0,21,1,12,0,63.0,40.64,64.5079,,0.3327,0.0,Identify top customers and their leading brand preference.
customer_brand_preference,customer_brand,796796,Bulldog,3,customer_transaction_rank,14.0,21,1,12,2,63.0,42.45,67.381,4.5,0.3327,0.2805,Identify top customers and their leading brand preference.
customer_brand_preference,customer_brand,927518,IBC,5,customer_transaction_rank,15.0,21,1,10,0,63.0,39.92,63.3651,,0.3327,0.0,Identify top customers and their leading brand preference.
customer_brand_preference,customer_brand,938417,Barq's,3,customer_transaction_rank,16.0,21,1,12,1,61.0,40.64,66.623,2.0,0.3327,0.1403,Identify top customers and their leading brand preference.
customer_brand_preference,customer_brand,110363,Abita,4,customer_transaction_rank,17.0,20,1,14,2,60.0,40.54,67.5667,4.0,0.3169,0.2805,Identify top customers and their leading brand preference.
customer_brand_preference,customer_brand,304344,Fitz's,4,customer_transaction_rank,18.0,20,1,11,0,56.0,35.58,63.5357,,0.3169,0.0,Identify top customers and their leading brand preference.
customer_brand_preference,customer_brand,325263,Dad's,3,customer_transaction_rank,19.0,20,1,10,3,56.0,36.77,65.6607,2.3333,0.3169,0.4208,Identify top customers and their leading brand preference.
customer_brand_preference,customer_brand,378374,Dog n Suds,3,customer_transaction_rank,20.0,20,1,13,2,58.0,36.91,63.6379,3.0,0.3169,0.2805,Identify top customers and their leading brand preference.
customer_brand_preference,customer_brand,404678,Gales,3,customer_transaction_rank,21.0,20,1,13,2,60.0,38.24,63.7333,3.0,0.3169,0.2805,Identify top customers and their leading brand preference.
customer_brand_preference,customer_brand,498970,A.J. Stephans,3,customer_transaction_rank,22.0,20,1,12,1,56.0,34.65,61.875,1.0,0.3169,0.1403,Identify top customers and their leading brand preference.
customer_brand_preference,customer_brand,736500,Gales,4,customer_transaction_rank,23.0,20,1,11,0,58.0,36.86,63.5517,,0.3169,0.0,Identify top customers and their leading brand preference.
customer_brand_preference,customer_brand,932618,Sparky's Fresh Draft,4,customer_transaction_rank,24.0,20,1,13,1,56.0,33.33,59.5179,3.0,0.3169,0.1403,Identify top customers and their leading brand preference.
customer_brand_preference,customer_brand,999915,Dog n Suds,3,customer_transaction_rank,25.0,20,1,13,1,60.0,38.98,64.9667,5.0,0.3169,0.1403,Identify top customers and their leading brand preference.
customer_brand_preference,customer_brand,193914,IBC,4,customer_transaction_rank,26.0,19,1,11,1,57.0,36.07,63.2807,2.0,0.301,0.1403,Identify top customers and their leading brand preference.
customer_brand_preference,customer_brand,305005,Mug,4,customer_transaction_rank,27.0,19,1,10,3,55.0,37.12,67.4909,4.3333,0.301,0.4208,Identify top customers and their leading brand preference.
customer_brand_preference,customer_brand,346006,Fitz's,3,customer_transaction_rank,28.0,19,1,12,4,55.0,34.44,62.6182,2.0,0.301,0.561,Identify top customers and their leading brand preference.
customer_brand_preference,customer_brand,422951,Abita,3,customer_transaction_rank,29.0,19,1,11,2,57.0,36.13,63.386,3.5,0.301,0.2805,Identify top customers and their leading brand preference.
customer_brand_preference,customer_brand,441628,A.J. Stephans,2,customer_transaction_rank,30.0,19,1,14,3,57.0,38.25,67.1053,2.3333,0.301,0.4208,Identify top customers and their leading brand preference.
customer_brand_preference,customer_brand,500828,Sparky's Fresh Draft,4,customer_transaction_rank,31.0,19,1,10,2,55.0,33.48,60.8727,3.5,0.301,0.2805,Identify top customers and their leading brand preference.
customer_brand_preference,customer_brand,548800,Dad's,3,customer_transaction_rank,32.0,19,1,14,0,55.0,34.25,62.2727,,0.301,0.0,Identify top customers and their leading brand preference.
customer_brand_preference,customer_brand,575041,IBC,4,customer_transaction_rank,33.0,19,1,13,5,53.0,34.13,64.3962,3.4,0.301,0.7013,Identify top customers and their leading brand preference.
customer_brand_preference,customer_brand,689877,Fitz's,3,customer_transaction_rank,34.0,19,1,11,0,57.0,35.84,62.8772,,0.301,0.0,Identify top customers and their leading brand preference.
customer_brand_preference,customer_brand,744648,IBC,5,customer_transaction_rank,35.0,19,1,9,1,55.0,34.96,63.5636,4.0,0.301,0.1403,Identify top customers and their leading brand preference.
customer_brand_preference,customer_brand,912671,A&W,3,customer_transaction_rank,36.0,19,1,12,0,51.0,35.24,69.098,,0.301,0.0,Identify top customers and their leading brand preference.
customer_brand_preference,customer_brand,994185,IBC,5,customer_transaction_rank,37.0,19,1,10,1,55.0,34.35,62.4545,4.0,0.301,0.1403,Identify top customers and their leading brand preference.
customer_brand_preference,customer_brand,116934,Gales,3,customer_transaction_rank,38.0,18,1,13,1,50.0,32.41,64.82,2.0,0.2852,0.1403,Identify top customers and their leading brand preference.
customer_brand_preference,customer_brand,143878,Gales,3,customer_transaction_rank,39.0,18,1,11,3,52.0,35.65,68.5577,2.3333,0.2852,0.4208,Identify top customers and their leading brand preference.
customer_brand_preference,customer_brand,157695,Gales,3,customer_transaction_rank,40.0,18,1,10,2,50.0,30.25,60.5,2.5,0.2852,0.2805,Identify top customers and their leading brand preference.
customer_brand_preference,customer_brand,194680,Dog n Suds,4,customer_transaction_rank,41.0,18,1,11,2,52.0,33.38,64.1923,3.0,0.2852,0.2805,Identify top customers and their leading brand preference.
customer_brand_preference,customer_brand,220206,Sparky's Fresh Draft,3,customer_transaction_rank,42.0,18,1,13,2,54.0,34.85,64.537,3.5,0.2852,0.2805,Identify top customers and their leading brand preference.
customer_brand_preference,customer_brand,296353,Dominion,3,customer_transaction_rank,43.0,18,1,13,0,52.0,32.09,61.7115,,0.2852,0.0,Identify top customers and their leading brand preference.
customer_brand_preference,customer_brand,371731,Bundaberg,3,customer_transaction_rank,44.0,18,1,11,0,52.0,34.19,65.75,,0.2852,0.0,Identify top customers and their leading brand preference.
customer_brand_preference,customer_brand,396166,Dominion,3,customer_transaction_rank,45.0,18,1,10,1,52.0,31.66,60.8846,5.0,0.2852,0.1403,Identify top customers and their leading brand preference.
customer_brand_preference,customer_brand,412544,Abita,2,customer_transaction_rank,46.0,18,1,12,2,52.0,33.9,65.1923,5.0,0.2852,0.2805,Identify top customers and their leading brand preference.
customer_brand_preference,customer_brand,442254,Captain Eli's,5,customer_transaction_rank,47.0,18,1,10,3,50.0,30.63,61.26,3.0,0.2852,0.4208,Identify top customers and their leading brand preference.
customer_brand_preference,customer_brand,465275,Bundaberg,4,customer_transaction_rank,48.0,18,1,9,1,54.0,33.57,62.1667,5.0,0.2852,0.1403,Identify top customers and their leading brand preference.
customer_brand_preference,customer_brand,491380,Bulldog,2,customer_transaction_rank,49.0,18,1,11,2,54.0,35.75,66.2037,3.0,0.2852,0.2805,Identify top customers and their leading brand preference.
customer_brand_preference,customer_brand,649551,Sparky's Fresh Draft,4,customer_transaction_rank,50.0,18,1,13,1,54.0,34.05,63.0556,3.0,0.2852,0.1403,Identify top customers and their leading brand preference.
customer_brand_preference,customer_brand,720602,IBC,3,customer_transaction_rank,51.0,18,1,13,1,52.0,34.63,66.5962,1.0,0.2852,0.1403,Identify top customers and their leading brand preference.
customer_brand_preference,customer_brand,757780,Abita,2,customer_transaction_rank,52.0,18,1,13,2,52.0,33.52,64.4615,4.0,0.2852,0.2805,Identify top customers and their leading brand preference.
customer_brand_preference,customer_brand,771285,Bedfords,3,customer_transaction_rank,53.0,18,1,11,0,54.0,34.27,63.463,,0.2852,0.0,Identify top customers and their leading brand preference.
customer_brand_preference,customer_brand,941876,Dominion,3,customer_transaction_rank,54.0,18,1,11,2,52.0,31.22,60.0385,4.0,0.2852,0.2805,Identify top customers and their leading brand preference.
customer_brand_preference,customer_brand,149240,Gales,3,customer_transaction_rank,55.0,17,1,12,2,51.0,33.57,65.8235,3.5,0.2693,0.2805,Identify top customers and their leading brand preference.
customer_brand_preference,customer_brand,200272,Dog n Suds,3,customer_transaction_rank,56.0,17,1,9,0,49.0,33.31,67.9796,,0.2693,0.0,Identify top customers and their leading brand preference.
customer_brand_preference,customer_brand,207846,IBC,4,customer_transaction_rank,57.0,17,1,10,2,51.0,33.13,64.9608,3.0,0.2693,0.2805,Identify top customers and their leading brand preference.
customer_brand_preference,customer_brand,270853,IBC,4,customer_transaction_rank,58.0,17,1,12,0,49.0,32.44,66.2041,,0.2693,0.0,Identify top customers and their leading brand preference.
customer_brand_preference,customer_brand,358901,Fitz's,3,customer_transaction_rank,59.0,17,1,12,4,51.0,33.85,66.3725,4.25,0.2693,0.561,Identify top customers and their leading brand preference.
customer_brand_preference,customer_brand,513968,Gales,4,customer_transaction_rank,60.0,17,1,11,0,47.0,29.05,61.8085,,0.2693,0.0,Identify top customers and their leading brand preference.
customer_brand_preference,customer_brand,559688,A.J. Stephans,2,customer_transaction_rank,61.0,17,1,12,3,49.0,33.28,67.9184,3.6667,0.2693,0.4208,Identify top customers and their leading brand preference.
customer_brand_preference,customer_brand,586201,Bundaberg,3,customer_transaction_rank,62.0,17,1,10,1,51.0,31.82,62.3922,1.0,0.2693,0.1403,Identify top customers and their leading brand preference.
customer_brand_preference,customer_brand,723057,A.J. Stephans,3,customer_transaction_rank,63.0,17,1,11,2,47.0,28.7,61.0638,4.0,0.2693,0.2805,Identify top customers and their leading brand preference.
customer_brand_preference,customer_brand,745543,Dad's,3,customer_transaction_rank,64.0,17,1,10,2,49.0,31.7,64.6939,3.0,0.2693,0.2805,Identify top customers and their leading brand preference.
customer_brand_preference,customer_brand,782947,Fitz's,4,customer_transaction_rank,65.0,17,1,12,0,47.0,29.62,63.0213,,0.2693,0.0,Identify top customers and their leading brand preference.
customer_brand_preference,customer_brand,822823,Fitz's,3,customer_transaction_rank,66.0,17,1,10,0,51.0,32.02,62.7843,,0.2693,0.0,Identify top customers and their leading brand preference.
customer_brand_preference,customer_brand,891738,Mug,4,customer_transaction_rank,67.0,17,1,10,1,51.0,35.47,69.549,1.0,0.2693,0.1403,Identify top customers and their leading brand preference.
customer_brand_preference,customer_brand,900440,Captain Eli's,3,customer_transaction_rank,68.0,17,1,12,2,47.0,28.58,60.8085,3.0,0.2693,0.2805,Identify top customers and their leading brand preference.
customer_brand_preference,customer_brand,944523,Gales,4,customer_transaction_rank,69.0,17,1,11,2,51.0,33.03,64.7647,4.5,0.2693,0.2805,Identify top customers and their leading brand preference.
customer_brand_preference,customer_brand,950299,Sparky's Fresh Draft,3,customer_transaction_rank,70.0,17,1,12,2,49.0,30.71,62.6735,2.0,0.2693,0.2805,Identify top customers and their leading brand preference.
customer_brand_preference,customer_brand,994199,IBC,4,customer_transaction_rank,71.0,17,1,8,3,49.0,30.34,61.9184,3.3333,0.2693,0.4208,Identify top customers and their leading brand preference.
customer_brand_preference,customer_brand,137696,Bundaberg,3,customer_transaction_rank,72.0,16,1,11,6,48.0,29.0,60.4167,4.1667,0.2535,0.8415,Identify top customers and their leading brand preference.
customer_brand_preference,customer_brand,157388,Gales,4,customer_transaction_rank,73.0,16,1,10,2,44.0,29.28,66.5455,2.5,0.2535,0.2805,Identify top customers and their leading brand preference.
customer_brand_preference,customer_brand,161942,Bulldog,2,customer_transaction_rank,74.0,16,1,11,3,48.0,30.15,62.8125,2.0,0.2535,0.4208,Identify top customers and their leading brand preference.
customer_brand_preference,customer_brand,166612,Dominion,3,customer_transaction_rank,75.0,16,1,12,1,48.0,31.71,66.0625,4.0,0.2535,0.1403,Identify top customers and their leading brand preference.
customer_brand_preference,customer_brand,189953,Dominion,3,customer_transaction_rank,76.0,16,1,9,4,48.0,31.18,64.9583,3.25,0.2535,0.561,Identify top customers and their leading brand preference.
customer_brand_preference,customer_brand,205878,A.J. Stephans,6,customer_transaction_rank,77.0,16,1,10,1,46.0,28.95,62.9348,1.0,0.2535,0.1403,Identify top customers and their leading brand preference.
customer_brand_preference,customer_brand,253106,Bedfords,3,customer_transaction_rank,78.0,16,1,11,2,48.0,31.26,65.125,3.5,0.2535,0.2805,Identify top customers and their leading brand preference.
customer_brand_preference,customer_brand,317461,Abita,2,customer_transaction_rank,79.0,16,1,11,2,48.0,31.6,65.8333,4.0,0.2535,0.2805,Identify top customers and their leading brand preference.
customer_brand_preference,customer_brand,331115,Abita,3,customer_transaction_rank,80.0,16,1,10,5,48.0,30.92,64.4167,2.4,0.2535,0.7013,Identify top customers and their leading brand preference.
customer_brand_preference,customer_brand,336644,Barq's,2,customer_transaction_rank,81.0,16,1,12,3,46.0,31.25,67.9348,2.6667,0.2535,0.4208,Identify top customers and their leading brand preference.
customer_brand_preference,customer_brand,352644,Dad's,3,customer_transaction_rank,82.0,16,1,10,3,48.0,31.23,65.0625,2.6667,0.2535,0.4208,Identify top customers and their leading brand preference.
customer_brand_preference,customer_brand,427391,Fitz's,3,customer_transaction_rank,83.0,16,1,10,3,48.0,31.3,65.2083,3.3333,0.2535,0.4208,Identify top customers and their leading brand preference.
customer_brand_preference,customer_brand,520196,Dad's,3,customer_transaction_rank,84.0,16,1,12,1,48.0,31.65,65.9375,3.0,0.2535,0.1403,Identify top customers and their leading brand preference.
customer_brand_preference,customer_brand,549823,Bedfords,3,customer_transaction_rank,85.0,16,1,11,0,42.0,26.19,62.3571,,0.2535,0.0,Identify top customers and their leading brand preference.
customer_brand_preference,customer_brand,580783,Barq's,3,customer_transaction_rank,86.0,16,1,11,0,48.0,32.19,67.0625,,0.2535,0.0,Identify top customers and their leading brand preference.
customer_brand_preference,customer_brand,627324,Sparky's Fresh Draft,4,customer_transaction_rank,87.0,16,1,8,1,48.0,28.87,60.1458,5.0,0.2535,0.1403,Identify top customers and their leading brand preference.
customer_brand_preference,customer_brand,668931,Bedfords,2,customer_transaction_rank,88.0,16,1,11,0,48.0,30.11,62.7292,,0.2535,0.0,Identify top customers and their leading brand preference.
customer_brand_preference,customer_brand,741514,Dominion,3,customer_transaction_rank,89.0,16,1,11,1,46.0,28.19,61.2826,5.0,0.2535,0.1403,Identify top customers and their leading brand preference.
customer_brand_preference,customer_brand,761615,IBC,3,customer_transaction_rank,90.0,16,1,12,1,46.0,31.56,68.6087,1.0,0.2535,0.1403,Identify top customers and their leading brand preference.
customer_brand_preference,customer_brand,766737,Gales,4,customer_transaction_rank,91.0,16,1,10,0,48.0,31.23,65.0625,,0.2535,0.0,Identify top customers and their leading brand preference.
customer_brand_preference,customer_brand,808421,Dad's,4,customer_transaction_rank,92.0,16,1,9,0,48.0,30.37,63.2708,,0.2535,0.0,Identify top customers and their leading brand preference.
customer_brand_preference,customer_brand,158528,Bundaberg,3,customer_transaction_rank,93.0,15,1,9,2,43.0,27.04,62.8837,3.0,0.2376,0.2805,Identify top customers and their leading brand preference.
customer_brand_preference,customer_brand,193968,Sparky's Fresh Draft,3,customer_transaction_rank,94.0,15,1,10,0,45.0,28.77,63.9333,,0.2376,0.0,Identify top customers and their leading brand preference.
customer_brand_preference,customer_brand,226909,Gales,4,customer_transaction_rank,95.0,15,1,10,3,41.0,25.91,63.1951,3.3333,0.2376,0.4208,Identify top customers and their leading brand preference.
customer_brand_preference,customer_brand,245577,Dominion,3,customer_transaction_rank,96.0,15,1,11,3,43.0,26.93,62.6279,4.6667,0.2376,0.4208,Identify top customers and their leading brand preference.
customer_brand_preference,customer_brand,249779,Bulldog,3,customer_transaction_rank,97.0,15,1,8,2,45.0,28.22,62.7111,1.5,0.2376,0.2805,Identify top customers and their leading brand preference.
customer_brand_preference,customer_brand,308505,Captain Eli's,2,customer_transaction_rank,98.0,15,1,12,0,43.0,26.59,61.8372,,0.2376,0.0,Identify top customers and their leading brand preference.
customer_brand_preference,customer_brand,355107,Bedfords,2,customer_transaction_rank,99.0,15,1,11,1,43.0,26.32,61.2093,5.0,0.2376,0.1403,Identify top customers and their leading brand preference.
customer_brand_preference,customer_brand,464984,Fitz's,3,customer_transaction_rank,100.0,15,1,8,1,45.0,28.05,62.3333,1.0,0.2376,0.1403,Identify top customers and their leading brand preference.
customer_brand_preference,customer_brand,478274,Captain Eli's,2,customer_transaction_rank,101.0,15,1,10,5,45.0,29.48,65.5111,3.8,0.2376,0.7013,Identify top customers and their leading brand preference.
customer_brand_preference,customer_brand,479497,Henry Weinhard's,3,customer_transaction_rank,102.0,15,1,11,1,45.0,28.44,63.2,4.0,0.2376,0.1403,Identify top customers and their leading brand preference.
customer_brand_preference,customer_brand,524667,Dad's,3,customer_transaction_rank,103.0,15,1,11,0,45.0,29.27,65.0444,,0.2376,0.0,Identify top customers and their leading brand preference.
customer_brand_preference,customer_brand,550824,A&W,2,customer_transaction_rank,104.0,15,1,8,2,41.0,28.05,68.4146,2.5,0.2376,0.2805,Identify top customers and their leading brand preference.
customer_brand_preference,customer_brand,559486,Bulldog,2,customer_transaction_rank,105.0,15,1,12,0,45.0,27.95,62.1111,,0.2376,0.0,Identify top customers and their leading brand preference.
customer_brand_preference,customer_brand,561305,Captain Eli's,3,customer_transaction_rank,106.0,15,1,10,0,45.0,28.26,62.8,,0.2376,0.0,Identify top customers and their leading brand preference.
customer_brand_preference,customer_brand,567388,Dog n Suds,3,customer_transaction_rank,107.0,15,1,11,0,43.0,27.74,64.5116,,0.2376,0.0,Identify top customers and their leading brand preference.
customer_brand_preference,customer_brand,605188,Abita,2,customer_transaction_rank,108.0,15,1,11,1,45.0,27.99,62.2,5.0,0.2376,0.1403,Identify top customers and their leading brand preference.
customer_brand_preference,customer_brand,651462,Gales,4,customer_transaction_rank,109.0,15,1,10,1,43.0,27.04,62.8837,5.0,0.2376,0.1403,Identify top customers and their leading brand preference.
customer_brand_preference,customer_brand,672834,Barq's,4,customer_transaction_rank,110.0,15,1,10,0,43.0,30.42,70.7442,,0.2376,0.0,Identify top customers and their leading brand preference.
customer_brand_preference,customer_brand,690100,Bulldog,4,customer_transaction_rank,111.0,15,1,10,1,43.0,28.02,65.1628,4.0,0.2376,0.1403,Identify top customers and their leading brand preference.
customer_brand_preference,customer_brand,719921,A.J. Stephans,2,customer_transaction_rank,112.0,15,1,11,1,43.0,26.59,61.8372,4.0,0.2376,0.1403,Identify top customers and their leading brand preference.
customer_brand_preference,customer_brand,734624,Gales,3,customer_transaction_rank,113.0,15,1,11,1,45.0,28.8,64.0,1.0,0.2376,0.1403,Identify top customers and their leading brand preference.
customer_brand_preference,customer_brand,766161,Dad's,2,customer_transaction_rank,114.0,15,1,10,0,45.0,29.05,64.5556,,0.2376,0.0,Identify top customers and their leading brand preference.
customer_brand_preference,customer_brand,803700,Bulldog,3,customer_transaction_rank,115.0,15,1,13,0,41.0,26.36,64.2927,,0.2376,0.0,Identify top customers and their leading brand preference.
customer_brand_preference,customer_brand,815980,Barq's,2,customer_transaction_rank,116.0,15,1,10,0,43.0,28.15,65.4651,,0.2376,0.0,Identify top customers and their leading brand preference.
customer_brand_preference,customer_brand,841831,Dog n Suds,3,customer_transaction_rank,117.0,15,1,10,0,43.0,27.87,64.814,,0.2376,0.0,Identify top customers and their leading brand preference.
customer_brand_preference,customer_brand,846558,Captain Eli's,3,customer_transaction_rank,118.0,15,1,9,0,43.0,28.17,65.5116,,0.2376,0.0,Identify top customers and their leading brand preference.
customer_brand_preference,customer_brand,892883,Barq's,2,customer_transaction_rank,119.0,15,1,12,2,45.0,30.45,67.6667,3.0,0.2376,0.2805,Identify top customers and their leading brand preference.
customer_brand_preference,customer_brand,911171,Sparky's Fresh Draft,4,customer_transaction_rank,120.0,15,1,10,1,45.0,27.43,60.9556,1.0,0.2376,0.1403,Identify top customers and their leading brand preference.
customer_brand_preference,customer_brand,924649,Bulldog,2,customer_transaction_rank,121.0,15,1,12,1,45.0,29.36,65.2444,3.0,0.2376,0.1403,Identify top customers and their leading brand preference.
customer_brand_preference,customer_brand,128131,Barq's,2,customer_transaction_rank,122.0,14,1,11,0,40.0,25.82,64.55,,0.2218,0.0,Identify top customers and their leading brand preference.
customer_brand_preference,customer_brand,132454,Bedfords,2,customer_transaction_rank,123.0,14,1,10,1,42.0,26.42,62.9048,4.0,0.2218,0.1403,Identify top customers and their leading brand preference.
customer_brand_preference,customer_brand,183797,Bundaberg,3,customer_transaction_rank,124.0,14,1,11,1,42.0,26.34,62.7143,3.0,0.2218,0.1403,Identify top customers and their leading brand preference.
customer_brand_preference,customer_brand,190721,Captain Eli's,3,customer_transaction_rank,125.0,14,1,9,6,38.0,24.01,63.1842,3.3333,0.2218,0.8415,Identify top customers and their leading brand preference.
customer_brand_preference,customer_brand,202612,Fitz's,3,customer_transaction_rank,126.0,14,1,9,4,42.0,26.66,63.4762,3.0,0.2218,0.561,Identify top customers and their leading brand preference.
customer_brand_preference,customer_brand,236554,Dog n Suds,2,customer_transaction_rank,127.0,14,1,11,2,40.0,25.89,64.725,2.5,0.2218,0.2805,Identify top customers and their leading brand preference.
customer_brand_preference,customer_brand,247216,Bedfords,3,customer_transaction_rank,128.0,14,1,7,1,42.0,26.96,64.1905,4.0,0.2218,0.1403,Identify top customers and their leading brand preference.
customer_brand_preference,customer_brand,256181,A.J. Stephans,2,customer_transaction_rank,129.0,14,1,11,3,40.0,26.68,66.7,4.3333,0.2218,0.4208,Identify top customers and their leading brand preference.
customer_brand_preference,customer_brand,292402,Bedfords,2,customer_transaction_rank,130.0,14,1,11,0,42.0,27.55,65.5952,,0.2218,0.0,Identify top customers and their leading brand preference.
customer_brand_preference,customer_brand,317807,IBC,4,customer_transaction_rank,131.0,14,1,10,2,42.0,28.51,67.881,2.0,0.2218,0.2805,Identify top customers and their leading brand preference.
customer_brand_preference,customer_brand,347659,Abita,2,customer_transaction_rank,132.0,14,1,10,2,42.0,27.54,65.5714,2.0,0.2218,0.2805,Identify top customers and their leading brand preference.
customer_brand_preference,customer_brand,393120,Mug,4,customer_transaction_rank,133.0,14,1,9,0,42.0,30.32,72.1905,,0.2218,0.0,Identify top customers and their leading brand preference.
customer_brand_preference,customer_brand,416523,Bedfords,2,customer_transaction_rank,134.0,14,1,11,3,42.0,26.87,63.9762,3.3333,0.2218,0.4208,Identify top customers and their leading brand preference.
customer_brand_preference,customer_brand,418635,Dad's,4,customer_transaction_rank,135.0,14,1,8,3,40.0,24.65,61.625,3.3333,0.2218,0.4208,Identify top customers and their leading brand preference.
customer_brand_preference,customer_brand,442691,A.J. Stephans,2,customer_transaction_rank,136.0,14,1,8,3,40.0,25.73,64.325,3.0,0.2218,0.4208,Identify top customers and their leading brand preference.
customer_brand_preference,customer_brand,447601,Fitz's,2,customer_transaction_rank,137.0,14,1,12,3,40.0,25.98,64.95,4.0,0.2218,0.4208,Identify top customers and their leading brand preference.
customer_brand_preference,customer_brand,464782,Bundaberg,2,customer_transaction_rank,138.0,14,1,11,0,40.0,25.01,62.525,,0.2218,0.0,Identify top customers and their leading brand preference.
customer_brand_preference,customer_brand,578275,Sparky's Fresh Draft,3,customer_transaction_rank,139.0,14,1,9,0,42.0,25.73,61.2619,,0.2218,0.0,Identify top customers and their leading brand preference.
customer_brand_preference,customer_brand,608290,Fitz's,2,customer_transaction_rank,140.0,14,1,10,0,40.0,25.17,62.925,,0.2218,0.0,Identify top customers and their leading brand preference.
customer_brand_preference,customer_brand,643214,A.J. Stephans,2,customer_transaction_rank,141.0,14,1,11,1,42.0,27.19,64.7381,2.0,0.2218,0.1403,Identify top customers and their leading brand preference.
customer_brand_preference,customer_brand,657736,IBC,4,customer_transaction_rank,142.0,14,1,8,1,42.0,27.56,65.619,5.0,0.2218,0.1403,Identify top customers and their leading brand preference.
customer_brand_preference,customer_brand,676018,Bundaberg,2,customer_transaction_rank,143.0,14,1,10,0,42.0,25.82,61.4762,,0.2218,0.0,Identify top customers and their leading brand preference.
customer_brand_preference,customer_brand,706101,Gales,5,customer_transaction_rank,144.0,14,1,9,1,40.0,25.03,62.575,2.0,0.2218,0.1403,Identify top customers and their leading brand preference.
customer_brand_preference,customer_brand,775449,Sparky's Fresh Draft,4,customer_transaction_rank,145.0,14,1,9,1,40.0,23.23,58.075,3.0,0.2218,0.1403,Identify top customers and their leading brand preference.
customer_brand_preference,customer_brand,791850,Abita,3,customer_transaction_rank,146.0,14,1,8,1,42.0,27.74,66.0476,3.0,0.2218,0.1403,Identify top customers and their leading brand preference.
customer_brand_preference,customer_brand,793987,Abita,3,customer_transaction_rank,147.0,14,1,9,0,40.0,24.75,61.875,,0.2218,0.0,Identify top customers and their leading brand preference.
customer_brand_preference,customer_brand,842028,Dog n Suds,3,customer_transaction_rank,148.0,14,1,8,0,40.0,27.71,69.275,,0.2218,0.0,Identify top customers and their leading brand preference.
customer_brand_preference,customer_brand,847289,Gales,3,customer_transaction_rank,149.0,14,1,8,1,42.0,26.57,63.2619,1.0,0.2218,0.1403,Identify top customers and their leading brand preference.
customer_brand_preference,customer_brand,860057,Dog n Suds,4,customer_transaction_rank,150.0,14,1,9,1,40.0,24.62,61.55,1.0,0.2218,0.1403,Identify top customers and their leading brand preference.
customer_brand_preference,customer_brand,879173,Bundaberg,3,customer_transaction_rank,151.0,14,1,10,0,40.0,24.78,61.95,,0.2218,0.0,Identify top customers and their leading brand preference.
customer_brand_preference,customer_brand,880238,Bedfords,3,customer_transaction_rank,152.0,14,1,8,0,42.0,26.76,63.7143,,0.2218,0.0,Identify top customers and their leading brand preference.
customer_brand_preference,customer_brand,884729,A.J. Stephans,3,customer_transaction_rank,153.0,14,1,10,1,38.0,23.26,61.2105,2.0,0.2218,0.1403,Identify top customers and their leading brand preference.
customer_brand_preference,customer_brand,929344,Dad's,3,customer_transaction_rank,154.0,14,1,10,1,42.0,26.28,62.5714,3.0,0.2218,0.1403,Identify top customers and their leading brand preference.
customer_brand_preference,customer_brand,938006,Fitz's,4,customer_transaction_rank,155.0,14,1,9,2,38.0,25.03,65.8684,2.5,0.2218,0.2805,Identify top customers and their leading brand preference.
customer_brand_preference,customer_brand,974503,Mug,4,customer_transaction_rank,156.0,14,1,9,0,38.0,27.06,71.2105,,0.2218,0.0,Identify top customers and their leading brand preference.
customer_brand_preference,customer_brand,108708,Bundaberg,3,customer_transaction_rank,157.0,13,1,7,1,39.0,24.51,62.8462,3.0,0.206,0.1403,Identify top customers and their leading brand preference.
customer_brand_preference,customer_brand,109251,Fitz's,5,customer_transaction_rank,158.0,13,1,7,1,39.0,24.9,63.8462,3.0,0.206,0.1403,Identify top customers and their leading brand preference.
customer_brand_preference,customer_brand,111486,Bulldog,2,customer_transaction_rank,159.0,13,1,8,4,39.0,26.96,69.1282,3.75,0.206,0.561,Identify top customers and their leading brand preference.
customer_brand_preference,customer_brand,199895,Henry Weinhard's,3,customer_transaction_rank,160.0,13,1,9,2,37.0,24.14,65.2432,2.5,0.206,0.2805,Identify top customers and their leading brand preference.
customer_brand_preference,customer_brand,216475,IBC,3,customer_transaction_rank,161.0,13,1,10,0,39.0,26.28,67.3846,,0.206,0.0,Identify top customers and their leading brand preference.
customer_brand_preference,customer_brand,227372,Barq's,3,customer_transaction_rank,162.0,13,1,8,3,39.0,26.41,67.7179,2.6667,0.206,0.4208,Identify top customers and their leading brand preference.
customer_brand_preference,customer_brand,230602,Abita,2,customer_transaction_rank,163.0,13,1,11,1,37.0,22.75,61.4865,3.0,0.206,0.1403,Identify top customers and their leading brand preference.
customer_brand_preference,customer_brand,235720,Fitz's,2,customer_transaction_rank,164.0,13,1,10,2,39.0,25.12,64.4103,3.5,0.206,0.2805,Identify top customers and their leading brand preference.
customer_brand_preference,customer_brand,265707,IBC,3,customer_transaction_rank,165.0,13,1,8,1,39.0,25.64,65.7436,1.0,0.206,0.1403,Identify top customers and their leading brand preference.
customer_brand_preference,customer_brand,366695,Bedfords,3,customer_transaction_rank,166.0,13,1,9,2,39.0,25.79,66.1282,2.5,0.206,0.2805,Identify top customers and their leading brand preference.
customer_brand_preference,customer_brand,413292,Barq's,2,customer_transaction_rank,167.0,13,1,10,3,39.0,26.99,69.2051,3.3333,0.206,0.4208,Identify top customers and their leading brand preference.
customer_brand_preference,customer_brand,418506,Dad's,2,customer_transaction_rank,168.0,13,1,10,2,39.0,23.92,61.3333,1.5,0.206,0.2805,Identify top customers and their leading brand preference.
customer_brand_preference,customer_brand,426984,Dad's,3,customer_transaction_rank,169.0,13,1,10,2,37.0,24.26,65.5676,3.0,0.206,0.2805,Identify top customers and their leading brand preference.
customer_brand_preference,customer_brand,427826,Sparky's Fresh Draft,3,customer_transaction_rank,170.0,13,1,9,2,37.0,22.8,61.6216,3.0,0.206,0.2805,Identify top customers and their leading brand preference.
customer_brand_preference,customer_brand,447368,A.J. Stephans,2,customer_transaction_rank,171.0,13,1,9,3,37.0,24.48,66.1622,3.0,0.206,0.4208,Identify top customers and their leading brand preference.
customer_brand_preference,customer_brand,454015,Captain Eli's,3,customer_transaction_rank,172.0,13,1,9,4,37.0,24.2,65.4054,3.25,0.206,0.561,Identify top customers and their leading brand preference.
customer_brand_preference,customer_brand,485769,Abita,2,customer_transaction_rank,173.0,13,1,10,1,37.0,22.54,60.9189,3.0,0.206,0.1403,Identify top customers and their leading brand preference.
customer_brand_preference,customer_brand,493552,Mug,3,customer_transaction_rank,174.0,13,1,10,1,39.0,26.97,69.1538,1.0,0.206,0.1403,Identify top customers and their leading brand preference.
customer_brand_preference,customer_brand,494106,IBC,4,customer_transaction_rank,175.0,13,1,7,1,39.0,27.61,70.7949,2.0,0.206,0.1403,Identify top customers and their leading brand preference.
customer_brand_preference,customer_brand,500350,Abita,2,customer_transaction_rank,176.0,13,1,9,1,39.0,25.08,64.3077,3.0,0.206,0.1403,Identify top customers and their leading brand preference.
customer_brand_preference,customer_brand,520377,Barq's,2,customer_transaction_rank,177.0,13,1,10,0,37.0,23.97,64.7838,,0.206,0.0,Identify top customers and their leading brand preference.
customer_brand_preference,customer_brand,585972,Fitz's,3,customer_transaction_rank,178.0,13,1,9,2,39.0,26.85,68.8462,3.5,0.206,0.2805,Identify top customers and their leading brand preference.
customer_brand_preference,customer_brand,592592,Sparky's Fresh Draft,3,customer_transaction_rank,179.0,13,1,9,1,39.0,24.06,61.6923,5.0,0.206,0.1403,Identify top customers and their leading brand preference.
customer_brand_preference,customer_brand,592726,Abita,2,customer_transaction_rank,180.0,13,1,10,0,39.0,24.58,63.0256,,0.206,0.0,Identify top customers and their leading brand preference.
customer_brand_preference,customer_brand,599995,Captain Eli's,2,customer_transaction_rank,181.0,13,1,10,1,39.0,24.32,62.359,1.0,0.206,0.1403,Identify top customers and their leading brand preference.
customer_brand_preference,customer_brand,616028,Fitz's,3,customer_transaction_rank,182.0,13,1,8,0,39.0,26.15,67.0513,,0.206,0.0,Identify top customers and their leading brand preference.
customer_brand_preference,customer_brand,657495,Bedfords,2,customer_transaction_rank,183.0,13,1,10,1,37.0,24.36,65.8378,5.0,0.206,0.1403,Identify top customers and their leading brand preference.
customer_brand_preference,customer_brand,659695,A&W,2,customer_transaction_rank,184.0,13,1,9,2,39.0,26.78,68.6667,3.5,0.206,0.2805,Identify top customers and their leading brand preference.
customer_brand_preference,customer_brand,678940,Bedfords,3,customer_transaction_rank,185.0,13,1,7,0,39.0,24.42,62.6154,,0.206,0.0,Identify top customers and their leading brand preference.
customer_brand_preference,customer_brand,694281,Barq's,2,customer_transaction_rank,186.0,13,1,10,0,39.0,25.69,65.8718,,0.206,0.0,Identify top customers and their leading brand preference.
customer_brand_preference,customer_brand,701816,Captain Eli's,2,customer_transaction_rank,187.0,13,1,11,0,39.0,24.59,63.0513,,0.206,0.0,Identify top customers and their leading brand preference.
customer_brand_preference,customer_brand,734514,Abita,2,customer_transaction_rank,188.0,13,1,10,2,39.0,24.59,63.0513,2.5,0.206,0.2805,Identify top customers and their leading brand preference.
customer_brand_preference,customer_brand,746134,Abita,2,customer_transaction_rank,189.0,13,1,10,0,35.0,21.47,61.3429,,0.206,0.0,Identify top customers and their leading brand preference.
customer_brand_preference,customer_brand,765237,A.J. Stephans,2,customer_transaction_rank,190.0,13,1,10,1,39.0,25.15,64.4872,1.0,0.206,0.1403,Identify top customers and their leading brand preference.
customer_brand_preference,customer_brand,781523,Abita,2,customer_transaction_rank,191.0,13,1,8,0,39.0,24.44,62.6667,,0.206,0.0,Identify top customers and their leading brand preference.
customer_brand_preference,customer_brand,818287,IBC,3,customer_transaction_rank,192.0,13,1,11,1,37.0,24.24,65.5135,3.0,0.206,0.1403,Identify top customers and their leading brand preference.
customer_brand_preference,customer_brand,826590,Bundaberg,3,customer_transaction_rank,193.0,13,1,8,1,37.0,22.43,60.6216,5.0,0.206,0.1403,Identify top customers and their leading brand preference.
customer_brand_preference,customer_brand,864896,IBC,4,customer_transaction_rank,194.0,13,1,8,0,37.0,22.62,61.1351,,0.206,0.0,Identify top customers and their leading brand preference.
customer_brand_preference,customer_brand,885548,Bedfords,2,customer_transaction_rank,195.0,13,1,11,0,39.0,25.49,65.359,,0.206,0.0,Identify top customers and their leading brand preference.
customer_brand_preference,customer_brand,925565,IBC,3,customer_transaction_rank,196.0,13,1,10,0,39.0,26.87,68.8974,,0.206,0.0,Identify top customers and their leading brand preference.
customer_brand_preference,customer_brand,926144,Captain Eli's,3,customer_transaction_rank,197.0,13,1,8,0,37.0,25.39,68.6216,,0.206,0.0,Identify top customers and their leading brand preference.
customer_brand_preference,customer_brand,955591,Mug,3,customer_transaction_rank,198.0,13,1,8,1,39.0,27.33,70.0769,4.0,0.206,0.1403,Identify top customers and their leading brand preference.
customer_brand_preference,customer_brand,961080,Captain Eli's,3,customer_transaction_rank,199.0,13,1,9,1,39.0,25.67,65.8205,3.0,0.206,0.1403,Identify top customers and their leading brand preference.
customer_brand_preference,customer_brand,970794,Gales,3,customer_transaction_rank,200.0,13,1,9,0,39.0,26.31,67.4615,,0.206,0.0,Identify top customers and their leading brand preference.
customer_brand_preference,customer_brand,994056,Fitz's,3,customer_transaction_rank,201.0,13,1,10,1,39.0,25.99,66.641,5.0,0.206,0.1403,Identify top customers and their leading brand preference.
customer_brand_preference,customer_brand,111991,Dad's,2,customer_transaction_rank,202.0,12,1,9,1,34.0,22.37,65.7941,2.0,0.1901,0.1403,Identify top customers and their leading brand preference.
customer_brand_preference,customer_brand,145929,Sparky's Fresh Draft,3,customer_transaction_rank,203.0,12,1,7,2,36.0,20.97,58.25,2.5,0.1901,0.2805,Identify top customers and their leading brand preference.
customer_brand_preference,customer_brand,147543,A.J. Stephans,3,customer_transaction_rank,204.0,12,1,9,2,36.0,25.52,70.8889,4.0,0.1901,0.2805,Identify top customers and their leading brand preference.
customer_brand_preference,customer_brand,161175,A.J. Stephans,2,customer_transaction_rank,205.0,12,1,8,2,34.0,20.99,61.7353,4.0,0.1901,0.2805,Identify top customers and their leading brand preference.
customer_brand_preference,customer_brand,185863,Bundaberg,3,customer_transaction_rank,206.0,12,1,6,4,34.0,22.33,65.6765,3.5,0.1901,0.561,Identify top customers and their leading brand preference.
customer_brand_preference,customer_brand,191951,Bulldog,2,customer_transaction_rank,207.0,12,1,8,1,36.0,24.02,66.7222,2.0,0.1901,0.1403,Identify top customers and their leading brand preference.
customer_brand_preference,customer_brand,196068,Fitz's,2,customer_transaction_rank,208.0,12,1,11,0,34.0,21.16,62.2353,,0.1901,0.0,Identify top customers and their leading brand preference.
customer_brand_preference,customer_brand,203787,Abita,2,customer_transaction_rank,209.0,12,1,9,1,36.0,24.39,67.75,4.0,0.1901,0.1403,Identify top customers and their leading brand preference.
customer_brand_preference,customer_brand,205927,IBC,2,customer_transaction_rank,210.0,12,1,11,2,36.0,23.77,66.0278,3.0,0.1901,0.2805,Identify top customers and their leading brand preference.
customer_brand_preference,customer_brand,214537,Dominion,4,customer_transaction_rank,211.0,12,1,8,3,36.0,21.94,60.9444,3.0,0.1901,0.4208,Identify top customers and their leading brand preference.
customer_brand_preference,customer_brand,225489,Dad's,2,customer_transaction_rank,212.0,12,1,10,2,36.0,22.52,62.5556,1.0,0.1901,0.2805,Identify top customers and their leading brand preference.
customer_brand_preference,customer_brand,233813,IBC,3,customer_transaction_rank,213.0,12,1,9,3,34.0,21.19,62.3235,1.6667,0.1901,0.4208,Identify top customers and their leading brand preference.
customer_brand_preference,customer_brand,238347,Bedfords,2,customer_transaction_rank,214.0,12,1,9,2,36.0,23.28,64.6667,3.0,0.1901,0.2805,Identify top customers and their leading brand preference.
customer_brand_preference,customer_brand,302774,Sparky's Fresh Draft,3,customer_transaction_rank,215.0,12,1,10,3,36.0,22.14,61.5,3.0,0.1901,0.4208,Identify top customers and their leading brand preference.
customer_brand_preference,customer_brand,306475,Captain Eli's,3,customer_transaction_rank,216.0,12,1,9,1,36.0,23.82,66.1667,1.0,0.1901,0.1403,Identify top customers and their leading brand preference.
customer_brand_preference,customer_brand,324435,A&W,3,customer_transaction_rank,217.0,12,1,9,2,36.0,25.92,72.0,3.0,0.1901,0.2805,Identify top customers and their leading brand preference.
customer_brand_preference,customer_brand,330223,Fitz's,2,customer_transaction_rank,218.0,12,1,10,4,36.0,23.22,64.5,2.75,0.1901,0.561,Identify top customers and their leading brand preference.
customer_brand_preference,customer_brand,385115,Abita,2,customer_transaction_rank,219.0,12,1,9,1,36.0,22.66,62.9444,3.0,0.1901,0.1403,Identify top customers and their leading brand preference.
customer_brand_preference,customer_brand,393893,Dominion,2,customer_transaction_rank,220.0,12,1,10,2,36.0,23.91,66.4167,3.5,0.1901,0.2805,Identify top customers and their leading brand preference.
customer_brand_preference,customer_brand,395125,Barq's,2,customer_transaction_rank,221.0,12,1,10,2,34.0,23.35,68.6765,1.5,0.1901,0.2805,Identify top customers and their leading brand preference.
customer_brand_preference,customer_brand,408341,Fitz's,2,customer_transaction_rank,222.0,12,1,9,1,34.0,21.02,61.8235,5.0,0.1901,0.1403,Identify top customers and their leading brand preference.
customer_brand_preference,customer_brand,412235,Henry Weinhard's,2,customer_transaction_rank,223.0,12,1,10,2,36.0,22.68,63.0,2.5,0.1901,0.2805,Identify top customers and their leading brand preference.
customer_brand_preference,customer_brand,417823,Dominion,2,customer_transaction_rank,224.0,12,1,10,1,36.0,22.85,63.4722,4.0,0.1901,0.1403,Identify top customers and their leading brand preference.
customer_brand_preference,customer_brand,432268,Dominion,3,customer_transaction_rank,225.0,12,1,8,0,36.0,23.53,65.3611,,0.1901,0.0,Identify top customers and their leading brand preference.
customer_brand_preference,customer_brand,448993,Abita,2,customer_transaction_rank,226.0,12,1,9,1,32.0,21.13,66.0313,2.0,0.1901,0.1403,Identify top customers and their leading brand preference.
customer_brand_preference,customer_brand,456457,Barq's,2,customer_transaction_rank,227.0,12,1,9,1,36.0,25.61,71.1389,2.0,0.1901,0.1403,Identify top customers and their leading brand preference.
customer_brand_preference,customer_brand,469564,Bulldog,3,customer_transaction_rank,228.0,12,1,10,2,36.0,23.21,64.4722,4.0,0.1901,0.2805,Identify top customers and their leading brand preference.
customer_brand_preference,customer_brand,537860,IBC,3,customer_transaction_rank,229.0,12,1,9,1,36.0,23.93,66.4722,4.0,0.1901,0.1403,Identify top customers and their leading brand preference.
customer_brand_preference,customer_brand,563500,Abita,2,customer_transaction_rank,230.0,12,1,9,1,36.0,22.75,63.1944,1.0,0.1901,0.1403,Identify top customers and their leading brand preference.
customer_brand_preference,customer_brand,568217,A&W,3,customer_transaction_rank,231.0,12,1,10,2,36.0,24.51,68.0833,3.5,0.1901,0.2805,Identify top customers and their leading brand preference.
customer_brand_preference,customer_brand,590616,Henry Weinhard's,4,customer_transaction_rank,232.0,12,1,8,0,36.0,22.47,62.4167,,0.1901,0.0,Identify top customers and their leading brand preference.
customer_brand_preference,customer_brand,622506,Dad's,2,customer_transaction_rank,233.0,12,1,9,0,36.0,22.28,61.8889,,0.1901,0.0,Identify top customers and their leading brand preference.
customer_brand_preference,customer_brand,643305,Bedfords,2,customer_transaction_rank,234.0,12,1,9,2,34.0,20.15,59.2647,3.5,0.1901,0.2805,Identify top customers and their leading brand preference.
customer_brand_preference,customer_brand,646700,Captain Eli's,2,customer_transaction_rank,235.0,12,1,9,0,34.0,20.34,59.8235,,0.1901,0.0,Identify top customers and their leading brand preference.
customer_brand_preference,customer_brand,667170,Bulldog,2,customer_transaction_rank,236.0,12,1,10,0,36.0,23.01,63.9167,,0.1901,0.0,Identify top customers and their leading brand preference.
customer_brand_preference,customer_brand,724813,Dog n Suds,3,customer_transaction_rank,237.0,12,1,7,3,36.0,22.34,62.0556,2.6667,0.1901,0.4208,Identify top customers and their leading brand preference.
customer_brand_preference,customer_brand,748326,Captain Eli's,2,customer_transaction_rank,238.0,12,1,10,0,36.0,24.73,68.6944,,0.1901,0.0,Identify top customers and their leading brand preference.
customer_brand_preference,customer_brand,755271,Bundaberg,2,customer_transaction_rank,239.0,12,1,9,0,34.0,21.66,63.7059,,0.1901,0.0,Identify top customers and their leading brand preference.
customer_brand_preference,customer_brand,756769,Abita,2,customer_transaction_rank,240.0,12,1,8,0,34.0,22.61,66.5,,0.1901,0.0,Identify top customers and their leading brand preference.
customer_brand_preference,customer_brand,762509,Dog n Suds,2,customer_transaction_rank,241.0,12,1,9,0,36.0,23.57,65.4722,,0.1901,0.0,Identify top customers and their leading brand preference.
customer_brand_preference,customer_brand,795957,Sparky's Fresh Draft,3,customer_transaction_rank,242.0,12,1,9,0,36.0,21.81,60.5833,,0.1901,0.0,Identify top customers and their leading brand preference.
customer_brand_preference,customer_brand,808177,A&W,2,customer_transaction_rank,243.0,12,1,10,0,34.0,22.68,66.7059,,0.1901,0.0,Identify top customers and their leading brand preference.
customer_brand_preference,customer_brand,888759,Captain Eli's,2,customer_transaction_rank,244.0,12,1,11,1,34.0,21.13,62.1471,4.0,0.1901,0.1403,Identify top customers and their leading brand preference.
customer_brand_preference,customer_brand,888952,A.J. Stephans,2,customer_transaction_rank,245.0,12,1,10,0,36.0,23.69,65.8056,,0.1901,0.0,Identify top customers and their leading brand preference.
customer_brand_preference,customer_brand,908328,Captain Eli's,2,customer_transaction_rank,246.0,12,1,10,0,36.0,23.95,66.5278,,0.1901,0.0,Identify top customers and their leading brand preference.
customer_brand_preference,customer_brand,908768,Dog n Suds,3,customer_transaction_rank,247.0,12,1,7,1,34.0,20.63,60.6765,4.0,0.1901,0.1403,Identify top customers and their leading brand preference.
customer_brand_preference,customer_brand,921792,Fitz's,4,customer_transaction_rank,248.0,12,1,7,1,36.0,23.45,65.1389,1.0,0.1901,0.1403,Identify top customers and their leading brand preference.
customer_brand_preference,customer_brand,964619,Abita,2,customer_transaction_rank,249.0,12,1,11,2,36.0,23.62,65.6111,3.5,0.1901,0.2805,Identify top customers and their leading brand preference.
customer_brand_preference,customer_brand,977759,Fitz's,4,customer_transaction_rank,250.0,12,1,8,1,36.0,25.1,69.7222,2.0,0.1901,0.1403,Identify top customers and their leading brand preference.
customer_brand_preference,customer_brand,154427,A.J. Stephans,1,customer_transaction_rank,251.0,11,1,11,0,33.0,21.58,65.3939,,0.1743,0.0,Identify top customers and their leading brand preference.
customer_brand_preference,customer_brand,166135,Dog n Suds,2,customer_transaction_rank,252.0,11,1,8,1,31.0,18.45,59.5161,4.0,0.1743,0.1403,Identify top customers and their leading brand preference.
customer_brand_preference,customer_brand,166735,Captain Eli's,2,customer_transaction_rank,253.0,11,1,8,2,33.0,21.68,65.697,2.5,0.1743,0.2805,Identify top customers and their leading brand preference.
customer_brand_preference,customer_brand,170500,Dad's,4,customer_transaction_rank,254.0,11,1,8,3,33.0,20.4,61.8182,2.6667,0.1743,0.4208,Identify top customers and their leading brand preference.
customer_brand_preference,customer_brand,230467,Bedfords,3,customer_transaction_rank,255.0,11,1,6,3,33.0,21.74,65.8788,3.6667,0.1743,0.4208,Identify top customers and their leading brand preference.
customer_brand_preference,customer_brand,266633,Dog n Suds,2,customer_transaction_rank,256.0,11,1,9,5,33.0,22.43,67.9697,3.0,0.1743,0.7013,Identify top customers and their leading brand preference.
customer_brand_preference,customer_brand,267632,Mug,3,customer_transaction_rank,257.0,11,1,7,3,31.0,20.28,65.4194,2.3333,0.1743,0.4208,Identify top customers and their leading brand preference.
customer_brand_preference,customer_brand,283158,Dad's,3,customer_transaction_rank,258.0,11,1,7,2,31.0,19.49,62.871,3.0,0.1743,0.2805,Identify top customers and their leading brand preference.
customer_brand_preference,customer_brand,296886,Bedfords,2,customer_transaction_rank,259.0,11,1,9,0,33.0,20.2,61.2121,,0.1743,0.0,Identify top customers and their leading brand preference.
customer_brand_preference,customer_brand,301793,Abita,2,customer_transaction_rank,260.0,11,1,9,0,33.0,21.62,65.5152,,0.1743,0.0,Identify top customers and their leading brand preference.
customer_brand_preference,customer_brand,332324,Bedfords,2,customer_transaction_rank,261.0,11,1,9,2,33.0,21.37,64.7576,3.0,0.1743,0.2805,Identify top customers and their leading brand preference.
customer_brand_preference,customer_brand,345348,Abita,2,customer_transaction_rank,262.0,11,1,10,0,33.0,21.37,64.7576,,0.1743,0.0,Identify top customers and their leading brand preference.
customer_brand_preference,customer_brand,412929,Bulldog,2,customer_transaction_rank,263.0,11,1,8,2,33.0,21.71,65.7879,3.5,0.1743,0.2805,Identify top customers and their leading brand preference.
customer_brand_preference,customer_brand,422717,Abita,2,customer_transaction_rank,264.0,11,1,9,1,33.0,21.17,64.1515,2.0,0.1743,0.1403,Identify top customers and their leading brand preference.
customer_brand_preference,customer_brand,425051,Fitz's,3,customer_transaction_rank,265.0,11,1,8,3,31.0,19.23,62.0323,1.6667,0.1743,0.4208,Identify top customers and their leading brand preference.
customer_brand_preference,customer_brand,426830,Gales,3,customer_transaction_rank,266.0,11,1,8,3,33.0,21.52,65.2121,3.3333,0.1743,0.4208,Identify top customers and their leading brand preference.
customer_brand_preference,customer_brand,484909,Gales,3,customer_transaction_rank,267.0,11,1,6,1,31.0,18.98,61.2258,3.0,0.1743,0.1403,Identify top customers and their leading brand preference.
customer_brand_preference,customer_brand,488803,Dominion,3,customer_transaction_rank,268.0,11,1,9,0,33.0,20.47,62.0303,,0.1743,0.0,Identify top customers and their leading brand preference.
customer_brand_preference,customer_brand,516619,Dad's,3,customer_transaction_rank,269.0,11,1,8,2,33.0,20.45,61.9697,4.0,0.1743,0.2805,Identify top customers and their leading brand preference.
customer_brand_preference,customer_brand,556152,Abita,2,customer_transaction_rank,270.0,11,1,8,2,33.0,20.1,60.9091,3.0,0.1743,0.2805,Identify top customers and their leading brand preference.
customer_brand_preference,customer_brand,563468,Barq's,2,customer_transaction_rank,271.0,11,1,8,0,29.0,18.73,64.5862,,0.1743,0.0,Identify top customers and their leading brand preference.
customer_brand_preference,customer_brand,590517,Bedfords,2,customer_transaction_rank,272.0,11,1,8,2,31.0,19.41,62.6129,2.0,0.1743,0.2805,Identify top customers and their leading brand preference.
customer_brand_preference,customer_brand,593317,Abita,2,customer_transaction_rank,273.0,11,1,8,1,31.0,19.84,64.0,2.0,0.1743,0.1403,Identify top customers and their leading brand preference.
customer_brand_preference,customer_brand,606155,Henry Weinhard's,3,customer_transaction_rank,274.0,11,1,8,1,33.0,21.22,64.303,1.0,0.1743,0.1403,Identify top customers and their leading brand preference.
customer_brand_preference,customer_brand,610766,Gales,3,customer_transaction_rank,275.0,11,1,7,0,33.0,20.29,61.4848,,0.1743,0.0,Identify top customers and their leading brand preference.
customer_brand_preference,customer_brand,616392,Henry Weinhard's,2,customer_transaction_rank,276.0,11,1,9,0,31.0,18.91,61.0,,0.1743,0.0,Identify top customers and their leading brand preference.
customer_brand_preference,customer_brand,664411,Fitz's,4,customer_transaction_rank,277.0,11,1,8,0,33.0,20.48,62.0606,,0.1743,0.0,Identify top customers and their leading brand preference.
customer_brand_preference,customer_brand,664934,Captain Eli's,2,customer_transaction_rank,278.0,11,1,9,1,33.0,20.49,62.0909,1.0,0.1743,0.1403,Identify top customers and their leading brand preference.
customer_brand_preference,customer_brand,670707,Fitz's,3,customer_transaction_rank,279.0,11,1,9,0,33.0,21.13,64.0303,,0.1743,0.0,Identify top customers and their leading brand preference.
customer_brand_preference,customer_brand,671101,Abita,2,customer_transaction_rank,280.0,11,1,9,0,33.0,21.46,65.0303,,0.1743,0.0,Identify top customers and their leading brand preference.
customer_brand_preference,customer_brand,676155,Bundaberg,3,customer_transaction_rank,281.0,11,1,6,1,33.0,21.08,63.8788,5.0,0.1743,0.1403,Identify top customers and their leading brand preference.
customer_brand_preference,customer_brand,706884,Abita,2,customer_transaction_rank,282.0,11,1,8,2,33.0,20.87,63.2424,3.5,0.1743,0.2805,Identify top customers and their leading brand preference.
customer_brand_preference,customer_brand,707458,Dominion,2,customer_transaction_rank,283.0,11,1,9,1,31.0,19.22,62.0,5.0,0.1743,0.1403,Identify top customers and their leading brand preference.
customer_brand_preference,customer_brand,731346,Bedfords,2,customer_transaction_rank,284.0,11,1,8,1,33.0,20.68,62.6667,1.0,0.1743,0.1403,Identify top customers and their leading brand preference.
customer_brand_preference,customer_brand,739440,Dad's,3,customer_transaction_rank,285.0,11,1,7,0,33.0,20.36,61.697,,0.1743,0.0,Identify top customers and their leading brand preference.
customer_brand_preference,customer_brand,741398,Dad's,2,customer_transaction_rank,286.0,11,1,9,2,33.0,21.4,64.8485,1.0,0.1743,0.2805,Identify top customers and their leading brand preference.
customer_brand_preference,customer_brand,742620,Captain Eli's,2,customer_transaction_rank,287.0,11,1,9,0,31.0,18.12,58.4516,,0.1743,0.0,Identify top customers and their leading brand preference.
customer_brand_preference,customer_brand,747066,IBC,3,customer_transaction_rank,288.0,11,1,7,2,33.0,21.09,63.9091,2.5,0.1743,0.2805,Identify top customers and their leading brand preference.
customer_brand_preference,customer_brand,757525,Gales,3,customer_transaction_rank,289.0,11,1,9,0,29.0,17.43,60.1034,,0.1743,0.0,Identify top customers and their leading brand preference.
customer_brand_preference,customer_brand,759995,A.J. Stephans,2,customer_transaction_rank,290.0,11,1,8,0,33.0,20.17,61.1212,,0.1743,0.0,Identify top customers and their leading brand preference.
customer_brand_preference,customer_brand,781968,Bedfords,2,customer_transaction_rank,291.0,11,1,9,0,33.0,21.52,65.2121,,0.1743,0.0,Identify top customers and their leading brand preference.
customer_brand_preference,customer_brand,785444,Gales,2,customer_transaction_rank,292.0,11,1,10,0,33.0,21.8,66.0606,,0.1743,0.0,Identify top customers and their leading brand preference.
customer_brand_preference,customer_brand,789500,Dog n Suds,3,customer_transaction_rank,293.0,11,1,7,0,29.0,17.82,61.4483,,0.1743,0.0,Identify top customers and their leading brand preference.
customer_brand_preference,customer_brand,797968,Henry Weinhard's,3,customer_transaction_rank,294.0,11,1,7,0,33.0,20.18,61.1515,,0.1743,0.0,Identify top customers and their leading brand preference.
customer_brand_preference,customer_brand,806545,Dog n Suds,2,customer_transaction_rank,295.0,11,1,8,1,31.0,18.35,59.1935,3.0,0.1743,0.1403,Identify top customers and their leading brand preference.
customer_brand_preference,customer_brand,814317,Dog n Suds,2,customer_transaction_rank,296.0,11,1,9,3,29.0,16.96,58.4828,4.6667,0.1743,0.4208,Identify top customers and their leading brand preference.
customer_brand_preference,customer_brand,814512,Bundaberg,2,customer_transaction_rank,297.0,11,1,9,0,33.0,20.47,62.0303,,0.1743,0.0,Identify top customers and their leading brand preference.
customer_brand_preference,customer_brand,833180,Gales,3,customer_transaction_rank,298.0,11,1,7,0,29.0,16.36,56.4138,,0.1743,0.0,Identify top customers and their leading brand preference.
customer_brand_preference,customer_brand,840096,Captain Eli's,3,customer_transaction_rank,299.0,11,1,6,0,33.0,21.41,64.8788,,0.1743,0.0,Identify top customers and their leading brand preference.
customer_brand_preference,customer_brand,857548,Gales,3,customer_transaction_rank,300.0,11,1,8,2,31.0,19.0,61.2903,1.5,0.1743,0.2805,Identify top customers and their leading brand preference.
customer_brand_preference,customer_brand,884368,Bundaberg,3,customer_transaction_rank,301.0,11,1,8,2,31.0,19.54,63.0323,1.5,0.1743,0.2805,Identify top customers and their leading brand preference.
customer_brand_preference,customer_brand,918682,IBC,3,customer_transaction_rank,302.0,11,1,7,0,33.0,22.61,68.5152,,0.1743,0.0,Identify top customers and their leading brand preference.
customer_brand_preference,customer_brand,926289,Dominion,2,customer_transaction_rank,303.0,11,1,9,0,31.0,18.93,61.0645,,0.1743,0.0,Identify top customers and their leading brand preference.
customer_brand_preference,customer_brand,951702,Bedfords,2,customer_transaction_rank,304.0,11,1,9,3,31.0,19.21,61.9677,3.0,0.1743,0.4208,Identify top customers and their leading brand preference.
customer_brand_preference,customer_brand,954812,Bundaberg,2,customer_transaction_rank,305.0,11,1,10,0,33.0,21.75,65.9091,,0.1743,0.0,Identify top customers and their leading brand preference.
customer_brand_preference,customer_brand,958321,Abita,3,customer_transaction_rank,306.0,11,1,7,2,33.0,21.32,64.6061,3.0,0.1743,0.2805,Identify top customers and their leading brand preference.
customer_brand_preference,customer_brand,995599,Barq's,2,customer_transaction_rank,307.0,11,1,9,4,31.0,20.1,64.8387,2.0,0.1743,0.561,Identify top customers and their leading brand preference.
customer_brand_preference,customer_brand,116690,A&W,1,customer_transaction_rank,308.0,10,1,10,3,30.0,19.95,66.5,2.3333,0.1584,0.4208,Identify top customers and their leading brand preference.
customer_brand_preference,customer_brand,160392,Bedfords,2,customer_transaction_rank,309.0,10,1,9,0,28.0,17.8,63.5714,,0.1584,0.0,Identify top customers and their leading brand preference.
customer_brand_preference,customer_brand,182040,Fitz's,2,customer_transaction_rank,310.0,10,1,7,0,30.0,20.84,69.4667,,0.1584,0.0,Identify top customers and their leading brand preference.
customer_brand_preference,customer_brand,192738,Bulldog,2,customer_transaction_rank,311.0,10,1,8,1,30.0,19.03,63.4333,3.0,0.1584,0.1403,Identify top customers and their leading brand preference.
customer_brand_preference,customer_brand,218889,Sparky's Fresh Draft,2,customer_transaction_rank,312.0,10,1,9,3,28.0,17.09,61.0357,2.6667,0.1584,0.4208,Identify top customers and their leading brand preference.
customer_brand_preference,customer_brand,249188,Dog n Suds,2,customer_transaction_rank,313.0,10,1,8,3,30.0,18.86,62.8667,2.3333,0.1584,0.4208,Identify top customers and their leading brand preference.
customer_brand_preference,customer_brand,250266,Bulldog,2,customer_transaction_rank,314.0,10,1,7,4,28.0,18.61,66.4643,3.5,0.1584,0.561,Identify top customers and their leading brand preference.
customer_brand_preference,customer_brand,262638,Captain Eli's,3,customer_transaction_rank,315.0,10,1,6,4,28.0,17.8,63.5714,2.75,0.1584,0.561,Identify top customers and their leading brand preference.
customer_brand_preference,customer_brand,269687,Bundaberg,2,customer_transaction_rank,316.0,10,1,7,2,30.0,18.68,62.2667,2.0,0.1584,0.2805,Identify top customers and their leading brand preference.
customer_brand_preference,customer_brand,297686,A.J. Stephans,2,customer_transaction_rank,317.0,10,1,8,1,30.0,18.97,63.2333,4.0,0.1584,0.1403,Identify top customers and their leading brand preference.
customer_brand_preference,customer_brand,298508,IBC,4,customer_transaction_rank,318.0,10,1,7,0,30.0,19.45,64.8333,,0.1584,0.0,Identify top customers and their leading brand preference.
customer_brand_preference,customer_brand,306853,Barq's,4,customer_transaction_rank,319.0,10,1,6,2,30.0,22.24,74.1333,1.0,0.1584,0.2805,Identify top customers and their leading brand preference.
customer_brand_preference,customer_brand,319387,Dog n Suds,2,customer_transaction_rank,320.0,10,1,8,2,30.0,19.68,65.6,3.5,0.1584,0.2805,Identify top customers and their leading brand preference.
customer_brand_preference,customer_brand,329994,Gales,2,customer_transaction_rank,321.0,10,1,8,2,30.0,20.29,67.6333,2.0,0.1584,0.2805,Identify top customers and their leading brand preference.
customer_brand_preference,customer_brand,347189,Fitz's,3,customer_transaction_rank,322.0,10,1,7,2,30.0,20.67,68.9,3.5,0.1584,0.2805,Identify top customers and their leading brand preference.
customer_brand_preference,customer_brand,370870,Dominion,3,customer_transaction_rank,323.0,10,1,6,3,30.0,19.25,64.1667,2.6667,0.1584,0.4208,Identify top customers and their leading brand preference.
customer_brand_preference,customer_brand,380003,A&W,1,customer_transaction_rank,324.0,10,1,10,1,30.0,19.58,65.2667,3.0,0.1584,0.1403,Identify top customers and their leading brand preference.
customer_brand_preference,customer_brand,403000,Bulldog,2,customer_transaction_rank,325.0,10,1,8,3,28.0,17.22,61.5,2.3333,0.1584,0.4208,Identify top customers and their leading brand preference.
customer_brand_preference,customer_brand,420981,Bulldog,2,customer_transaction_rank,326.0,10,1,8,2,30.0,20.49,68.3,3.5,0.1584,0.2805,Identify top customers and their leading brand preference.
customer_brand_preference,customer_brand,429748,Mug,3,customer_transaction_rank,327.0,10,1,7,2,30.0,21.1,70.3333,1.5,0.1584,0.2805,Identify top customers and their leading brand preference.
customer_brand_preference,customer_brand,454143,Barq's,2,customer_transaction_rank,328.0,10,1,9,1,28.0,19.17,68.4643,2.0,0.1584,0.1403,Identify top customers and their leading brand preference.
customer_brand_preference,customer_brand,468692,Fitz's,3,customer_transaction_rank,329.0,10,1,7,3,30.0,18.72,62.4,3.0,0.1584,0.4208,Identify top customers and their leading brand preference.
customer_brand_preference,customer_brand,471187,Bundaberg,2,customer_transaction_rank,330.0,10,1,8,0,30.0,18.56,61.8667,,0.1584,0.0,Identify top customers and their leading brand preference.
customer_brand_preference,customer_brand,480298,Bedfords,2,customer_transaction_rank,331.0,10,1,8,1,30.0,19.21,64.0333,4.0,0.1584,0.1403,Identify top customers and their leading brand preference.
customer_brand_preference,customer_brand,515790,Gales,2,customer_transaction_rank,332.0,10,1,8,0,28.0,17.73,63.3214,,0.1584,0.0,Identify top customers and their leading brand preference.
customer_brand_preference,customer_brand,517477,Gales,2,customer_transaction_rank,333.0,10,1,9,0,28.0,17.43,62.25,,0.1584,0.0,Identify top customers and their leading brand preference.
customer_brand_preference,customer_brand,534481,Abita,1,customer_transaction_rank,334.0,10,1,10,1,30.0,19.74,65.8,4.0,0.1584,0.1403,Identify top customers and their leading brand preference.
customer_brand_preference,customer_brand,566192,Henry Weinhard's,2,customer_transaction_rank,335.0,10,1,9,1,30.0,18.82,62.7333,3.0,0.1584,0.1403,Identify top customers and their leading brand preference.
customer_brand_preference,customer_brand,567719,Bedfords,2,customer_transaction_rank,336.0,10,1,7,1,30.0,18.12,60.4,5.0,0.1584,0.1403,Identify top customers and their leading brand preference.
customer_brand_preference,customer_brand,663029,A.J. Stephans,1,customer_transaction_rank,337.0,10,1,10,1,28.0,18.61,66.4643,2.0,0.1584,0.1403,Identify top customers and their leading brand preference.
customer_brand_preference,customer_brand,665282,Abita,3,customer_transaction_rank,338.0,10,1,5,0,28.0,18.26,65.2143,,0.1584,0.0,Identify top customers and their leading brand preference.
customer_brand_preference,customer_brand,710047,Gales,2,customer_transaction_rank,339.0,10,1,8,0,30.0,19.34,64.4667,,0.1584,0.0,Identify top customers and their leading brand preference.
customer_brand_preference,customer_brand,723819,Barq's,2,customer_transaction_rank,340.0,10,1,8,1,30.0,21.24,70.8,1.0,0.1584,0.1403,Identify top customers and their leading brand preference.
customer_brand_preference,customer_brand,739393,Fitz's,2,customer_transaction_rank,341.0,10,1,8,1,30.0,19.23,64.1,5.0,0.1584,0.1403,Identify top customers and their leading brand preference.
customer_brand_preference,customer_brand,743517,Gales,2,customer_transaction_rank,342.0,10,1,9,0,30.0,18.52,61.7333,,0.1584,0.0,Identify top customers and their leading brand preference.
customer_brand_preference,customer_brand,744780,Bundaberg,2,customer_transaction_rank,343.0,10,1,9,1,30.0,20.12,67.0667,4.0,0.1584,0.1403,Identify top customers and their leading brand preference.
customer_brand_preference,customer_brand,756928,Mug,2,customer_transaction_rank,344.0,10,1,9,0,26.0,15.93,61.2692,,0.1584,0.0,Identify top customers and their leading brand preference.
customer_brand_preference,customer_brand,767570,Dominion,3,customer_transaction_rank,345.0,10,1,8,0,30.0,20.03,66.7667,,0.1584,0.0,Identify top customers and their leading brand preference.
customer_brand_preference,customer_brand,810369,Fitz's,3,customer_transaction_rank,346.0,10,1,6,1,30.0,19.74,65.8,4.0,0.1584,0.1403,Identify top customers and their leading brand preference.
customer_brand_preference,customer_brand,817159,Bedfords,2,customer_transaction_rank,347.0,10,1,7,2,30.0,19.22,64.0667,3.0,0.1584,0.2805,Identify top customers and their leading brand preference.
customer_brand_preference,customer_brand,850933,Fitz's,2,customer_transaction_rank,348.0,10,1,9,0,30.0,18.92,63.0667,,0.1584,0.0,Identify top customers and their leading brand preference.
customer_brand_preference,customer_brand,882493,A.J. Stephans,2,customer_transaction_rank,349.0,10,1,8,0,30.0,18.49,61.6333,,0.1584,0.0,Identify top customers and their leading brand preference.
customer_brand_preference,customer_brand,889686,Dominion,2,customer_transaction_rank,350.0,10,1,8,0,30.0,19.0,63.3333,,0.1584,0.0,Identify top customers and their leading brand preference.
customer_brand_preference,customer_brand,890270,Bedfords,2,customer_transaction_rank,351.0,10,1,8,3,28.0,16.74,59.7857,3.0,0.1584,0.4208,Identify top customers and their leading brand preference.
customer_brand_preference,customer_brand,951701,Bulldog,2,customer_transaction_rank,352.0,10,1,7,0,30.0,19.64,65.4667,,0.1584,0.0,Identify top customers and their leading brand preference.
customer_brand_preference,customer_brand,992956,Captain Eli's,2,customer_transaction_rank,353.0,10,1,9,2,30.0,19.82,66.0667,3.0,0.1584,0.2805,Identify top customers and their leading brand preference.
customer_brand_preference,customer_brand,996970,Dad's,2,customer_transaction_rank,354.0,10,1,8,2,28.0,17.6,62.8571,4.5,0.1584,0.2805,Identify top customers and their leading brand preference.
customer_brand_preference,customer_brand,119406,Sparky's Fresh Draft,2,customer_transaction_rank,355.0,9,1,8,1,27.0,16.02,59.3333,3.0,0.1426,0.1403,Identify top customers and their leading brand preference.
customer_brand_preference,customer_brand,158310,Dad's,2,customer_transaction_rank,356.0,9,1,6,1,27.0,17.0,62.963,5.0,0.1426,0.1403,Identify top customers and their leading brand preference.
customer_brand_preference,customer_brand,173125,Dog n Suds,3,customer_transaction_rank,357.0,9,1,7,0,25.0,17.11,68.44,,0.1426,0.0,Identify top customers and their leading brand preference.
customer_brand_preference,customer_brand,175871,Captain Eli's,3,customer_transaction_rank,358.0,9,1,7,6,27.0,18.28,67.7037,3.3333,0.1426,0.8415,Identify top customers and their leading brand preference.
customer_brand_preference,customer_brand,197102,IBC,2,customer_transaction_rank,359.0,9,1,8,2,27.0,18.84,69.7778,1.5,0.1426,0.2805,Identify top customers and their leading brand preference.
customer_brand_preference,customer_brand,216081,Captain Eli's,4,customer_transaction_rank,360.0,9,1,6,4,27.0,16.72,61.9259,2.5,0.1426,0.561,Identify top customers and their leading brand preference.
customer_brand_preference,customer_brand,231615,Gales,2,customer_transaction_rank,361.0,9,1,8,0,27.0,17.19,63.6667,,0.1426,0.0,Identify top customers and their leading brand preference.
customer_brand_preference,customer_brand,233956,Barq's,2,customer_transaction_rank,362.0,9,1,8,1,27.0,18.19,67.3704,5.0,0.1426,0.1403,Identify top customers and their leading brand preference.
customer_brand_preference,customer_brand,241144,A.J. Stephans,1,customer_transaction_rank,363.0,9,1,9,1,27.0,17.11,63.3704,2.0,0.1426,0.1403,Identify top customers and their leading brand preference.
customer_brand_preference,customer_brand,274541,Dad's,2,customer_transaction_rank,364.0,9,1,7,5,27.0,17.44,64.5926,2.8,0.1426,0.7013,Identify top customers and their leading brand preference.
customer_brand_preference,customer_brand,275152,Bundaberg,2,customer_transaction_rank,365.0,9,1,8,0,27.0,17.21,63.7407,,0.1426,0.0,Identify top customers and their leading brand preference.
customer_brand_preference,customer_brand,276549,Sparky's Fresh Draft,2,customer_transaction_rank,366.0,9,1,8,1,27.0,16.23,60.1111,1.0,0.1426,0.1403,Identify top customers and their leading brand preference.
customer_brand_preference,customer_brand,278809,A.J. Stephans,1,customer_transaction_rank,367.0,9,1,9,0,25.0,15.5,62.0,,0.1426,0.0,Identify top customers and their leading brand preference.
customer_brand_preference,customer_brand,286196,A.J. Stephans,1,customer_transaction_rank,368.0,9,1,9,1,27.0,18.72,69.3333,3.0,0.1426,0.1403,Identify top customers and their leading brand preference.
customer_brand_preference,customer_brand,310195,Bulldog,2,customer_transaction_rank,369.0,9,1,7,2,27.0,17.6,65.1852,3.0,0.1426,0.2805,Identify top customers and their leading brand preference.
customer_brand_preference,customer_brand,315634,Bundaberg,2,customer_transaction_rank,370.0,9,1,8,0,27.0,17.08,63.2593,,0.1426,0.0,Identify top customers and their leading brand preference.
customer_brand_preference,customer_brand,327750,Barq's,2,customer_transaction_rank,371.0,9,1,7,3,27.0,19.05,70.5556,4.3333,0.1426,0.4208,Identify top customers and their leading brand preference.
customer_brand_preference,customer_brand,343021,A.J. Stephans,2,customer_transaction_rank,372.0,9,1,7,1,27.0,17.03,63.0741,2.0,0.1426,0.1403,Identify top customers and their leading brand preference.
customer_brand_preference,customer_brand,357579,Bundaberg,2,customer_transaction_rank,373.0,9,1,8,1,27.0,18.39,68.1111,4.0,0.1426,0.1403,Identify top customers and their leading brand preference.
customer_brand_preference,customer_brand,363931,Bulldog,2,customer_transaction_rank,374.0,9,1,7,0,27.0,17.85,66.1111,,0.1426,0.0,Identify top customers and their leading brand preference.
customer_brand_preference,customer_brand,384899,Bundaberg,2,customer_transaction_rank,375.0,9,1,7,1,27.0,17.73,65.6667,2.0,0.1426,0.1403,Identify top customers and their leading brand preference.
customer_brand_preference,customer_brand,415869,Dog n Suds,2,customer_transaction_rank,376.0,9,1,7,4,27.0,18.38,68.0741,3.0,0.1426,0.561,Identify top customers and their leading brand preference.
customer_brand_preference,customer_brand,421074,Fitz's,2,customer_transaction_rank,377.0,9,1,8,5,27.0,17.39,64.4074,2.4,0.1426,0.7013,Identify top customers and their leading brand preference.
customer_brand_preference,customer_brand,487346,Dog n Suds,2,customer_transaction_rank,378.0,9,1,8,2,27.0,18.25,67.5926,4.5,0.1426,0.2805,Identify top customers and their leading brand preference.
customer_brand_preference,customer_brand,498153,IBC,3,customer_transaction_rank,379.0,9,1,7,2,27.0,18.77,69.5185,3.0,0.1426,0.2805,Identify top customers and their leading brand preference.
customer_brand_preference,customer_brand,515753,Fitz's,2,customer_transaction_rank,380.0,9,1,8,0,27.0,17.89,66.2593,,0.1426,0.0,Identify top customers and their leading brand preference.
customer_brand_preference,customer_brand,551950,Dog n Suds,3,customer_transaction_rank,381.0,9,1,6,1,25.0,15.15,60.6,1.0,0.1426,0.1403,Identify top customers and their leading brand preference.
customer_brand_preference,customer_brand,552124,A&W,2,customer_transaction_rank,382.0,9,1,7,0,27.0,17.96,66.5185,,0.1426,0.0,Identify top customers and their leading brand preference.
customer_brand_preference,customer_brand,618955,Dominion,2,customer_transaction_rank,383.0,9,1,7,0,27.0,17.6,65.1852,,0.1426,0.0,Identify top customers and their leading brand preference.
customer_brand_preference,customer_brand,628132,Dad's,2,customer_transaction_rank,384.0,9,1,8,1,27.0,17.47,64.7037,5.0,0.1426,0.1403,Identify top customers and their leading brand preference.
customer_brand_preference,customer_brand,665313,A.J. Stephans,2,customer_transaction_rank,385.0,9,1,7,1,27.0,17.78,65.8519,3.0,0.1426,0.1403,Identify top customers and their leading brand preference.
customer_brand_preference,customer_brand,671363,Bulldog,3,customer_transaction_rank,386.0,9,1,6,0,27.0,16.98,62.8889,,0.1426,0.0,Identify top customers and their leading brand preference.
customer_brand_preference,customer_brand,679354,Gales,2,customer_transaction_rank,387.0,9,1,8,1,27.0,16.69,61.8148,4.0,0.1426,0.1403,Identify top customers and their leading brand preference.
customer_brand_preference,customer_brand,701211,Sparky's Fresh Draft,3,customer_transaction_rank,388.0,9,1,5,1,27.0,16.28,60.2963,4.0,0.1426,0.1403,Identify top customers and their leading brand preference.
customer_brand_preference,customer_brand,714277,Dog n Suds,2,customer_transaction_rank,389.0,9,1,7,0,25.0,16.1,64.4,,0.1426,0.0,Identify top customers and their leading brand preference.
customer_brand_preference,customer_brand,717234,A&W,2,customer_transaction_rank,390.0,9,1,7,1,27.0,17.7,65.5556,5.0,0.1426,0.1403,Identify top customers and their leading brand preference.
customer_brand_preference,customer_brand,737707,Dominion,3,customer_transaction_rank,391.0,9,1,6,3,27.0,17.0,62.963,3.0,0.1426,0.4208,Identify top customers and their leading brand preference.
customer_brand_preference,customer_brand,825249,IBC,4,customer_transaction_rank,392.0,9,1,5,2,27.0,17.25,63.8889,2.5,0.1426,0.2805,Identify top customers and their leading brand preference.
customer_brand_preference,customer_brand,852319,Bundaberg,2,customer_transaction_rank,393.0,9,1,8,0,27.0,18.51,68.5556,,0.1426,0.0,Identify top customers and their leading brand preference.
customer_brand_preference,customer_brand,852925,Dad's,2,customer_transaction_rank,394.0,9,1,6,0,27.0,16.98,62.8889,,0.1426,0.0,Identify top customers and their leading brand preference.
customer_brand_preference,customer_brand,862302,A&W,1,customer_transaction_rank,395.0,9,1,9,0,27.0,18.13,67.1481,,0.1426,0.0,Identify top customers and their leading brand preference.
customer_brand_preference,customer_brand,866556,Bundaberg,3,customer_transaction_rank,396.0,9,1,6,3,27.0,18.55,68.7037,3.3333,0.1426,0.4208,Identify top customers and their leading brand preference.
customer_brand_preference,customer_brand,866847,Captain Eli's,2,customer_transaction_rank,397.0,9,1,7,0,27.0,17.26,63.9259,,0.1426,0.0,Identify top customers and their leading brand preference.
customer_brand_preference,customer_brand,877877,Dominion,3,customer_transaction_rank,398.0,9,1,7,0,27.0,16.83,62.3333,,0.1426,0.0,Identify top customers and their leading brand preference.
customer_brand_preference,customer_brand,884607,Barq's,2,customer_transaction_rank,399.0,9,1,7,0,25.0,17.86,71.44,,0.1426,0.0,Identify top customers and their leading brand preference.
customer_brand_preference,customer_brand,890497,IBC,2,customer_transaction_rank,400.0,9,1,8,0,25.0,15.99,63.96,,0.1426,0.0,Identify top customers and their leading brand preference.
customer_brand_preference,customer_brand,897980,Bundaberg,2,customer_transaction_rank,401.0,9,1,7,0,27.0,17.3,64.0741,,0.1426,0.0,Identify top customers and their leading brand preference.
customer_brand_preference,customer_brand,901388,Dog n Suds,3,customer_transaction_rank,402.0,9,1,5,2,25.0,17.38,69.52,3.0,0.1426,0.2805,Identify top customers and their leading brand preference.
customer_brand_preference,customer_brand,921901,Dog n Suds,2,customer_transaction_rank,403.0,9,1,8,0,27.0,18.81,69.6667,,0.1426,0.0,Identify top customers and their leading brand preference.
customer_brand_preference,customer_brand,933331,Henry Weinhard's,2,customer_transaction_rank,404.0,9,1,8,1,27.0,17.92,66.3704,3.0,0.1426,0.1403,Identify top customers and their leading brand preference.
customer_brand_preference,customer_brand,964403,Sparky's Fresh Draft,2,customer_transaction_rank,405.0,9,1,8,1,27.0,16.6,61.4815,4.0,0.1426,0.1403,Identify top customers and their leading brand preference.
customer_brand_preference,customer_brand,973766,Bundaberg,2,customer_transaction_rank,406.0,9,1,7,2,27.0,17.65,65.3704,2.5,0.1426,0.2805,Identify top customers and their leading brand preference.
customer_brand_preference,customer_brand,976778,Gales,2,customer_transaction_rank,407.0,9,1,8,0,27.0,17.82,66.0,,0.1426,0.0,Identify top customers and their leading brand preference.
customer_brand_preference,customer_brand,992895,Captain Eli's,2,customer_transaction_rank,408.0,9,1,7,2,27.0,16.43,60.8519,5.0,0.1426,0.2805,Identify top customers and their leading brand preference.
customer_brand_preference,customer_brand,104939,Bedfords,2,customer_transaction_rank,409.0,8,1,6,0,22.0,14.47,65.7727,,0.1267,0.0,Identify top customers and their leading brand preference.
customer_brand_preference,customer_brand,168607,Bedfords,1,customer_transaction_rank,410.0,8,1,8,3,24.0,14.52,60.5,4.0,0.1267,0.4208,Identify top customers and their leading brand preference.
customer_brand_preference,customer_brand,191050,Abita,2,customer_transaction_rank,411.0,8,1,6,3,24.0,14.33,59.7083,2.3333,0.1267,0.4208,Identify top customers and their leading brand preference.
customer_brand_preference,customer_brand,204295,Gales,2,customer_transaction_rank,412.0,8,1,7,1,24.0,15.51,64.625,4.0,0.1267,0.1403,Identify top customers and their leading brand preference.
customer_brand_preference,customer_brand,226209,IBC,2,customer_transaction_rank,413.0,8,1,6,1,24.0,14.29,59.5417,1.0,0.1267,0.1403,Identify top customers and their leading brand preference.
customer_brand_preference,customer_brand,227456,Gales,2,customer_transaction_rank,414.0,8,1,6,1,24.0,16.19,67.4583,4.0,0.1267,0.1403,Identify top customers and their leading brand preference.
customer_brand_preference,customer_brand,271531,Gales,2,customer_transaction_rank,415.0,8,1,7,1,24.0,16.15,67.2917,4.0,0.1267,0.1403,Identify top customers and their leading brand preference.
customer_brand_preference,customer_brand,277310,A.J. Stephans,2,customer_transaction_rank,416.0,8,1,6,5,24.0,16.16,67.3333,3.4,0.1267,0.7013,Identify top customers and their leading brand preference.
customer_brand_preference,customer_brand,289693,Barq's,2,customer_transaction_rank,417.0,8,1,6,2,24.0,15.58,64.9167,4.0,0.1267,0.2805,Identify top customers and their leading brand preference.
customer_brand_preference,customer_brand,308662,Bundaberg,2,customer_transaction_rank,418.0,8,1,7,4,24.0,14.94,62.25,5.0,0.1267,0.561,Identify top customers and their leading brand preference.
customer_brand_preference,customer_brand,353846,Dad's,2,customer_transaction_rank,419.0,8,1,7,0,24.0,14.35,59.7917,,0.1267,0.0,Identify top customers and their leading brand preference.
customer_brand_preference,customer_brand,414509,Fitz's,2,customer_transaction_rank,420.0,8,1,6,1,24.0,14.82,61.75,3.0,0.1267,0.1403,Identify top customers and their leading brand preference.
customer_brand_preference,customer_brand,437454,Gales,2,customer_transaction_rank,421.0,8,1,7,2,24.0,14.63,60.9583,2.0,0.1267,0.2805,Identify top customers and their leading brand preference.
customer_brand_preference,customer_brand,452874,IBC,2,customer_transaction_rank,422.0,8,1,7,0,24.0,16.02,66.75,,0.1267,0.0,Identify top customers and their leading brand preference.
customer_brand_preference,customer_brand,459243,A.J. Stephans,1,customer_transaction_rank,423.0,8,1,8,3,24.0,15.15,63.125,2.6667,0.1267,0.4208,Identify top customers and their leading brand preference.
customer_brand_preference,customer_brand,464277,Bundaberg,3,customer_transaction_rank,424.0,8,1,4,4,24.0,15.12,63.0,2.75,0.1267,0.561,Identify top customers and their leading brand preference.
customer_brand_preference,customer_brand,470304,Captain Eli's,2,customer_transaction_rank,425.0,8,1,6,2,24.0,16.22,67.5833,2.0,0.1267,0.2805,Identify top customers and their leading brand preference.
customer_brand_preference,customer_brand,482274,A.J. Stephans,2,customer_transaction_rank,426.0,8,1,6,7,24.0,15.24,63.5,3.4286,0.1267,0.9818,Identify top customers and their leading brand preference.
customer_brand_preference,customer_brand,547890,A.J. Stephans,1,customer_transaction_rank,427.0,8,1,8,0,24.0,15.54,64.75,,0.1267,0.0,Identify top customers and their leading brand preference.
customer_brand_preference,customer_brand,565259,Bedfords,1,customer_transaction_rank,428.0,8,1,8,0,24.0,14.82,61.75,,0.1267,0.0,Identify top customers and their leading brand preference.
customer_brand_preference,customer_brand,607810,Bundaberg,2,customer_transaction_rank,429.0,8,1,6,2,24.0,14.37,59.875,2.0,0.1267,0.2805,Identify top customers and their leading brand preference.
customer_brand_preference,customer_brand,680104,IBC,3,customer_transaction_rank,430.0,8,1,6,1,24.0,16.07,66.9583,5.0,0.1267,0.1403,Identify top customers and their leading brand preference.
customer_brand_preference,customer_brand,693531,Bulldog,2,customer_transaction_rank,431.0,8,1,7,0,24.0,15.05,62.7083,,0.1267,0.0,Identify top customers and their leading brand preference.
customer_brand_preference,customer_brand,714947,Captain Eli's,2,customer_transaction_rank,432.0,8,1,7,1,24.0,15.68,65.3333,5.0,0.1267,0.1403,Identify top customers and their leading brand preference.
customer_brand_preference,customer_brand,738357,Fitz's,2,customer_transaction_rank,433.0,8,1,7,0,24.0,15.18,63.25,,0.1267,0.0,Identify top customers and their leading brand preference.
customer_brand_preference,customer_brand,777145,Barq's,1,customer_transaction_rank,434.0,8,1,8,1,22.0,14.73,66.9545,4.0,0.1267,0.1403,Identify top customers and their leading brand preference.
customer_brand_preference,customer_brand,784218,A.J. Stephans,2,customer_transaction_rank,435.0,8,1,5,1,22.0,13.73,62.4091,5.0,0.1267,0.1403,Identify top customers and their leading brand preference.
customer_brand_preference,customer_brand,791559,Barq's,1,customer_transaction_rank,436.0,8,1,8,0,24.0,15.48,64.5,,0.1267,0.0,Identify top customers and their leading brand preference.
customer_brand_preference,customer_brand,798336,Dog n Suds,2,customer_transaction_rank,437.0,8,1,7,0,22.0,14.59,66.3182,,0.1267,0.0,Identify top customers and their leading brand preference.
customer_brand_preference,customer_brand,817274,Fitz's,2,customer_transaction_rank,438.0,8,1,6,1,24.0,14.84,61.8333,4.0,0.1267,0.1403,Identify top customers and their leading brand preference.
customer_brand_preference,customer_brand,837763,Dog n Suds,2,customer_transaction_rank,439.0,8,1,7,0,18.0,8.79,48.8333,,0.1267,0.0,Identify top customers and their leading brand preference.
customer_brand_preference,customer_brand,838924,Dog n Suds,2,customer_transaction_rank,440.0,8,1,6,1,24.0,15.59,64.9583,2.0,0.1267,0.1403,Identify top customers and their leading brand preference.
customer_brand_preference,customer_brand,893039,Barq's,3,customer_transaction_rank,441.0,8,1,5,0,22.0,15.62,71.0,,0.1267,0.0,Identify top customers and their leading brand preference.
customer_brand_preference,customer_brand,897614,Dominion,2,customer_transaction_rank,442.0,8,1,6,2,24.0,14.69,61.2083,5.0,0.1267,0.2805,Identify top customers and their leading brand preference.
customer_brand_preference,customer_brand,915766,A&W,2,customer_transaction_rank,443.0,8,1,5,2,22.0,14.88,67.6364,2.5,0.1267,0.2805,Identify top customers and their leading brand preference.
customer_brand_preference,customer_brand,924361,Bedfords,2,customer_transaction_rank,444.0,8,1,7,0,24.0,15.15,63.125,,0.1267,0.0,Identify top customers and their leading brand preference.
customer_brand_preference,customer_brand,103508,A&W,1,customer_transaction_rank,445.0,7,1,7,0,19.0,12.4,65.2632,,0.1109,0.0,Identify top customers and their leading brand preference.
customer_brand_preference,customer_brand,105771,Gales,2,customer_transaction_rank,446.0,7,1,6,2,21.0,13.37,63.6667,3.0,0.1109,0.2805,Identify top customers and their leading brand preference.
customer_brand_preference,customer_brand,162236,Henry Weinhard's,2,customer_transaction_rank,447.0,7,1,6,1,21.0,13.42,63.9048,4.0,0.1109,0.1403,Identify top customers and their leading brand preference.
customer_brand_preference,customer_brand,189441,IBC,2,customer_transaction_rank,448.0,7,1,6,2,21.0,14.25,67.8571,2.0,0.1109,0.2805,Identify top customers and their leading brand preference.
customer_brand_preference,customer_brand,229742,Dog n Suds,2,customer_transaction_rank,449.0,7,1,6,2,21.0,14.52,69.1429,3.0,0.1109,0.2805,Identify top customers and their leading brand preference.
customer_brand_preference,customer_brand,262579,Dog n Suds,2,customer_transaction_rank,450.0,7,1,5,2,15.0,7.61,50.7333,2.0,0.1109,0.2805,Identify top customers and their leading brand preference.
customer_brand_preference,customer_brand,265133,Abita,1,customer_transaction_rank,451.0,7,1,7,4,17.0,9.95,58.5294,2.75,0.1109,0.561,Identify top customers and their leading brand preference.
customer_brand_preference,customer_brand,265339,Gales,2,customer_transaction_rank,452.0,7,1,6,2,17.0,10.4,61.1765,4.5,0.1109,0.2805,Identify top customers and their leading brand preference.
customer_brand_preference,customer_brand,277373,Sparky's Fresh Draft,2,customer_transaction_rank,453.0,7,1,6,3,21.0,12.44,59.2381,3.0,0.1109,0.4208,Identify top customers and their leading brand preference.
customer_brand_preference,customer_brand,278204,A&W,1,customer_transaction_rank,454.0,7,1,7,3,21.0,13.97,66.5238,3.6667,0.1109,0.4208,Identify top customers and their leading brand preference.
customer_brand_preference,customer_brand,296208,Dad's,2,customer_transaction_rank,455.0,7,1,5,4,21.0,12.87,61.2857,2.75,0.1109,0.561,Identify top customers and their leading brand preference.
customer_brand_preference,customer_brand,330570,Dog n Suds,2,customer_transaction_rank,456.0,7,1,5,3,21.0,14.3,68.0952,2.6667,0.1109,0.4208,Identify top customers and their leading brand preference.
customer_brand_preference,customer_brand,345748,Captain Eli's,2,customer_transaction_rank,457.0,7,1,6,2,19.0,11.8,62.1053,5.0,0.1109,0.2805,Identify top customers and their leading brand preference.
customer_brand_preference,customer_brand,390130,Captain Eli's,2,customer_transaction_rank,458.0,7,1,5,0,21.0,14.98,71.3333,,0.1109,0.0,Identify top customers and their leading brand preference.
customer_brand_preference,customer_brand,409910,Fitz's,2,customer_transaction_rank,459.0,7,1,6,1,21.0,13.19,62.8095,3.0,0.1109,0.1403,Identify top customers and their leading brand preference.
customer_brand_preference,customer_brand,412876,Captain Eli's,2,customer_transaction_rank,460.0,7,1,6,3,21.0,14.25,67.8571,2.3333,0.1109,0.4208,Identify top customers and their leading brand preference.
customer_brand_preference,customer_brand,435907,Abita,2,customer_transaction_rank,461.0,7,1,6,2,21.0,13.67,65.0952,3.0,0.1109,0.2805,Identify top customers and their leading brand preference.
customer_brand_preference,customer_brand,500733,Sparky's Fresh Draft,2,customer_transaction_rank,462.0,7,1,6,1,21.0,12.32,58.6667,2.0,0.1109,0.1403,Identify top customers and their leading brand preference.
customer_brand_preference,customer_brand,507743,Bedfords,1,customer_transaction_rank,463.0,7,1,7,0,21.0,12.52,59.619,,0.1109,0.0,Identify top customers and their leading brand preference.
customer_brand_preference,customer_brand,528475,A&W,1,customer_transaction_rank,464.0,7,1,7,0,21.0,13.66,65.0476,,0.1109,0.0,Identify top customers and their leading brand preference.
customer_brand_preference,customer_brand,548546,Bedfords,2,customer_transaction_rank,465.0,7,1,6,1,21.0,13.01,61.9524,4.0,0.1109,0.1403,Identify top customers and their leading brand preference.
customer_brand_preference,customer_brand,556619,Bulldog,2,customer_transaction_rank,466.0,7,1,6,0,21.0,14.38,68.4762,,0.1109,0.0,Identify top customers and their leading brand preference.
customer_brand_preference,customer_brand,592528,A.J. Stephans,1,customer_transaction_rank,467.0,7,1,7,0,21.0,14.28,68.0,,0.1109,0.0,Identify top customers and their leading brand preference.
customer_brand_preference,customer_brand,611078,Abita,1,customer_transaction_rank,468.0,7,1,7,1,19.0,12.23,64.3684,5.0,0.1109,0.1403,Identify top customers and their leading brand preference.
customer_brand_preference,customer_brand,624668,Gales,4,customer_transaction_rank,469.0,7,1,4,0,21.0,14.46,68.8571,,0.1109,0.0,Identify top customers and their leading brand preference.
customer_brand_preference,customer_brand,646953,Bulldog,2,customer_transaction_rank,470.0,7,1,5,0,21.0,13.98,66.5714,,0.1109,0.0,Identify top customers and their leading brand preference.
customer_brand_preference,customer_brand,656512,Gales,2,customer_transaction_rank,471.0,7,1,6,0,19.0,11.63,61.2105,,0.1109,0.0,Identify top customers and their leading brand preference.
customer_brand_preference,customer_brand,656728,Fitz's,4,customer_transaction_rank,472.0,7,1,3,0,21.0,13.27,63.1905,,0.1109,0.0,Identify top customers and their leading brand preference.
customer_brand_preference,customer_brand,696852,Dog n Suds,3,customer_transaction_rank,473.0,7,1,3,0,21.0,13.94,66.381,,0.1109,0.0,Identify top customers and their leading brand preference.
customer_brand_preference,customer_brand,776775,Captain Eli's,2,customer_transaction_rank,474.0,7,1,6,0,19.0,10.94,57.5789,,0.1109,0.0,Identify top customers and their leading brand preference.
customer_brand_preference,customer_brand,783369,Gales,2,customer_transaction_rank,475.0,7,1,5,0,21.0,12.5,59.5238,,0.1109,0.0,Identify top customers and their leading brand preference.
customer_brand_preference,customer_brand,789065,Bundaberg,2,customer_transaction_rank,476.0,7,1,5,0,21.0,13.57,64.619,,0.1109,0.0,Identify top customers and their leading brand preference.
customer_brand_preference,customer_brand,789308,IBC,2,customer_transaction_rank,477.0,7,1,5,1,21.0,13.28,63.2381,5.0,0.1109,0.1403,Identify top customers and their leading brand preference.
customer_brand_preference,customer_brand,813719,Fitz's,2,customer_transaction_rank,478.0,7,1,6,0,21.0,14.05,66.9048,,0.1109,0.0,Identify top customers and their leading brand preference.
customer_brand_preference,customer_brand,817500,Henry Weinhard's,2,customer_transaction_rank,479.0,7,1,6,0,21.0,14.27,67.9524,,0.1109,0.0,Identify top customers and their leading brand preference.
customer_brand_preference,customer_brand,832914,Dominion,2,customer_transaction_rank,480.0,7,1,6,2,21.0,13.22,62.9524,4.5,0.1109,0.2805,Identify top customers and their leading brand preference.
customer_brand_preference,customer_brand,841141,Gales,2,customer_transaction_rank,481.0,7,1,6,1,21.0,13.4,63.8095,2.0,0.1109,0.1403,Identify top customers and their leading brand preference.
customer_brand_preference,customer_brand,846722,A&W,1,customer_transaction_rank,482.0,7,1,7,0,21.0,14.15,67.381,,0.1109,0.0,Identify top customers and their leading brand preference.
customer_brand_preference,customer_brand,850952,Captain Eli's,2,customer_transaction_rank,483.0,7,1,6,0,21.0,13.26,63.1429,,0.1109,0.0,Identify top customers and their leading brand preference.
customer_brand_preference,customer_brand,936214,Dominion,2,customer_transaction_rank,484.0,7,1,6,1,21.0,13.08,62.2857,3.0,0.1109,0.1403,Identify top customers and their leading brand preference.
customer_brand_preference,customer_brand,981529,A.J. Stephans,1,customer_transaction_rank,485.0,7,1,7,1,21.0,14.41,68.619,4.0,0.1109,0.1403,Identify top customers and their leading brand preference.
customer_brand_preference,customer_brand,101811,Bulldog,1,customer_transaction_rank,486.0,6,1,6,4,18.0,11.91,66.1667,2.75,0.0951,0.561,Identify top customers and their leading brand preference.
customer_brand_preference,customer_brand,122818,A.J. Stephans,1,customer_transaction_rank,487.0,6,1,6,2,18.0,11.46,63.6667,1.5,0.0951,0.2805,Identify top customers and their leading brand preference.
customer_brand_preference,customer_brand,127472,Sparky's Fresh Draft,2,customer_transaction_rank,488.0,6,1,5,2,16.0,8.95,55.9375,4.5,0.0951,0.2805,Identify top customers and their leading brand preference.
customer_brand_preference,customer_brand,134457,Barq's,1,customer_transaction_rank,489.0,6,1,6,2,16.0,10.14,63.375,2.5,0.0951,0.2805,Identify top customers and their leading brand preference.
customer_brand_preference,customer_brand,147218,Sparky's Fresh Draft,2,customer_transaction_rank,490.0,6,1,5,2,18.0,11.0,61.1111,2.5,0.0951,0.2805,Identify top customers and their leading brand preference.
customer_brand_preference,customer_brand,186353,Dominion,2,customer_transaction_rank,491.0,6,1,5,2,18.0,10.98,61.0,4.0,0.0951,0.2805,Identify top customers and their leading brand preference.
customer_brand_preference,customer_brand,240205,A.J. Stephans,1,customer_transaction_rank,492.0,6,1,6,1,16.0,10.16,63.5,4.0,0.0951,0.1403,Identify top customers and their leading brand preference.
customer_brand_preference,customer_brand,244282,A&W,1,customer_transaction_rank,493.0,6,1,6,2,18.0,11.69,64.9444,3.5,0.0951,0.2805,Identify top customers and their leading brand preference.
customer_brand_preference,customer_brand,386336,Abita,1,customer_transaction_rank,494.0,6,1,6,3,18.0,11.48,63.7778,3.0,0.0951,0.4208,Identify top customers and their leading brand preference.
customer_brand_preference,customer_brand,418521,IBC,3,customer_transaction_rank,495.0,6,1,4,0,18.0,12.45,69.1667,,0.0951,0.0,Identify top customers and their leading brand preference.
customer_brand_preference,customer_brand,432113,Abita,1,customer_transaction_rank,496.0,6,1,6,1,18.0,12.15,67.5,4.0,0.0951,0.1403,Identify top customers and their leading brand preference.
customer_brand_preference,customer_brand,458448,A&W,1,customer_transaction_rank,497.0,6,1,6,0,18.0,12.03,66.8333,,0.0951,0.0,Identify top customers and their leading brand preference.
customer_brand_preference,customer_brand,475216,Dog n Suds,2,customer_transaction_rank,498.0,6,1,4,0,18.0,11.45,63.6111,,0.0951,0.0,Identify top customers and their leading brand preference.
customer_brand_preference,customer_brand,488295,Abita,3,customer_transaction_rank,499.0,6,1,4,1,18.0,11.8,65.5556,4.0,0.0951,0.1403,Identify top customers and their leading brand preference.
customer_brand_preference,customer_brand,537796,Abita,2,customer_transaction_rank,500.0,6,1,4,0,18.0,12.33,68.5,,0.0951,0.0,Identify top customers and their leading brand preference.
customer_brand_preference,customer_brand,550661,Dad's,1,customer_transaction_rank,501.0,6,1,6,3,18.0,11.29,62.7222,3.6667,0.0951,0.4208,Identify top customers and their leading brand preference.
customer_brand_preference,customer_brand,553931,Bundaberg,2,customer_transaction_rank,502.0,6,1,5,1,18.0,11.81,65.6111,3.0,0.0951,0.1403,Identify top customers and their leading brand preference.
customer_brand_preference,customer_brand,554099,Abita,1,customer_transaction_rank,503.0,6,1,6,0,18.0,11.06,61.4444,,0.0951,0.0,Identify top customers and their leading brand preference.
customer_brand_preference,customer_brand,559054,A&W,1,customer_transaction_rank,504.0,6,1,6,1,18.0,12.46,69.2222,5.0,0.0951,0.1403,Identify top customers and their leading brand preference.
customer_brand_preference,customer_brand,559190,Fitz's,3,customer_transaction_rank,505.0,6,1,4,0,18.0,11.02,61.2222,,0.0951,0.0,Identify top customers and their leading brand preference.
customer_brand_preference,customer_brand,601753,Sparky's Fresh Draft,3,customer_transaction_rank,506.0,6,1,4,0,18.0,10.63,59.0556,,0.0951,0.0,Identify top customers and their leading brand preference.
customer_brand_preference,customer_brand,622131,Gales,2,customer_transaction_rank,507.0,6,1,5,0,18.0,12.38,68.7778,,0.0951,0.0,Identify top customers and their leading brand preference.
customer_brand_preference,customer_brand,660634,Dog n Suds,2,customer_transaction_rank,508.0,6,1,5,0,16.0,9.96,62.25,,0.0951,0.0,Identify top customers and their leading brand preference.
customer_brand_preference,customer_brand,695276,Barq's,2,customer_transaction_rank,509.0,6,1,4,0,18.0,12.4,68.8889,,0.0951,0.0,Identify top customers and their leading brand preference.
customer_brand_preference,customer_brand,702197,Abita,1,customer_transaction_rank,510.0,6,1,6,0,18.0,11.33,62.9444,,0.0951,0.0,Identify top customers and their leading brand preference.
customer_brand_preference,customer_brand,703083,Dominion,2,customer_transaction_rank,511.0,6,1,4,1,18.0,10.61,58.9444,1.0,0.0951,0.1403,Identify top customers and their leading brand preference.
customer_brand_preference,customer_brand,724700,IBC,2,customer_transaction_rank,512.0,6,1,5,0,18.0,11.67,64.8333,,0.0951,0.0,Identify top customers and their leading brand preference.
customer_brand_preference,customer_brand,728908,A.J. Stephans,1,customer_transaction_rank,513.0,6,1,6,0,18.0,11.39,63.2778,,0.0951,0.0,Identify top customers and their leading brand preference.
customer_brand_preference,customer_brand,744416,Dad's,2,customer_transaction_rank,514.0,6,1,5,1,16.0,9.42,58.875,1.0,0.0951,0.1403,Identify top customers and their leading brand preference.
customer_brand_preference,customer_brand,808869,A&W,1,customer_transaction_rank,515.0,6,1,6,1,18.0,11.84,65.7778,5.0,0.0951,0.1403,Identify top customers and their leading brand preference.
customer_brand_preference,customer_brand,840970,Dominion,2,customer_transaction_rank,516.0,6,1,5,0,18.0,11.15,61.9444,,0.0951,0.0,Identify top customers and their leading brand preference.
customer_brand_preference,customer_brand,872851,A&W,1,customer_transaction_rank,517.0,6,1,6,0,18.0,13.06,72.5556,,0.0951,0.0,Identify top customers and their leading brand preference.
customer_brand_preference,customer_brand,917728,Bedfords,1,customer_transaction_rank,518.0,6,1,6,1,16.0,8.98,56.125,2.0,0.0951,0.1403,Identify top customers and their leading brand preference.
customer_brand_preference,customer_brand,924947,Dad's,2,customer_transaction_rank,519.0,6,1,5,0,18.0,11.09,61.6111,,0.0951,0.0,Identify top customers and their leading brand preference.
customer_brand_preference,customer_brand,938393,Henry Weinhard's,2,customer_transaction_rank,520.0,6,1,5,0,18.0,11.39,63.2778,,0.0951,0.0,Identify top customers and their leading brand preference.
customer_brand_preference,customer_brand,994269,Dad's,3,customer_transaction_rank,521.0,6,1,3,0,18.0,10.87,60.3889,,0.0951,0.0,Identify top customers and their leading brand preference.
customer_brand_preference,customer_brand,105549,Barq's,1,customer_transaction_rank,522.0,5,1,5,2,15.0,10.11,67.4,1.5,0.0792,0.2805,Identify top customers and their leading brand preference.
customer_brand_preference,customer_brand,121639,Henry Weinhard's,2,customer_transaction_rank,523.0,5,1,4,1,13.0,7.62,58.6154,5.0,0.0792,0.1403,Identify top customers and their leading brand preference.
customer_brand_preference,customer_brand,178806,Abita,1,customer_transaction_rank,524.0,5,1,5,2,15.0,8.86,59.0667,2.0,0.0792,0.2805,Identify top customers and their leading brand preference.
customer_brand_preference,customer_brand,205190,Dog n Suds,2,customer_transaction_rank,525.0,5,1,4,1,13.0,8.11,62.3846,3.0,0.0792,0.1403,Identify top customers and their leading brand preference.
customer_brand_preference,customer_brand,224094,Dominion,2,customer_transaction_rank,526.0,5,1,4,6,13.0,7.28,56.0,2.5,0.0792,0.8415,Identify top customers and their leading brand preference.
customer_brand_preference,customer_brand,308688,Bundaberg,2,customer_transaction_rank,527.0,5,1,4,3,15.0,9.33,62.2,3.3333,0.0792,0.4208,Identify top customers and their leading brand preference.
customer_brand_preference,customer_brand,370366,Abita,2,customer_transaction_rank,528.0,5,1,4,5,13.0,7.81,60.0769,3.4,0.0792,0.7013,Identify top customers and their leading brand preference.
customer_brand_preference,customer_brand,386950,Dog n Suds,3,customer_transaction_rank,529.0,5,1,3,3,15.0,9.83,65.5333,4.3333,0.0792,0.4208,Identify top customers and their leading brand preference.
customer_brand_preference,customer_brand,405322,A&W,1,customer_transaction_rank,530.0,5,1,5,3,15.0,10.17,67.8,4.0,0.0792,0.4208,Identify top customers and their leading brand preference.
customer_brand_preference,customer_brand,405671,Bundaberg,1,customer_transaction_rank,531.0,5,1,5,1,15.0,9.2,61.3333,1.0,0.0792,0.1403,Identify top customers and their leading brand preference.
customer_brand_preference,customer_brand,413495,Barq's,1,customer_transaction_rank,532.0,5,1,5,4,15.0,9.6,64.0,2.25,0.0792,0.561,Identify top customers and their leading brand preference.
customer_brand_preference,customer_brand,468100,Bundaberg,2,customer_transaction_rank,533.0,5,1,3,0,15.0,9.44,62.9333,,0.0792,0.0,Identify top customers and their leading brand preference.
customer_brand_preference,customer_brand,558749,Henry Weinhard's,2,customer_transaction_rank,534.0,5,1,4,0,15.0,9.53,63.5333,,0.0792,0.0,Identify top customers and their leading brand preference.
customer_brand_preference,customer_brand,616258,Barq's,1,customer_transaction_rank,535.0,5,1,5,1,15.0,10.4,69.3333,5.0,0.0792,0.1403,Identify top customers and their leading brand preference.
customer_brand_preference,customer_brand,619910,Sparky's Fresh Draft,2,customer_transaction_rank,536.0,5,1,4,0,15.0,8.58,57.2,,0.0792,0.0,Identify top customers and their leading brand preference.
customer_brand_preference,customer_brand,632495,Barq's,2,customer_transaction_rank,537.0,5,1,4,2,15.0,10.94,72.9333,3.5,0.0792,0.2805,Identify top customers and their leading brand preference.
customer_brand_preference,customer_brand,722547,Abita,2,customer_transaction_rank,538.0,5,1,3,0,15.0,9.72,64.8,,0.0792,0.0,Identify top customers and their leading brand preference.
customer_brand_preference,customer_brand,772690,Bundaberg,2,customer_transaction_rank,539.0,5,1,4,4,15.0,9.13,60.8667,3.25,0.0792,0.561,Identify top customers and their leading brand preference.
customer_brand_preference,customer_brand,890651,Barq's,3,customer_transaction_rank,540.0,5,1,3,0,15.0,11.52,76.8,,0.0792,0.0,Identify top customers and their leading brand preference.
customer_brand_preference,customer_brand,112690,A.J. Stephans,1,customer_transaction_rank,541.0,4,1,4,0,12.0,7.26,60.5,,0.0634,0.0,Identify top customers and their leading brand preference.
customer_brand_preference,customer_brand,173380,Barq's,1,customer_transaction_rank,542.0,4,1,4,1,12.0,8.34,69.5,5.0,0.0634,0.1403,Identify top customers and their leading brand preference.
customer_brand_preference,customer_brand,206078,Bulldog,1,customer_transaction_rank,543.0,4,1,4,1,12.0,7.79,64.9167,3.0,0.0634,0.1403,Identify top customers and their leading brand preference.
customer_brand_preference,customer_brand,383684,Bundaberg,1,customer_transaction_rank,544.0,4,1,4,3,12.0,8.06,67.1667,4.3333,0.0634,0.4208,Identify top customers and their leading brand preference.
customer_brand_preference,customer_brand,422592,Bulldog,1,customer_transaction_rank,545.0,4,1,4,0,12.0,7.33,61.0833,,0.0634,0.0,Identify top customers and their leading brand preference.
customer_brand_preference,customer_brand,575903,Captain Eli's,1,customer_transaction_rank,546.0,4,1,4,1,12.0,7.89,65.75,3.0,0.0634,0.1403,Identify top customers and their leading brand preference.
customer_brand_preference,customer_brand,800121,Dad's,2,customer_transaction_rank,547.0,4,1,3,1,12.0,8.1,67.5,5.0,0.0634,0.1403,Identify top customers and their leading brand preference.
customer_brand_preference,customer_brand,972329,Sparky's Fresh Draft,2,customer_transaction_rank,548.0,4,1,3,1,12.0,6.33,52.75,2.0,0.0634,0.1403,Identify top customers and their leading brand preference.
customer_brand_preference,customer_brand,979679,Dog n Suds,1,customer_transaction_rank,549.0,4,1,4,1,12.0,7.09,59.0833,3.0,0.0634,0.1403,Identify top customers and their leading brand preference.
customer_brand_preference,customer_brand,323830,A&W,1,customer_transaction_rank,550.0,3,1,3,2,7.0,4.43,63.2857,1.5,0.0475,0.2805,Identify top customers and their leading brand preference.
customer_brand_preference,customer_brand,520078,Captain Eli's,1,customer_transaction_rank,551.0,3,1,3,0,9.0,5.9,65.5556,,0.0475,0.0,Identify top customers and their leading brand preference.
customer_brand_preference,customer_brand,580674,IBC,2,customer_transaction_rank,552.0,3,1,2,2,9.0,6.58,73.1111,2.0,0.0475,0.2805,Identify top customers and their leading brand preference.
customer_brand_preference,customer_brand,940912,Fitz's,1,customer_transaction_rank,553.0,2,1,2,0,6.0,3.9,65.0,,0.0317,0.0,Identify top customers and their leading brand preference.
customer_brand_preference,customer_brand,729740,Dad's,1,customer_transaction_rank,554.0,1,1,1,2,3.0,1.74,58.0,3.0,0.0158,0.2805,Identify top customers and their leading brand preference.
customer_signal_alignment,customer,612681,6,363,transaction_rank_minus_review_rank,-357.0,22,1,10,0,66.0,40.18,60.8788,,0.3485,0.0,"Audit whether value, review participation, and breadth point to the same customers."
customer_signal_alignment,customer,611848,12,364,transaction_rank_minus_review_rank,-352.0,21,1,10,0,63.0,42.08,66.7937,,0.3327,0.0,"Audit whether value, review participation, and breadth point to the same customers."
customer_signal_alignment,customer,730305,13,365,transaction_rank_minus_review_rank,-352.0,21,1,12,0,63.0,40.64,64.5079,,0.3327,0.0,"Audit whether value, review participation, and breadth point to the same customers."
customer_signal_alignment,customer,927518,15,366,transaction_rank_minus_review_rank,-351.0,21,1,10,0,63.0,39.92,63.3651,,0.3327,0.0,"Audit whether value, review participation, and breadth point to the same customers."
customer_signal_alignment,customer,304344,18,367,transaction_rank_minus_review_rank,-349.0,20,1,11,0,56.0,35.58,63.5357,,0.3169,0.0,"Audit whether value, review participation, and breadth point to the same customers."
customer_signal_alignment,customer,736500,23,368,transaction_rank_minus_review_rank,-345.0,20,1,11,0,58.0,36.86,63.5517,,0.3169,0.0,"Audit whether value, review participation, and breadth point to the same customers."
customer_signal_alignment,customer,548800,32,369,transaction_rank_minus_review_rank,-337.0,19,1,14,0,55.0,34.25,62.2727,,0.301,0.0,"Audit whether value, review participation, and breadth point to the same customers."
customer_signal_alignment,customer,689877,34,370,transaction_rank_minus_review_rank,-336.0,19,1,11,0,57.0,35.84,62.8772,,0.301,0.0,"Audit whether value, review participation, and breadth point to the same customers."
customer_signal_alignment,customer,912671,36,371,transaction_rank_minus_review_rank,-335.0,19,1,12,0,51.0,35.24,69.098,,0.301,0.0,"Audit whether value, review participation, and breadth point to the same customers."
customer_signal_alignment,customer,296353,43,372,transaction_rank_minus_review_rank,-329.0,18,1,13,0,52.0,32.09,61.7115,,0.2852,0.0,"Audit whether value, review participation, and breadth point to the same customers."
customer_signal_alignment,customer,371731,44,373,transaction_rank_minus_review_rank,-329.0,18,1,11,0,52.0,34.19,65.75,,0.2852,0.0,"Audit whether value, review participation, and breadth point to the same customers."
customer_signal_alignment,customer,771285,53,374,transaction_rank_minus_review_rank,-321.0,18,1,11,0,54.0,34.27,63.463,,0.2852,0.0,"Audit whether value, review participation, and breadth point to the same customers."
customer_signal_alignment,customer,200272,56,375,transaction_rank_minus_review_rank,-319.0,17,1,9,0,49.0,33.31,67.9796,,0.2693,0.0,"Audit whether value, review participation, and breadth point to the same customers."
customer_signal_alignment,customer,270853,58,376,transaction_rank_minus_review_rank,-318.0,17,1,12,0,49.0,32.44,66.2041,,0.2693,0.0,"Audit whether value, review participation, and breadth point to the same customers."
customer_signal_alignment,customer,513968,60,377,transaction_rank_minus_review_rank,-317.0,17,1,11,0,47.0,29.05,61.8085,,0.2693,0.0,"Audit whether value, review participation, and breadth point to the same customers."
customer_signal_alignment,customer,782947,65,378,transaction_rank_minus_review_rank,-313.0,17,1,12,0,47.0,29.62,63.0213,,0.2693,0.0,"Audit whether value, review participation, and breadth point to the same customers."
customer_signal_alignment,customer,822823,66,379,transaction_rank_minus_review_rank,-313.0,17,1,10,0,51.0,32.02,62.7843,,0.2693,0.0,"Audit whether value, review participation, and breadth point to the same customers."
customer_signal_alignment,customer,549823,85,380,transaction_rank_minus_review_rank,-295.0,16,1,11,0,42.0,26.19,62.3571,,0.2535,0.0,"Audit whether value, review participation, and breadth point to the same customers."
customer_signal_alignment,customer,580783,86,381,transaction_rank_minus_review_rank,-295.0,16,1,11,0,48.0,32.19,67.0625,,0.2535,0.0,"Audit whether value, review participation, and breadth point to the same customers."
customer_signal_alignment,customer,668931,88,382,transaction_rank_minus_review_rank,-294.0,16,1,11,0,48.0,30.11,62.7292,,0.2535,0.0,"Audit whether value, review participation, and breadth point to the same customers."
customer_signal_alignment,customer,766737,91,383,transaction_rank_minus_review_rank,-292.0,16,1,10,0,48.0,31.23,65.0625,,0.2535,0.0,"Audit whether value, review participation, and breadth point to the same customers."
customer_signal_alignment,customer,808421,92,384,transaction_rank_minus_review_rank,-292.0,16,1,9,0,48.0,30.37,63.2708,,0.2535,0.0,"Audit whether value, review participation, and breadth point to the same customers."
customer_signal_alignment,customer,193968,94,385,transaction_rank_minus_review_rank,-291.0,15,1,10,0,45.0,28.77,63.9333,,0.2376,0.0,"Audit whether value, review participation, and breadth point to the same customers."
customer_signal_alignment,customer,308505,98,386,transaction_rank_minus_review_rank,-288.0,15,1,12,0,43.0,26.59,61.8372,,0.2376,0.0,"Audit whether value, review participation, and breadth point to the same customers."
customer_signal_alignment,customer,524667,103,387,transaction_rank_minus_review_rank,-284.0,15,1,11,0,45.0,29.27,65.0444,,0.2376,0.0,"Audit whether value, review participation, and breadth point to the same customers."
customer_signal_alignment,customer,559486,105,388,transaction_rank_minus_review_rank,-283.0,15,1,12,0,45.0,27.95,62.1111,,0.2376,0.0,"Audit whether value, review participation, and breadth point to the same customers."
customer_signal_alignment,customer,561305,106,389,transaction_rank_minus_review_rank,-283.0,15,1,10,0,45.0,28.26,62.8,,0.2376,0.0,"Audit whether value, review participation, and breadth point to the same customers."
customer_signal_alignment,customer,567388,107,390,transaction_rank_minus_review_rank,-283.0,15,1,11,0,43.0,27.74,64.5116,,0.2376,0.0,"Audit whether value, review participation, and breadth point to the same customers."
customer_signal_alignment,customer,672834,110,391,transaction_rank_minus_review_rank,-281.0,15,1,10,0,43.0,30.42,70.7442,,0.2376,0.0,"Audit whether value, review participation, and breadth point to the same customers."
customer_signal_alignment,customer,766161,114,392,transaction_rank_minus_review_rank,-278.0,15,1,10,0,45.0,29.05,64.5556,,0.2376,0.0,"Audit whether value, review participation, and breadth point to the same customers."
customer_signal_alignment,customer,803700,115,393,transaction_rank_minus_review_rank,-278.0,15,1,13,0,41.0,26.36,64.2927,,0.2376,0.0,"Audit whether value, review participation, and breadth point to the same customers."
customer_signal_alignment,customer,815980,116,394,transaction_rank_minus_review_rank,-278.0,15,1,10,0,43.0,28.15,65.4651,,0.2376,0.0,"Audit whether value, review participation, and breadth point to the same customers."
customer_signal_alignment,customer,841831,117,395,transaction_rank_minus_review_rank,-278.0,15,1,10,0,43.0,27.87,64.814,,0.2376,0.0,"Audit whether value, review participation, and breadth point to the same customers."
customer_signal_alignment,customer,846558,118,396,transaction_rank_minus_review_rank,-278.0,15,1,9,0,43.0,28.17,65.5116,,0.2376,0.0,"Audit whether value, review participation, and breadth point to the same customers."
customer_signal_alignment,customer,128131,122,397,transaction_rank_minus_review_rank,-275.0,14,1,11,0,40.0,25.82,64.55,,0.2218,0.0,"Audit whether value, review participation, and breadth point to the same customers."
customer_signal_alignment,customer,292402,130,398,transaction_rank_minus_review_rank,-268.0,14,1,11,0,42.0,27.55,65.5952,,0.2218,0.0,"Audit whether value, review participation, and breadth point to the same customers."
customer_signal_alignment,customer,393120,133,399,transaction_rank_minus_review_rank,-266.0,14,1,9,0,42.0,30.32,72.1905,,0.2218,0.0,"Audit whether value, review participation, and breadth point to the same customers."
customer_signal_alignment,customer,464782,138,400,transaction_rank_minus_review_rank,-262.0,14,1,11,0,40.0,25.01,62.525,,0.2218,0.0,"Audit whether value, review participation, and breadth point to the same customers."
customer_signal_alignment,customer,578275,139,401,transaction_rank_minus_review_rank,-262.0,14,1,9,0,42.0,25.73,61.2619,,0.2218,0.0,"Audit whether value, review participation, and breadth point to the same customers."
customer_signal_alignment,customer,608290,140,402,transaction_rank_minus_review_rank,-262.0,14,1,10,0,40.0,25.17,62.925,,0.2218,0.0,"Audit whether value, review participation, and breadth point to the same customers."
customer_signal_alignment,customer,676018,143,403,transaction_rank_minus_review_rank,-260.0,14,1,10,0,42.0,25.82,61.4762,,0.2218,0.0,"Audit whether value, review participation, and breadth point to the same customers."
customer_signal_alignment,customer,793987,147,404,transaction_rank_minus_review_rank,-257.0,14,1,9,0,40.0,24.75,61.875,,0.2218,0.0,"Audit whether value, review participation, and breadth point to the same customers."
customer_signal_alignment,customer,842028,148,405,transaction_rank_minus_review_rank,-257.0,14,1,8,0,40.0,27.71,69.275,,0.2218,0.0,"Audit whether value, review participation, and breadth point to the same customers."
customer_signal_alignment,customer,879173,151,406,transaction_rank_minus_review_rank,-255.0,14,1,10,0,40.0,24.78,61.95,,0.2218,0.0,"Audit whether value, review participation, and breadth point to the same customers."
customer_signal_alignment,customer,880238,152,407,transaction_rank_minus_review_rank,-255.0,14,1,8,0,42.0,26.76,63.7143,,0.2218,0.0,"Audit whether value, review participation, and breadth point to the same customers."
customer_signal_alignment,customer,974503,156,408,transaction_rank_minus_review_rank,-252.0,14,1,9,0,38.0,27.06,71.2105,,0.2218,0.0,"Audit whether value, review participation, and breadth point to the same customers."
customer_signal_alignment,customer,216475,161,409,transaction_rank_minus_review_rank,-248.0,13,1,10,0,39.0,26.28,67.3846,,0.206,0.0,"Audit whether value, review participation, and breadth point to the same customers."
customer_signal_alignment,customer,520377,177,410,transaction_rank_minus_review_rank,-233.0,13,1,10,0,37.0,23.97,64.7838,,0.206,0.0,"Audit whether value, review participation, and breadth point to the same customers."
customer_signal_alignment,customer,592726,180,411,transaction_rank_minus_review_rank,-231.0,13,1,10,0,39.0,24.58,63.0256,,0.206,0.0,"Audit whether value, review participation, and breadth point to the same customers."
customer_signal_alignment,customer,616028,182,412,transaction_rank_minus_review_rank,-230.0,13,1,8,0,39.0,26.15,67.0513,,0.206,0.0,"Audit whether value, review participation, and breadth point to the same customers."
customer_signal_alignment,customer,678940,185,413,transaction_rank_minus_review_rank,-228.0,13,1,7,0,39.0,24.42,62.6154,,0.206,0.0,"Audit whether value, review participation, and breadth point to the same customers."
customer_signal_alignment,customer,694281,186,414,transaction_rank_minus_review_rank,-228.0,13,1,10,0,39.0,25.69,65.8718,,0.206,0.0,"Audit whether value, review participation, and breadth point to the same customers."
customer_signal_alignment,customer,701816,187,415,transaction_rank_minus_review_rank,-228.0,13,1,11,0,39.0,24.59,63.0513,,0.206,0.0,"Audit whether value, review participation, and breadth point to the same customers."
customer_signal_alignment,customer,746134,189,416,transaction_rank_minus_review_rank,-227.0,13,1,10,0,35.0,21.47,61.3429,,0.206,0.0,"Audit whether value, review participation, and breadth point to the same customers."
customer_signal_alignment,customer,781523,191,417,transaction_rank_minus_review_rank,-226.0,13,1,8,0,39.0,24.44,62.6667,,0.206,0.0,"Audit whether value, review participation, and breadth point to the same customers."
customer_signal_alignment,customer,864896,194,418,transaction_rank_minus_review_rank,-224.0,13,1,8,0,37.0,22.62,61.1351,,0.206,0.0,"Audit whether value, review participation, and breadth point to the same customers."
customer_signal_alignment,customer,885548,195,419,transaction_rank_minus_review_rank,-224.0,13,1,11,0,39.0,25.49,65.359,,0.206,0.0,"Audit whether value, review participation, and breadth point to the same customers."
customer_signal_alignment,customer,925565,196,420,transaction_rank_minus_review_rank,-224.0,13,1,10,0,39.0,26.87,68.8974,,0.206,0.0,"Audit whether value, review participation, and breadth point to the same customers."
customer_signal_alignment,customer,926144,197,421,transaction_rank_minus_review_rank,-224.0,13,1,8,0,37.0,25.39,68.6216,,0.206,0.0,"Audit whether value, review participation, and breadth point to the same customers."
customer_signal_alignment,customer,970794,200,422,transaction_rank_minus_review_rank,-222.0,13,1,9,0,39.0,26.31,67.4615,,0.206,0.0,"Audit whether value, review participation, and breadth point to the same customers."
customer_signal_alignment,customer,196068,208,423,transaction_rank_minus_review_rank,-215.0,12,1,11,0,34.0,21.16,62.2353,,0.1901,0.0,"Audit whether value, review participation, and breadth point to the same customers."
customer_signal_alignment,customer,344702,4,208,transaction_rank_minus_review_rank,-204.0,23,1,13,1,67.0,41.31,61.6567,4.0,0.3644,0.1403,"Audit whether value, review participation, and breadth point to the same customers."
customer_signal_alignment,customer,373200,3,207,transaction_rank_minus_review_rank,-204.0,24,1,11,1,70.0,43.78,62.5429,1.0,0.3802,0.1403,"Audit whether value, review participation, and breadth point to the same customers."
customer_signal_alignment,customer,739669,2,206,transaction_rank_minus_review_rank,-204.0,27,1,13,1,81.0,51.7,63.8272,1.0,0.4278,0.1403,"Audit whether value, review participation, and breadth point to the same customers."
customer_signal_alignment,customer,432268,225,424,transaction_rank_minus_review_rank,-199.0,12,1,8,0,36.0,23.53,65.3611,,0.1901,0.0,"Audit whether value, review participation, and breadth point to the same customers."
customer_signal_alignment,customer,433442,11,209,transaction_rank_minus_review_rank,-198.0,21,1,13,1,63.0,40.14,63.7143,3.0,0.3327,0.1403,"Audit whether value, review participation, and breadth point to the same customers."
customer_signal_alignment,customer,938417,16,210,transaction_rank_minus_review_rank,-194.0,21,1,12,1,61.0,40.64,66.623,2.0,0.3327,0.1403,"Audit whether value, review participation, and breadth point to the same customers."
customer_signal_alignment,customer,590616,232,425,transaction_rank_minus_review_rank,-193.0,12,1,8,0,36.0,22.47,62.4167,,0.1901,0.0,"Audit whether value, review participation, and breadth point to the same customers."
customer_signal_alignment,customer,622506,233,426,transaction_rank_minus_review_rank,-193.0,12,1,9,0,36.0,22.28,61.8889,,0.1901,0.0,"Audit whether value, review participation, and breadth point to the same customers."
customer_signal_alignment,customer,646700,235,427,transaction_rank_minus_review_rank,-192.0,12,1,9,0,34.0,20.34,59.8235,,0.1901,0.0,"Audit whether value, review participation, and breadth point to the same customers."
customer_signal_alignment,customer,667170,236,428,transaction_rank_minus_review_rank,-192.0,12,1,10,0,36.0,23.01,63.9167,,0.1901,0.0,"Audit whether value, review participation, and breadth point to the same customers."
customer_signal_alignment,customer,748326,238,429,transaction_rank_minus_review_rank,-191.0,12,1,10,0,36.0,24.73,68.6944,,0.1901,0.0,"Audit whether value, review participation, and breadth point to the same customers."
customer_signal_alignment,customer,755271,239,430,transaction_rank_minus_review_rank,-191.0,12,1,9,0,34.0,21.66,63.7059,,0.1901,0.0,"Audit whether value, review participation, and breadth point to the same customers."
customer_signal_alignment,customer,756769,240,431,transaction_rank_minus_review_rank,-191.0,12,1,8,0,34.0,22.61,66.5,,0.1901,0.0,"Audit whether value, review participation, and breadth point to the same customers."
customer_signal_alignment,customer,762509,241,432,transaction_rank_minus_review_rank,-191.0,12,1,9,0,36.0,23.57,65.4722,,0.1901,0.0,"Audit whether value, review participation, and breadth point to the same customers."
customer_signal_alignment,customer,795957,242,433,transaction_rank_minus_review_rank,-191.0,12,1,9,0,36.0,21.81,60.5833,,0.1901,0.0,"Audit whether value, review participation, and breadth point to the same customers."
customer_signal_alignment,customer,808177,243,434,transaction_rank_minus_review_rank,-191.0,12,1,10,0,34.0,22.68,66.7059,,0.1901,0.0,"Audit whether value, review participation, and breadth point to the same customers."
customer_signal_alignment,customer,888952,245,435,transaction_rank_minus_review_rank,-190.0,12,1,10,0,36.0,23.69,65.8056,,0.1901,0.0,"Audit whether value, review participation, and breadth point to the same customers."
customer_signal_alignment,customer,908328,246,436,transaction_rank_minus_review_rank,-190.0,12,1,10,0,36.0,23.95,66.5278,,0.1901,0.0,"Audit whether value, review participation, and breadth point to the same customers."
customer_signal_alignment,customer,498970,22,211,transaction_rank_minus_review_rank,-189.0,20,1,12,1,56.0,34.65,61.875,1.0,0.3169,0.1403,"Audit whether value, review participation, and breadth point to the same customers."
customer_signal_alignment,customer,193914,26,214,transaction_rank_minus_review_rank,-188.0,19,1,11,1,57.0,36.07,63.2807,2.0,0.301,0.1403,"Audit whether value, review participation, and breadth point to the same customers."
customer_signal_alignment,customer,932618,24,212,transaction_rank_minus_review_rank,-188.0,20,1,13,1,56.0,33.33,59.5179,3.0,0.3169,0.1403,"Audit whether value, review participation, and breadth point to the same customers."
customer_signal_alignment,customer,999915,25,213,transaction_rank_minus_review_rank,-188.0,20,1,13,1,60.0,38.98,64.9667,5.0,0.3169,0.1403,"Audit whether value, review participation, and breadth point to the same customers."
customer_signal_alignment,customer,154427,251,437,transaction_rank_minus_review_rank,-186.0,11,1,11,0,33.0,21.58,65.3939,,0.1743,0.0,"Audit whether value, review participation, and breadth point to the same customers."
customer_signal_alignment,customer,744648,35,215,transaction_rank_minus_review_rank,-180.0,19,1,9,1,55.0,34.96,63.5636,4.0,0.301,0.1403,"Audit whether value, review participation, and breadth point to the same customers."
customer_signal_alignment,customer,116934,38,217,transaction_rank_minus_review_rank,-179.0,18,1,13,1,50.0,32.41,64.82,2.0,0.2852,0.1403,"Audit whether value, review participation, and breadth point to the same customers."
customer_signal_alignment,customer,296886,259,438,transaction_rank_minus_review_rank,-179.0,11,1,9,0,33.0,20.2,61.2121,,0.1743,0.0,"Audit whether value, review participation, and breadth point to the same customers."
customer_signal_alignment,customer,301793,260,439,transaction_rank_minus_review_rank,-179.0,11,1,9,0,33.0,21.62,65.5152,,0.1743,0.0,"Audit whether value, review participation, and breadth point to the same customers."
customer_signal_alignment,customer,994185,37,216,transaction_rank_minus_review_rank,-179.0,19,1,10,1,55.0,34.35,62.4545,4.0,0.301,0.1403,"Audit whether value, review participation, and breadth point to the same customers."
customer_signal_alignment,customer,345348,262,440,transaction_rank_minus_review_rank,-178.0,11,1,10,0,33.0,21.37,64.7576,,0.1743,0.0,"Audit whether value, review participation, and breadth point to the same customers."
customer_signal_alignment,customer,396166,45,218,transaction_rank_minus_review_rank,-173.0,18,1,10,1,52.0,31.66,60.8846,5.0,0.2852,0.1403,"Audit whether value, review participation, and breadth point to the same customers."
customer_signal_alignment,customer,488803,268,441,transaction_rank_minus_review_rank,-173.0,11,1,9,0,33.0,20.47,62.0303,,0.1743,0.0,"Audit whether value, review participation, and breadth point to the same customers."
customer_signal_alignment,customer,465275,48,219,transaction_rank_minus_review_rank,-171.0,18,1,9,1,54.0,33.57,62.1667,5.0,0.2852,0.1403,"Audit whether value, review participation, and breadth point to the same customers."
customer_signal_alignment,customer,563468,271,442,transaction_rank_minus_review_rank,-171.0,11,1,8,0,29.0,18.73,64.5862,,0.1743,0.0,"Audit whether value, review participation, and breadth point to the same customers."
customer_signal_alignment,customer,649551,50,220,transaction_rank_minus_review_rank,-170.0,18,1,13,1,54.0,34.05,63.0556,3.0,0.2852,0.1403,"Audit whether value, review participation, and breadth point to the same customers."
customer_signal_alignment,customer,720602,51,221,transaction_rank_minus_review_rank,-170.0,18,1,13,1,52.0,34.63,66.5962,1.0,0.2852,0.1403,"Audit whether value, review participation, and breadth point to the same customers."
customer_signal_alignment,customer,610766,275,443,transaction_rank_minus_review_rank,-168.0,11,1,7,0,33.0,20.29,61.4848,,0.1743,0.0,"Audit whether value, review participation, and breadth point to the same customers."
customer_signal_alignment,customer,616392,276,444,transaction_rank_minus_review_rank,-168.0,11,1,9,0,31.0,18.91,61.0,,0.1743,0.0,"Audit whether value, review participation, and breadth point to the same customers."
customer_signal_alignment,customer,664411,277,445,transaction_rank_minus_review_rank,-168.0,11,1,8,0,33.0,20.48,62.0606,,0.1743,0.0,"Audit whether value, review participation, and breadth point to the same customers."
customer_signal_alignment,customer,670707,279,446,transaction_rank_minus_review_rank,-167.0,11,1,9,0,33.0,21.13,64.0303,,0.1743,0.0,"Audit whether value, review participation, and breadth point to the same customers."
customer_signal_alignment,customer,671101,280,447,transaction_rank_minus_review_rank,-167.0,11,1,9,0,33.0,21.46,65.0303,,0.1743,0.0,"Audit whether value, review participation, and breadth point to the same customers."
customer_signal_alignment,customer,739440,285,448,transaction_rank_minus_review_rank,-163.0,11,1,7,0,33.0,20.36,61.697,,0.1743,0.0,"Audit whether value, review participation, and breadth point to the same customers."
customer_signal_alignment,customer,742620,287,449,transaction_rank_minus_review_rank,-162.0,11,1,9,0,31.0,18.12,58.4516,,0.1743,0.0,"Audit whether value, review participation, and breadth point to the same customers."
customer_signal_alignment,customer,757525,289,450,transaction_rank_minus_review_rank,-161.0,11,1,9,0,29.0,17.43,60.1034,,0.1743,0.0,"Audit whether value, review participation, and breadth point to the same customers."
customer_signal_alignment,customer,759995,290,451,transaction_rank_minus_review_rank,-161.0,11,1,8,0,33.0,20.17,61.1212,,0.1743,0.0,"Audit whether value, review participation, and breadth point to the same customers."
customer_signal_alignment,customer,781968,291,452,transaction_rank_minus_review_rank,-161.0,11,1,9,0,33.0,21.52,65.2121,,0.1743,0.0,"Audit whether value, review participation, and breadth point to the same customers."
customer_signal_alignment,customer,785444,292,453,transaction_rank_minus_review_rank,-161.0,11,1,10,0,33.0,21.8,66.0606,,0.1743,0.0,"Audit whether value, review participation, and breadth point to the same customers."
customer_signal_alignment,customer,789500,293,454,transaction_rank_minus_review_rank,-161.0,11,1,7,0,29.0,17.82,61.4483,,0.1743,0.0,"Audit whether value, review participation, and breadth point to the same customers."
customer_signal_alignment,customer,797968,294,455,transaction_rank_minus_review_rank,-161.0,11,1,7,0,33.0,20.18,61.1515,,0.1743,0.0,"Audit whether value, review participation, and breadth point to the same customers."
customer_signal_alignment,customer,586201,62,222,transaction_rank_minus_review_rank,-160.0,17,1,10,1,51.0,31.82,62.3922,1.0,0.2693,0.1403,"Audit whether value, review participation, and breadth point to the same customers."
customer_signal_alignment,customer,814512,297,456,transaction_rank_minus_review_rank,-159.0,11,1,9,0,33.0,20.47,62.0303,,0.1743,0.0,"Audit whether value, review participation, and breadth point to the same customers."
customer_signal_alignment,customer,833180,298,457,transaction_rank_minus_review_rank,-159.0,11,1,7,0,29.0,16.36,56.4138,,0.1743,0.0,"Audit whether value, review participation, and breadth point to the same customers."
customer_signal_alignment,customer,840096,299,458,transaction_rank_minus_review_rank,-159.0,11,1,6,0,33.0,21.41,64.8788,,0.1743,0.0,"Audit whether value, review participation, and breadth point to the same customers."
customer_signal_alignment,customer,918682,302,459,transaction_rank_minus_review_rank,-157.0,11,1,7,0,33.0,22.61,68.5152,,0.1743,0.0,"Audit whether value, review participation, and breadth point to the same customers."
customer_signal_alignment,customer,926289,303,460,transaction_rank_minus_review_rank,-157.0,11,1,9,0,31.0,18.93,61.0645,,0.1743,0.0,"Audit whether value, review participation, and breadth point to the same customers."
customer_signal_alignment,customer,891738,67,223,transaction_rank_minus_review_rank,-156.0,17,1,10,1,51.0,35.47,69.549,1.0,0.2693,0.1403,"Audit whether value, review participation, and breadth point to the same customers."
customer_signal_alignment,customer,954812,305,461,transaction_rank_minus_review_rank,-156.0,11,1,10,0,33.0,21.75,65.9091,,0.1743,0.0,"Audit whether value, review participation, and breadth point to the same customers."
customer_signal_alignment,customer,160392,309,462,transaction_rank_minus_review_rank,-153.0,10,1,9,0,28.0,17.8,63.5714,,0.1584,0.0,"Audit whether value, review participation, and breadth point to the same customers."
customer_signal_alignment,customer,182040,310,463,transaction_rank_minus_review_rank,-153.0,10,1,7,0,30.0,20.84,69.4667,,0.1584,0.0,"Audit whether value, review participation, and breadth point to the same customers."
customer_signal_alignment,customer,166612,75,224,transaction_rank_minus_review_rank,-149.0,16,1,12,1,48.0,31.71,66.0625,4.0,0.2535,0.1403,"Audit whether value, review participation, and breadth point to the same customers."
customer_signal_alignment,customer,205878,77,225,transaction_rank_minus_review_rank,-148.0,16,1,10,1,46.0,28.95,62.9348,1.0,0.2535,0.1403,"Audit whether value, review participation, and breadth point to the same customers."
customer_signal_alignment,customer,298508,318,464,transaction_rank_minus_review_rank,-146.0,10,1,7,0,30.0,19.45,64.8333,,0.1584,0.0,"Audit whether value, review participation, and breadth point to the same customers."
customer_signal_alignment,customer,520196,84,226,transaction_rank_minus_review_rank,-142.0,16,1,12,1,48.0,31.65,65.9375,3.0,0.2535,0.1403,"Audit whether value, review participation, and breadth point to the same customers."
customer_signal_alignment,customer,627324,87,227,transaction_rank_minus_review_rank,-140.0,16,1,8,1,48.0,28.87,60.1458,5.0,0.2535,0.1403,"Audit whether value, review participation, and breadth point to the same customers."
customer_signal_alignment,customer,741514,89,228,transaction_rank_minus_review_rank,-139.0,16,1,11,1,46.0,28.19,61.2826,5.0,0.2535,0.1403,"Audit whether value, review participation, and breadth point to the same customers."
customer_signal_alignment,customer,761615,90,229,transaction_rank_minus_review_rank,-139.0,16,1,12,1,46.0,31.56,68.6087,1.0,0.2535,0.1403,"Audit whether value, review participation, and breadth point to the same customers."
customer_signal_alignment,customer,471187,330,465,transaction_rank_minus_review_rank,-135.0,10,1,8,0,30.0,18.56,61.8667,,0.1584,0.0,"Audit whether value, review participation, and breadth point to the same customers."
customer_signal_alignment,customer,515790,332,466,transaction_rank_minus_review_rank,-134.0,10,1,8,0,28.0,17.73,63.3214,,0.1584,0.0,"Audit whether value, review participation, and breadth point to the same customers."
customer_signal_alignment,customer,517477,333,467,transaction_rank_minus_review_rank,-134.0,10,1,9,0,28.0,17.43,62.25,,0.1584,0.0,"Audit whether value, review participation, and breadth point to the same customers."
customer_signal_alignment,customer,355107,99,230,transaction_rank_minus_review_rank,-131.0,15,1,11,1,43.0,26.32,61.2093,5.0,0.2376,0.1403,"Audit whether value, review participation, and breadth point to the same customers."
customer_signal_alignment,customer,464984,100,231,transaction_rank_minus_review_rank,-131.0,15,1,8,1,45.0,28.05,62.3333,1.0,0.2376,0.1403,"Audit whether value, review participation, and breadth point to the same customers."
customer_signal_alignment,customer,479497,102,232,transaction_rank_minus_review_rank,-130.0,15,1,11,1,45.0,28.44,63.2,4.0,0.2376,0.1403,"Audit whether value, review participation, and breadth point to the same customers."
customer_signal_alignment,customer,665282,338,468,transaction_rank_minus_review_rank,-130.0,10,1,5,0,28.0,18.26,65.2143,,0.1584,0.0,"Audit whether value, review participation, and breadth point to the same customers."
customer_signal_alignment,customer,710047,339,469,transaction_rank_minus_review_rank,-130.0,10,1,8,0,30.0,19.34,64.4667,,0.1584,0.0,"Audit whether value, review participation, and breadth point to the same customers."
customer_signal_alignment,customer,743517,342,470,transaction_rank_minus_review_rank,-128.0,10,1,9,0,30.0,18.52,61.7333,,0.1584,0.0,"Audit whether value, review participation, and breadth point to the same customers."
customer_signal_alignment,customer,756928,344,471,transaction_rank_minus_review_rank,-127.0,10,1,9,0,26.0,15.93,61.2692,,0.1584,0.0,"Audit whether value, review participation, and breadth point to the same customers."
customer_signal_alignment,customer,767570,345,472,transaction_rank_minus_review_rank,-127.0,10,1,8,0,30.0,20.03,66.7667,,0.1584,0.0,"Audit whether value, review participation, and breadth point to the same customers."
customer_signal_alignment,customer,605188,108,233,transaction_rank_minus_review_rank,-125.0,15,1,11,1,45.0,27.99,62.2,5.0,0.2376,0.1403,"Audit whether value, review participation, and breadth point to the same customers."
customer_signal_alignment,customer,651462,109,234,transaction_rank_minus_review_rank,-125.0,15,1,10,1,43.0,27.04,62.8837,5.0,0.2376,0.1403,"Audit whether value, review participation, and breadth point to the same customers."
customer_signal_alignment,customer,850933,348,473,transaction_rank_minus_review_rank,-125.0,10,1,9,0,30.0,18.92,63.0667,,0.1584,0.0,"Audit whether value, review participation, and breadth point to the same customers."
customer_signal_alignment,customer,882493,349,474,transaction_rank_minus_review_rank,-125.0,10,1,8,0,30.0,18.49,61.6333,,0.1584,0.0,"Audit whether value, review participation, and breadth point to the same customers."
customer_signal_alignment,customer,889686,350,475,transaction_rank_minus_review_rank,-125.0,10,1,8,0,30.0,19.0,63.3333,,0.1584,0.0,"Audit whether value, review participation, and breadth point to the same customers."
customer_signal_alignment,customer,690100,111,235,transaction_rank_minus_review_rank,-124.0,15,1,10,1,43.0,28.02,65.1628,4.0,0.2376,0.1403,"Audit whether value, review participation, and breadth point to the same customers."
customer_signal_alignment,customer,719921,112,236,transaction_rank_minus_review_rank,-124.0,15,1,11,1,43.0,26.59,61.8372,4.0,0.2376,0.1403,"Audit whether value, review participation, and breadth point to the same customers."
customer_signal_alignment,customer,734624,113,237,transaction_rank_minus_review_rank,-124.0,15,1,11,1,45.0,28.8,64.0,1.0,0.2376,0.1403,"Audit whether value, review participation, and breadth point to the same customers."
customer_signal_alignment,customer,951701,352,476,transaction_rank_minus_review_rank,-124.0,10,1,7,0,30.0,19.64,65.4667,,0.1584,0.0,"Audit whether value, review participation, and breadth point to the same customers."
customer_signal_alignment,customer,173125,357,477,transaction_rank_minus_review_rank,-120.0,9,1,7,0,25.0,17.11,68.44,,0.1426,0.0,"Audit whether value, review participation, and breadth point to the same customers."
customer_signal_alignment,customer,911171,120,238,transaction_rank_minus_review_rank,-118.0,15,1,10,1,45.0,27.43,60.9556,1.0,0.2376,0.1403,"Audit whether value, review participation, and breadth point to the same customers."
customer_signal_alignment,customer,924649,121,239,transaction_rank_minus_review_rank,-118.0,15,1,12,1,45.0,29.36,65.2444,3.0,0.2376,0.1403,"Audit whether value, review participation, and breadth point to the same customers."
customer_signal_alignment,customer,132454,123,240,transaction_rank_minus_review_rank,-117.0,14,1,10,1,42.0,26.42,62.9048,4.0,0.2218,0.1403,"Audit whether value, review participation, and breadth point to the same customers."
customer_signal_alignment,customer,183797,124,241,transaction_rank_minus_review_rank,-117.0,14,1,11,1,42.0,26.34,62.7143,3.0,0.2218,0.1403,"Audit whether value, review participation, and breadth point to the same customers."
customer_signal_alignment,customer,231615,361,478,transaction_rank_minus_review_rank,-117.0,9,1,8,0,27.0,17.19,63.6667,,0.1426,0.0,"Audit whether value, review participation, and breadth point to the same customers."
customer_signal_alignment,customer,247216,128,242,transaction_rank_minus_review_rank,-114.0,14,1,7,1,42.0,26.96,64.1905,4.0,0.2218,0.1403,"Audit whether value, review participation, and breadth point to the same customers."
customer_signal_alignment,customer,275152,365,479,transaction_rank_minus_review_rank,-114.0,9,1,8,0,27.0,17.21,63.7407,,0.1426,0.0,"Audit whether value, review participation, and breadth point to the same customers."
customer_signal_alignment,customer,278809,367,480,transaction_rank_minus_review_rank,-113.0,9,1,9,0,25.0,15.5,62.0,,0.1426,0.0,"Audit whether value, review participation, and breadth point to the same customers."
customer_signal_alignment,customer,315634,370,481,transaction_rank_minus_review_rank,-111.0,9,1,8,0,27.0,17.08,63.2593,,0.1426,0.0,"Audit whether value, review participation, and breadth point to the same customers."
customer_signal_alignment,customer,363931,374,482,transaction_rank_minus_review_rank,-108.0,9,1,7,0,27.0,17.85,66.1111,,0.1426,0.0,"Audit whether value, review participation, and breadth point to the same customers."
customer_signal_alignment,customer,515753,380,483,transaction_rank_minus_review_rank,-103.0,9,1,8,0,27.0,17.89,66.2593,,0.1426,0.0,"Audit whether value, review participation, and breadth point to the same customers."
customer_signal_alignment,customer,552124,382,484,transaction_rank_minus_review_rank,-102.0,9,1,7,0,27.0,17.96,66.5185,,0.1426,0.0,"Audit whether value, review participation, and breadth point to the same customers."
customer_signal_alignment,customer,618955,383,485,transaction_rank_minus_review_rank,-102.0,9,1,7,0,27.0,17.6,65.1852,,0.1426,0.0,"Audit whether value, review participation, and breadth point to the same customers."
customer_signal_alignment,customer,643214,141,243,transaction_rank_minus_review_rank,-102.0,14,1,11,1,42.0,27.19,64.7381,2.0,0.2218,0.1403,"Audit whether value, review participation, and breadth point to the same customers."
customer_signal_alignment,customer,657736,142,244,transaction_rank_minus_review_rank,-102.0,14,1,8,1,42.0,27.56,65.619,5.0,0.2218,0.1403,"Audit whether value, review participation, and breadth point to the same customers."
customer_signal_alignment,customer,706101,144,245,transaction_rank_minus_review_rank,-101.0,14,1,9,1,40.0,25.03,62.575,2.0,0.2218,0.1403,"Audit whether value, review participation, and breadth point to the same customers."
customer_signal_alignment,customer,775449,145,246,transaction_rank_minus_review_rank,-101.0,14,1,9,1,40.0,23.23,58.075,3.0,0.2218,0.1403,"Audit whether value, review participation, and breadth point to the same customers."
customer_signal_alignment,customer,791850,146,247,transaction_rank_minus_review_rank,-101.0,14,1,8,1,42.0,27.74,66.0476,3.0,0.2218,0.1403,"Audit whether value, review participation, and breadth point to the same customers."
customer_signal_alignment,customer,671363,386,486,transaction_rank_minus_review_rank,-100.0,9,1,6,0,27.0,16.98,62.8889,,0.1426,0.0,"Audit whether value, review participation, and breadth point to the same customers."
customer_signal_alignment,customer,847289,149,248,transaction_rank_minus_review_rank,-99.0,14,1,8,1,42.0,26.57,63.2619,1.0,0.2218,0.1403,"Audit whether value, review participation, and breadth point to the same customers."
customer_signal_alignment,customer,860057,150,249,transaction_rank_minus_review_rank,-99.0,14,1,9,1,40.0,24.62,61.55,1.0,0.2218,0.1403,"Audit whether value, review participation, and breadth point to the same customers."
customer_signal_alignment,customer,714277,389,487,transaction_rank_minus_review_rank,-98.0,9,1,7,0,25.0,16.1,64.4,,0.1426,0.0,"Audit whether value, review participation, and breadth point to the same customers."
customer_signal_alignment,customer,884729,153,250,transaction_rank_minus_review_rank,-97.0,14,1,10,1,38.0,23.26,61.2105,2.0,0.2218,0.1403,"Audit whether value, review participation, and breadth point to the same customers."
customer_signal_alignment,customer,929344,154,251,transaction_rank_minus_review_rank,-97.0,14,1,10,1,42.0,26.28,62.5714,3.0,0.2218,0.1403,"Audit whether value, review participation, and breadth point to the same customers."
customer_signal_alignment,customer,108708,157,252,transaction_rank_minus_review_rank,-95.0,13,1,7,1,39.0,24.51,62.8462,3.0,0.206,0.1403,"Audit whether value, review participation, and breadth point to the same customers."
customer_signal_alignment,customer,109251,158,253,transaction_rank_minus_review_rank,-95.0,13,1,7,1,39.0,24.9,63.8462,3.0,0.206,0.1403,"Audit whether value, review participation, and breadth point to the same customers."
customer_signal_alignment,customer,852319,393,488,transaction_rank_minus_review_rank,-95.0,9,1,8,0,27.0,18.51,68.5556,,0.1426,0.0,"Audit whether value, review participation, and breadth point to the same customers."
customer_signal_alignment,customer,852925,394,489,transaction_rank_minus_review_rank,-95.0,9,1,6,0,27.0,16.98,62.8889,,0.1426,0.0,"Audit whether value, review participation, and breadth point to the same customers."
customer_signal_alignment,customer,862302,395,490,transaction_rank_minus_review_rank,-95.0,9,1,9,0,27.0,18.13,67.1481,,0.1426,0.0,"Audit whether value, review participation, and breadth point to the same customers."
customer_signal_alignment,customer,866847,397,491,transaction_rank_minus_review_rank,-94.0,9,1,7,0,27.0,17.26,63.9259,,0.1426,0.0,"Audit whether value, review participation, and breadth point to the same customers."
customer_signal_alignment,customer,877877,398,492,transaction_rank_minus_review_rank,-94.0,9,1,7,0,27.0,16.83,62.3333,,0.1426,0.0,"Audit whether value, review participation, and breadth point to the same customers."
customer_signal_alignment,customer,884607,399,493,transaction_rank_minus_review_rank,-94.0,9,1,7,0,25.0,17.86,71.44,,0.1426,0.0,"Audit whether value, review participation, and breadth point to the same customers."
customer_signal_alignment,customer,890497,400,494,transaction_rank_minus_review_rank,-94.0,9,1,8,0,25.0,15.99,63.96,,0.1426,0.0,"Audit whether value, review participation, and breadth point to the same customers."
customer_signal_alignment,customer,897980,401,495,transaction_rank_minus_review_rank,-94.0,9,1,7,0,27.0,17.3,64.0741,,0.1426,0.0,"Audit whether value, review participation, and breadth point to the same customers."
customer_signal_alignment,customer,921901,403,496,transaction_rank_minus_review_rank,-93.0,9,1,8,0,27.0,18.81,69.6667,,0.1426,0.0,"Audit whether value, review participation, and breadth point to the same customers."
customer_signal_alignment,customer,448739,1,93,transaction_rank_minus_review_rank,-92.0,29,1,16,2,81.0,51.6,63.7037,3.5,0.4594,0.2805,"Audit whether value, review participation, and breadth point to the same customers."
customer_signal_alignment,customer,230602,163,254,transaction_rank_minus_review_rank,-91.0,13,1,11,1,37.0,22.75,61.4865,3.0,0.206,0.1403,"Audit whether value, review participation, and breadth point to the same customers."
customer_signal_alignment,customer,265707,165,255,transaction_rank_minus_review_rank,-90.0,13,1,8,1,39.0,25.64,65.7436,1.0,0.206,0.1403,"Audit whether value, review participation, and breadth point to the same customers."
customer_signal_alignment,customer,976778,407,497,transaction_rank_minus_review_rank,-90.0,9,1,8,0,27.0,17.82,66.0,,0.1426,0.0,"Audit whether value, review participation, and breadth point to the same customers."
customer_signal_alignment,customer,104939,409,498,transaction_rank_minus_review_rank,-89.0,8,1,6,0,22.0,14.47,65.7727,,0.1267,0.0,"Audit whether value, review participation, and breadth point to the same customers."
customer_signal_alignment,customer,147216,8,94,transaction_rank_minus_review_rank,-86.0,21,1,11,2,63.0,40.57,64.3968,2.5,0.3327,0.2805,"Audit whether value, review participation, and breadth point to the same customers."
customer_signal_alignment,customer,485769,173,256,transaction_rank_minus_review_rank,-83.0,13,1,10,1,37.0,22.54,60.9189,3.0,0.206,0.1403,"Audit whether value, review participation, and breadth point to the same customers."
customer_signal_alignment,customer,493552,174,257,transaction_rank_minus_review_rank,-83.0,13,1,10,1,39.0,26.97,69.1538,1.0,0.206,0.1403,"Audit whether value, review participation, and breadth point to the same customers."
customer_signal_alignment,customer,494106,175,258,transaction_rank_minus_review_rank,-83.0,13,1,7,1,39.0,27.61,70.7949,2.0,0.206,0.1403,"Audit whether value, review participation, and breadth point to the same customers."
customer_signal_alignment,customer,500350,176,259,transaction_rank_minus_review_rank,-83.0,13,1,9,1,39.0,25.08,64.3077,3.0,0.206,0.1403,"Audit whether value, review participation, and breadth point to the same customers."
customer_signal_alignment,customer,592592,179,260,transaction_rank_minus_review_rank,-81.0,13,1,9,1,39.0,24.06,61.6923,5.0,0.206,0.1403,"Audit whether value, review participation, and breadth point to the same customers."
customer_signal_alignment,customer,796796,14,95,transaction_rank_minus_review_rank,-81.0,21,1,12,2,63.0,42.45,67.381,4.5,0.3327,0.2805,"Audit whether value, review participation, and breadth point to the same customers."
customer_signal_alignment,customer,353846,419,499,transaction_rank_minus_review_rank,-80.0,8,1,7,0,24.0,14.35,59.7917,,0.1267,0.0,"Audit whether value, review participation, and breadth point to the same customers."
customer_signal_alignment,customer,599995,181,261,transaction_rank_minus_review_rank,-80.0,13,1,10,1,39.0,24.32,62.359,1.0,0.206,0.1403,"Audit whether value, review participation, and breadth point to the same customers."
customer_signal_alignment,customer,110363,17,96,transaction_rank_minus_review_rank,-79.0,20,1,14,2,60.0,40.54,67.5667,4.0,0.3169,0.2805,"Audit whether value, review participation, and breadth point to the same customers."
customer_signal_alignment,customer,657495,183,262,transaction_rank_minus_review_rank,-79.0,13,1,10,1,37.0,24.36,65.8378,5.0,0.206,0.1403,"Audit whether value, review participation, and breadth point to the same customers."
customer_signal_alignment,customer,452874,422,500,transaction_rank_minus_review_rank,-78.0,8,1,7,0,24.0,16.02,66.75,,0.1267,0.0,"Audit whether value, review participation, and breadth point to the same customers."
customer_signal_alignment,customer,378374,20,97,transaction_rank_minus_review_rank,-77.0,20,1,13,2,58.0,36.91,63.6379,3.0,0.3169,0.2805,"Audit whether value, review participation, and breadth point to the same customers."
customer_signal_alignment,customer,404678,21,98,transaction_rank_minus_review_rank,-77.0,20,1,13,2,60.0,38.24,63.7333,3.0,0.3169,0.2805,"Audit whether value, review participation, and breadth point to the same customers."
customer_signal_alignment,customer,547890,427,501,transaction_rank_minus_review_rank,-74.0,8,1,8,0,24.0,15.54,64.75,,0.1267,0.0,"Audit whether value, review participation, and breadth point to the same customers."
customer_signal_alignment,customer,565259,428,502,transaction_rank_minus_review_rank,-74.0,8,1,8,0,24.0,14.82,61.75,,0.1267,0.0,"Audit whether value, review participation, and breadth point to the same customers."
customer_signal_alignment,customer,765237,190,263,transaction_rank_minus_review_rank,-73.0,13,1,10,1,39.0,25.15,64.4872,1.0,0.206,0.1403,"Audit whether value, review participation, and breadth point to the same customers."
customer_signal_alignment,customer,693531,431,503,transaction_rank_minus_review_rank,-72.0,8,1,7,0,24.0,15.05,62.7083,,0.1267,0.0,"Audit whether value, review participation, and breadth point to the same customers."
customer_signal_alignment,customer,818287,192,264,transaction_rank_minus_review_rank,-72.0,13,1,11,1,37.0,24.24,65.5135,3.0,0.206,0.1403,"Audit whether value, review participation, and breadth point to the same customers."
customer_signal_alignment,customer,826590,193,265,transaction_rank_minus_review_rank,-72.0,13,1,8,1,37.0,22.43,60.6216,5.0,0.206,0.1403,"Audit whether value, review participation, and breadth point to the same customers."
customer_signal_alignment,customer,738357,433,504,transaction_rank_minus_review_rank,-71.0,8,1,7,0,24.0,15.18,63.25,,0.1267,0.0,"Audit whether value, review participation, and breadth point to the same customers."
customer_signal_alignment,customer,422951,29,99,transaction_rank_minus_review_rank,-70.0,19,1,11,2,57.0,36.13,63.386,3.5,0.301,0.2805,"Audit whether value, review participation, and breadth point to the same customers."
customer_signal_alignment,customer,500828,31,100,transaction_rank_minus_review_rank,-69.0,19,1,10,2,55.0,33.48,60.8727,3.5,0.301,0.2805,"Audit whether value, review participation, and breadth point to the same customers."
customer_signal_alignment,customer,791559,436,505,transaction_rank_minus_review_rank,-69.0,8,1,8,0,24.0,15.48,64.5,,0.1267,0.0,"Audit whether value, review participation, and breadth point to the same customers."
customer_signal_alignment,customer,798336,437,506,transaction_rank_minus_review_rank,-69.0,8,1,7,0,22.0,14.59,66.3182,,0.1267,0.0,"Audit whether value, review participation, and breadth point to the same customers."
customer_signal_alignment,customer,837763,439,507,transaction_rank_minus_review_rank,-68.0,8,1,7,0,18.0,8.79,48.8333,,0.1267,0.0,"Audit whether value, review participation, and breadth point to the same customers."
customer_signal_alignment,customer,955591,198,266,transaction_rank_minus_review_rank,-68.0,13,1,8,1,39.0,27.33,70.0769,4.0,0.206,0.1403,"Audit whether value, review participation, and breadth point to the same customers."
customer_signal_alignment,customer,961080,199,267,transaction_rank_minus_review_rank,-68.0,13,1,9,1,39.0,25.67,65.8205,3.0,0.206,0.1403,"Audit whether value, review participation, and breadth point to the same customers."
customer_signal_alignment,customer,111991,202,269,transaction_rank_minus_review_rank,-67.0,12,1,9,1,34.0,22.37,65.7941,2.0,0.1901,0.1403,"Audit whether value, review participation, and breadth point to the same customers."
customer_signal_alignment,customer,893039,441,508,transaction_rank_minus_review_rank,-67.0,8,1,5,0,22.0,15.62,71.0,,0.1267,0.0,"Audit whether value, review participation, and breadth point to the same customers."
customer_signal_alignment,customer,994056,201,268,transaction_rank_minus_review_rank,-67.0,13,1,10,1,39.0,25.99,66.641,5.0,0.206,0.1403,"Audit whether value, review participation, and breadth point to the same customers."
customer_signal_alignment,customer,103508,445,510,transaction_rank_minus_review_rank,-65.0,7,1,7,0,19.0,12.4,65.2632,,0.1109,0.0,"Audit whether value, review participation, and breadth point to the same customers."
customer_signal_alignment,customer,924361,444,509,transaction_rank_minus_review_rank,-65.0,8,1,7,0,24.0,15.15,63.125,,0.1267,0.0,"Audit whether value, review participation, and breadth point to the same customers."
customer_signal_alignment,customer,191951,207,270,transaction_rank_minus_review_rank,-63.0,12,1,8,1,36.0,24.02,66.7222,2.0,0.1901,0.1403,"Audit whether value, review participation, and breadth point to the same customers."
customer_signal_alignment,customer,203787,209,271,transaction_rank_minus_review_rank,-62.0,12,1,9,1,36.0,24.39,67.75,4.0,0.1901,0.1403,"Audit whether value, review participation, and breadth point to the same customers."
customer_signal_alignment,customer,157695,40,101,transaction_rank_minus_review_rank,-61.0,18,1,10,2,50.0,30.25,60.5,2.5,0.2852,0.2805,"Audit whether value, review participation, and breadth point to the same customers."
customer_signal_alignment,customer,194680,41,102,transaction_rank_minus_review_rank,-61.0,18,1,11,2,52.0,33.38,64.1923,3.0,0.2852,0.2805,"Audit whether value, review participation, and breadth point to the same customers."
customer_signal_alignment,customer,220206,42,103,transaction_rank_minus_review_rank,-61.0,18,1,13,2,54.0,34.85,64.537,3.5,0.2852,0.2805,"Audit whether value, review participation, and breadth point to the same customers."
customer_signal_alignment,customer,412544,46,104,transaction_rank_minus_review_rank,-58.0,18,1,12,2,52.0,33.9,65.1923,5.0,0.2852,0.2805,"Audit whether value, review participation, and breadth point to the same customers."
customer_signal_alignment,customer,306475,216,272,transaction_rank_minus_review_rank,-56.0,12,1,9,1,36.0,23.82,66.1667,1.0,0.1901,0.1403,"Audit whether value, review participation, and breadth point to the same customers."
customer_signal_alignment,customer,491380,49,105,transaction_rank_minus_review_rank,-56.0,18,1,11,2,54.0,35.75,66.2037,3.0,0.2852,0.2805,"Audit whether value, review participation, and breadth point to the same customers."
customer_signal_alignment,customer,385115,219,273,transaction_rank_minus_review_rank,-54.0,12,1,9,1,36.0,22.66,62.9444,3.0,0.1901,0.1403,"Audit whether value, review participation, and breadth point to the same customers."
customer_signal_alignment,customer,757780,52,106,transaction_rank_minus_review_rank,-54.0,18,1,13,2,52.0,33.52,64.4615,4.0,0.2852,0.2805,"Audit whether value, review participation, and breadth point to the same customers."
customer_signal_alignment,customer,149240,55,108,transaction_rank_minus_review_rank,-53.0,17,1,12,2,51.0,33.57,65.8235,3.5,0.2693,0.2805,"Audit whether value, review participation, and breadth point to the same customers."
customer_signal_alignment,customer,390130,458,511,transaction_rank_minus_review_rank,-53.0,7,1,5,0,21.0,14.98,71.3333,,0.1109,0.0,"Audit whether value, review participation, and breadth point to the same customers."
customer_signal_alignment,customer,941876,54,107,transaction_rank_minus_review_rank,-53.0,18,1,11,2,52.0,31.22,60.0385,4.0,0.2852,0.2805,"Audit whether value, review participation, and breadth point to the same customers."
customer_signal_alignment,customer,207846,57,109,transaction_rank_minus_review_rank,-52.0,17,1,10,2,51.0,33.13,64.9608,3.0,0.2693,0.2805,"Audit whether value, review participation, and breadth point to the same customers."
customer_signal_alignment,customer,408341,222,274,transaction_rank_minus_review_rank,-52.0,12,1,9,1,34.0,21.02,61.8235,5.0,0.1901,0.1403,"Audit whether value, review participation, and breadth point to the same customers."
customer_signal_alignment,customer,417823,224,275,transaction_rank_minus_review_rank,-51.0,12,1,10,1,36.0,22.85,63.4722,4.0,0.1901,0.1403,"Audit whether value, review participation, and breadth point to the same customers."
customer_signal_alignment,customer,448993,226,276,transaction_rank_minus_review_rank,-50.0,12,1,9,1,32.0,21.13,66.0313,2.0,0.1901,0.1403,"Audit whether value, review participation, and breadth point to the same customers."
customer_signal_alignment,customer,456457,227,277,transaction_rank_minus_review_rank,-50.0,12,1,9,1,36.0,25.61,71.1389,2.0,0.1901,0.1403,"Audit whether value, review participation, and breadth point to the same customers."
customer_signal_alignment,customer,507743,463,512,transaction_rank_minus_review_rank,-49.0,7,1,7,0,21.0,12.52,59.619,,0.1109,0.0,"Audit whether value, review participation, and breadth point to the same customers."
customer_signal_alignment,customer,528475,464,513,transaction_rank_minus_review_rank,-49.0,7,1,7,0,21.0,13.66,65.0476,,0.1109,0.0,"Audit whether value, review participation, and breadth point to the same customers."
customer_signal_alignment,customer,537860,229,278,transaction_rank_minus_review_rank,-49.0,12,1,9,1,36.0,23.93,66.4722,4.0,0.1901,0.1403,"Audit whether value, review participation, and breadth point to the same customers."
customer_signal_alignment,customer,563500,230,279,transaction_rank_minus_review_rank,-49.0,12,1,9,1,36.0,22.75,63.1944,1.0,0.1901,0.1403,"Audit whether value, review participation, and breadth point to the same customers."
customer_signal_alignment,customer,556619,466,514,transaction_rank_minus_review_rank,-48.0,7,1,6,0,21.0,14.38,68.4762,,0.1109,0.0,"Audit whether value, review participation, and breadth point to the same customers."
customer_signal_alignment,customer,592528,467,515,transaction_rank_minus_review_rank,-48.0,7,1,7,0,21.0,14.28,68.0,,0.1109,0.0,"Audit whether value, review participation, and breadth point to the same customers."
customer_signal_alignment,customer,624668,469,516,transaction_rank_minus_review_rank,-47.0,7,1,4,0,21.0,14.46,68.8571,,0.1109,0.0,"Audit whether value, review participation, and breadth point to the same customers."
customer_signal_alignment,customer,646953,470,517,transaction_rank_minus_review_rank,-47.0,7,1,5,0,21.0,13.98,66.5714,,0.1109,0.0,"Audit whether value, review participation, and breadth point to the same customers."
customer_signal_alignment,customer,656512,471,518,transaction_rank_minus_review_rank,-47.0,7,1,6,0,19.0,11.63,61.2105,,0.1109,0.0,"Audit whether value, review participation, and breadth point to the same customers."
customer_signal_alignment,customer,656728,472,519,transaction_rank_minus_review_rank,-47.0,7,1,3,0,21.0,13.27,63.1905,,0.1109,0.0,"Audit whether value, review participation, and breadth point to the same customers."
customer_signal_alignment,customer,696852,473,520,transaction_rank_minus_review_rank,-47.0,7,1,3,0,21.0,13.94,66.381,,0.1109,0.0,"Audit whether value, review participation, and breadth point to the same customers."
customer_signal_alignment,customer,723057,63,110,transaction_rank_minus_review_rank,-47.0,17,1,11,2,47.0,28.7,61.0638,4.0,0.2693,0.2805,"Audit whether value, review participation, and breadth point to the same customers."
customer_signal_alignment,customer,745543,64,111,transaction_rank_minus_review_rank,-47.0,17,1,10,2,49.0,31.7,64.6939,3.0,0.2693,0.2805,"Audit whether value, review participation, and breadth point to the same customers."
customer_signal_alignment,customer,776775,474,521,transaction_rank_minus_review_rank,-47.0,7,1,6,0,19.0,10.94,57.5789,,0.1109,0.0,"Audit whether value, review participation, and breadth point to the same customers."
customer_signal_alignment,customer,783369,475,522,transaction_rank_minus_review_rank,-47.0,7,1,5,0,21.0,12.5,59.5238,,0.1109,0.0,"Audit whether value, review participation, and breadth point to the same customers."
customer_signal_alignment,customer,789065,476,523,transaction_rank_minus_review_rank,-47.0,7,1,5,0,21.0,13.57,64.619,,0.1109,0.0,"Audit whether value, review participation, and breadth point to the same customers."
customer_signal_alignment,customer,813719,478,524,transaction_rank_minus_review_rank,-46.0,7,1,6,0,21.0,14.05,66.9048,,0.1109,0.0,"Audit whether value, review participation, and breadth point to the same customers."
customer_signal_alignment,customer,817500,479,525,transaction_rank_minus_review_rank,-46.0,7,1,6,0,21.0,14.27,67.9524,,0.1109,0.0,"Audit whether value, review participation, and breadth point to the same customers."
customer_signal_alignment,customer,846722,482,526,transaction_rank_minus_review_rank,-44.0,7,1,7,0,21.0,14.15,67.381,,0.1109,0.0,"Audit whether value, review participation, and breadth point to the same customers."
customer_signal_alignment,customer,850952,483,527,transaction_rank_minus_review_rank,-44.0,7,1,6,0,21.0,13.26,63.1429,,0.1109,0.0,"Audit whether value, review participation, and breadth point to the same customers."
customer_signal_alignment,customer,900440,68,112,transaction_rank_minus_review_rank,-44.0,17,1,12,2,47.0,28.58,60.8085,3.0,0.2693,0.2805,"Audit whether value, review participation, and breadth point to the same customers."
customer_signal_alignment,customer,944523,69,113,transaction_rank_minus_review_rank,-44.0,17,1,11,2,51.0,33.03,64.7647,4.5,0.2693,0.2805,"Audit whether value, review participation, and breadth point to the same customers."
customer_signal_alignment,customer,950299,70,114,transaction_rank_minus_review_rank,-44.0,17,1,12,2,49.0,30.71,62.6735,2.0,0.2693,0.2805,"Audit whether value, review participation, and breadth point to the same customers."
customer_signal_alignment,customer,157388,73,115,transaction_rank_minus_review_rank,-42.0,16,1,10,2,44.0,29.28,66.5455,2.5,0.2535,0.2805,"Audit whether value, review participation, and breadth point to the same customers."
customer_signal_alignment,customer,253106,78,116,transaction_rank_minus_review_rank,-38.0,16,1,11,2,48.0,31.26,65.125,3.5,0.2535,0.2805,"Audit whether value, review participation, and breadth point to the same customers."
customer_signal_alignment,customer,317461,79,117,transaction_rank_minus_review_rank,-38.0,16,1,11,2,48.0,31.6,65.8333,4.0,0.2535,0.2805,"Audit whether value, review participation, and breadth point to the same customers."
customer_signal_alignment,customer,888759,244,280,transaction_rank_minus_review_rank,-36.0,12,1,11,1,34.0,21.13,62.1471,4.0,0.1901,0.1403,"Audit whether value, review participation, and breadth point to the same customers."
customer_signal_alignment,customer,908768,247,281,transaction_rank_minus_review_rank,-34.0,12,1,7,1,34.0,20.63,60.6765,4.0,0.1901,0.1403,"Audit whether value, review participation, and breadth point to the same customers."
customer_signal_alignment,customer,921792,248,282,transaction_rank_minus_review_rank,-34.0,12,1,7,1,36.0,23.45,65.1389,1.0,0.1901,0.1403,"Audit whether value, review participation, and breadth point to the same customers."
customer_signal_alignment,customer,418521,495,528,transaction_rank_minus_review_rank,-33.0,6,1,4,0,18.0,12.45,69.1667,,0.0951,0.0,"Audit whether value, review participation, and breadth point to the same customers."
customer_signal_alignment,customer,977759,250,283,transaction_rank_minus_review_rank,-33.0,12,1,8,1,36.0,25.1,69.7222,2.0,0.1901,0.1403,"Audit whether value, review participation, and breadth point to the same customers."
customer_signal_alignment,customer,166135,252,284,transaction_rank_minus_review_rank,-32.0,11,1,8,1,31.0,18.45,59.5161,4.0,0.1743,0.1403,"Audit whether value, review participation, and breadth point to the same customers."
customer_signal_alignment,customer,458448,497,529,transaction_rank_minus_review_rank,-32.0,6,1,6,0,18.0,12.03,66.8333,,0.0951,0.0,"Audit whether value, review participation, and breadth point to the same customers."
customer_signal_alignment,customer,475216,498,530,transaction_rank_minus_review_rank,-32.0,6,1,4,0,18.0,11.45,63.6111,,0.0951,0.0,"Audit whether value, review participation, and breadth point to the same customers."
customer_signal_alignment,customer,537796,500,531,transaction_rank_minus_review_rank,-31.0,6,1,4,0,18.0,12.33,68.5,,0.0951,0.0,"Audit whether value, review participation, and breadth point to the same customers."
customer_signal_alignment,customer,554099,503,532,transaction_rank_minus_review_rank,-29.0,6,1,6,0,18.0,11.06,61.4444,,0.0951,0.0,"Audit whether value, review participation, and breadth point to the same customers."
customer_signal_alignment,customer,905670,7,36,transaction_rank_minus_review_rank,-29.0,22,1,14,3,60.0,35.18,58.6333,2.0,0.3485,0.4208,"Audit whether value, review participation, and breadth point to the same customers."
customer_signal_alignment,customer,175940,9,37,transaction_rank_minus_review_rank,-28.0,21,1,10,3,63.0,41.38,65.6825,3.3333,0.3327,0.4208,"Audit whether value, review participation, and breadth point to the same customers."
customer_signal_alignment,customer,559190,505,533,transaction_rank_minus_review_rank,-28.0,6,1,4,0,18.0,11.02,61.2222,,0.0951,0.0,"Audit whether value, review participation, and breadth point to the same customers."
customer_signal_alignment,customer,601753,506,534,transaction_rank_minus_review_rank,-28.0,6,1,4,0,18.0,10.63,59.0556,,0.0951,0.0,"Audit whether value, review participation, and breadth point to the same customers."
customer_signal_alignment,customer,622131,507,535,transaction_rank_minus_review_rank,-28.0,6,1,5,0,18.0,12.38,68.7778,,0.0951,0.0,"Audit whether value, review participation, and breadth point to the same customers."
customer_signal_alignment,customer,660634,508,536,transaction_rank_minus_review_rank,-28.0,6,1,5,0,16.0,9.96,62.25,,0.0951,0.0,"Audit whether value, review participation, and breadth point to the same customers."
customer_signal_alignment,customer,695276,509,537,transaction_rank_minus_review_rank,-28.0,6,1,4,0,18.0,12.4,68.8889,,0.0951,0.0,"Audit whether value, review participation, and breadth point to the same customers."
customer_signal_alignment,customer,702197,510,538,transaction_rank_minus_review_rank,-28.0,6,1,6,0,18.0,11.33,62.9444,,0.0951,0.0,"Audit whether value, review participation, and breadth point to the same customers."
customer_signal_alignment,customer,724700,512,539,transaction_rank_minus_review_rank,-27.0,6,1,5,0,18.0,11.67,64.8333,,0.0951,0.0,"Audit whether value, review participation, and breadth point to the same customers."
customer_signal_alignment,customer,728908,513,540,transaction_rank_minus_review_rank,-27.0,6,1,6,0,18.0,11.39,63.2778,,0.0951,0.0,"Audit whether value, review participation, and breadth point to the same customers."
customer_signal_alignment,customer,158528,93,118,transaction_rank_minus_review_rank,-25.0,15,1,9,2,43.0,27.04,62.8837,3.0,0.2376,0.2805,"Audit whether value, review participation, and breadth point to the same customers."
customer_signal_alignment,customer,840970,516,541,transaction_rank_minus_review_rank,-25.0,6,1,5,0,18.0,11.15,61.9444,,0.0951,0.0,"Audit whether value, review participation, and breadth point to the same customers."
customer_signal_alignment,customer,872851,517,542,transaction_rank_minus_review_rank,-25.0,6,1,6,0,18.0,13.06,72.5556,,0.0951,0.0,"Audit whether value, review participation, and breadth point to the same customers."
customer_signal_alignment,customer,924947,519,543,transaction_rank_minus_review_rank,-24.0,6,1,5,0,18.0,11.09,61.6111,,0.0951,0.0,"Audit whether value, review participation, and breadth point to the same customers."
customer_signal_alignment,customer,938393,520,544,transaction_rank_minus_review_rank,-24.0,6,1,5,0,18.0,11.39,63.2778,,0.0951,0.0,"Audit whether value, review participation, and breadth point to the same customers."
customer_signal_alignment,customer,994269,521,545,transaction_rank_minus_review_rank,-24.0,6,1,3,0,18.0,10.87,60.3889,,0.0951,0.0,"Audit whether value, review participation, and breadth point to the same customers."
customer_signal_alignment,customer,249779,97,119,transaction_rank_minus_review_rank,-22.0,15,1,8,2,45.0,28.22,62.7111,1.5,0.2376,0.2805,"Audit whether value, review participation, and breadth point to the same customers."
customer_signal_alignment,customer,422717,264,285,transaction_rank_minus_review_rank,-21.0,11,1,9,1,33.0,21.17,64.1515,2.0,0.1743,0.1403,"Audit whether value, review participation, and breadth point to the same customers."
customer_signal_alignment,customer,325263,19,38,transaction_rank_minus_review_rank,-19.0,20,1,10,3,56.0,36.77,65.6607,2.3333,0.3169,0.4208,"Audit whether value, review participation, and breadth point to the same customers."
customer_signal_alignment,customer,484909,267,286,transaction_rank_minus_review_rank,-19.0,11,1,6,1,31.0,18.98,61.2258,3.0,0.1743,0.1403,"Audit whether value, review participation, and breadth point to the same customers."
customer_signal_alignment,customer,550824,104,120,transaction_rank_minus_review_rank,-16.0,15,1,8,2,41.0,28.05,68.4146,2.5,0.2376,0.2805,"Audit whether value, review participation, and breadth point to the same customers."
customer_signal_alignment,customer,593317,273,287,transaction_rank_minus_review_rank,-14.0,11,1,8,1,31.0,19.84,64.0,2.0,0.1743,0.1403,"Audit whether value, review participation, and breadth point to the same customers."
customer_signal_alignment,customer,606155,274,288,transaction_rank_minus_review_rank,-14.0,11,1,8,1,33.0,21.22,64.303,1.0,0.1743,0.1403,"Audit whether value, review participation, and breadth point to the same customers."
customer_signal_alignment,customer,468100,533,546,transaction_rank_minus_review_rank,-13.0,5,1,3,0,15.0,9.44,62.9333,,0.0792,0.0,"Audit whether value, review participation, and breadth point to the same customers."
customer_signal_alignment,customer,558749,534,547,transaction_rank_minus_review_rank,-13.0,5,1,4,0,15.0,9.53,63.5333,,0.0792,0.0,"Audit whether value, review participation, and breadth point to the same customers."
customer_signal_alignment,customer,305005,27,39,transaction_rank_minus_review_rank,-12.0,19,1,10,3,55.0,37.12,67.4909,4.3333,0.301,0.4208,"Audit whether value, review participation, and breadth point to the same customers."
customer_signal_alignment,customer,619910,536,548,transaction_rank_minus_review_rank,-12.0,5,1,4,0,15.0,8.58,57.2,,0.0792,0.0,"Audit whether value, review participation, and breadth point to the same customers."
customer_signal_alignment,customer,664934,278,289,transaction_rank_minus_review_rank,-11.0,11,1,9,1,33.0,20.49,62.0909,1.0,0.1743,0.1403,"Audit whether value, review participation, and breadth point to the same customers."
customer_signal_alignment,customer,722547,538,549,transaction_rank_minus_review_rank,-11.0,5,1,3,0,15.0,9.72,64.8,,0.0792,0.0,"Audit whether value, review participation, and breadth point to the same customers."
customer_signal_alignment,customer,112690,541,551,transaction_rank_minus_review_rank,-10.0,4,1,4,0,12.0,7.26,60.5,,0.0634,0.0,"Audit whether value, review participation, and breadth point to the same customers."
customer_signal_alignment,customer,441628,30,40,transaction_rank_minus_review_rank,-10.0,19,1,14,3,57.0,38.25,67.1053,2.3333,0.301,0.4208,"Audit whether value, review participation, and breadth point to the same customers."
customer_signal_alignment,customer,890651,540,550,transaction_rank_minus_review_rank,-10.0,5,1,3,0,15.0,11.52,76.8,,0.0792,0.0,"Audit whether value, review participation, and breadth point to the same customers."
customer_signal_alignment,customer,407605,5,14,transaction_rank_minus_review_rank,-9.0,22,1,12,4,64.0,40.92,63.9375,4.5,0.3485,0.561,"Audit whether value, review participation, and breadth point to the same customers."
customer_signal_alignment,customer,676155,281,290,transaction_rank_minus_review_rank,-9.0,11,1,6,1,33.0,21.08,63.8788,5.0,0.1743,0.1403,"Audit whether value, review participation, and breadth point to the same customers."
customer_signal_alignment,customer,707458,283,291,transaction_rank_minus_review_rank,-8.0,11,1,9,1,31.0,19.22,62.0,5.0,0.1743,0.1403,"Audit whether value, review participation, and breadth point to the same customers."
customer_signal_alignment,customer,731346,284,292,transaction_rank_minus_review_rank,-8.0,11,1,8,1,33.0,20.68,62.6667,1.0,0.1743,0.1403,"Audit whether value, review participation, and breadth point to the same customers."
customer_signal_alignment,customer,422592,545,552,transaction_rank_minus_review_rank,-7.0,4,1,4,0,12.0,7.33,61.0833,,0.0634,0.0,"Audit whether value, review participation, and breadth point to the same customers."
customer_signal_alignment,customer,242720,10,15,transaction_rank_minus_review_rank,-5.0,21,1,13,4,61.0,38.87,63.7213,3.75,0.3327,0.561,"Audit whether value, review participation, and breadth point to the same customers."
customer_signal_alignment,customer,143878,39,41,transaction_rank_minus_review_rank,-2.0,18,1,11,3,52.0,35.65,68.5577,2.3333,0.2852,0.4208,"Audit whether value, review participation, and breadth point to the same customers."
customer_signal_alignment,customer,520078,551,553,transaction_rank_minus_review_rank,-2.0,3,1,3,0,9.0,5.9,65.5556,,0.0475,0.0,"Audit whether value, review participation, and breadth point to the same customers."
customer_signal_alignment,customer,892883,119,121,transaction_rank_minus_review_rank,-2.0,15,1,12,2,45.0,30.45,67.6667,3.0,0.2376,0.2805,"Audit whether value, review participation, and breadth point to the same customers."
customer_signal_alignment,customer,940912,553,554,transaction_rank_minus_review_rank,-1.0,2,1,2,0,6.0,3.9,65.0,,0.0317,0.0,"Audit whether value, review participation, and breadth point to the same customers."
customer_signal_alignment,customer,806545,295,293,transaction_rank_minus_review_rank,2.0,11,1,8,1,31.0,18.35,59.1935,3.0,0.1743,0.1403,"Audit whether value, review participation, and breadth point to the same customers."
customer_signal_alignment,customer,236554,127,122,transaction_rank_minus_review_rank,5.0,14,1,11,2,40.0,25.89,64.725,2.5,0.2218,0.2805,"Audit whether value, review participation, and breadth point to the same customers."
customer_signal_alignment,customer,442254,47,42,transaction_rank_minus_review_rank,5.0,18,1,10,3,50.0,30.63,61.26,3.0,0.2852,0.4208,"Audit whether value, review participation, and breadth point to the same customers."
customer_signal_alignment,customer,317807,131,123,transaction_rank_minus_review_rank,8.0,14,1,10,2,42.0,28.51,67.881,2.0,0.2218,0.2805,"Audit whether value, review participation, and breadth point to the same customers."
customer_signal_alignment,customer,347659,132,124,transaction_rank_minus_review_rank,8.0,14,1,10,2,42.0,27.54,65.5714,2.0,0.2218,0.2805,"Audit whether value, review participation, and breadth point to the same customers."
customer_signal_alignment,customer,346006,28,16,transaction_rank_minus_review_rank,12.0,19,1,12,4,55.0,34.44,62.6182,2.0,0.301,0.561,"Audit whether value, review participation, and breadth point to the same customers."
customer_signal_alignment,customer,192738,311,294,transaction_rank_minus_review_rank,17.0,10,1,8,1,30.0,19.03,63.4333,3.0,0.1584,0.1403,"Audit whether value, review participation, and breadth point to the same customers."
customer_signal_alignment,customer,559688,61,43,transaction_rank_minus_review_rank,18.0,17,1,12,3,49.0,33.28,67.9184,3.6667,0.2693,0.4208,"Audit whether value, review participation, and breadth point to the same customers."
customer_signal_alignment,customer,297686,317,295,transaction_rank_minus_review_rank,22.0,10,1,8,1,30.0,18.97,63.2333,4.0,0.1584,0.1403,"Audit whether value, review participation, and breadth point to the same customers."
customer_signal_alignment,customer,575041,33,6,transaction_rank_minus_review_rank,27.0,19,1,13,5,53.0,34.13,64.3962,3.4,0.301,0.7013,"Audit whether value, review participation, and breadth point to the same customers."
customer_signal_alignment,customer,994199,71,44,transaction_rank_minus_review_rank,27.0,17,1,8,3,49.0,30.34,61.9184,3.3333,0.2693,0.4208,"Audit whether value, review participation, and breadth point to the same customers."
customer_signal_alignment,customer,380003,324,296,transaction_rank_minus_review_rank,28.0,10,1,10,1,30.0,19.58,65.2667,3.0,0.1584,0.1403,"Audit whether value, review participation, and breadth point to the same customers."
customer_signal_alignment,customer,161942,74,45,transaction_rank_minus_review_rank,29.0,16,1,11,3,48.0,30.15,62.8125,2.0,0.2535,0.4208,"Audit whether value, review participation, and breadth point to the same customers."
customer_signal_alignment,customer,938006,155,125,transaction_rank_minus_review_rank,30.0,14,1,9,2,38.0,25.03,65.8684,2.5,0.2218,0.2805,"Audit whether value, review participation, and breadth point to the same customers."
customer_signal_alignment,customer,454143,328,297,transaction_rank_minus_review_rank,31.0,10,1,9,1,28.0,19.17,68.4643,2.0,0.1584,0.1403,"Audit whether value, review participation, and breadth point to the same customers."
customer_signal_alignment,customer,480298,331,298,transaction_rank_minus_review_rank,33.0,10,1,8,1,30.0,19.21,64.0333,4.0,0.1584,0.1403,"Audit whether value, review participation, and breadth point to the same customers."
customer_signal_alignment,customer,199895,160,126,transaction_rank_minus_review_rank,34.0,13,1,9,2,37.0,24.14,65.2432,2.5,0.206,0.2805,"Audit whether value, review participation, and breadth point to the same customers."
customer_signal_alignment,customer,336644,81,46,transaction_rank_minus_review_rank,35.0,16,1,12,3,46.0,31.25,67.9348,2.6667,0.2535,0.4208,"Audit whether value, review participation, and breadth point to the same customers."
customer_signal_alignment,customer,352644,82,47,transaction_rank_minus_review_rank,35.0,16,1,10,3,48.0,31.23,65.0625,2.6667,0.2535,0.4208,"Audit whether value, review participation, and breadth point to the same customers."
customer_signal_alignment,customer,427391,83,48,transaction_rank_minus_review_rank,35.0,16,1,10,3,48.0,31.3,65.2083,3.3333,0.2535,0.4208,"Audit whether value, review participation, and breadth point to the same customers."
customer_signal_alignment,customer,534481,334,299,transaction_rank_minus_review_rank,35.0,10,1,10,1,30.0,19.74,65.8,4.0,0.1584,0.1403,"Audit whether value, review participation, and breadth point to the same customers."
customer_signal_alignment,customer,566192,335,300,transaction_rank_minus_review_rank,35.0,10,1,9,1,30.0,18.82,62.7333,3.0,0.1584,0.1403,"Audit whether value, review participation, and breadth point to the same customers."
customer_signal_alignment,customer,567719,336,301,transaction_rank_minus_review_rank,35.0,10,1,7,1,30.0,18.12,60.4,5.0,0.1584,0.1403,"Audit whether value, review participation, and breadth point to the same customers."
customer_signal_alignment,customer,663029,337,302,transaction_rank_minus_review_rank,35.0,10,1,10,1,28.0,18.61,66.4643,2.0,0.1584,0.1403,"Audit whether value, review participation, and breadth point to the same customers."
customer_signal_alignment,customer,235720,164,127,transaction_rank_minus_review_rank,37.0,13,1,10,2,39.0,25.12,64.4103,3.5,0.206,0.2805,"Audit whether value, review participation, and breadth point to the same customers."
customer_signal_alignment,customer,723819,340,303,transaction_rank_minus_review_rank,37.0,10,1,8,1,30.0,21.24,70.8,1.0,0.1584,0.1403,"Audit whether value, review participation, and breadth point to the same customers."
customer_signal_alignment,customer,739393,341,304,transaction_rank_minus_review_rank,37.0,10,1,8,1,30.0,19.23,64.1,5.0,0.1584,0.1403,"Audit whether value, review participation, and breadth point to the same customers."
customer_signal_alignment,customer,366695,166,128,transaction_rank_minus_review_rank,38.0,13,1,9,2,39.0,25.79,66.1282,2.5,0.206,0.2805,"Audit whether value, review participation, and breadth point to the same customers."
customer_signal_alignment,customer,744780,343,305,transaction_rank_minus_review_rank,38.0,10,1,9,1,30.0,20.12,67.0667,4.0,0.1584,0.1403,"Audit whether value, review participation, and breadth point to the same customers."
customer_signal_alignment,customer,418506,168,129,transaction_rank_minus_review_rank,39.0,13,1,10,2,39.0,23.92,61.3333,1.5,0.206,0.2805,"Audit whether value, review participation, and breadth point to the same customers."
customer_signal_alignment,customer,426984,169,130,transaction_rank_minus_review_rank,39.0,13,1,10,2,37.0,24.26,65.5676,3.0,0.206,0.2805,"Audit whether value, review participation, and breadth point to the same customers."
customer_signal_alignment,customer,427826,170,131,transaction_rank_minus_review_rank,39.0,13,1,9,2,37.0,22.8,61.6216,3.0,0.206,0.2805,"Audit whether value, review participation, and breadth point to the same customers."
customer_signal_alignment,customer,810369,346,306,transaction_rank_minus_review_rank,40.0,10,1,6,1,30.0,19.74,65.8,4.0,0.1584,0.1403,"Audit whether value, review participation, and breadth point to the same customers."
customer_signal_alignment,customer,358901,59,17,transaction_rank_minus_review_rank,42.0,17,1,12,4,51.0,33.85,66.3725,4.25,0.2693,0.561,"Audit whether value, review participation, and breadth point to the same customers."
customer_signal_alignment,customer,226909,95,49,transaction_rank_minus_review_rank,46.0,15,1,10,3,41.0,25.91,63.1951,3.3333,0.2376,0.4208,"Audit whether value, review participation, and breadth point to the same customers."
customer_signal_alignment,customer,245577,96,50,transaction_rank_minus_review_rank,46.0,15,1,11,3,43.0,26.93,62.6279,4.6667,0.2376,0.4208,"Audit whether value, review participation, and breadth point to the same customers."
customer_signal_alignment,customer,585972,178,132,transaction_rank_minus_review_rank,46.0,13,1,9,2,39.0,26.85,68.8462,3.5,0.206,0.2805,"Audit whether value, review participation, and breadth point to the same customers."
customer_signal_alignment,customer,119406,355,307,transaction_rank_minus_review_rank,48.0,9,1,8,1,27.0,16.02,59.3333,3.0,0.1426,0.1403,"Audit whether value, review participation, and breadth point to the same customers."
customer_signal_alignment,customer,158310,356,308,transaction_rank_minus_review_rank,48.0,9,1,6,1,27.0,17.0,62.963,5.0,0.1426,0.1403,"Audit whether value, review participation, and breadth point to the same customers."
customer_signal_alignment,customer,659695,184,133,transaction_rank_minus_review_rank,51.0,13,1,9,2,39.0,26.78,68.6667,3.5,0.206,0.2805,"Audit whether value, review participation, and breadth point to the same customers."
customer_signal_alignment,customer,233956,362,309,transaction_rank_minus_review_rank,53.0,9,1,8,1,27.0,18.19,67.3704,5.0,0.1426,0.1403,"Audit whether value, review participation, and breadth point to the same customers."
customer_signal_alignment,customer,241144,363,310,transaction_rank_minus_review_rank,53.0,9,1,9,1,27.0,17.11,63.3704,2.0,0.1426,0.1403,"Audit whether value, review participation, and breadth point to the same customers."
customer_signal_alignment,customer,734514,188,134,transaction_rank_minus_review_rank,54.0,13,1,10,2,39.0,24.59,63.0513,2.5,0.206,0.2805,"Audit whether value, review participation, and breadth point to the same customers."
customer_signal_alignment,customer,276549,366,311,transaction_rank_minus_review_rank,55.0,9,1,8,1,27.0,16.23,60.1111,1.0,0.1426,0.1403,"Audit whether value, review participation, and breadth point to the same customers."
customer_signal_alignment,customer,286196,368,312,transaction_rank_minus_review_rank,56.0,9,1,9,1,27.0,18.72,69.3333,3.0,0.1426,0.1403,"Audit whether value, review participation, and breadth point to the same customers."
customer_signal_alignment,customer,189953,76,18,transaction_rank_minus_review_rank,58.0,16,1,9,4,48.0,31.18,64.9583,3.25,0.2535,0.561,"Audit whether value, review participation, and breadth point to the same customers."
customer_signal_alignment,customer,343021,372,313,transaction_rank_minus_review_rank,59.0,9,1,7,1,27.0,17.03,63.0741,2.0,0.1426,0.1403,"Audit whether value, review participation, and breadth point to the same customers."
customer_signal_alignment,customer,357579,373,314,transaction_rank_minus_review_rank,59.0,9,1,8,1,27.0,18.39,68.1111,4.0,0.1426,0.1403,"Audit whether value, review participation, and breadth point to the same customers."
customer_signal_alignment,customer,384899,375,315,transaction_rank_minus_review_rank,60.0,9,1,7,1,27.0,17.73,65.6667,2.0,0.1426,0.1403,"Audit whether value, review participation, and breadth point to the same customers."
customer_signal_alignment,customer,551950,381,316,transaction_rank_minus_review_rank,65.0,9,1,6,1,25.0,15.15,60.6,1.0,0.1426,0.1403,"Audit whether value, review participation, and breadth point to the same customers."
customer_signal_alignment,customer,628132,384,317,transaction_rank_minus_review_rank,67.0,9,1,8,1,27.0,17.47,64.7037,5.0,0.1426,0.1403,"Audit whether value, review participation, and breadth point to the same customers."
customer_signal_alignment,customer,665313,385,318,transaction_rank_minus_review_rank,67.0,9,1,7,1,27.0,17.78,65.8519,3.0,0.1426,0.1403,"Audit whether value, review participation, and breadth point to the same customers."
customer_signal_alignment,customer,145929,203,135,transaction_rank_minus_review_rank,68.0,12,1,7,2,36.0,20.97,58.25,2.5,0.1901,0.2805,"Audit whether value, review participation, and breadth point to the same customers."
customer_signal_alignment,customer,147543,204,136,transaction_rank_minus_review_rank,68.0,12,1,9,2,36.0,25.52,70.8889,4.0,0.1901,0.2805,"Audit whether value, review participation, and breadth point to the same customers."
customer_signal_alignment,customer,161175,205,137,transaction_rank_minus_review_rank,68.0,12,1,8,2,34.0,20.99,61.7353,4.0,0.1901,0.2805,"Audit whether value, review participation, and breadth point to the same customers."
customer_signal_alignment,customer,679354,387,319,transaction_rank_minus_review_rank,68.0,9,1,8,1,27.0,16.69,61.8148,4.0,0.1426,0.1403,"Audit whether value, review participation, and breadth point to the same customers."
customer_signal_alignment,customer,701211,388,320,transaction_rank_minus_review_rank,68.0,9,1,5,1,27.0,16.28,60.2963,4.0,0.1426,0.1403,"Audit whether value, review participation, and breadth point to the same customers."
customer_signal_alignment,customer,717234,390,321,transaction_rank_minus_review_rank,69.0,9,1,7,1,27.0,17.7,65.5556,5.0,0.1426,0.1403,"Audit whether value, review participation, and breadth point to the same customers."
customer_signal_alignment,customer,137696,72,2,transaction_rank_minus_review_rank,70.0,16,1,11,6,48.0,29.0,60.4167,4.1667,0.2535,0.8415,"Audit whether value, review participation, and breadth point to the same customers."
customer_signal_alignment,customer,205927,210,138,transaction_rank_minus_review_rank,72.0,12,1,11,2,36.0,23.77,66.0278,3.0,0.1901,0.2805,"Audit whether value, review participation, and breadth point to the same customers."
customer_signal_alignment,customer,225489,212,139,transaction_rank_minus_review_rank,73.0,12,1,10,2,36.0,22.52,62.5556,1.0,0.1901,0.2805,"Audit whether value, review participation, and breadth point to the same customers."
customer_signal_alignment,customer,331115,80,7,transaction_rank_minus_review_rank,73.0,16,1,10,5,48.0,30.92,64.4167,2.4,0.2535,0.7013,"Audit whether value, review participation, and breadth point to the same customers."
customer_signal_alignment,customer,238347,214,140,transaction_rank_minus_review_rank,74.0,12,1,9,2,36.0,23.28,64.6667,3.0,0.1901,0.2805,"Audit whether value, review participation, and breadth point to the same customers."
customer_signal_alignment,customer,324435,217,141,transaction_rank_minus_review_rank,76.0,12,1,9,2,36.0,25.92,72.0,3.0,0.1901,0.2805,"Audit whether value, review participation, and breadth point to the same customers."
customer_signal_alignment,customer,256181,129,51,transaction_rank_minus_review_rank,78.0,14,1,11,3,40.0,26.68,66.7,4.3333,0.2218,0.4208,"Audit whether value, review participation, and breadth point to the same customers."
customer_signal_alignment,customer,393893,220,142,transaction_rank_minus_review_rank,78.0,12,1,10,2,36.0,23.91,66.4167,3.5,0.1901,0.2805,"Audit whether value, review participation, and breadth point to the same customers."
customer_signal_alignment,customer,395125,221,143,transaction_rank_minus_review_rank,78.0,12,1,10,2,34.0,23.35,68.6765,1.5,0.1901,0.2805,"Audit whether value, review participation, and breadth point to the same customers."
customer_signal_alignment,customer,412235,223,144,transaction_rank_minus_review_rank,79.0,12,1,10,2,36.0,22.68,63.0,2.5,0.1901,0.2805,"Audit whether value, review participation, and breadth point to the same customers."
customer_signal_alignment,customer,416523,134,52,transaction_rank_minus_review_rank,82.0,14,1,11,3,42.0,26.87,63.9762,3.3333,0.2218,0.4208,"Audit whether value, review participation, and breadth point to the same customers."
customer_signal_alignment,customer,418635,135,53,transaction_rank_minus_review_rank,82.0,14,1,8,3,40.0,24.65,61.625,3.3333,0.2218,0.4208,"Audit whether value, review participation, and breadth point to the same customers."
customer_signal_alignment,customer,442691,136,54,transaction_rank_minus_review_rank,82.0,14,1,8,3,40.0,25.73,64.325,3.0,0.2218,0.4208,"Audit whether value, review participation, and breadth point to the same customers."
customer_signal_alignment,customer,447601,137,55,transaction_rank_minus_review_rank,82.0,14,1,12,3,40.0,25.98,64.95,4.0,0.2218,0.4208,"Audit whether value, review participation, and breadth point to the same customers."
customer_signal_alignment,customer,933331,404,322,transaction_rank_minus_review_rank,82.0,9,1,8,1,27.0,17.92,66.3704,3.0,0.1426,0.1403,"Audit whether value, review participation, and breadth point to the same customers."
customer_signal_alignment,customer,964403,405,323,transaction_rank_minus_review_rank,82.0,9,1,8,1,27.0,16.6,61.4815,4.0,0.1426,0.1403,"Audit whether value, review participation, and breadth point to the same customers."
customer_signal_alignment,customer,469564,228,145,transaction_rank_minus_review_rank,83.0,12,1,10,2,36.0,23.21,64.4722,4.0,0.1901,0.2805,"Audit whether value, review participation, and breadth point to the same customers."
customer_signal_alignment,customer,568217,231,146,transaction_rank_minus_review_rank,85.0,12,1,10,2,36.0,24.51,68.0833,3.5,0.1901,0.2805,"Audit whether value, review participation, and breadth point to the same customers."
customer_signal_alignment,customer,643305,234,147,transaction_rank_minus_review_rank,87.0,12,1,9,2,34.0,20.15,59.2647,3.5,0.1901,0.2805,"Audit whether value, review participation, and breadth point to the same customers."
customer_signal_alignment,customer,204295,412,324,transaction_rank_minus_review_rank,88.0,8,1,7,1,24.0,15.51,64.625,4.0,0.1267,0.1403,"Audit whether value, review participation, and breadth point to the same customers."
customer_signal_alignment,customer,226209,413,325,transaction_rank_minus_review_rank,88.0,8,1,6,1,24.0,14.29,59.5417,1.0,0.1267,0.1403,"Audit whether value, review participation, and breadth point to the same customers."
customer_signal_alignment,customer,227456,414,326,transaction_rank_minus_review_rank,88.0,8,1,6,1,24.0,16.19,67.4583,4.0,0.1267,0.1403,"Audit whether value, review participation, and breadth point to the same customers."
customer_signal_alignment,customer,271531,415,327,transaction_rank_minus_review_rank,88.0,8,1,7,1,24.0,16.15,67.2917,4.0,0.1267,0.1403,"Audit whether value, review participation, and breadth point to the same customers."
customer_signal_alignment,customer,414509,420,328,transaction_rank_minus_review_rank,92.0,8,1,6,1,24.0,14.82,61.75,3.0,0.1267,0.1403,"Audit whether value, review participation, and breadth point to the same customers."
customer_signal_alignment,customer,478274,101,8,transaction_rank_minus_review_rank,93.0,15,1,10,5,45.0,29.48,65.5111,3.8,0.2376,0.7013,"Audit whether value, review participation, and breadth point to the same customers."
customer_signal_alignment,customer,680104,430,329,transaction_rank_minus_review_rank,101.0,8,1,6,1,24.0,16.07,66.9583,5.0,0.1267,0.1403,"Audit whether value, review participation, and breadth point to the same customers."
customer_signal_alignment,customer,964619,249,148,transaction_rank_minus_review_rank,101.0,12,1,11,2,36.0,23.62,65.6111,3.5,0.1901,0.2805,"Audit whether value, review participation, and breadth point to the same customers."
customer_signal_alignment,customer,714947,432,330,transaction_rank_minus_review_rank,102.0,8,1,7,1,24.0,15.68,65.3333,5.0,0.1267,0.1403,"Audit whether value, review participation, and breadth point to the same customers."
customer_signal_alignment,customer,777145,434,331,transaction_rank_minus_review_rank,103.0,8,1,8,1,22.0,14.73,66.9545,4.0,0.1267,0.1403,"Audit whether value, review participation, and breadth point to the same customers."
customer_signal_alignment,customer,784218,435,332,transaction_rank_minus_review_rank,103.0,8,1,5,1,22.0,13.73,62.4091,5.0,0.1267,0.1403,"Audit whether value, review participation, and breadth point to the same customers."
customer_signal_alignment,customer,166735,253,149,transaction_rank_minus_review_rank,104.0,11,1,8,2,33.0,21.68,65.697,2.5,0.1743,0.2805,"Audit whether value, review participation, and breadth point to the same customers."
customer_signal_alignment,customer,817274,438,333,transaction_rank_minus_review_rank,105.0,8,1,6,1,24.0,14.84,61.8333,4.0,0.1267,0.1403,"Audit whether value, review participation, and breadth point to the same customers."
customer_signal_alignment,customer,227372,162,56,transaction_rank_minus_review_rank,106.0,13,1,8,3,39.0,26.41,67.7179,2.6667,0.206,0.4208,"Audit whether value, review participation, and breadth point to the same customers."
customer_signal_alignment,customer,838924,440,334,transaction_rank_minus_review_rank,106.0,8,1,6,1,24.0,15.59,64.9583,2.0,0.1267,0.1403,"Audit whether value, review participation, and breadth point to the same customers."
customer_signal_alignment,customer,202612,126,19,transaction_rank_minus_review_rank,107.0,14,1,9,4,42.0,26.66,63.4762,3.0,0.2218,0.561,"Audit whether value, review participation, and breadth point to the same customers."
customer_signal_alignment,customer,283158,258,150,transaction_rank_minus_review_rank,108.0,11,1,7,2,31.0,19.49,62.871,3.0,0.1743,0.2805,"Audit whether value, review participation, and breadth point to the same customers."
customer_signal_alignment,customer,332324,261,151,transaction_rank_minus_review_rank,110.0,11,1,9,2,33.0,21.37,64.7576,3.0,0.1743,0.2805,"Audit whether value, review participation, and breadth point to the same customers."
customer_signal_alignment,customer,413292,167,57,transaction_rank_minus_review_rank,110.0,13,1,10,3,39.0,26.99,69.2051,3.3333,0.206,0.4208,"Audit whether value, review participation, and breadth point to the same customers."
customer_signal_alignment,customer,412929,263,152,transaction_rank_minus_review_rank,111.0,11,1,8,2,33.0,21.71,65.7879,3.5,0.1743,0.2805,"Audit whether value, review participation, and breadth point to the same customers."
customer_signal_alignment,customer,162236,447,335,transaction_rank_minus_review_rank,112.0,7,1,6,1,21.0,13.42,63.9048,4.0,0.1109,0.1403,"Audit whether value, review participation, and breadth point to the same customers."
customer_signal_alignment,customer,447368,171,58,transaction_rank_minus_review_rank,113.0,13,1,9,3,37.0,24.48,66.1622,3.0,0.206,0.4208,"Audit whether value, review participation, and breadth point to the same customers."
customer_signal_alignment,customer,516619,269,153,transaction_rank_minus_review_rank,116.0,11,1,8,2,33.0,20.45,61.9697,4.0,0.1743,0.2805,"Audit whether value, review participation, and breadth point to the same customers."
customer_signal_alignment,customer,556152,270,154,transaction_rank_minus_review_rank,116.0,11,1,8,2,33.0,20.1,60.9091,3.0,0.1743,0.2805,"Audit whether value, review participation, and breadth point to the same customers."
customer_signal_alignment,customer,590517,272,155,transaction_rank_minus_review_rank,117.0,11,1,8,2,31.0,19.41,62.6129,2.0,0.1743,0.2805,"Audit whether value, review participation, and breadth point to the same customers."
customer_signal_alignment,customer,190721,125,3,transaction_rank_minus_review_rank,122.0,14,1,9,6,38.0,24.01,63.1842,3.3333,0.2218,0.8415,"Audit whether value, review participation, and breadth point to the same customers."
customer_signal_alignment,customer,409910,459,336,transaction_rank_minus_review_rank,123.0,7,1,6,1,21.0,13.19,62.8095,3.0,0.1109,0.1403,"Audit whether value, review participation, and breadth point to the same customers."
customer_signal_alignment,customer,500733,462,337,transaction_rank_minus_review_rank,125.0,7,1,6,1,21.0,12.32,58.6667,2.0,0.1109,0.1403,"Audit whether value, review participation, and breadth point to the same customers."
customer_signal_alignment,customer,706884,282,156,transaction_rank_minus_review_rank,126.0,11,1,8,2,33.0,20.87,63.2424,3.5,0.1743,0.2805,"Audit whether value, review participation, and breadth point to the same customers."
customer_signal_alignment,customer,548546,465,338,transaction_rank_minus_review_rank,127.0,7,1,6,1,21.0,13.01,61.9524,4.0,0.1109,0.1403,"Audit whether value, review participation, and breadth point to the same customers."
customer_signal_alignment,customer,611078,468,339,transaction_rank_minus_review_rank,129.0,7,1,7,1,19.0,12.23,64.3684,5.0,0.1109,0.1403,"Audit whether value, review participation, and breadth point to the same customers."
customer_signal_alignment,customer,741398,286,157,transaction_rank_minus_review_rank,129.0,11,1,9,2,33.0,21.4,64.8485,1.0,0.1743,0.2805,"Audit whether value, review participation, and breadth point to the same customers."
customer_signal_alignment,customer,747066,288,158,transaction_rank_minus_review_rank,130.0,11,1,7,2,33.0,21.09,63.9091,2.5,0.1743,0.2805,"Audit whether value, review participation, and breadth point to the same customers."
customer_signal_alignment,customer,789308,477,340,transaction_rank_minus_review_rank,137.0,7,1,5,1,21.0,13.28,63.2381,5.0,0.1109,0.1403,"Audit whether value, review participation, and breadth point to the same customers."
customer_signal_alignment,customer,111486,159,20,transaction_rank_minus_review_rank,139.0,13,1,8,4,39.0,26.96,69.1282,3.75,0.206,0.561,"Audit whether value, review participation, and breadth point to the same customers."
customer_signal_alignment,customer,841141,481,341,transaction_rank_minus_review_rank,140.0,7,1,6,1,21.0,13.4,63.8095,2.0,0.1109,0.1403,"Audit whether value, review participation, and breadth point to the same customers."
customer_signal_alignment,customer,857548,300,159,transaction_rank_minus_review_rank,141.0,11,1,8,2,31.0,19.0,61.2903,1.5,0.1743,0.2805,"Audit whether value, review participation, and breadth point to the same customers."
customer_signal_alignment,customer,884368,301,160,transaction_rank_minus_review_rank,141.0,11,1,8,2,31.0,19.54,63.0323,1.5,0.1743,0.2805,"Audit whether value, review participation, and breadth point to the same customers."
customer_signal_alignment,customer,936214,484,342,transaction_rank_minus_review_rank,142.0,7,1,6,1,21.0,13.08,62.2857,3.0,0.1109,0.1403,"Audit whether value, review participation, and breadth point to the same customers."
customer_signal_alignment,customer,981529,485,343,transaction_rank_minus_review_rank,142.0,7,1,7,1,21.0,14.41,68.619,4.0,0.1109,0.1403,"Audit whether value, review participation, and breadth point to the same customers."
customer_signal_alignment,customer,958321,306,161,transaction_rank_minus_review_rank,145.0,11,1,7,2,33.0,21.32,64.6061,3.0,0.1743,0.2805,"Audit whether value, review participation, and breadth point to the same customers."
customer_signal_alignment,customer,240205,492,344,transaction_rank_minus_review_rank,148.0,6,1,6,1,16.0,10.16,63.5,4.0,0.0951,0.1403,"Audit whether value, review participation, and breadth point to the same customers."
customer_signal_alignment,customer,432113,496,345,transaction_rank_minus_review_rank,151.0,6,1,6,1,18.0,12.15,67.5,4.0,0.0951,0.1403,"Audit whether value, review participation, and breadth point to the same customers."
customer_signal_alignment,customer,454015,172,21,transaction_rank_minus_review_rank,151.0,13,1,9,4,37.0,24.2,65.4054,3.25,0.206,0.561,"Audit whether value, review participation, and breadth point to the same customers."
customer_signal_alignment,customer,214537,211,59,transaction_rank_minus_review_rank,152.0,12,1,8,3,36.0,21.94,60.9444,3.0,0.1901,0.4208,"Audit whether value, review participation, and breadth point to the same customers."
customer_signal_alignment,customer,233813,213,60,transaction_rank_minus_review_rank,153.0,12,1,9,3,34.0,21.19,62.3235,1.6667,0.1901,0.4208,"Audit whether value, review participation, and breadth point to the same customers."
customer_signal_alignment,customer,488295,499,346,transaction_rank_minus_review_rank,153.0,6,1,4,1,18.0,11.8,65.5556,4.0,0.0951,0.1403,"Audit whether value, review participation, and breadth point to the same customers."
customer_signal_alignment,customer,269687,316,162,transaction_rank_minus_review_rank,154.0,10,1,7,2,30.0,18.68,62.2667,2.0,0.1584,0.2805,"Audit whether value, review participation, and breadth point to the same customers."
customer_signal_alignment,customer,302774,215,61,transaction_rank_minus_review_rank,154.0,12,1,10,3,36.0,22.14,61.5,3.0,0.1901,0.4208,"Audit whether value, review participation, and breadth point to the same customers."
customer_signal_alignment,customer,553931,502,347,transaction_rank_minus_review_rank,155.0,6,1,5,1,18.0,11.81,65.6111,3.0,0.0951,0.1403,"Audit whether value, review participation, and breadth point to the same customers."
customer_signal_alignment,customer,306853,319,163,transaction_rank_minus_review_rank,156.0,10,1,6,2,30.0,22.24,74.1333,1.0,0.1584,0.2805,"Audit whether value, review participation, and breadth point to the same customers."
customer_signal_alignment,customer,319387,320,164,transaction_rank_minus_review_rank,156.0,10,1,8,2,30.0,19.68,65.6,3.5,0.1584,0.2805,"Audit whether value, review participation, and breadth point to the same customers."
customer_signal_alignment,customer,329994,321,165,transaction_rank_minus_review_rank,156.0,10,1,8,2,30.0,20.29,67.6333,2.0,0.1584,0.2805,"Audit whether value, review participation, and breadth point to the same customers."
customer_signal_alignment,customer,347189,322,166,transaction_rank_minus_review_rank,156.0,10,1,7,2,30.0,20.67,68.9,3.5,0.1584,0.2805,"Audit whether value, review participation, and breadth point to the same customers."
customer_signal_alignment,customer,559054,504,348,transaction_rank_minus_review_rank,156.0,6,1,6,1,18.0,12.46,69.2222,5.0,0.0951,0.1403,"Audit whether value, review participation, and breadth point to the same customers."
customer_signal_alignment,customer,420981,326,167,transaction_rank_minus_review_rank,159.0,10,1,8,2,30.0,20.49,68.3,3.5,0.1584,0.2805,"Audit whether value, review participation, and breadth point to the same customers."
customer_signal_alignment,customer,429748,327,168,transaction_rank_minus_review_rank,159.0,10,1,7,2,30.0,21.1,70.3333,1.5,0.1584,0.2805,"Audit whether value, review participation, and breadth point to the same customers."
customer_signal_alignment,customer,703083,511,349,transaction_rank_minus_review_rank,162.0,6,1,4,1,18.0,10.61,58.9444,1.0,0.0951,0.1403,"Audit whether value, review participation, and breadth point to the same customers."
customer_signal_alignment,customer,744416,514,350,transaction_rank_minus_review_rank,164.0,6,1,5,1,16.0,9.42,58.875,1.0,0.0951,0.1403,"Audit whether value, review participation, and breadth point to the same customers."
customer_signal_alignment,customer,808869,515,351,transaction_rank_minus_review_rank,164.0,6,1,6,1,18.0,11.84,65.7778,5.0,0.0951,0.1403,"Audit whether value, review participation, and breadth point to the same customers."
customer_signal_alignment,customer,917728,518,352,transaction_rank_minus_review_rank,166.0,6,1,6,1,16.0,8.98,56.125,2.0,0.0951,0.1403,"Audit whether value, review participation, and breadth point to the same customers."
customer_signal_alignment,customer,121639,523,353,transaction_rank_minus_review_rank,170.0,5,1,4,1,13.0,7.62,58.6154,5.0,0.0792,0.1403,"Audit whether value, review participation, and breadth point to the same customers."
customer_signal_alignment,customer,205190,525,354,transaction_rank_minus_review_rank,171.0,5,1,4,1,13.0,8.11,62.3846,3.0,0.0792,0.1403,"Audit whether value, review participation, and breadth point to the same customers."
customer_signal_alignment,customer,724813,237,62,transaction_rank_minus_review_rank,175.0,12,1,7,3,36.0,22.34,62.0556,2.6667,0.1901,0.4208,"Audit whether value, review participation, and breadth point to the same customers."
customer_signal_alignment,customer,405671,531,355,transaction_rank_minus_review_rank,176.0,5,1,5,1,15.0,9.2,61.3333,1.0,0.0792,0.1403,"Audit whether value, review participation, and breadth point to the same customers."
customer_signal_alignment,customer,817159,347,169,transaction_rank_minus_review_rank,178.0,10,1,7,2,30.0,19.22,64.0667,3.0,0.1584,0.2805,"Audit whether value, review participation, and breadth point to the same customers."
customer_signal_alignment,customer,616258,535,356,transaction_rank_minus_review_rank,179.0,5,1,5,1,15.0,10.4,69.3333,5.0,0.0792,0.1403,"Audit whether value, review participation, and breadth point to the same customers."
customer_signal_alignment,customer,992956,353,170,transaction_rank_minus_review_rank,183.0,10,1,9,2,30.0,19.82,66.0667,3.0,0.1584,0.2805,"Audit whether value, review participation, and breadth point to the same customers."
customer_signal_alignment,customer,996970,354,171,transaction_rank_minus_review_rank,183.0,10,1,8,2,28.0,17.6,62.8571,4.5,0.1584,0.2805,"Audit whether value, review participation, and breadth point to the same customers."
customer_signal_alignment,customer,185863,206,22,transaction_rank_minus_review_rank,184.0,12,1,6,4,34.0,22.33,65.6765,3.5,0.1901,0.561,"Audit whether value, review participation, and breadth point to the same customers."
customer_signal_alignment,customer,173380,542,357,transaction_rank_minus_review_rank,185.0,4,1,4,1,12.0,8.34,69.5,5.0,0.0634,0.1403,"Audit whether value, review participation, and breadth point to the same customers."
customer_signal_alignment,customer,206078,543,358,transaction_rank_minus_review_rank,185.0,4,1,4,1,12.0,7.79,64.9167,3.0,0.0634,0.1403,"Audit whether value, review participation, and breadth point to the same customers."
customer_signal_alignment,customer,197102,359,172,transaction_rank_minus_review_rank,187.0,9,1,8,2,27.0,18.84,69.7778,1.5,0.1426,0.2805,"Audit whether value, review participation, and breadth point to the same customers."
customer_signal_alignment,customer,575903,546,359,transaction_rank_minus_review_rank,187.0,4,1,4,1,12.0,7.89,65.75,3.0,0.0634,0.1403,"Audit whether value, review participation, and breadth point to the same customers."
customer_signal_alignment,customer,800121,547,360,transaction_rank_minus_review_rank,187.0,4,1,3,1,12.0,8.1,67.5,5.0,0.0634,0.1403,"Audit whether value, review participation, and breadth point to the same customers."
customer_signal_alignment,customer,972329,548,361,transaction_rank_minus_review_rank,187.0,4,1,3,1,12.0,6.33,52.75,2.0,0.0634,0.1403,"Audit whether value, review participation, and breadth point to the same customers."
customer_signal_alignment,customer,979679,549,362,transaction_rank_minus_review_rank,187.0,4,1,4,1,12.0,7.09,59.0833,3.0,0.0634,0.1403,"Audit whether value, review participation, and breadth point to the same customers."
customer_signal_alignment,customer,170500,254,63,transaction_rank_minus_review_rank,191.0,11,1,8,3,33.0,20.4,61.8182,2.6667,0.1743,0.4208,"Audit whether value, review participation, and breadth point to the same customers."
customer_signal_alignment,customer,230467,255,64,transaction_rank_minus_review_rank,191.0,11,1,6,3,33.0,21.74,65.8788,3.6667,0.1743,0.4208,"Audit whether value, review participation, and breadth point to the same customers."
customer_signal_alignment,customer,267632,257,65,transaction_rank_minus_review_rank,192.0,11,1,7,3,31.0,20.28,65.4194,2.3333,0.1743,0.4208,"Audit whether value, review participation, and breadth point to the same customers."
customer_signal_alignment,customer,330223,218,23,transaction_rank_minus_review_rank,195.0,12,1,10,4,36.0,23.22,64.5,2.75,0.1901,0.561,"Audit whether value, review participation, and breadth point to the same customers."
customer_signal_alignment,customer,310195,369,173,transaction_rank_minus_review_rank,196.0,9,1,7,2,27.0,17.6,65.1852,3.0,0.1426,0.2805,"Audit whether value, review participation, and breadth point to the same customers."
customer_signal_alignment,customer,425051,265,66,transaction_rank_minus_review_rank,199.0,11,1,8,3,31.0,19.23,62.0323,1.6667,0.1743,0.4208,"Audit whether value, review participation, and breadth point to the same customers."
customer_signal_alignment,customer,426830,266,67,transaction_rank_minus_review_rank,199.0,11,1,8,3,33.0,21.52,65.2121,3.3333,0.1743,0.4208,"Audit whether value, review participation, and breadth point to the same customers."
customer_signal_alignment,customer,487346,378,174,transaction_rank_minus_review_rank,204.0,9,1,8,2,27.0,18.25,67.5926,4.5,0.1426,0.2805,"Audit whether value, review participation, and breadth point to the same customers."
customer_signal_alignment,customer,498153,379,175,transaction_rank_minus_review_rank,204.0,9,1,7,2,27.0,18.77,69.5185,3.0,0.1426,0.2805,"Audit whether value, review participation, and breadth point to the same customers."
customer_signal_alignment,customer,825249,392,176,transaction_rank_minus_review_rank,216.0,9,1,5,2,27.0,17.25,63.8889,2.5,0.1426,0.2805,"Audit whether value, review participation, and breadth point to the same customers."
customer_signal_alignment,customer,901388,402,177,transaction_rank_minus_review_rank,225.0,9,1,5,2,25.0,17.38,69.52,3.0,0.1426,0.2805,"Audit whether value, review participation, and breadth point to the same customers."
customer_signal_alignment,customer,814317,296,68,transaction_rank_minus_review_rank,228.0,11,1,9,3,29.0,16.96,58.4828,4.6667,0.1743,0.4208,"Audit whether value, review participation, and breadth point to the same customers."
customer_signal_alignment,customer,973766,406,178,transaction_rank_minus_review_rank,228.0,9,1,7,2,27.0,17.65,65.3704,2.5,0.1426,0.2805,"Audit whether value, review participation, and breadth point to the same customers."
customer_signal_alignment,customer,992895,408,179,transaction_rank_minus_review_rank,229.0,9,1,7,2,27.0,16.43,60.8519,5.0,0.1426,0.2805,"Audit whether value, review participation, and breadth point to the same customers."
customer_signal_alignment,customer,951702,304,69,transaction_rank_minus_review_rank,235.0,11,1,9,3,31.0,19.21,61.9677,3.0,0.1743,0.4208,"Audit whether value, review participation, and breadth point to the same customers."
customer_signal_alignment,customer,289693,417,180,transaction_rank_minus_review_rank,237.0,8,1,6,2,24.0,15.58,64.9167,4.0,0.1267,0.2805,"Audit whether value, review participation, and breadth point to the same customers."
customer_signal_alignment,customer,116690,308,70,transaction_rank_minus_review_rank,238.0,10,1,10,3,30.0,19.95,66.5,2.3333,0.1584,0.4208,"Audit whether value, review participation, and breadth point to the same customers."
customer_signal_alignment,customer,437454,421,181,transaction_rank_minus_review_rank,240.0,8,1,7,2,24.0,14.63,60.9583,2.0,0.1267,0.2805,"Audit whether value, review participation, and breadth point to the same customers."
customer_signal_alignment,customer,218889,312,71,transaction_rank_minus_review_rank,241.0,10,1,9,3,28.0,17.09,61.0357,2.6667,0.1584,0.4208,"Audit whether value, review participation, and breadth point to the same customers."
customer_signal_alignment,customer,249188,313,72,transaction_rank_minus_review_rank,241.0,10,1,8,3,30.0,18.86,62.8667,2.3333,0.1584,0.4208,"Audit whether value, review participation, and breadth point to the same customers."
customer_signal_alignment,customer,470304,425,182,transaction_rank_minus_review_rank,243.0,8,1,6,2,24.0,16.22,67.5833,2.0,0.1267,0.2805,"Audit whether value, review participation, and breadth point to the same customers."
customer_signal_alignment,customer,607810,429,183,transaction_rank_minus_review_rank,246.0,8,1,6,2,24.0,14.37,59.875,2.0,0.1267,0.2805,"Audit whether value, review participation, and breadth point to the same customers."
customer_signal_alignment,customer,266633,256,9,transaction_rank_minus_review_rank,247.0,11,1,9,5,33.0,22.43,67.9697,3.0,0.1743,0.7013,"Audit whether value, review participation, and breadth point to the same customers."
customer_signal_alignment,customer,370870,323,73,transaction_rank_minus_review_rank,250.0,10,1,6,3,30.0,19.25,64.1667,2.6667,0.1584,0.4208,"Audit whether value, review participation, and breadth point to the same customers."
customer_signal_alignment,customer,403000,325,74,transaction_rank_minus_review_rank,251.0,10,1,8,3,28.0,17.22,61.5,2.3333,0.1584,0.4208,"Audit whether value, review participation, and breadth point to the same customers."
customer_signal_alignment,customer,468692,329,75,transaction_rank_minus_review_rank,254.0,10,1,7,3,30.0,18.72,62.4,3.0,0.1584,0.4208,"Audit whether value, review participation, and breadth point to the same customers."
customer_signal_alignment,customer,897614,442,184,transaction_rank_minus_review_rank,258.0,8,1,6,2,24.0,14.69,61.2083,5.0,0.1267,0.2805,"Audit whether value, review participation, and breadth point to the same customers."
customer_signal_alignment,customer,915766,443,185,transaction_rank_minus_review_rank,258.0,8,1,5,2,22.0,14.88,67.6364,2.5,0.1267,0.2805,"Audit whether value, review participation, and breadth point to the same customers."
customer_signal_alignment,customer,105771,446,186,transaction_rank_minus_review_rank,260.0,7,1,6,2,21.0,13.37,63.6667,3.0,0.1109,0.2805,"Audit whether value, review participation, and breadth point to the same customers."
customer_signal_alignment,customer,189441,448,187,transaction_rank_minus_review_rank,261.0,7,1,6,2,21.0,14.25,67.8571,2.0,0.1109,0.2805,"Audit whether value, review participation, and breadth point to the same customers."
customer_signal_alignment,customer,229742,449,188,transaction_rank_minus_review_rank,261.0,7,1,6,2,21.0,14.52,69.1429,3.0,0.1109,0.2805,"Audit whether value, review participation, and breadth point to the same customers."
customer_signal_alignment,customer,262579,450,189,transaction_rank_minus_review_rank,261.0,7,1,5,2,15.0,7.61,50.7333,2.0,0.1109,0.2805,"Audit whether value, review participation, and breadth point to the same customers."
customer_signal_alignment,customer,265339,452,190,transaction_rank_minus_review_rank,262.0,7,1,6,2,17.0,10.4,61.1765,4.5,0.1109,0.2805,"Audit whether value, review participation, and breadth point to the same customers."
customer_signal_alignment,customer,345748,457,191,transaction_rank_minus_review_rank,266.0,7,1,6,2,19.0,11.8,62.1053,5.0,0.1109,0.2805,"Audit whether value, review participation, and breadth point to the same customers."
customer_signal_alignment,customer,435907,461,192,transaction_rank_minus_review_rank,269.0,7,1,6,2,21.0,13.67,65.0952,3.0,0.1109,0.2805,"Audit whether value, review participation, and breadth point to the same customers."
customer_signal_alignment,customer,890270,351,76,transaction_rank_minus_review_rank,275.0,10,1,8,3,28.0,16.74,59.7857,3.0,0.1584,0.4208,"Audit whether value, review participation, and breadth point to the same customers."
customer_signal_alignment,customer,995599,307,24,transaction_rank_minus_review_rank,283.0,11,1,9,4,31.0,20.1,64.8387,2.0,0.1743,0.561,"Audit whether value, review participation, and breadth point to the same customers."
customer_signal_alignment,customer,832914,480,193,transaction_rank_minus_review_rank,287.0,7,1,6,2,21.0,13.22,62.9524,4.5,0.1109,0.2805,"Audit whether value, review participation, and breadth point to the same customers."
customer_signal_alignment,customer,250266,314,25,transaction_rank_minus_review_rank,289.0,10,1,7,4,28.0,18.61,66.4643,3.5,0.1584,0.561,"Audit whether value, review participation, and breadth point to the same customers."
customer_signal_alignment,customer,262638,315,26,transaction_rank_minus_review_rank,289.0,10,1,6,4,28.0,17.8,63.5714,2.75,0.1584,0.561,"Audit whether value, review participation, and breadth point to the same customers."
customer_signal_alignment,customer,122818,487,194,transaction_rank_minus_review_rank,293.0,6,1,6,2,18.0,11.46,63.6667,1.5,0.0951,0.2805,"Audit whether value, review participation, and breadth point to the same customers."
customer_signal_alignment,customer,127472,488,195,transaction_rank_minus_review_rank,293.0,6,1,5,2,16.0,8.95,55.9375,4.5,0.0951,0.2805,"Audit whether value, review participation, and breadth point to the same customers."
customer_signal_alignment,customer,134457,489,196,transaction_rank_minus_review_rank,293.0,6,1,6,2,16.0,10.14,63.375,2.5,0.0951,0.2805,"Audit whether value, review participation, and breadth point to the same customers."
customer_signal_alignment,customer,147218,490,197,transaction_rank_minus_review_rank,293.0,6,1,5,2,18.0,11.0,61.1111,2.5,0.0951,0.2805,"Audit whether value, review participation, and breadth point to the same customers."
customer_signal_alignment,customer,186353,491,198,transaction_rank_minus_review_rank,293.0,6,1,5,2,18.0,10.98,61.0,4.0,0.0951,0.2805,"Audit whether value, review participation, and breadth point to the same customers."
customer_signal_alignment,customer,244282,493,199,transaction_rank_minus_review_rank,294.0,6,1,6,2,18.0,11.69,64.9444,3.5,0.0951,0.2805,"Audit whether value, review participation, and breadth point to the same customers."
customer_signal_alignment,customer,327750,371,77,transaction_rank_minus_review_rank,294.0,9,1,7,3,27.0,19.05,70.5556,4.3333,0.1426,0.4208,"Audit whether value, review participation, and breadth point to the same customers."
customer_signal_alignment,customer,737707,391,78,transaction_rank_minus_review_rank,313.0,9,1,6,3,27.0,17.0,62.963,3.0,0.1426,0.4208,"Audit whether value, review participation, and breadth point to the same customers."
customer_signal_alignment,customer,866556,396,79,transaction_rank_minus_review_rank,317.0,9,1,6,3,27.0,18.55,68.7037,3.3333,0.1426,0.4208,"Audit whether value, review participation, and breadth point to the same customers."
customer_signal_alignment,customer,105549,522,200,transaction_rank_minus_review_rank,322.0,5,1,5,2,15.0,10.11,67.4,1.5,0.0792,0.2805,"Audit whether value, review participation, and breadth point to the same customers."
customer_signal_alignment,customer,178806,524,201,transaction_rank_minus_review_rank,323.0,5,1,5,2,15.0,8.86,59.0667,2.0,0.0792,0.2805,"Audit whether value, review participation, and breadth point to the same customers."
customer_signal_alignment,customer,168607,410,80,transaction_rank_minus_review_rank,330.0,8,1,8,3,24.0,14.52,60.5,4.0,0.1267,0.4208,"Audit whether value, review participation, and breadth point to the same customers."
customer_signal_alignment,customer,191050,411,81,transaction_rank_minus_review_rank,330.0,8,1,6,3,24.0,14.33,59.7083,2.3333,0.1267,0.4208,"Audit whether value, review participation, and breadth point to the same customers."
customer_signal_alignment,customer,216081,360,27,transaction_rank_minus_review_rank,333.0,9,1,6,4,27.0,16.72,61.9259,2.5,0.1426,0.561,"Audit whether value, review participation, and breadth point to the same customers."
customer_signal_alignment,customer,632495,537,202,transaction_rank_minus_review_rank,335.0,5,1,4,2,15.0,10.94,72.9333,3.5,0.0792,0.2805,"Audit whether value, review participation, and breadth point to the same customers."
customer_signal_alignment,customer,459243,423,82,transaction_rank_minus_review_rank,341.0,8,1,8,3,24.0,15.15,63.125,2.6667,0.1267,0.4208,"Audit whether value, review participation, and breadth point to the same customers."
customer_signal_alignment,customer,323830,550,203,transaction_rank_minus_review_rank,347.0,3,1,3,2,7.0,4.43,63.2857,1.5,0.0475,0.2805,"Audit whether value, review participation, and breadth point to the same customers."
customer_signal_alignment,customer,415869,376,28,transaction_rank_minus_review_rank,348.0,9,1,7,4,27.0,18.38,68.0741,3.0,0.1426,0.561,"Audit whether value, review participation, and breadth point to the same customers."
customer_signal_alignment,customer,580674,552,204,transaction_rank_minus_review_rank,348.0,3,1,2,2,9.0,6.58,73.1111,2.0,0.0475,0.2805,"Audit whether value, review participation, and breadth point to the same customers."
customer_signal_alignment,customer,729740,554,205,transaction_rank_minus_review_rank,349.0,1,1,1,2,3.0,1.74,58.0,3.0,0.0158,0.2805,"Audit whether value, review participation, and breadth point to the same customers."
customer_signal_alignment,customer,175871,358,4,transaction_rank_minus_review_rank,354.0,9,1,7,6,27.0,18.28,67.7037,3.3333,0.1426,0.8415,"Audit whether value, review participation, and breadth point to the same customers."
customer_signal_alignment,customer,274541,364,10,transaction_rank_minus_review_rank,354.0,9,1,7,5,27.0,17.44,64.5926,2.8,0.1426,0.7013,"Audit whether value, review participation, and breadth point to the same customers."
customer_signal_alignment,customer,421074,377,11,transaction_rank_minus_review_rank,366.0,9,1,8,5,27.0,17.39,64.4074,2.4,0.1426,0.7013,"Audit whether value, review participation, and breadth point to the same customers."
customer_signal_alignment,customer,277373,453,83,transaction_rank_minus_review_rank,370.0,7,1,6,3,21.0,12.44,59.2381,3.0,0.1109,0.4208,"Audit whether value, review participation, and breadth point to the same customers."
customer_signal_alignment,customer,278204,454,84,transaction_rank_minus_review_rank,370.0,7,1,7,3,21.0,13.97,66.5238,3.6667,0.1109,0.4208,"Audit whether value, review participation, and breadth point to the same customers."
customer_signal_alignment,customer,330570,456,85,transaction_rank_minus_review_rank,371.0,7,1,5,3,21.0,14.3,68.0952,2.6667,0.1109,0.4208,"Audit whether value, review participation, and breadth point to the same customers."
customer_signal_alignment,customer,412876,460,86,transaction_rank_minus_review_rank,374.0,7,1,6,3,21.0,14.25,67.8571,2.3333,0.1109,0.4208,"Audit whether value, review participation, and breadth point to the same customers."
customer_signal_alignment,customer,308662,418,29,transaction_rank_minus_review_rank,389.0,8,1,7,4,24.0,14.94,62.25,5.0,0.1267,0.561,"Audit whether value, review participation, and breadth point to the same customers."
customer_signal_alignment,customer,464277,424,30,transaction_rank_minus_review_rank,394.0,8,1,4,4,24.0,15.12,63.0,2.75,0.1267,0.561,"Audit whether value, review participation, and breadth point to the same customers."
customer_signal_alignment,customer,277310,416,12,transaction_rank_minus_review_rank,404.0,8,1,6,5,24.0,16.16,67.3333,3.4,0.1267,0.7013,"Audit whether value, review participation, and breadth point to the same customers."
customer_signal_alignment,customer,386336,494,87,transaction_rank_minus_review_rank,407.0,6,1,6,3,18.0,11.48,63.7778,3.0,0.0951,0.4208,"Audit whether value, review participation, and breadth point to the same customers."
customer_signal_alignment,customer,550661,501,88,transaction_rank_minus_review_rank,413.0,6,1,6,3,18.0,11.29,62.7222,3.6667,0.0951,0.4208,"Audit whether value, review participation, and breadth point to the same customers."
customer_signal_alignment,customer,265133,451,31,transaction_rank_minus_review_rank,420.0,7,1,7,4,17.0,9.95,58.5294,2.75,0.1109,0.561,"Audit whether value, review participation, and breadth point to the same customers."
customer_signal_alignment,customer,296208,455,32,transaction_rank_minus_review_rank,423.0,7,1,5,4,21.0,12.87,61.2857,2.75,0.1109,0.561,"Audit whether value, review participation, and breadth point to the same customers."
customer_signal_alignment,customer,482274,426,1,transaction_rank_minus_review_rank,425.0,8,1,6,7,24.0,15.24,63.5,3.4286,0.1267,0.9818,"Audit whether value, review participation, and breadth point to the same customers."
customer_signal_alignment,customer,308688,527,89,transaction_rank_minus_review_rank,438.0,5,1,4,3,15.0,9.33,62.2,3.3333,0.0792,0.4208,"Audit whether value, review participation, and breadth point to the same customers."
customer_signal_alignment,customer,386950,529,90,transaction_rank_minus_review_rank,439.0,5,1,3,3,15.0,9.83,65.5333,4.3333,0.0792,0.4208,"Audit whether value, review participation, and breadth point to the same customers."
customer_signal_alignment,customer,405322,530,91,transaction_rank_minus_review_rank,439.0,5,1,5,3,15.0,10.17,67.8,4.0,0.0792,0.4208,"Audit whether value, review participation, and breadth point to the same customers."
customer_signal_alignment,customer,383684,544,92,transaction_rank_minus_review_rank,452.0,4,1,4,3,12.0,8.06,67.1667,4.3333,0.0634,0.4208,"Audit whether value, review participation, and breadth point to the same customers."
customer_signal_alignment,customer,101811,486,33,transaction_rank_minus_review_rank,453.0,6,1,6,4,18.0,11.91,66.1667,2.75,0.0951,0.561,"Audit whether value, review participation, and breadth point to the same customers."
customer_signal_alignment,customer,413495,532,34,transaction_rank_minus_review_rank,498.0,5,1,5,4,15.0,9.6,64.0,2.25,0.0792,0.561,"Audit whether value, review participation, and breadth point to the same customers."
customer_signal_alignment,customer,772690,539,35,transaction_rank_minus_review_rank,504.0,5,1,4,4,15.0,9.13,60.8667,3.25,0.0792,0.561,"Audit whether value, review participation, and breadth point to the same customers."
customer_signal_alignment,customer,370366,528,13,transaction_rank_minus_review_rank,515.0,5,1,4,5,13.0,7.81,60.0769,3.4,0.0792,0.7013,"Audit whether value, review participation, and breadth point to the same customers."
customer_signal_alignment,customer,224094,526,5,transaction_rank_minus_review_rank,521.0,5,1,4,6,13.0,7.28,56.0,2.5,0.0792,0.8415,"Audit whether value, review participation, and breadth point to the same customers."
customer_value_baseline,customer,448739,,,transaction_rank,1.0,29,1,16,2,81.0,51.6,63.7037,3.5,0.4594,0.2805,Rank customer value before interpreting loyalty.
customer_value_baseline,customer,739669,,,transaction_rank,2.0,27,1,13,1,81.0,51.7,63.8272,1.0,0.4278,0.1403,Rank customer value before interpreting loyalty.
customer_value_baseline,customer,373200,,,transaction_rank,3.0,24,1,11,1,70.0,43.78,62.5429,1.0,0.3802,0.1403,Rank customer value before interpreting loyalty.
customer_value_baseline,customer,344702,,,transaction_rank,4.0,23,1,13,1,67.0,41.31,61.6567,4.0,0.3644,0.1403,Rank customer value before interpreting loyalty.
customer_value_baseline,customer,407605,,,transaction_rank,5.0,22,1,12,4,64.0,40.92,63.9375,4.5,0.3485,0.561,Rank customer value before interpreting loyalty.
customer_value_baseline,customer,612681,,,transaction_rank,6.0,22,1,10,0,66.0,40.18,60.8788,,0.3485,0.0,Rank customer value before interpreting loyalty.
customer_value_baseline,customer,905670,,,transaction_rank,7.0,22,1,14,3,60.0,35.18,58.6333,2.0,0.3485,0.4208,Rank customer value before interpreting loyalty.
customer_value_baseline,customer,147216,,,transaction_rank,8.0,21,1,11,2,63.0,40.57,64.3968,2.5,0.3327,0.2805,Rank customer value before interpreting loyalty.
customer_value_baseline,customer,175940,,,transaction_rank,9.0,21,1,10,3,63.0,41.38,65.6825,3.3333,0.3327,0.4208,Rank customer value before interpreting loyalty.
customer_value_baseline,customer,242720,,,transaction_rank,10.0,21,1,13,4,61.0,38.87,63.7213,3.75,0.3327,0.561,Rank customer value before interpreting loyalty.
customer_value_baseline,customer,433442,,,transaction_rank,11.0,21,1,13,1,63.0,40.14,63.7143,3.0,0.3327,0.1403,Rank customer value before interpreting loyalty.
customer_value_baseline,customer,611848,,,transaction_rank,12.0,21,1,10,0,63.0,42.08,66.7937,,0.3327,0.0,Rank customer value before interpreting loyalty.
customer_value_baseline,customer,730305,,,transaction_rank,13.0,21,1,12,0,63.0,40.64,64.5079,,0.3327,0.0,Rank customer value before interpreting loyalty.
customer_value_baseline,customer,796796,,,transaction_rank,14.0,21,1,12,2,63.0,42.45,67.381,4.5,0.3327,0.2805,Rank customer value before interpreting loyalty.
customer_value_baseline,customer,927518,,,transaction_rank,15.0,21,1,10,0,63.0,39.92,63.3651,,0.3327,0.0,Rank customer value before interpreting loyalty.
customer_value_baseline,customer,938417,,,transaction_rank,16.0,21,1,12,1,61.0,40.64,66.623,2.0,0.3327,0.1403,Rank customer value before interpreting loyalty.
customer_value_baseline,customer,110363,,,transaction_rank,17.0,20,1,14,2,60.0,40.54,67.5667,4.0,0.3169,0.2805,Rank customer value before interpreting loyalty.
customer_value_baseline,customer,304344,,,transaction_rank,18.0,20,1,11,0,56.0,35.58,63.5357,,0.3169,0.0,Rank customer value before interpreting loyalty.
customer_value_baseline,customer,325263,,,transaction_rank,19.0,20,1,10,3,56.0,36.77,65.6607,2.3333,0.3169,0.4208,Rank customer value before interpreting loyalty.
customer_value_baseline,customer,378374,,,transaction_rank,20.0,20,1,13,2,58.0,36.91,63.6379,3.0,0.3169,0.2805,Rank customer value before interpreting loyalty.
customer_value_baseline,customer,404678,,,transaction_rank,21.0,20,1,13,2,60.0,38.24,63.7333,3.0,0.3169,0.2805,Rank customer value before interpreting loyalty.
customer_value_baseline,customer,498970,,,transaction_rank,22.0,20,1,12,1,56.0,34.65,61.875,1.0,0.3169,0.1403,Rank customer value before interpreting loyalty.
customer_value_baseline,customer,736500,,,transaction_rank,23.0,20,1,11,0,58.0,36.86,63.5517,,0.3169,0.0,Rank customer value before interpreting loyalty.
customer_value_baseline,customer,932618,,,transaction_rank,24.0,20,1,13,1,56.0,33.33,59.5179,3.0,0.3169,0.1403,Rank customer value before interpreting loyalty.
customer_value_baseline,customer,999915,,,transaction_rank,25.0,20,1,13,1,60.0,38.98,64.9667,5.0,0.3169,0.1403,Rank customer value before interpreting loyalty.
customer_value_baseline,customer,193914,,,transaction_rank,26.0,19,1,11,1,57.0,36.07,63.2807,2.0,0.301,0.1403,Rank customer value before interpreting loyalty.
customer_value_baseline,customer,305005,,,transaction_rank,27.0,19,1,10,3,55.0,37.12,67.4909,4.3333,0.301,0.4208,Rank customer value before interpreting loyalty.
customer_value_baseline,customer,346006,,,transaction_rank,28.0,19,1,12,4,55.0,34.44,62.6182,2.0,0.301,0.561,Rank customer value before interpreting loyalty.
customer_value_baseline,customer,422951,,,transaction_rank,29.0,19,1,11,2,57.0,36.13,63.386,3.5,0.301,0.2805,Rank customer value before interpreting loyalty.
customer_value_baseline,customer,441628,,,transaction_rank,30.0,19,1,14,3,57.0,38.25,67.1053,2.3333,0.301,0.4208,Rank customer value before interpreting loyalty.
customer_value_baseline,customer,500828,,,transaction_rank,31.0,19,1,10,2,55.0,33.48,60.8727,3.5,0.301,0.2805,Rank customer value before interpreting loyalty.
customer_value_baseline,customer,548800,,,transaction_rank,32.0,19,1,14,0,55.0,34.25,62.2727,,0.301,0.0,Rank customer value before interpreting loyalty.
customer_value_baseline,customer,575041,,,transaction_rank,33.0,19,1,13,5,53.0,34.13,64.3962,3.4,0.301,0.7013,Rank customer value before interpreting loyalty.
customer_value_baseline,customer,689877,,,transaction_rank,34.0,19,1,11,0,57.0,35.84,62.8772,,0.301,0.0,Rank customer value before interpreting loyalty.
customer_value_baseline,customer,744648,,,transaction_rank,35.0,19,1,9,1,55.0,34.96,63.5636,4.0,0.301,0.1403,Rank customer value before interpreting loyalty.
customer_value_baseline,customer,912671,,,transaction_rank,36.0,19,1,12,0,51.0,35.24,69.098,,0.301,0.0,Rank customer value before interpreting loyalty.
customer_value_baseline,customer,994185,,,transaction_rank,37.0,19,1,10,1,55.0,34.35,62.4545,4.0,0.301,0.1403,Rank customer value before interpreting loyalty.
customer_value_baseline,customer,116934,,,transaction_rank,38.0,18,1,13,1,50.0,32.41,64.82,2.0,0.2852,0.1403,Rank customer value before interpreting loyalty.
customer_value_baseline,customer,143878,,,transaction_rank,39.0,18,1,11,3,52.0,35.65,68.5577,2.3333,0.2852,0.4208,Rank customer value before interpreting loyalty.
customer_value_baseline,customer,157695,,,transaction_rank,40.0,18,1,10,2,50.0,30.25,60.5,2.5,0.2852,0.2805,Rank customer value before interpreting loyalty.
customer_value_baseline,customer,194680,,,transaction_rank,41.0,18,1,11,2,52.0,33.38,64.1923,3.0,0.2852,0.2805,Rank customer value before interpreting loyalty.
customer_value_baseline,customer,220206,,,transaction_rank,42.0,18,1,13,2,54.0,34.85,64.537,3.5,0.2852,0.2805,Rank customer value before interpreting loyalty.
customer_value_baseline,customer,296353,,,transaction_rank,43.0,18,1,13,0,52.0,32.09,61.7115,,0.2852,0.0,Rank customer value before interpreting loyalty.
customer_value_baseline,customer,371731,,,transaction_rank,44.0,18,1,11,0,52.0,34.19,65.75,,0.2852,0.0,Rank customer value before interpreting loyalty.
customer_value_baseline,customer,396166,,,transaction_rank,45.0,18,1,10,1,52.0,31.66,60.8846,5.0,0.2852,0.1403,Rank customer value before interpreting loyalty.
customer_value_baseline,customer,412544,,,transaction_rank,46.0,18,1,12,2,52.0,33.9,65.1923,5.0,0.2852,0.2805,Rank customer value before interpreting loyalty.
customer_value_baseline,customer,442254,,,transaction_rank,47.0,18,1,10,3,50.0,30.63,61.26,3.0,0.2852,0.4208,Rank customer value before interpreting loyalty.
customer_value_baseline,customer,465275,,,transaction_rank,48.0,18,1,9,1,54.0,33.57,62.1667,5.0,0.2852,0.1403,Rank customer value before interpreting loyalty.
customer_value_baseline,customer,491380,,,transaction_rank,49.0,18,1,11,2,54.0,35.75,66.2037,3.0,0.2852,0.2805,Rank customer value before interpreting loyalty.
customer_value_baseline,customer,649551,,,transaction_rank,50.0,18,1,13,1,54.0,34.05,63.0556,3.0,0.2852,0.1403,Rank customer value before interpreting loyalty.
customer_value_baseline,customer,720602,,,transaction_rank,51.0,18,1,13,1,52.0,34.63,66.5962,1.0,0.2852,0.1403,Rank customer value before interpreting loyalty.
customer_value_baseline,customer,757780,,,transaction_rank,52.0,18,1,13,2,52.0,33.52,64.4615,4.0,0.2852,0.2805,Rank customer value before interpreting loyalty.
customer_value_baseline,customer,771285,,,transaction_rank,53.0,18,1,11,0,54.0,34.27,63.463,,0.2852,0.0,Rank customer value before interpreting loyalty.
customer_value_baseline,customer,941876,,,transaction_rank,54.0,18,1,11,2,52.0,31.22,60.0385,4.0,0.2852,0.2805,Rank customer value before interpreting loyalty.
customer_value_baseline,customer,149240,,,transaction_rank,55.0,17,1,12,2,51.0,33.57,65.8235,3.5,0.2693,0.2805,Rank customer value before interpreting loyalty.
customer_value_baseline,customer,200272,,,transaction_rank,56.0,17,1,9,0,49.0,33.31,67.9796,,0.2693,0.0,Rank customer value before interpreting loyalty.
customer_value_baseline,customer,207846,,,transaction_rank,57.0,17,1,10,2,51.0,33.13,64.9608,3.0,0.2693,0.2805,Rank customer value before interpreting loyalty.
customer_value_baseline,customer,270853,,,transaction_rank,58.0,17,1,12,0,49.0,32.44,66.2041,,0.2693,0.0,Rank customer value before interpreting loyalty.
customer_value_baseline,customer,358901,,,transaction_rank,59.0,17,1,12,4,51.0,33.85,66.3725,4.25,0.2693,0.561,Rank customer value before interpreting loyalty.
customer_value_baseline,customer,513968,,,transaction_rank,60.0,17,1,11,0,47.0,29.05,61.8085,,0.2693,0.0,Rank customer value before interpreting loyalty.
customer_value_baseline,customer,559688,,,transaction_rank,61.0,17,1,12,3,49.0,33.28,67.9184,3.6667,0.2693,0.4208,Rank customer value before interpreting loyalty.
customer_value_baseline,customer,586201,,,transaction_rank,62.0,17,1,10,1,51.0,31.82,62.3922,1.0,0.2693,0.1403,Rank customer value before interpreting loyalty.
customer_value_baseline,customer,723057,,,transaction_rank,63.0,17,1,11,2,47.0,28.7,61.0638,4.0,0.2693,0.2805,Rank customer value before interpreting loyalty.
customer_value_baseline,customer,745543,,,transaction_rank,64.0,17,1,10,2,49.0,31.7,64.6939,3.0,0.2693,0.2805,Rank customer value before interpreting loyalty.
customer_value_baseline,customer,782947,,,transaction_rank,65.0,17,1,12,0,47.0,29.62,63.0213,,0.2693,0.0,Rank customer value before interpreting loyalty.
customer_value_baseline,customer,822823,,,transaction_rank,66.0,17,1,10,0,51.0,32.02,62.7843,,0.2693,0.0,Rank customer value before interpreting loyalty.
customer_value_baseline,customer,891738,,,transaction_rank,67.0,17,1,10,1,51.0,35.47,69.549,1.0,0.2693,0.1403,Rank customer value before interpreting loyalty.
customer_value_baseline,customer,900440,,,transaction_rank,68.0,17,1,12,2,47.0,28.58,60.8085,3.0,0.2693,0.2805,Rank customer value before interpreting loyalty.
customer_value_baseline,customer,944523,,,transaction_rank,69.0,17,1,11,2,51.0,33.03,64.7647,4.5,0.2693,0.2805,Rank customer value before interpreting loyalty.
customer_value_baseline,customer,950299,,,transaction_rank,70.0,17,1,12,2,49.0,30.71,62.6735,2.0,0.2693,0.2805,Rank customer value before interpreting loyalty.
customer_value_baseline,customer,994199,,,transaction_rank,71.0,17,1,8,3,49.0,30.34,61.9184,3.3333,0.2693,0.4208,Rank customer value before interpreting loyalty.
customer_value_baseline,customer,137696,,,transaction_rank,72.0,16,1,11,6,48.0,29.0,60.4167,4.1667,0.2535,0.8415,Rank customer value before interpreting loyalty.
customer_value_baseline,customer,157388,,,transaction_rank,73.0,16,1,10,2,44.0,29.28,66.5455,2.5,0.2535,0.2805,Rank customer value before interpreting loyalty.
customer_value_baseline,customer,161942,,,transaction_rank,74.0,16,1,11,3,48.0,30.15,62.8125,2.0,0.2535,0.4208,Rank customer value before interpreting loyalty.
customer_value_baseline,customer,166612,,,transaction_rank,75.0,16,1,12,1,48.0,31.71,66.0625,4.0,0.2535,0.1403,Rank customer value before interpreting loyalty.
customer_value_baseline,customer,189953,,,transaction_rank,76.0,16,1,9,4,48.0,31.18,64.9583,3.25,0.2535,0.561,Rank customer value before interpreting loyalty.
customer_value_baseline,customer,205878,,,transaction_rank,77.0,16,1,10,1,46.0,28.95,62.9348,1.0,0.2535,0.1403,Rank customer value before interpreting loyalty.
customer_value_baseline,customer,253106,,,transaction_rank,78.0,16,1,11,2,48.0,31.26,65.125,3.5,0.2535,0.2805,Rank customer value before interpreting loyalty.
customer_value_baseline,customer,317461,,,transaction_rank,79.0,16,1,11,2,48.0,31.6,65.8333,4.0,0.2535,0.2805,Rank customer value before interpreting loyalty.
customer_value_baseline,customer,331115,,,transaction_rank,80.0,16,1,10,5,48.0,30.92,64.4167,2.4,0.2535,0.7013,Rank customer value before interpreting loyalty.
customer_value_baseline,customer,336644,,,transaction_rank,81.0,16,1,12,3,46.0,31.25,67.9348,2.6667,0.2535,0.4208,Rank customer value before interpreting loyalty.
customer_value_baseline,customer,352644,,,transaction_rank,82.0,16,1,10,3,48.0,31.23,65.0625,2.6667,0.2535,0.4208,Rank customer value before interpreting loyalty.
customer_value_baseline,customer,427391,,,transaction_rank,83.0,16,1,10,3,48.0,31.3,65.2083,3.3333,0.2535,0.4208,Rank customer value before interpreting loyalty.
customer_value_baseline,customer,520196,,,transaction_rank,84.0,16,1,12,1,48.0,31.65,65.9375,3.0,0.2535,0.1403,Rank customer value before interpreting loyalty.
customer_value_baseline,customer,549823,,,transaction_rank,85.0,16,1,11,0,42.0,26.19,62.3571,,0.2535,0.0,Rank customer value before interpreting loyalty.
customer_value_baseline,customer,580783,,,transaction_rank,86.0,16,1,11,0,48.0,32.19,67.0625,,0.2535,0.0,Rank customer value before interpreting loyalty.
customer_value_baseline,customer,627324,,,transaction_rank,87.0,16,1,8,1,48.0,28.87,60.1458,5.0,0.2535,0.1403,Rank customer value before interpreting loyalty.
customer_value_baseline,customer,668931,,,transaction_rank,88.0,16,1,11,0,48.0,30.11,62.7292,,0.2535,0.0,Rank customer value before interpreting loyalty.
customer_value_baseline,customer,741514,,,transaction_rank,89.0,16,1,11,1,46.0,28.19,61.2826,5.0,0.2535,0.1403,Rank customer value before interpreting loyalty.
customer_value_baseline,customer,761615,,,transaction_rank,90.0,16,1,12,1,46.0,31.56,68.6087,1.0,0.2535,0.1403,Rank customer value before interpreting loyalty.
customer_value_baseline,customer,766737,,,transaction_rank,91.0,16,1,10,0,48.0,31.23,65.0625,,0.2535,0.0,Rank customer value before interpreting loyalty.
customer_value_baseline,customer,808421,,,transaction_rank,92.0,16,1,9,0,48.0,30.37,63.2708,,0.2535,0.0,Rank customer value before interpreting loyalty.
customer_value_baseline,customer,158528,,,transaction_rank,93.0,15,1,9,2,43.0,27.04,62.8837,3.0,0.2376,0.2805,Rank customer value before interpreting loyalty.
customer_value_baseline,customer,193968,,,transaction_rank,94.0,15,1,10,0,45.0,28.77,63.9333,,0.2376,0.0,Rank customer value before interpreting loyalty.
customer_value_baseline,customer,226909,,,transaction_rank,95.0,15,1,10,3,41.0,25.91,63.1951,3.3333,0.2376,0.4208,Rank customer value before interpreting loyalty.
customer_value_baseline,customer,245577,,,transaction_rank,96.0,15,1,11,3,43.0,26.93,62.6279,4.6667,0.2376,0.4208,Rank customer value before interpreting loyalty.
customer_value_baseline,customer,249779,,,transaction_rank,97.0,15,1,8,2,45.0,28.22,62.7111,1.5,0.2376,0.2805,Rank customer value before interpreting loyalty.
customer_value_baseline,customer,308505,,,transaction_rank,98.0,15,1,12,0,43.0,26.59,61.8372,,0.2376,0.0,Rank customer value before interpreting loyalty.
customer_value_baseline,customer,355107,,,transaction_rank,99.0,15,1,11,1,43.0,26.32,61.2093,5.0,0.2376,0.1403,Rank customer value before interpreting loyalty.
customer_value_baseline,customer,464984,,,transaction_rank,100.0,15,1,8,1,45.0,28.05,62.3333,1.0,0.2376,0.1403,Rank customer value before interpreting loyalty.
customer_value_baseline,customer,478274,,,transaction_rank,101.0,15,1,10,5,45.0,29.48,65.5111,3.8,0.2376,0.7013,Rank customer value before interpreting loyalty.
customer_value_baseline,customer,479497,,,transaction_rank,102.0,15,1,11,1,45.0,28.44,63.2,4.0,0.2376,0.1403,Rank customer value before interpreting loyalty.
customer_value_baseline,customer,524667,,,transaction_rank,103.0,15,1,11,0,45.0,29.27,65.0444,,0.2376,0.0,Rank customer value before interpreting loyalty.
customer_value_baseline,customer,550824,,,transaction_rank,104.0,15,1,8,2,41.0,28.05,68.4146,2.5,0.2376,0.2805,Rank customer value before interpreting loyalty.
customer_value_baseline,customer,559486,,,transaction_rank,105.0,15,1,12,0,45.0,27.95,62.1111,,0.2376,0.0,Rank customer value before interpreting loyalty.
customer_value_baseline,customer,561305,,,transaction_rank,106.0,15,1,10,0,45.0,28.26,62.8,,0.2376,0.0,Rank customer value before interpreting loyalty.
customer_value_baseline,customer,567388,,,transaction_rank,107.0,15,1,11,0,43.0,27.74,64.5116,,0.2376,0.0,Rank customer value before interpreting loyalty.
customer_value_baseline,customer,605188,,,transaction_rank,108.0,15,1,11,1,45.0,27.99,62.2,5.0,0.2376,0.1403,Rank customer value before interpreting loyalty.
customer_value_baseline,customer,651462,,,transaction_rank,109.0,15,1,10,1,43.0,27.04,62.8837,5.0,0.2376,0.1403,Rank customer value before interpreting loyalty.
customer_value_baseline,customer,672834,,,transaction_rank,110.0,15,1,10,0,43.0,30.42,70.7442,,0.2376,0.0,Rank customer value before interpreting loyalty.
customer_value_baseline,customer,690100,,,transaction_rank,111.0,15,1,10,1,43.0,28.02,65.1628,4.0,0.2376,0.1403,Rank customer value before interpreting loyalty.
customer_value_baseline,customer,719921,,,transaction_rank,112.0,15,1,11,1,43.0,26.59,61.8372,4.0,0.2376,0.1403,Rank customer value before interpreting loyalty.
customer_value_baseline,customer,734624,,,transaction_rank,113.0,15,1,11,1,45.0,28.8,64.0,1.0,0.2376,0.1403,Rank customer value before interpreting loyalty.
customer_value_baseline,customer,766161,,,transaction_rank,114.0,15,1,10,0,45.0,29.05,64.5556,,0.2376,0.0,Rank customer value before interpreting loyalty.
customer_value_baseline,customer,803700,,,transaction_rank,115.0,15,1,13,0,41.0,26.36,64.2927,,0.2376,0.0,Rank customer value before interpreting loyalty.
customer_value_baseline,customer,815980,,,transaction_rank,116.0,15,1,10,0,43.0,28.15,65.4651,,0.2376,0.0,Rank customer value before interpreting loyalty.
customer_value_baseline,customer,841831,,,transaction_rank,117.0,15,1,10,0,43.0,27.87,64.814,,0.2376,0.0,Rank customer value before interpreting loyalty.
customer_value_baseline,customer,846558,,,transaction_rank,118.0,15,1,9,0,43.0,28.17,65.5116,,0.2376,0.0,Rank customer value before interpreting loyalty.
customer_value_baseline,customer,892883,,,transaction_rank,119.0,15,1,12,2,45.0,30.45,67.6667,3.0,0.2376,0.2805,Rank customer value before interpreting loyalty.
customer_value_baseline,customer,911171,,,transaction_rank,120.0,15,1,10,1,45.0,27.43,60.9556,1.0,0.2376,0.1403,Rank customer value before interpreting loyalty.
customer_value_baseline,customer,924649,,,transaction_rank,121.0,15,1,12,1,45.0,29.36,65.2444,3.0,0.2376,0.1403,Rank customer value before interpreting loyalty.
customer_value_baseline,customer,128131,,,transaction_rank,122.0,14,1,11,0,40.0,25.82,64.55,,0.2218,0.0,Rank customer value before interpreting loyalty.
customer_value_baseline,customer,132454,,,transaction_rank,123.0,14,1,10,1,42.0,26.42,62.9048,4.0,0.2218,0.1403,Rank customer value before interpreting loyalty.
customer_value_baseline,customer,183797,,,transaction_rank,124.0,14,1,11,1,42.0,26.34,62.7143,3.0,0.2218,0.1403,Rank customer value before interpreting loyalty.
customer_value_baseline,customer,190721,,,transaction_rank,125.0,14,1,9,6,38.0,24.01,63.1842,3.3333,0.2218,0.8415,Rank customer value before interpreting loyalty.
customer_value_baseline,customer,202612,,,transaction_rank,126.0,14,1,9,4,42.0,26.66,63.4762,3.0,0.2218,0.561,Rank customer value before interpreting loyalty.
customer_value_baseline,customer,236554,,,transaction_rank,127.0,14,1,11,2,40.0,25.89,64.725,2.5,0.2218,0.2805,Rank customer value before interpreting loyalty.
customer_value_baseline,customer,247216,,,transaction_rank,128.0,14,1,7,1,42.0,26.96,64.1905,4.0,0.2218,0.1403,Rank customer value before interpreting loyalty.
customer_value_baseline,customer,256181,,,transaction_rank,129.0,14,1,11,3,40.0,26.68,66.7,4.3333,0.2218,0.4208,Rank customer value before interpreting loyalty.
customer_value_baseline,customer,292402,,,transaction_rank,130.0,14,1,11,0,42.0,27.55,65.5952,,0.2218,0.0,Rank customer value before interpreting loyalty.
customer_value_baseline,customer,317807,,,transaction_rank,131.0,14,1,10,2,42.0,28.51,67.881,2.0,0.2218,0.2805,Rank customer value before interpreting loyalty.
customer_value_baseline,customer,347659,,,transaction_rank,132.0,14,1,10,2,42.0,27.54,65.5714,2.0,0.2218,0.2805,Rank customer value before interpreting loyalty.
customer_value_baseline,customer,393120,,,transaction_rank,133.0,14,1,9,0,42.0,30.32,72.1905,,0.2218,0.0,Rank customer value before interpreting loyalty.
customer_value_baseline,customer,416523,,,transaction_rank,134.0,14,1,11,3,42.0,26.87,63.9762,3.3333,0.2218,0.4208,Rank customer value before interpreting loyalty.
customer_value_baseline,customer,418635,,,transaction_rank,135.0,14,1,8,3,40.0,24.65,61.625,3.3333,0.2218,0.4208,Rank customer value before interpreting loyalty.
customer_value_baseline,customer,442691,,,transaction_rank,136.0,14,1,8,3,40.0,25.73,64.325,3.0,0.2218,0.4208,Rank customer value before interpreting loyalty.
customer_value_baseline,customer,447601,,,transaction_rank,137.0,14,1,12,3,40.0,25.98,64.95,4.0,0.2218,0.4208,Rank customer value before interpreting loyalty.
customer_value_baseline,customer,464782,,,transaction_rank,138.0,14,1,11,0,40.0,25.01,62.525,,0.2218,0.0,Rank customer value before interpreting loyalty.
customer_value_baseline,customer,578275,,,transaction_rank,139.0,14,1,9,0,42.0,25.73,61.2619,,0.2218,0.0,Rank customer value before interpreting loyalty.
customer_value_baseline,customer,608290,,,transaction_rank,140.0,14,1,10,0,40.0,25.17,62.925,,0.2218,0.0,Rank customer value before interpreting loyalty.
customer_value_baseline,customer,643214,,,transaction_rank,141.0,14,1,11,1,42.0,27.19,64.7381,2.0,0.2218,0.1403,Rank customer value before interpreting loyalty.
customer_value_baseline,customer,657736,,,transaction_rank,142.0,14,1,8,1,42.0,27.56,65.619,5.0,0.2218,0.1403,Rank customer value before interpreting loyalty.
customer_value_baseline,customer,676018,,,transaction_rank,143.0,14,1,10,0,42.0,25.82,61.4762,,0.2218,0.0,Rank customer value before interpreting loyalty.
customer_value_baseline,customer,706101,,,transaction_rank,144.0,14,1,9,1,40.0,25.03,62.575,2.0,0.2218,0.1403,Rank customer value before interpreting loyalty.
customer_value_baseline,customer,775449,,,transaction_rank,145.0,14,1,9,1,40.0,23.23,58.075,3.0,0.2218,0.1403,Rank customer value before interpreting loyalty.
customer_value_baseline,customer,791850,,,transaction_rank,146.0,14,1,8,1,42.0,27.74,66.0476,3.0,0.2218,0.1403,Rank customer value before interpreting loyalty.
customer_value_baseline,customer,793987,,,transaction_rank,147.0,14,1,9,0,40.0,24.75,61.875,,0.2218,0.0,Rank customer value before interpreting loyalty.
customer_value_baseline,customer,842028,,,transaction_rank,148.0,14,1,8,0,40.0,27.71,69.275,,0.2218,0.0,Rank customer value before interpreting loyalty.
customer_value_baseline,customer,847289,,,transaction_rank,149.0,14,1,8,1,42.0,26.57,63.2619,1.0,0.2218,0.1403,Rank customer value before interpreting loyalty.
customer_value_baseline,customer,860057,,,transaction_rank,150.0,14,1,9,1,40.0,24.62,61.55,1.0,0.2218,0.1403,Rank customer value before interpreting loyalty.
customer_value_baseline,customer,879173,,,transaction_rank,151.0,14,1,10,0,40.0,24.78,61.95,,0.2218,0.0,Rank customer value before interpreting loyalty.
customer_value_baseline,customer,880238,,,transaction_rank,152.0,14,1,8,0,42.0,26.76,63.7143,,0.2218,0.0,Rank customer value before interpreting loyalty.
customer_value_baseline,customer,884729,,,transaction_rank,153.0,14,1,10,1,38.0,23.26,61.2105,2.0,0.2218,0.1403,Rank customer value before interpreting loyalty.
customer_value_baseline,customer,929344,,,transaction_rank,154.0,14,1,10,1,42.0,26.28,62.5714,3.0,0.2218,0.1403,Rank customer value before interpreting loyalty.
customer_value_baseline,customer,938006,,,transaction_rank,155.0,14,1,9,2,38.0,25.03,65.8684,2.5,0.2218,0.2805,Rank customer value before interpreting loyalty.
customer_value_baseline,customer,974503,,,transaction_rank,156.0,14,1,9,0,38.0,27.06,71.2105,,0.2218,0.0,Rank customer value before interpreting loyalty.
customer_value_baseline,customer,108708,,,transaction_rank,157.0,13,1,7,1,39.0,24.51,62.8462,3.0,0.206,0.1403,Rank customer value before interpreting loyalty.
customer_value_baseline,customer,109251,,,transaction_rank,158.0,13,1,7,1,39.0,24.9,63.8462,3.0,0.206,0.1403,Rank customer value before interpreting loyalty.
customer_value_baseline,customer,111486,,,transaction_rank,159.0,13,1,8,4,39.0,26.96,69.1282,3.75,0.206,0.561,Rank customer value before interpreting loyalty.
customer_value_baseline,customer,199895,,,transaction_rank,160.0,13,1,9,2,37.0,24.14,65.2432,2.5,0.206,0.2805,Rank customer value before interpreting loyalty.
customer_value_baseline,customer,216475,,,transaction_rank,161.0,13,1,10,0,39.0,26.28,67.3846,,0.206,0.0,Rank customer value before interpreting loyalty.
customer_value_baseline,customer,227372,,,transaction_rank,162.0,13,1,8,3,39.0,26.41,67.7179,2.6667,0.206,0.4208,Rank customer value before interpreting loyalty.
customer_value_baseline,customer,230602,,,transaction_rank,163.0,13,1,11,1,37.0,22.75,61.4865,3.0,0.206,0.1403,Rank customer value before interpreting loyalty.
customer_value_baseline,customer,235720,,,transaction_rank,164.0,13,1,10,2,39.0,25.12,64.4103,3.5,0.206,0.2805,Rank customer value before interpreting loyalty.
customer_value_baseline,customer,265707,,,transaction_rank,165.0,13,1,8,1,39.0,25.64,65.7436,1.0,0.206,0.1403,Rank customer value before interpreting loyalty.
customer_value_baseline,customer,366695,,,transaction_rank,166.0,13,1,9,2,39.0,25.79,66.1282,2.5,0.206,0.2805,Rank customer value before interpreting loyalty.
customer_value_baseline,customer,413292,,,transaction_rank,167.0,13,1,10,3,39.0,26.99,69.2051,3.3333,0.206,0.4208,Rank customer value before interpreting loyalty.
customer_value_baseline,customer,418506,,,transaction_rank,168.0,13,1,10,2,39.0,23.92,61.3333,1.5,0.206,0.2805,Rank customer value before interpreting loyalty.
customer_value_baseline,customer,426984,,,transaction_rank,169.0,13,1,10,2,37.0,24.26,65.5676,3.0,0.206,0.2805,Rank customer value before interpreting loyalty.
customer_value_baseline,customer,427826,,,transaction_rank,170.0,13,1,9,2,37.0,22.8,61.6216,3.0,0.206,0.2805,Rank customer value before interpreting loyalty.
customer_value_baseline,customer,447368,,,transaction_rank,171.0,13,1,9,3,37.0,24.48,66.1622,3.0,0.206,0.4208,Rank customer value before interpreting loyalty.
customer_value_baseline,customer,454015,,,transaction_rank,172.0,13,1,9,4,37.0,24.2,65.4054,3.25,0.206,0.561,Rank customer value before interpreting loyalty.
customer_value_baseline,customer,485769,,,transaction_rank,173.0,13,1,10,1,37.0,22.54,60.9189,3.0,0.206,0.1403,Rank customer value before interpreting loyalty.
customer_value_baseline,customer,493552,,,transaction_rank,174.0,13,1,10,1,39.0,26.97,69.1538,1.0,0.206,0.1403,Rank customer value before interpreting loyalty.
customer_value_baseline,customer,494106,,,transaction_rank,175.0,13,1,7,1,39.0,27.61,70.7949,2.0,0.206,0.1403,Rank customer value before interpreting loyalty.
customer_value_baseline,customer,500350,,,transaction_rank,176.0,13,1,9,1,39.0,25.08,64.3077,3.0,0.206,0.1403,Rank customer value before interpreting loyalty.
customer_value_baseline,customer,520377,,,transaction_rank,177.0,13,1,10,0,37.0,23.97,64.7838,,0.206,0.0,Rank customer value before interpreting loyalty.
customer_value_baseline,customer,585972,,,transaction_rank,178.0,13,1,9,2,39.0,26.85,68.8462,3.5,0.206,0.2805,Rank customer value before interpreting loyalty.
customer_value_baseline,customer,592592,,,transaction_rank,179.0,13,1,9,1,39.0,24.06,61.6923,5.0,0.206,0.1403,Rank customer value before interpreting loyalty.
customer_value_baseline,customer,592726,,,transaction_rank,180.0,13,1,10,0,39.0,24.58,63.0256,,0.206,0.0,Rank customer value before interpreting loyalty.
customer_value_baseline,customer,599995,,,transaction_rank,181.0,13,1,10,1,39.0,24.32,62.359,1.0,0.206,0.1403,Rank customer value before interpreting loyalty.
customer_value_baseline,customer,616028,,,transaction_rank,182.0,13,1,8,0,39.0,26.15,67.0513,,0.206,0.0,Rank customer value before interpreting loyalty.
customer_value_baseline,customer,657495,,,transaction_rank,183.0,13,1,10,1,37.0,24.36,65.8378,5.0,0.206,0.1403,Rank customer value before interpreting loyalty.
customer_value_baseline,customer,659695,,,transaction_rank,184.0,13,1,9,2,39.0,26.78,68.6667,3.5,0.206,0.2805,Rank customer value before interpreting loyalty.
customer_value_baseline,customer,678940,,,transaction_rank,185.0,13,1,7,0,39.0,24.42,62.6154,,0.206,0.0,Rank customer value before interpreting loyalty.
customer_value_baseline,customer,694281,,,transaction_rank,186.0,13,1,10,0,39.0,25.69,65.8718,,0.206,0.0,Rank customer value before interpreting loyalty.
customer_value_baseline,customer,701816,,,transaction_rank,187.0,13,1,11,0,39.0,24.59,63.0513,,0.206,0.0,Rank customer value before interpreting loyalty.
customer_value_baseline,customer,734514,,,transaction_rank,188.0,13,1,10,2,39.0,24.59,63.0513,2.5,0.206,0.2805,Rank customer value before interpreting loyalty.
customer_value_baseline,customer,746134,,,transaction_rank,189.0,13,1,10,0,35.0,21.47,61.3429,,0.206,0.0,Rank customer value before interpreting loyalty.
customer_value_baseline,customer,765237,,,transaction_rank,190.0,13,1,10,1,39.0,25.15,64.4872,1.0,0.206,0.1403,Rank customer value before interpreting loyalty.
customer_value_baseline,customer,781523,,,transaction_rank,191.0,13,1,8,0,39.0,24.44,62.6667,,0.206,0.0,Rank customer value before interpreting loyalty.
customer_value_baseline,customer,818287,,,transaction_rank,192.0,13,1,11,1,37.0,24.24,65.5135,3.0,0.206,0.1403,Rank customer value before interpreting loyalty.
customer_value_baseline,customer,826590,,,transaction_rank,193.0,13,1,8,1,37.0,22.43,60.6216,5.0,0.206,0.1403,Rank customer value before interpreting loyalty.
customer_value_baseline,customer,864896,,,transaction_rank,194.0,13,1,8,0,37.0,22.62,61.1351,,0.206,0.0,Rank customer value before interpreting loyalty.
customer_value_baseline,customer,885548,,,transaction_rank,195.0,13,1,11,0,39.0,25.49,65.359,,0.206,0.0,Rank customer value before interpreting loyalty.
customer_value_baseline,customer,925565,,,transaction_rank,196.0,13,1,10,0,39.0,26.87,68.8974,,0.206,0.0,Rank customer value before interpreting loyalty.
customer_value_baseline,customer,926144,,,transaction_rank,197.0,13,1,8,0,37.0,25.39,68.6216,,0.206,0.0,Rank customer value before interpreting loyalty.
customer_value_baseline,customer,955591,,,transaction_rank,198.0,13,1,8,1,39.0,27.33,70.0769,4.0,0.206,0.1403,Rank customer value before interpreting loyalty.
customer_value_baseline,customer,961080,,,transaction_rank,199.0,13,1,9,1,39.0,25.67,65.8205,3.0,0.206,0.1403,Rank customer value before interpreting loyalty.
customer_value_baseline,customer,970794,,,transaction_rank,200.0,13,1,9,0,39.0,26.31,67.4615,,0.206,0.0,Rank customer value before interpreting loyalty.
customer_value_baseline,customer,994056,,,transaction_rank,201.0,13,1,10,1,39.0,25.99,66.641,5.0,0.206,0.1403,Rank customer value before interpreting loyalty.
customer_value_baseline,customer,111991,,,transaction_rank,202.0,12,1,9,1,34.0,22.37,65.7941,2.0,0.1901,0.1403,Rank customer value before interpreting loyalty.
customer_value_baseline,customer,145929,,,transaction_rank,203.0,12,1,7,2,36.0,20.97,58.25,2.5,0.1901,0.2805,Rank customer value before interpreting loyalty.
customer_value_baseline,customer,147543,,,transaction_rank,204.0,12,1,9,2,36.0,25.52,70.8889,4.0,0.1901,0.2805,Rank customer value before interpreting loyalty.
customer_value_baseline,customer,161175,,,transaction_rank,205.0,12,1,8,2,34.0,20.99,61.7353,4.0,0.1901,0.2805,Rank customer value before interpreting loyalty.
customer_value_baseline,customer,185863,,,transaction_rank,206.0,12,1,6,4,34.0,22.33,65.6765,3.5,0.1901,0.561,Rank customer value before interpreting loyalty.
customer_value_baseline,customer,191951,,,transaction_rank,207.0,12,1,8,1,36.0,24.02,66.7222,2.0,0.1901,0.1403,Rank customer value before interpreting loyalty.
customer_value_baseline,customer,196068,,,transaction_rank,208.0,12,1,11,0,34.0,21.16,62.2353,,0.1901,0.0,Rank customer value before interpreting loyalty.
customer_value_baseline,customer,203787,,,transaction_rank,209.0,12,1,9,1,36.0,24.39,67.75,4.0,0.1901,0.1403,Rank customer value before interpreting loyalty.
customer_value_baseline,customer,205927,,,transaction_rank,210.0,12,1,11,2,36.0,23.77,66.0278,3.0,0.1901,0.2805,Rank customer value before interpreting loyalty.
customer_value_baseline,customer,214537,,,transaction_rank,211.0,12,1,8,3,36.0,21.94,60.9444,3.0,0.1901,0.4208,Rank customer value before interpreting loyalty.
customer_value_baseline,customer,225489,,,transaction_rank,212.0,12,1,10,2,36.0,22.52,62.5556,1.0,0.1901,0.2805,Rank customer value before interpreting loyalty.
customer_value_baseline,customer,233813,,,transaction_rank,213.0,12,1,9,3,34.0,21.19,62.3235,1.6667,0.1901,0.4208,Rank customer value before interpreting loyalty.
customer_value_baseline,customer,238347,,,transaction_rank,214.0,12,1,9,2,36.0,23.28,64.6667,3.0,0.1901,0.2805,Rank customer value before interpreting loyalty.
customer_value_baseline,customer,302774,,,transaction_rank,215.0,12,1,10,3,36.0,22.14,61.5,3.0,0.1901,0.4208,Rank customer value before interpreting loyalty.
customer_value_baseline,customer,306475,,,transaction_rank,216.0,12,1,9,1,36.0,23.82,66.1667,1.0,0.1901,0.1403,Rank customer value before interpreting loyalty.
customer_value_baseline,customer,324435,,,transaction_rank,217.0,12,1,9,2,36.0,25.92,72.0,3.0,0.1901,0.2805,Rank customer value before interpreting loyalty.
customer_value_baseline,customer,330223,,,transaction_rank,218.0,12,1,10,4,36.0,23.22,64.5,2.75,0.1901,0.561,Rank customer value before interpreting loyalty.
customer_value_baseline,customer,385115,,,transaction_rank,219.0,12,1,9,1,36.0,22.66,62.9444,3.0,0.1901,0.1403,Rank customer value before interpreting loyalty.
customer_value_baseline,customer,393893,,,transaction_rank,220.0,12,1,10,2,36.0,23.91,66.4167,3.5,0.1901,0.2805,Rank customer value before interpreting loyalty.
customer_value_baseline,customer,395125,,,transaction_rank,221.0,12,1,10,2,34.0,23.35,68.6765,1.5,0.1901,0.2805,Rank customer value before interpreting loyalty.
customer_value_baseline,customer,408341,,,transaction_rank,222.0,12,1,9,1,34.0,21.02,61.8235,5.0,0.1901,0.1403,Rank customer value before interpreting loyalty.
customer_value_baseline,customer,412235,,,transaction_rank,223.0,12,1,10,2,36.0,22.68,63.0,2.5,0.1901,0.2805,Rank customer value before interpreting loyalty.
customer_value_baseline,customer,417823,,,transaction_rank,224.0,12,1,10,1,36.0,22.85,63.4722,4.0,0.1901,0.1403,Rank customer value before interpreting loyalty.
customer_value_baseline,customer,432268,,,transaction_rank,225.0,12,1,8,0,36.0,23.53,65.3611,,0.1901,0.0,Rank customer value before interpreting loyalty.
customer_value_baseline,customer,448993,,,transaction_rank,226.0,12,1,9,1,32.0,21.13,66.0313,2.0,0.1901,0.1403,Rank customer value before interpreting loyalty.
customer_value_baseline,customer,456457,,,transaction_rank,227.0,12,1,9,1,36.0,25.61,71.1389,2.0,0.1901,0.1403,Rank customer value before interpreting loyalty.
customer_value_baseline,customer,469564,,,transaction_rank,228.0,12,1,10,2,36.0,23.21,64.4722,4.0,0.1901,0.2805,Rank customer value before interpreting loyalty.
customer_value_baseline,customer,537860,,,transaction_rank,229.0,12,1,9,1,36.0,23.93,66.4722,4.0,0.1901,0.1403,Rank customer value before interpreting loyalty.
customer_value_baseline,customer,563500,,,transaction_rank,230.0,12,1,9,1,36.0,22.75,63.1944,1.0,0.1901,0.1403,Rank customer value before interpreting loyalty.
customer_value_baseline,customer,568217,,,transaction_rank,231.0,12,1,10,2,36.0,24.51,68.0833,3.5,0.1901,0.2805,Rank customer value before interpreting loyalty.
customer_value_baseline,customer,590616,,,transaction_rank,232.0,12,1,8,0,36.0,22.47,62.4167,,0.1901,0.0,Rank customer value before interpreting loyalty.
customer_value_baseline,customer,622506,,,transaction_rank,233.0,12,1,9,0,36.0,22.28,61.8889,,0.1901,0.0,Rank customer value before interpreting loyalty.
customer_value_baseline,customer,643305,,,transaction_rank,234.0,12,1,9,2,34.0,20.15,59.2647,3.5,0.1901,0.2805,Rank customer value before interpreting loyalty.
customer_value_baseline,customer,646700,,,transaction_rank,235.0,12,1,9,0,34.0,20.34,59.8235,,0.1901,0.0,Rank customer value before interpreting loyalty.
customer_value_baseline,customer,667170,,,transaction_rank,236.0,12,1,10,0,36.0,23.01,63.9167,,0.1901,0.0,Rank customer value before interpreting loyalty.
customer_value_baseline,customer,724813,,,transaction_rank,237.0,12,1,7,3,36.0,22.34,62.0556,2.6667,0.1901,0.4208,Rank customer value before interpreting loyalty.
customer_value_baseline,customer,748326,,,transaction_rank,238.0,12,1,10,0,36.0,24.73,68.6944,,0.1901,0.0,Rank customer value before interpreting loyalty.
customer_value_baseline,customer,755271,,,transaction_rank,239.0,12,1,9,0,34.0,21.66,63.7059,,0.1901,0.0,Rank customer value before interpreting loyalty.
customer_value_baseline,customer,756769,,,transaction_rank,240.0,12,1,8,0,34.0,22.61,66.5,,0.1901,0.0,Rank customer value before interpreting loyalty.
customer_value_baseline,customer,762509,,,transaction_rank,241.0,12,1,9,0,36.0,23.57,65.4722,,0.1901,0.0,Rank customer value before interpreting loyalty.
customer_value_baseline,customer,795957,,,transaction_rank,242.0,12,1,9,0,36.0,21.81,60.5833,,0.1901,0.0,Rank customer value before interpreting loyalty.
customer_value_baseline,customer,808177,,,transaction_rank,243.0,12,1,10,0,34.0,22.68,66.7059,,0.1901,0.0,Rank customer value before interpreting loyalty.
customer_value_baseline,customer,888759,,,transaction_rank,244.0,12,1,11,1,34.0,21.13,62.1471,4.0,0.1901,0.1403,Rank customer value before interpreting loyalty.
customer_value_baseline,customer,888952,,,transaction_rank,245.0,12,1,10,0,36.0,23.69,65.8056,,0.1901,0.0,Rank customer value before interpreting loyalty.
customer_value_baseline,customer,908328,,,transaction_rank,246.0,12,1,10,0,36.0,23.95,66.5278,,0.1901,0.0,Rank customer value before interpreting loyalty.
customer_value_baseline,customer,908768,,,transaction_rank,247.0,12,1,7,1,34.0,20.63,60.6765,4.0,0.1901,0.1403,Rank customer value before interpreting loyalty.
customer_value_baseline,customer,921792,,,transaction_rank,248.0,12,1,7,1,36.0,23.45,65.1389,1.0,0.1901,0.1403,Rank customer value before interpreting loyalty.
customer_value_baseline,customer,964619,,,transaction_rank,249.0,12,1,11,2,36.0,23.62,65.6111,3.5,0.1901,0.2805,Rank customer value before interpreting loyalty.
customer_value_baseline,customer,977759,,,transaction_rank,250.0,12,1,8,1,36.0,25.1,69.7222,2.0,0.1901,0.1403,Rank customer value before interpreting loyalty.
customer_value_baseline,customer,154427,,,transaction_rank,251.0,11,1,11,0,33.0,21.58,65.3939,,0.1743,0.0,Rank customer value before interpreting loyalty.
customer_value_baseline,customer,166135,,,transaction_rank,252.0,11,1,8,1,31.0,18.45,59.5161,4.0,0.1743,0.1403,Rank customer value before interpreting loyalty.
customer_value_baseline,customer,166735,,,transaction_rank,253.0,11,1,8,2,33.0,21.68,65.697,2.5,0.1743,0.2805,Rank customer value before interpreting loyalty.
customer_value_baseline,customer,170500,,,transaction_rank,254.0,11,1,8,3,33.0,20.4,61.8182,2.6667,0.1743,0.4208,Rank customer value before interpreting loyalty.
customer_value_baseline,customer,230467,,,transaction_rank,255.0,11,1,6,3,33.0,21.74,65.8788,3.6667,0.1743,0.4208,Rank customer value before interpreting loyalty.
customer_value_baseline,customer,266633,,,transaction_rank,256.0,11,1,9,5,33.0,22.43,67.9697,3.0,0.1743,0.7013,Rank customer value before interpreting loyalty.
customer_value_baseline,customer,267632,,,transaction_rank,257.0,11,1,7,3,31.0,20.28,65.4194,2.3333,0.1743,0.4208,Rank customer value before interpreting loyalty.
customer_value_baseline,customer,283158,,,transaction_rank,258.0,11,1,7,2,31.0,19.49,62.871,3.0,0.1743,0.2805,Rank customer value before interpreting loyalty.
customer_value_baseline,customer,296886,,,transaction_rank,259.0,11,1,9,0,33.0,20.2,61.2121,,0.1743,0.0,Rank customer value before interpreting loyalty.
customer_value_baseline,customer,301793,,,transaction_rank,260.0,11,1,9,0,33.0,21.62,65.5152,,0.1743,0.0,Rank customer value before interpreting loyalty.
customer_value_baseline,customer,332324,,,transaction_rank,261.0,11,1,9,2,33.0,21.37,64.7576,3.0,0.1743,0.2805,Rank customer value before interpreting loyalty.
customer_value_baseline,customer,345348,,,transaction_rank,262.0,11,1,10,0,33.0,21.37,64.7576,,0.1743,0.0,Rank customer value before interpreting loyalty.
customer_value_baseline,customer,412929,,,transaction_rank,263.0,11,1,8,2,33.0,21.71,65.7879,3.5,0.1743,0.2805,Rank customer value before interpreting loyalty.
customer_value_baseline,customer,422717,,,transaction_rank,264.0,11,1,9,1,33.0,21.17,64.1515,2.0,0.1743,0.1403,Rank customer value before interpreting loyalty.
customer_value_baseline,customer,425051,,,transaction_rank,265.0,11,1,8,3,31.0,19.23,62.0323,1.6667,0.1743,0.4208,Rank customer value before interpreting loyalty.
customer_value_baseline,customer,426830,,,transaction_rank,266.0,11,1,8,3,33.0,21.52,65.2121,3.3333,0.1743,0.4208,Rank customer value before interpreting loyalty.
customer_value_baseline,customer,484909,,,transaction_rank,267.0,11,1,6,1,31.0,18.98,61.2258,3.0,0.1743,0.1403,Rank customer value before interpreting loyalty.
customer_value_baseline,customer,488803,,,transaction_rank,268.0,11,1,9,0,33.0,20.47,62.0303,,0.1743,0.0,Rank customer value before interpreting loyalty.
customer_value_baseline,customer,516619,,,transaction_rank,269.0,11,1,8,2,33.0,20.45,61.9697,4.0,0.1743,0.2805,Rank customer value before interpreting loyalty.
customer_value_baseline,customer,556152,,,transaction_rank,270.0,11,1,8,2,33.0,20.1,60.9091,3.0,0.1743,0.2805,Rank customer value before interpreting loyalty.
customer_value_baseline,customer,563468,,,transaction_rank,271.0,11,1,8,0,29.0,18.73,64.5862,,0.1743,0.0,Rank customer value before interpreting loyalty.
customer_value_baseline,customer,590517,,,transaction_rank,272.0,11,1,8,2,31.0,19.41,62.6129,2.0,0.1743,0.2805,Rank customer value before interpreting loyalty.
customer_value_baseline,customer,593317,,,transaction_rank,273.0,11,1,8,1,31.0,19.84,64.0,2.0,0.1743,0.1403,Rank customer value before interpreting loyalty.
customer_value_baseline,customer,606155,,,transaction_rank,274.0,11,1,8,1,33.0,21.22,64.303,1.0,0.1743,0.1403,Rank customer value before interpreting loyalty.
customer_value_baseline,customer,610766,,,transaction_rank,275.0,11,1,7,0,33.0,20.29,61.4848,,0.1743,0.0,Rank customer value before interpreting loyalty.
customer_value_baseline,customer,616392,,,transaction_rank,276.0,11,1,9,0,31.0,18.91,61.0,,0.1743,0.0,Rank customer value before interpreting loyalty.
customer_value_baseline,customer,664411,,,transaction_rank,277.0,11,1,8,0,33.0,20.48,62.0606,,0.1743,0.0,Rank customer value before interpreting loyalty.
customer_value_baseline,customer,664934,,,transaction_rank,278.0,11,1,9,1,33.0,20.49,62.0909,1.0,0.1743,0.1403,Rank customer value before interpreting loyalty.
customer_value_baseline,customer,670707,,,transaction_rank,279.0,11,1,9,0,33.0,21.13,64.0303,,0.1743,0.0,Rank customer value before interpreting loyalty.
customer_value_baseline,customer,671101,,,transaction_rank,280.0,11,1,9,0,33.0,21.46,65.0303,,0.1743,0.0,Rank customer value before interpreting loyalty.
customer_value_baseline,customer,676155,,,transaction_rank,281.0,11,1,6,1,33.0,21.08,63.8788,5.0,0.1743,0.1403,Rank customer value before interpreting loyalty.
customer_value_baseline,customer,706884,,,transaction_rank,282.0,11,1,8,2,33.0,20.87,63.2424,3.5,0.1743,0.2805,Rank customer value before interpreting loyalty.
customer_value_baseline,customer,707458,,,transaction_rank,283.0,11,1,9,1,31.0,19.22,62.0,5.0,0.1743,0.1403,Rank customer value before interpreting loyalty.
customer_value_baseline,customer,731346,,,transaction_rank,284.0,11,1,8,1,33.0,20.68,62.6667,1.0,0.1743,0.1403,Rank customer value before interpreting loyalty.
customer_value_baseline,customer,739440,,,transaction_rank,285.0,11,1,7,0,33.0,20.36,61.697,,0.1743,0.0,Rank customer value before interpreting loyalty.
customer_value_baseline,customer,741398,,,transaction_rank,286.0,11,1,9,2,33.0,21.4,64.8485,1.0,0.1743,0.2805,Rank customer value before interpreting loyalty.
customer_value_baseline,customer,742620,,,transaction_rank,287.0,11,1,9,0,31.0,18.12,58.4516,,0.1743,0.0,Rank customer value before interpreting loyalty.
customer_value_baseline,customer,747066,,,transaction_rank,288.0,11,1,7,2,33.0,21.09,63.9091,2.5,0.1743,0.2805,Rank customer value before interpreting loyalty.
customer_value_baseline,customer,757525,,,transaction_rank,289.0,11,1,9,0,29.0,17.43,60.1034,,0.1743,0.0,Rank customer value before interpreting loyalty.
customer_value_baseline,customer,759995,,,transaction_rank,290.0,11,1,8,0,33.0,20.17,61.1212,,0.1743,0.0,Rank customer value before interpreting loyalty.
customer_value_baseline,customer,781968,,,transaction_rank,291.0,11,1,9,0,33.0,21.52,65.2121,,0.1743,0.0,Rank customer value before interpreting loyalty.
customer_value_baseline,customer,785444,,,transaction_rank,292.0,11,1,10,0,33.0,21.8,66.0606,,0.1743,0.0,Rank customer value before interpreting loyalty.
customer_value_baseline,customer,789500,,,transaction_rank,293.0,11,1,7,0,29.0,17.82,61.4483,,0.1743,0.0,Rank customer value before interpreting loyalty.
customer_value_baseline,customer,797968,,,transaction_rank,294.0,11,1,7,0,33.0,20.18,61.1515,,0.1743,0.0,Rank customer value before interpreting loyalty.
customer_value_baseline,customer,806545,,,transaction_rank,295.0,11,1,8,1,31.0,18.35,59.1935,3.0,0.1743,0.1403,Rank customer value before interpreting loyalty.
customer_value_baseline,customer,814317,,,transaction_rank,296.0,11,1,9,3,29.0,16.96,58.4828,4.6667,0.1743,0.4208,Rank customer value before interpreting loyalty.
customer_value_baseline,customer,814512,,,transaction_rank,297.0,11,1,9,0,33.0,20.47,62.0303,,0.1743,0.0,Rank customer value before interpreting loyalty.
customer_value_baseline,customer,833180,,,transaction_rank,298.0,11,1,7,0,29.0,16.36,56.4138,,0.1743,0.0,Rank customer value before interpreting loyalty.
customer_value_baseline,customer,840096,,,transaction_rank,299.0,11,1,6,0,33.0,21.41,64.8788,,0.1743,0.0,Rank customer value before interpreting loyalty.
customer_value_baseline,customer,857548,,,transaction_rank,300.0,11,1,8,2,31.0,19.0,61.2903,1.5,0.1743,0.2805,Rank customer value before interpreting loyalty.
customer_value_baseline,customer,884368,,,transaction_rank,301.0,11,1,8,2,31.0,19.54,63.0323,1.5,0.1743,0.2805,Rank customer value before interpreting loyalty.
customer_value_baseline,customer,918682,,,transaction_rank,302.0,11,1,7,0,33.0,22.61,68.5152,,0.1743,0.0,Rank customer value before interpreting loyalty.
customer_value_baseline,customer,926289,,,transaction_rank,303.0,11,1,9,0,31.0,18.93,61.0645,,0.1743,0.0,Rank customer value before interpreting loyalty.
customer_value_baseline,customer,951702,,,transaction_rank,304.0,11,1,9,3,31.0,19.21,61.9677,3.0,0.1743,0.4208,Rank customer value before interpreting loyalty.
customer_value_baseline,customer,954812,,,transaction_rank,305.0,11,1,10,0,33.0,21.75,65.9091,,0.1743,0.0,Rank customer value before interpreting loyalty.
customer_value_baseline,customer,958321,,,transaction_rank,306.0,11,1,7,2,33.0,21.32,64.6061,3.0,0.1743,0.2805,Rank customer value before interpreting loyalty.
customer_value_baseline,customer,995599,,,transaction_rank,307.0,11,1,9,4,31.0,20.1,64.8387,2.0,0.1743,0.561,Rank customer value before interpreting loyalty.
customer_value_baseline,customer,116690,,,transaction_rank,308.0,10,1,10,3,30.0,19.95,66.5,2.3333,0.1584,0.4208,Rank customer value before interpreting loyalty.
customer_value_baseline,customer,160392,,,transaction_rank,309.0,10,1,9,0,28.0,17.8,63.5714,,0.1584,0.0,Rank customer value before interpreting loyalty.
customer_value_baseline,customer,182040,,,transaction_rank,310.0,10,1,7,0,30.0,20.84,69.4667,,0.1584,0.0,Rank customer value before interpreting loyalty.
customer_value_baseline,customer,192738,,,transaction_rank,311.0,10,1,8,1,30.0,19.03,63.4333,3.0,0.1584,0.1403,Rank customer value before interpreting loyalty.
customer_value_baseline,customer,218889,,,transaction_rank,312.0,10,1,9,3,28.0,17.09,61.0357,2.6667,0.1584,0.4208,Rank customer value before interpreting loyalty.
customer_value_baseline,customer,249188,,,transaction_rank,313.0,10,1,8,3,30.0,18.86,62.8667,2.3333,0.1584,0.4208,Rank customer value before interpreting loyalty.
customer_value_baseline,customer,250266,,,transaction_rank,314.0,10,1,7,4,28.0,18.61,66.4643,3.5,0.1584,0.561,Rank customer value before interpreting loyalty.
customer_value_baseline,customer,262638,,,transaction_rank,315.0,10,1,6,4,28.0,17.8,63.5714,2.75,0.1584,0.561,Rank customer value before interpreting loyalty.
customer_value_baseline,customer,269687,,,transaction_rank,316.0,10,1,7,2,30.0,18.68,62.2667,2.0,0.1584,0.2805,Rank customer value before interpreting loyalty.
customer_value_baseline,customer,297686,,,transaction_rank,317.0,10,1,8,1,30.0,18.97,63.2333,4.0,0.1584,0.1403,Rank customer value before interpreting loyalty.
customer_value_baseline,customer,298508,,,transaction_rank,318.0,10,1,7,0,30.0,19.45,64.8333,,0.1584,0.0,Rank customer value before interpreting loyalty.
customer_value_baseline,customer,306853,,,transaction_rank,319.0,10,1,6,2,30.0,22.24,74.1333,1.0,0.1584,0.2805,Rank customer value before interpreting loyalty.
customer_value_baseline,customer,319387,,,transaction_rank,320.0,10,1,8,2,30.0,19.68,65.6,3.5,0.1584,0.2805,Rank customer value before interpreting loyalty.
customer_value_baseline,customer,329994,,,transaction_rank,321.0,10,1,8,2,30.0,20.29,67.6333,2.0,0.1584,0.2805,Rank customer value before interpreting loyalty.
customer_value_baseline,customer,347189,,,transaction_rank,322.0,10,1,7,2,30.0,20.67,68.9,3.5,0.1584,0.2805,Rank customer value before interpreting loyalty.
customer_value_baseline,customer,370870,,,transaction_rank,323.0,10,1,6,3,30.0,19.25,64.1667,2.6667,0.1584,0.4208,Rank customer value before interpreting loyalty.
customer_value_baseline,customer,380003,,,transaction_rank,324.0,10,1,10,1,30.0,19.58,65.2667,3.0,0.1584,0.1403,Rank customer value before interpreting loyalty.
customer_value_baseline,customer,403000,,,transaction_rank,325.0,10,1,8,3,28.0,17.22,61.5,2.3333,0.1584,0.4208,Rank customer value before interpreting loyalty.
customer_value_baseline,customer,420981,,,transaction_rank,326.0,10,1,8,2,30.0,20.49,68.3,3.5,0.1584,0.2805,Rank customer value before interpreting loyalty.
customer_value_baseline,customer,429748,,,transaction_rank,327.0,10,1,7,2,30.0,21.1,70.3333,1.5,0.1584,0.2805,Rank customer value before interpreting loyalty.
customer_value_baseline,customer,454143,,,transaction_rank,328.0,10,1,9,1,28.0,19.17,68.4643,2.0,0.1584,0.1403,Rank customer value before interpreting loyalty.
customer_value_baseline,customer,468692,,,transaction_rank,329.0,10,1,7,3,30.0,18.72,62.4,3.0,0.1584,0.4208,Rank customer value before interpreting loyalty.
customer_value_baseline,customer,471187,,,transaction_rank,330.0,10,1,8,0,30.0,18.56,61.8667,,0.1584,0.0,Rank customer value before interpreting loyalty.
customer_value_baseline,customer,480298,,,transaction_rank,331.0,10,1,8,1,30.0,19.21,64.0333,4.0,0.1584,0.1403,Rank customer value before interpreting loyalty.
customer_value_baseline,customer,515790,,,transaction_rank,332.0,10,1,8,0,28.0,17.73,63.3214,,0.1584,0.0,Rank customer value before interpreting loyalty.
customer_value_baseline,customer,517477,,,transaction_rank,333.0,10,1,9,0,28.0,17.43,62.25,,0.1584,0.0,Rank customer value before interpreting loyalty.
customer_value_baseline,customer,534481,,,transaction_rank,334.0,10,1,10,1,30.0,19.74,65.8,4.0,0.1584,0.1403,Rank customer value before interpreting loyalty.
customer_value_baseline,customer,566192,,,transaction_rank,335.0,10,1,9,1,30.0,18.82,62.7333,3.0,0.1584,0.1403,Rank customer value before interpreting loyalty.
customer_value_baseline,customer,567719,,,transaction_rank,336.0,10,1,7,1,30.0,18.12,60.4,5.0,0.1584,0.1403,Rank customer value before interpreting loyalty.
customer_value_baseline,customer,663029,,,transaction_rank,337.0,10,1,10,1,28.0,18.61,66.4643,2.0,0.1584,0.1403,Rank customer value before interpreting loyalty.
customer_value_baseline,customer,665282,,,transaction_rank,338.0,10,1,5,0,28.0,18.26,65.2143,,0.1584,0.0,Rank customer value before interpreting loyalty.
customer_value_baseline,customer,710047,,,transaction_rank,339.0,10,1,8,0,30.0,19.34,64.4667,,0.1584,0.0,Rank customer value before interpreting loyalty.
customer_value_baseline,customer,723819,,,transaction_rank,340.0,10,1,8,1,30.0,21.24,70.8,1.0,0.1584,0.1403,Rank customer value before interpreting loyalty.
customer_value_baseline,customer,739393,,,transaction_rank,341.0,10,1,8,1,30.0,19.23,64.1,5.0,0.1584,0.1403,Rank customer value before interpreting loyalty.
customer_value_baseline,customer,743517,,,transaction_rank,342.0,10,1,9,0,30.0,18.52,61.7333,,0.1584,0.0,Rank customer value before interpreting loyalty.
customer_value_baseline,customer,744780,,,transaction_rank,343.0,10,1,9,1,30.0,20.12,67.0667,4.0,0.1584,0.1403,Rank customer value before interpreting loyalty.
customer_value_baseline,customer,756928,,,transaction_rank,344.0,10,1,9,0,26.0,15.93,61.2692,,0.1584,0.0,Rank customer value before interpreting loyalty.
customer_value_baseline,customer,767570,,,transaction_rank,345.0,10,1,8,0,30.0,20.03,66.7667,,0.1584,0.0,Rank customer value before interpreting loyalty.
customer_value_baseline,customer,810369,,,transaction_rank,346.0,10,1,6,1,30.0,19.74,65.8,4.0,0.1584,0.1403,Rank customer value before interpreting loyalty.
customer_value_baseline,customer,817159,,,transaction_rank,347.0,10,1,7,2,30.0,19.22,64.0667,3.0,0.1584,0.2805,Rank customer value before interpreting loyalty.
customer_value_baseline,customer,850933,,,transaction_rank,348.0,10,1,9,0,30.0,18.92,63.0667,,0.1584,0.0,Rank customer value before interpreting loyalty.
customer_value_baseline,customer,882493,,,transaction_rank,349.0,10,1,8,0,30.0,18.49,61.6333,,0.1584,0.0,Rank customer value before interpreting loyalty.
customer_value_baseline,customer,889686,,,transaction_rank,350.0,10,1,8,0,30.0,19.0,63.3333,,0.1584,0.0,Rank customer value before interpreting loyalty.
customer_value_baseline,customer,890270,,,transaction_rank,351.0,10,1,8,3,28.0,16.74,59.7857,3.0,0.1584,0.4208,Rank customer value before interpreting loyalty.
customer_value_baseline,customer,951701,,,transaction_rank,352.0,10,1,7,0,30.0,19.64,65.4667,,0.1584,0.0,Rank customer value before interpreting loyalty.
customer_value_baseline,customer,992956,,,transaction_rank,353.0,10,1,9,2,30.0,19.82,66.0667,3.0,0.1584,0.2805,Rank customer value before interpreting loyalty.
customer_value_baseline,customer,996970,,,transaction_rank,354.0,10,1,8,2,28.0,17.6,62.8571,4.5,0.1584,0.2805,Rank customer value before interpreting loyalty.
customer_value_baseline,customer,119406,,,transaction_rank,355.0,9,1,8,1,27.0,16.02,59.3333,3.0,0.1426,0.1403,Rank customer value before interpreting loyalty.
customer_value_baseline,customer,158310,,,transaction_rank,356.0,9,1,6,1,27.0,17.0,62.963,5.0,0.1426,0.1403,Rank customer value before interpreting loyalty.
customer_value_baseline,customer,173125,,,transaction_rank,357.0,9,1,7,0,25.0,17.11,68.44,,0.1426,0.0,Rank customer value before interpreting loyalty.
customer_value_baseline,customer,175871,,,transaction_rank,358.0,9,1,7,6,27.0,18.28,67.7037,3.3333,0.1426,0.8415,Rank customer value before interpreting loyalty.
customer_value_baseline,customer,197102,,,transaction_rank,359.0,9,1,8,2,27.0,18.84,69.7778,1.5,0.1426,0.2805,Rank customer value before interpreting loyalty.
customer_value_baseline,customer,216081,,,transaction_rank,360.0,9,1,6,4,27.0,16.72,61.9259,2.5,0.1426,0.561,Rank customer value before interpreting loyalty.
customer_value_baseline,customer,231615,,,transaction_rank,361.0,9,1,8,0,27.0,17.19,63.6667,,0.1426,0.0,Rank customer value before interpreting loyalty.
customer_value_baseline,customer,233956,,,transaction_rank,362.0,9,1,8,1,27.0,18.19,67.3704,5.0,0.1426,0.1403,Rank customer value before interpreting loyalty.
customer_value_baseline,customer,241144,,,transaction_rank,363.0,9,1,9,1,27.0,17.11,63.3704,2.0,0.1426,0.1403,Rank customer value before interpreting loyalty.
customer_value_baseline,customer,274541,,,transaction_rank,364.0,9,1,7,5,27.0,17.44,64.5926,2.8,0.1426,0.7013,Rank customer value before interpreting loyalty.
customer_value_baseline,customer,275152,,,transaction_rank,365.0,9,1,8,0,27.0,17.21,63.7407,,0.1426,0.0,Rank customer value before interpreting loyalty.
customer_value_baseline,customer,276549,,,transaction_rank,366.0,9,1,8,1,27.0,16.23,60.1111,1.0,0.1426,0.1403,Rank customer value before interpreting loyalty.
customer_value_baseline,customer,278809,,,transaction_rank,367.0,9,1,9,0,25.0,15.5,62.0,,0.1426,0.0,Rank customer value before interpreting loyalty.
customer_value_baseline,customer,286196,,,transaction_rank,368.0,9,1,9,1,27.0,18.72,69.3333,3.0,0.1426,0.1403,Rank customer value before interpreting loyalty.
customer_value_baseline,customer,310195,,,transaction_rank,369.0,9,1,7,2,27.0,17.6,65.1852,3.0,0.1426,0.2805,Rank customer value before interpreting loyalty.
customer_value_baseline,customer,315634,,,transaction_rank,370.0,9,1,8,0,27.0,17.08,63.2593,,0.1426,0.0,Rank customer value before interpreting loyalty.
customer_value_baseline,customer,327750,,,transaction_rank,371.0,9,1,7,3,27.0,19.05,70.5556,4.3333,0.1426,0.4208,Rank customer value before interpreting loyalty.
customer_value_baseline,customer,343021,,,transaction_rank,372.0,9,1,7,1,27.0,17.03,63.0741,2.0,0.1426,0.1403,Rank customer value before interpreting loyalty.
customer_value_baseline,customer,357579,,,transaction_rank,373.0,9,1,8,1,27.0,18.39,68.1111,4.0,0.1426,0.1403,Rank customer value before interpreting loyalty.
customer_value_baseline,customer,363931,,,transaction_rank,374.0,9,1,7,0,27.0,17.85,66.1111,,0.1426,0.0,Rank customer value before interpreting loyalty.
customer_value_baseline,customer,384899,,,transaction_rank,375.0,9,1,7,1,27.0,17.73,65.6667,2.0,0.1426,0.1403,Rank customer value before interpreting loyalty.
customer_value_baseline,customer,415869,,,transaction_rank,376.0,9,1,7,4,27.0,18.38,68.0741,3.0,0.1426,0.561,Rank customer value before interpreting loyalty.
customer_value_baseline,customer,421074,,,transaction_rank,377.0,9,1,8,5,27.0,17.39,64.4074,2.4,0.1426,0.7013,Rank customer value before interpreting loyalty.
customer_value_baseline,customer,487346,,,transaction_rank,378.0,9,1,8,2,27.0,18.25,67.5926,4.5,0.1426,0.2805,Rank customer value before interpreting loyalty.
customer_value_baseline,customer,498153,,,transaction_rank,379.0,9,1,7,2,27.0,18.77,69.5185,3.0,0.1426,0.2805,Rank customer value before interpreting loyalty.
customer_value_baseline,customer,515753,,,transaction_rank,380.0,9,1,8,0,27.0,17.89,66.2593,,0.1426,0.0,Rank customer value before interpreting loyalty.
customer_value_baseline,customer,551950,,,transaction_rank,381.0,9,1,6,1,25.0,15.15,60.6,1.0,0.1426,0.1403,Rank customer value before interpreting loyalty.
customer_value_baseline,customer,552124,,,transaction_rank,382.0,9,1,7,0,27.0,17.96,66.5185,,0.1426,0.0,Rank customer value before interpreting loyalty.
customer_value_baseline,customer,618955,,,transaction_rank,383.0,9,1,7,0,27.0,17.6,65.1852,,0.1426,0.0,Rank customer value before interpreting loyalty.
customer_value_baseline,customer,628132,,,transaction_rank,384.0,9,1,8,1,27.0,17.47,64.7037,5.0,0.1426,0.1403,Rank customer value before interpreting loyalty.
customer_value_baseline,customer,665313,,,transaction_rank,385.0,9,1,7,1,27.0,17.78,65.8519,3.0,0.1426,0.1403,Rank customer value before interpreting loyalty.
customer_value_baseline,customer,671363,,,transaction_rank,386.0,9,1,6,0,27.0,16.98,62.8889,,0.1426,0.0,Rank customer value before interpreting loyalty.
customer_value_baseline,customer,679354,,,transaction_rank,387.0,9,1,8,1,27.0,16.69,61.8148,4.0,0.1426,0.1403,Rank customer value before interpreting loyalty.
customer_value_baseline,customer,701211,,,transaction_rank,388.0,9,1,5,1,27.0,16.28,60.2963,4.0,0.1426,0.1403,Rank customer value before interpreting loyalty.
customer_value_baseline,customer,714277,,,transaction_rank,389.0,9,1,7,0,25.0,16.1,64.4,,0.1426,0.0,Rank customer value before interpreting loyalty.
customer_value_baseline,customer,717234,,,transaction_rank,390.0,9,1,7,1,27.0,17.7,65.5556,5.0,0.1426,0.1403,Rank customer value before interpreting loyalty.
customer_value_baseline,customer,737707,,,transaction_rank,391.0,9,1,6,3,27.0,17.0,62.963,3.0,0.1426,0.4208,Rank customer value before interpreting loyalty.
customer_value_baseline,customer,825249,,,transaction_rank,392.0,9,1,5,2,27.0,17.25,63.8889,2.5,0.1426,0.2805,Rank customer value before interpreting loyalty.
customer_value_baseline,customer,852319,,,transaction_rank,393.0,9,1,8,0,27.0,18.51,68.5556,,0.1426,0.0,Rank customer value before interpreting loyalty.
customer_value_baseline,customer,852925,,,transaction_rank,394.0,9,1,6,0,27.0,16.98,62.8889,,0.1426,0.0,Rank customer value before interpreting loyalty.
customer_value_baseline,customer,862302,,,transaction_rank,395.0,9,1,9,0,27.0,18.13,67.1481,,0.1426,0.0,Rank customer value before interpreting loyalty.
customer_value_baseline,customer,866556,,,transaction_rank,396.0,9,1,6,3,27.0,18.55,68.7037,3.3333,0.1426,0.4208,Rank customer value before interpreting loyalty.
customer_value_baseline,customer,866847,,,transaction_rank,397.0,9,1,7,0,27.0,17.26,63.9259,,0.1426,0.0,Rank customer value before interpreting loyalty.
customer_value_baseline,customer,877877,,,transaction_rank,398.0,9,1,7,0,27.0,16.83,62.3333,,0.1426,0.0,Rank customer value before interpreting loyalty.
customer_value_baseline,customer,884607,,,transaction_rank,399.0,9,1,7,0,25.0,17.86,71.44,,0.1426,0.0,Rank customer value before interpreting loyalty.
customer_value_baseline,customer,890497,,,transaction_rank,400.0,9,1,8,0,25.0,15.99,63.96,,0.1426,0.0,Rank customer value before interpreting loyalty.
customer_value_baseline,customer,897980,,,transaction_rank,401.0,9,1,7,0,27.0,17.3,64.0741,,0.1426,0.0,Rank customer value before interpreting loyalty.
customer_value_baseline,customer,901388,,,transaction_rank,402.0,9,1,5,2,25.0,17.38,69.52,3.0,0.1426,0.2805,Rank customer value before interpreting loyalty.
customer_value_baseline,customer,921901,,,transaction_rank,403.0,9,1,8,0,27.0,18.81,69.6667,,0.1426,0.0,Rank customer value before interpreting loyalty.
customer_value_baseline,customer,933331,,,transaction_rank,404.0,9,1,8,1,27.0,17.92,66.3704,3.0,0.1426,0.1403,Rank customer value before interpreting loyalty.
customer_value_baseline,customer,964403,,,transaction_rank,405.0,9,1,8,1,27.0,16.6,61.4815,4.0,0.1426,0.1403,Rank customer value before interpreting loyalty.
customer_value_baseline,customer,973766,,,transaction_rank,406.0,9,1,7,2,27.0,17.65,65.3704,2.5,0.1426,0.2805,Rank customer value before interpreting loyalty.
customer_value_baseline,customer,976778,,,transaction_rank,407.0,9,1,8,0,27.0,17.82,66.0,,0.1426,0.0,Rank customer value before interpreting loyalty.
customer_value_baseline,customer,992895,,,transaction_rank,408.0,9,1,7,2,27.0,16.43,60.8519,5.0,0.1426,0.2805,Rank customer value before interpreting loyalty.
customer_value_baseline,customer,104939,,,transaction_rank,409.0,8,1,6,0,22.0,14.47,65.7727,,0.1267,0.0,Rank customer value before interpreting loyalty.
customer_value_baseline,customer,168607,,,transaction_rank,410.0,8,1,8,3,24.0,14.52,60.5,4.0,0.1267,0.4208,Rank customer value before interpreting loyalty.
customer_value_baseline,customer,191050,,,transaction_rank,411.0,8,1,6,3,24.0,14.33,59.7083,2.3333,0.1267,0.4208,Rank customer value before interpreting loyalty.
customer_value_baseline,customer,204295,,,transaction_rank,412.0,8,1,7,1,24.0,15.51,64.625,4.0,0.1267,0.1403,Rank customer value before interpreting loyalty.
customer_value_baseline,customer,226209,,,transaction_rank,413.0,8,1,6,1,24.0,14.29,59.5417,1.0,0.1267,0.1403,Rank customer value before interpreting loyalty.
customer_value_baseline,customer,227456,,,transaction_rank,414.0,8,1,6,1,24.0,16.19,67.4583,4.0,0.1267,0.1403,Rank customer value before interpreting loyalty.
customer_value_baseline,customer,271531,,,transaction_rank,415.0,8,1,7,1,24.0,16.15,67.2917,4.0,0.1267,0.1403,Rank customer value before interpreting loyalty.
customer_value_baseline,customer,277310,,,transaction_rank,416.0,8,1,6,5,24.0,16.16,67.3333,3.4,0.1267,0.7013,Rank customer value before interpreting loyalty.
customer_value_baseline,customer,289693,,,transaction_rank,417.0,8,1,6,2,24.0,15.58,64.9167,4.0,0.1267,0.2805,Rank customer value before interpreting loyalty.
customer_value_baseline,customer,308662,,,transaction_rank,418.0,8,1,7,4,24.0,14.94,62.25,5.0,0.1267,0.561,Rank customer value before interpreting loyalty.
customer_value_baseline,customer,353846,,,transaction_rank,419.0,8,1,7,0,24.0,14.35,59.7917,,0.1267,0.0,Rank customer value before interpreting loyalty.
customer_value_baseline,customer,414509,,,transaction_rank,420.0,8,1,6,1,24.0,14.82,61.75,3.0,0.1267,0.1403,Rank customer value before interpreting loyalty.
customer_value_baseline,customer,437454,,,transaction_rank,421.0,8,1,7,2,24.0,14.63,60.9583,2.0,0.1267,0.2805,Rank customer value before interpreting loyalty.
customer_value_baseline,customer,452874,,,transaction_rank,422.0,8,1,7,0,24.0,16.02,66.75,,0.1267,0.0,Rank customer value before interpreting loyalty.
customer_value_baseline,customer,459243,,,transaction_rank,423.0,8,1,8,3,24.0,15.15,63.125,2.6667,0.1267,0.4208,Rank customer value before interpreting loyalty.
customer_value_baseline,customer,464277,,,transaction_rank,424.0,8,1,4,4,24.0,15.12,63.0,2.75,0.1267,0.561,Rank customer value before interpreting loyalty.
customer_value_baseline,customer,470304,,,transaction_rank,425.0,8,1,6,2,24.0,16.22,67.5833,2.0,0.1267,0.2805,Rank customer value before interpreting loyalty.
customer_value_baseline,customer,482274,,,transaction_rank,426.0,8,1,6,7,24.0,15.24,63.5,3.4286,0.1267,0.9818,Rank customer value before interpreting loyalty.
customer_value_baseline,customer,547890,,,transaction_rank,427.0,8,1,8,0,24.0,15.54,64.75,,0.1267,0.0,Rank customer value before interpreting loyalty.
customer_value_baseline,customer,565259,,,transaction_rank,428.0,8,1,8,0,24.0,14.82,61.75,,0.1267,0.0,Rank customer value before interpreting loyalty.
customer_value_baseline,customer,607810,,,transaction_rank,429.0,8,1,6,2,24.0,14.37,59.875,2.0,0.1267,0.2805,Rank customer value before interpreting loyalty.
customer_value_baseline,customer,680104,,,transaction_rank,430.0,8,1,6,1,24.0,16.07,66.9583,5.0,0.1267,0.1403,Rank customer value before interpreting loyalty.
customer_value_baseline,customer,693531,,,transaction_rank,431.0,8,1,7,0,24.0,15.05,62.7083,,0.1267,0.0,Rank customer value before interpreting loyalty.
customer_value_baseline,customer,714947,,,transaction_rank,432.0,8,1,7,1,24.0,15.68,65.3333,5.0,0.1267,0.1403,Rank customer value before interpreting loyalty.
customer_value_baseline,customer,738357,,,transaction_rank,433.0,8,1,7,0,24.0,15.18,63.25,,0.1267,0.0,Rank customer value before interpreting loyalty.
customer_value_baseline,customer,777145,,,transaction_rank,434.0,8,1,8,1,22.0,14.73,66.9545,4.0,0.1267,0.1403,Rank customer value before interpreting loyalty.
customer_value_baseline,customer,784218,,,transaction_rank,435.0,8,1,5,1,22.0,13.73,62.4091,5.0,0.1267,0.1403,Rank customer value before interpreting loyalty.
customer_value_baseline,customer,791559,,,transaction_rank,436.0,8,1,8,0,24.0,15.48,64.5,,0.1267,0.0,Rank customer value before interpreting loyalty.
customer_value_baseline,customer,798336,,,transaction_rank,437.0,8,1,7,0,22.0,14.59,66.3182,,0.1267,0.0,Rank customer value before interpreting loyalty.
customer_value_baseline,customer,817274,,,transaction_rank,438.0,8,1,6,1,24.0,14.84,61.8333,4.0,0.1267,0.1403,Rank customer value before interpreting loyalty.
customer_value_baseline,customer,837763,,,transaction_rank,439.0,8,1,7,0,18.0,8.79,48.8333,,0.1267,0.0,Rank customer value before interpreting loyalty.
customer_value_baseline,customer,838924,,,transaction_rank,440.0,8,1,6,1,24.0,15.59,64.9583,2.0,0.1267,0.1403,Rank customer value before interpreting loyalty.
customer_value_baseline,customer,893039,,,transaction_rank,441.0,8,1,5,0,22.0,15.62,71.0,,0.1267,0.0,Rank customer value before interpreting loyalty.
customer_value_baseline,customer,897614,,,transaction_rank,442.0,8,1,6,2,24.0,14.69,61.2083,5.0,0.1267,0.2805,Rank customer value before interpreting loyalty.
customer_value_baseline,customer,915766,,,transaction_rank,443.0,8,1,5,2,22.0,14.88,67.6364,2.5,0.1267,0.2805,Rank customer value before interpreting loyalty.
customer_value_baseline,customer,924361,,,transaction_rank,444.0,8,1,7,0,24.0,15.15,63.125,,0.1267,0.0,Rank customer value before interpreting loyalty.
customer_value_baseline,customer,103508,,,transaction_rank,445.0,7,1,7,0,19.0,12.4,65.2632,,0.1109,0.0,Rank customer value before interpreting loyalty.
customer_value_baseline,customer,105771,,,transaction_rank,446.0,7,1,6,2,21.0,13.37,63.6667,3.0,0.1109,0.2805,Rank customer value before interpreting loyalty.
customer_value_baseline,customer,162236,,,transaction_rank,447.0,7,1,6,1,21.0,13.42,63.9048,4.0,0.1109,0.1403,Rank customer value before interpreting loyalty.
customer_value_baseline,customer,189441,,,transaction_rank,448.0,7,1,6,2,21.0,14.25,67.8571,2.0,0.1109,0.2805,Rank customer value before interpreting loyalty.
customer_value_baseline,customer,229742,,,transaction_rank,449.0,7,1,6,2,21.0,14.52,69.1429,3.0,0.1109,0.2805,Rank customer value before interpreting loyalty.
customer_value_baseline,customer,262579,,,transaction_rank,450.0,7,1,5,2,15.0,7.61,50.7333,2.0,0.1109,0.2805,Rank customer value before interpreting loyalty.
customer_value_baseline,customer,265133,,,transaction_rank,451.0,7,1,7,4,17.0,9.95,58.5294,2.75,0.1109,0.561,Rank customer value before interpreting loyalty.
customer_value_baseline,customer,265339,,,transaction_rank,452.0,7,1,6,2,17.0,10.4,61.1765,4.5,0.1109,0.2805,Rank customer value before interpreting loyalty.
customer_value_baseline,customer,277373,,,transaction_rank,453.0,7,1,6,3,21.0,12.44,59.2381,3.0,0.1109,0.4208,Rank customer value before interpreting loyalty.
customer_value_baseline,customer,278204,,,transaction_rank,454.0,7,1,7,3,21.0,13.97,66.5238,3.6667,0.1109,0.4208,Rank customer value before interpreting loyalty.
customer_value_baseline,customer,296208,,,transaction_rank,455.0,7,1,5,4,21.0,12.87,61.2857,2.75,0.1109,0.561,Rank customer value before interpreting loyalty.
customer_value_baseline,customer,330570,,,transaction_rank,456.0,7,1,5,3,21.0,14.3,68.0952,2.6667,0.1109,0.4208,Rank customer value before interpreting loyalty.
customer_value_baseline,customer,345748,,,transaction_rank,457.0,7,1,6,2,19.0,11.8,62.1053,5.0,0.1109,0.2805,Rank customer value before interpreting loyalty.
customer_value_baseline,customer,390130,,,transaction_rank,458.0,7,1,5,0,21.0,14.98,71.3333,,0.1109,0.0,Rank customer value before interpreting loyalty.
customer_value_baseline,customer,409910,,,transaction_rank,459.0,7,1,6,1,21.0,13.19,62.8095,3.0,0.1109,0.1403,Rank customer value before interpreting loyalty.
customer_value_baseline,customer,412876,,,transaction_rank,460.0,7,1,6,3,21.0,14.25,67.8571,2.3333,0.1109,0.4208,Rank customer value before interpreting loyalty.
customer_value_baseline,customer,435907,,,transaction_rank,461.0,7,1,6,2,21.0,13.67,65.0952,3.0,0.1109,0.2805,Rank customer value before interpreting loyalty.
customer_value_baseline,customer,500733,,,transaction_rank,462.0,7,1,6,1,21.0,12.32,58.6667,2.0,0.1109,0.1403,Rank customer value before interpreting loyalty.
customer_value_baseline,customer,507743,,,transaction_rank,463.0,7,1,7,0,21.0,12.52,59.619,,0.1109,0.0,Rank customer value before interpreting loyalty.
customer_value_baseline,customer,528475,,,transaction_rank,464.0,7,1,7,0,21.0,13.66,65.0476,,0.1109,0.0,Rank customer value before interpreting loyalty.
customer_value_baseline,customer,548546,,,transaction_rank,465.0,7,1,6,1,21.0,13.01,61.9524,4.0,0.1109,0.1403,Rank customer value before interpreting loyalty.
customer_value_baseline,customer,556619,,,transaction_rank,466.0,7,1,6,0,21.0,14.38,68.4762,,0.1109,0.0,Rank customer value before interpreting loyalty.
customer_value_baseline,customer,592528,,,transaction_rank,467.0,7,1,7,0,21.0,14.28,68.0,,0.1109,0.0,Rank customer value before interpreting loyalty.
customer_value_baseline,customer,611078,,,transaction_rank,468.0,7,1,7,1,19.0,12.23,64.3684,5.0,0.1109,0.1403,Rank customer value before interpreting loyalty.
customer_value_baseline,customer,624668,,,transaction_rank,469.0,7,1,4,0,21.0,14.46,68.8571,,0.1109,0.0,Rank customer value before interpreting loyalty.
customer_value_baseline,customer,646953,,,transaction_rank,470.0,7,1,5,0,21.0,13.98,66.5714,,0.1109,0.0,Rank customer value before interpreting loyalty.
customer_value_baseline,customer,656512,,,transaction_rank,471.0,7,1,6,0,19.0,11.63,61.2105,,0.1109,0.0,Rank customer value before interpreting loyalty.
customer_value_baseline,customer,656728,,,transaction_rank,472.0,7,1,3,0,21.0,13.27,63.1905,,0.1109,0.0,Rank customer value before interpreting loyalty.
customer_value_baseline,customer,696852,,,transaction_rank,473.0,7,1,3,0,21.0,13.94,66.381,,0.1109,0.0,Rank customer value before interpreting loyalty.
customer_value_baseline,customer,776775,,,transaction_rank,474.0,7,1,6,0,19.0,10.94,57.5789,,0.1109,0.0,Rank customer value before interpreting loyalty.
customer_value_baseline,customer,783369,,,transaction_rank,475.0,7,1,5,0,21.0,12.5,59.5238,,0.1109,0.0,Rank customer value before interpreting loyalty.
customer_value_baseline,customer,789065,,,transaction_rank,476.0,7,1,5,0,21.0,13.57,64.619,,0.1109,0.0,Rank customer value before interpreting loyalty.
customer_value_baseline,customer,789308,,,transaction_rank,477.0,7,1,5,1,21.0,13.28,63.2381,5.0,0.1109,0.1403,Rank customer value before interpreting loyalty.
customer_value_baseline,customer,813719,,,transaction_rank,478.0,7,1,6,0,21.0,14.05,66.9048,,0.1109,0.0,Rank customer value before interpreting loyalty.
customer_value_baseline,customer,817500,,,transaction_rank,479.0,7,1,6,0,21.0,14.27,67.9524,,0.1109,0.0,Rank customer value before interpreting loyalty.
customer_value_baseline,customer,832914,,,transaction_rank,480.0,7,1,6,2,21.0,13.22,62.9524,4.5,0.1109,0.2805,Rank customer value before interpreting loyalty.
customer_value_baseline,customer,841141,,,transaction_rank,481.0,7,1,6,1,21.0,13.4,63.8095,2.0,0.1109,0.1403,Rank customer value before interpreting loyalty.
customer_value_baseline,customer,846722,,,transaction_rank,482.0,7,1,7,0,21.0,14.15,67.381,,0.1109,0.0,Rank customer value before interpreting loyalty.
customer_value_baseline,customer,850952,,,transaction_rank,483.0,7,1,6,0,21.0,13.26,63.1429,,0.1109,0.0,Rank customer value before interpreting loyalty.
customer_value_baseline,customer,936214,,,transaction_rank,484.0,7,1,6,1,21.0,13.08,62.2857,3.0,0.1109,0.1403,Rank customer value before interpreting loyalty.
customer_value_baseline,customer,981529,,,transaction_rank,485.0,7,1,7,1,21.0,14.41,68.619,4.0,0.1109,0.1403,Rank customer value before interpreting loyalty.
customer_value_baseline,customer,101811,,,transaction_rank,486.0,6,1,6,4,18.0,11.91,66.1667,2.75,0.0951,0.561,Rank customer value before interpreting loyalty.
customer_value_baseline,customer,122818,,,transaction_rank,487.0,6,1,6,2,18.0,11.46,63.6667,1.5,0.0951,0.2805,Rank customer value before interpreting loyalty.
customer_value_baseline,customer,127472,,,transaction_rank,488.0,6,1,5,2,16.0,8.95,55.9375,4.5,0.0951,0.2805,Rank customer value before interpreting loyalty.
customer_value_baseline,customer,134457,,,transaction_rank,489.0,6,1,6,2,16.0,10.14,63.375,2.5,0.0951,0.2805,Rank customer value before interpreting loyalty.
customer_value_baseline,customer,147218,,,transaction_rank,490.0,6,1,5,2,18.0,11.0,61.1111,2.5,0.0951,0.2805,Rank customer value before interpreting loyalty.
customer_value_baseline,customer,186353,,,transaction_rank,491.0,6,1,5,2,18.0,10.98,61.0,4.0,0.0951,0.2805,Rank customer value before interpreting loyalty.
customer_value_baseline,customer,240205,,,transaction_rank,492.0,6,1,6,1,16.0,10.16,63.5,4.0,0.0951,0.1403,Rank customer value before interpreting loyalty.
customer_value_baseline,customer,244282,,,transaction_rank,493.0,6,1,6,2,18.0,11.69,64.9444,3.5,0.0951,0.2805,Rank customer value before interpreting loyalty.
customer_value_baseline,customer,386336,,,transaction_rank,494.0,6,1,6,3,18.0,11.48,63.7778,3.0,0.0951,0.4208,Rank customer value before interpreting loyalty.
customer_value_baseline,customer,418521,,,transaction_rank,495.0,6,1,4,0,18.0,12.45,69.1667,,0.0951,0.0,Rank customer value before interpreting loyalty.
customer_value_baseline,customer,432113,,,transaction_rank,496.0,6,1,6,1,18.0,12.15,67.5,4.0,0.0951,0.1403,Rank customer value before interpreting loyalty.
customer_value_baseline,customer,458448,,,transaction_rank,497.0,6,1,6,0,18.0,12.03,66.8333,,0.0951,0.0,Rank customer value before interpreting loyalty.
customer_value_baseline,customer,475216,,,transaction_rank,498.0,6,1,4,0,18.0,11.45,63.6111,,0.0951,0.0,Rank customer value before interpreting loyalty.
customer_value_baseline,customer,488295,,,transaction_rank,499.0,6,1,4,1,18.0,11.8,65.5556,4.0,0.0951,0.1403,Rank customer value before interpreting loyalty.
customer_value_baseline,customer,537796,,,transaction_rank,500.0,6,1,4,0,18.0,12.33,68.5,,0.0951,0.0,Rank customer value before interpreting loyalty.
customer_value_baseline,customer,550661,,,transaction_rank,501.0,6,1,6,3,18.0,11.29,62.7222,3.6667,0.0951,0.4208,Rank customer value before interpreting loyalty.
customer_value_baseline,customer,553931,,,transaction_rank,502.0,6,1,5,1,18.0,11.81,65.6111,3.0,0.0951,0.1403,Rank customer value before interpreting loyalty.
customer_value_baseline,customer,554099,,,transaction_rank,503.0,6,1,6,0,18.0,11.06,61.4444,,0.0951,0.0,Rank customer value before interpreting loyalty.
customer_value_baseline,customer,559054,,,transaction_rank,504.0,6,1,6,1,18.0,12.46,69.2222,5.0,0.0951,0.1403,Rank customer value before interpreting loyalty.
customer_value_baseline,customer,559190,,,transaction_rank,505.0,6,1,4,0,18.0,11.02,61.2222,,0.0951,0.0,Rank customer value before interpreting loyalty.
customer_value_baseline,customer,601753,,,transaction_rank,506.0,6,1,4,0,18.0,10.63,59.0556,,0.0951,0.0,Rank customer value before interpreting loyalty.
customer_value_baseline,customer,622131,,,transaction_rank,507.0,6,1,5,0,18.0,12.38,68.7778,,0.0951,0.0,Rank customer value before interpreting loyalty.
customer_value_baseline,customer,660634,,,transaction_rank,508.0,6,1,5,0,16.0,9.96,62.25,,0.0951,0.0,Rank customer value before interpreting loyalty.
customer_value_baseline,customer,695276,,,transaction_rank,509.0,6,1,4,0,18.0,12.4,68.8889,,0.0951,0.0,Rank customer value before interpreting loyalty.
customer_value_baseline,customer,702197,,,transaction_rank,510.0,6,1,6,0,18.0,11.33,62.9444,,0.0951,0.0,Rank customer value before interpreting loyalty.
customer_value_baseline,customer,703083,,,transaction_rank,511.0,6,1,4,1,18.0,10.61,58.9444,1.0,0.0951,0.1403,Rank customer value before interpreting loyalty.
customer_value_baseline,customer,724700,,,transaction_rank,512.0,6,1,5,0,18.0,11.67,64.8333,,0.0951,0.0,Rank customer value before interpreting loyalty.
customer_value_baseline,customer,728908,,,transaction_rank,513.0,6,1,6,0,18.0,11.39,63.2778,,0.0951,0.0,Rank customer value before interpreting loyalty.
customer_value_baseline,customer,744416,,,transaction_rank,514.0,6,1,5,1,16.0,9.42,58.875,1.0,0.0951,0.1403,Rank customer value before interpreting loyalty.
customer_value_baseline,customer,808869,,,transaction_rank,515.0,6,1,6,1,18.0,11.84,65.7778,5.0,0.0951,0.1403,Rank customer value before interpreting loyalty.
customer_value_baseline,customer,840970,,,transaction_rank,516.0,6,1,5,0,18.0,11.15,61.9444,,0.0951,0.0,Rank customer value before interpreting loyalty.
customer_value_baseline,customer,872851,,,transaction_rank,517.0,6,1,6,0,18.0,13.06,72.5556,,0.0951,0.0,Rank customer value before interpreting loyalty.
customer_value_baseline,customer,917728,,,transaction_rank,518.0,6,1,6,1,16.0,8.98,56.125,2.0,0.0951,0.1403,Rank customer value before interpreting loyalty.
customer_value_baseline,customer,924947,,,transaction_rank,519.0,6,1,5,0,18.0,11.09,61.6111,,0.0951,0.0,Rank customer value before interpreting loyalty.
customer_value_baseline,customer,938393,,,transaction_rank,520.0,6,1,5,0,18.0,11.39,63.2778,,0.0951,0.0,Rank customer value before interpreting loyalty.
customer_value_baseline,customer,994269,,,transaction_rank,521.0,6,1,3,0,18.0,10.87,60.3889,,0.0951,0.0,Rank customer value before interpreting loyalty.
customer_value_baseline,customer,105549,,,transaction_rank,522.0,5,1,5,2,15.0,10.11,67.4,1.5,0.0792,0.2805,Rank customer value before interpreting loyalty.
customer_value_baseline,customer,121639,,,transaction_rank,523.0,5,1,4,1,13.0,7.62,58.6154,5.0,0.0792,0.1403,Rank customer value before interpreting loyalty.
customer_value_baseline,customer,178806,,,transaction_rank,524.0,5,1,5,2,15.0,8.86,59.0667,2.0,0.0792,0.2805,Rank customer value before interpreting loyalty.
customer_value_baseline,customer,205190,,,transaction_rank,525.0,5,1,4,1,13.0,8.11,62.3846,3.0,0.0792,0.1403,Rank customer value before interpreting loyalty.
customer_value_baseline,customer,224094,,,transaction_rank,526.0,5,1,4,6,13.0,7.28,56.0,2.5,0.0792,0.8415,Rank customer value before interpreting loyalty.
customer_value_baseline,customer,308688,,,transaction_rank,527.0,5,1,4,3,15.0,9.33,62.2,3.3333,0.0792,0.4208,Rank customer value before interpreting loyalty.
customer_value_baseline,customer,370366,,,transaction_rank,528.0,5,1,4,5,13.0,7.81,60.0769,3.4,0.0792,0.7013,Rank customer value before interpreting loyalty.
customer_value_baseline,customer,386950,,,transaction_rank,529.0,5,1,3,3,15.0,9.83,65.5333,4.3333,0.0792,0.4208,Rank customer value before interpreting loyalty.
customer_value_baseline,customer,405322,,,transaction_rank,530.0,5,1,5,3,15.0,10.17,67.8,4.0,0.0792,0.4208,Rank customer value before interpreting loyalty.
customer_value_baseline,customer,405671,,,transaction_rank,531.0,5,1,5,1,15.0,9.2,61.3333,1.0,0.0792,0.1403,Rank customer value before interpreting loyalty.
customer_value_baseline,customer,413495,,,transaction_rank,532.0,5,1,5,4,15.0,9.6,64.0,2.25,0.0792,0.561,Rank customer value before interpreting loyalty.
customer_value_baseline,customer,468100,,,transaction_rank,533.0,5,1,3,0,15.0,9.44,62.9333,,0.0792,0.0,Rank customer value before interpreting loyalty.
customer_value_baseline,customer,558749,,,transaction_rank,534.0,5,1,4,0,15.0,9.53,63.5333,,0.0792,0.0,Rank customer value before interpreting loyalty.
customer_value_baseline,customer,616258,,,transaction_rank,535.0,5,1,5,1,15.0,10.4,69.3333,5.0,0.0792,0.1403,Rank customer value before interpreting loyalty.
customer_value_baseline,customer,619910,,,transaction_rank,536.0,5,1,4,0,15.0,8.58,57.2,,0.0792,0.0,Rank customer value before interpreting loyalty.
customer_value_baseline,customer,632495,,,transaction_rank,537.0,5,1,4,2,15.0,10.94,72.9333,3.5,0.0792,0.2805,Rank customer value before interpreting loyalty.
customer_value_baseline,customer,722547,,,transaction_rank,538.0,5,1,3,0,15.0,9.72,64.8,,0.0792,0.0,Rank customer value before interpreting loyalty.
customer_value_baseline,customer,772690,,,transaction_rank,539.0,5,1,4,4,15.0,9.13,60.8667,3.25,0.0792,0.561,Rank customer value before interpreting loyalty.
customer_value_baseline,customer,890651,,,transaction_rank,540.0,5,1,3,0,15.0,11.52,76.8,,0.0792,0.0,Rank customer value before interpreting loyalty.
customer_value_baseline,customer,112690,,,transaction_rank,541.0,4,1,4,0,12.0,7.26,60.5,,0.0634,0.0,Rank customer value before interpreting loyalty.
customer_value_baseline,customer,173380,,,transaction_rank,542.0,4,1,4,1,12.0,8.34,69.5,5.0,0.0634,0.1403,Rank customer value before interpreting loyalty.
customer_value_baseline,customer,206078,,,transaction_rank,543.0,4,1,4,1,12.0,7.79,64.9167,3.0,0.0634,0.1403,Rank customer value before interpreting loyalty.
customer_value_baseline,customer,383684,,,transaction_rank,544.0,4,1,4,3,12.0,8.06,67.1667,4.3333,0.0634,0.4208,Rank customer value before interpreting loyalty.
customer_value_baseline,customer,422592,,,transaction_rank,545.0,4,1,4,0,12.0,7.33,61.0833,,0.0634,0.0,Rank customer value before interpreting loyalty.
customer_value_baseline,customer,575903,,,transaction_rank,546.0,4,1,4,1,12.0,7.89,65.75,3.0,0.0634,0.1403,Rank customer value before interpreting loyalty.
customer_value_baseline,customer,800121,,,transaction_rank,547.0,4,1,3,1,12.0,8.1,67.5,5.0,0.0634,0.1403,Rank customer value before interpreting loyalty.
customer_value_baseline,customer,972329,,,transaction_rank,548.0,4,1,3,1,12.0,6.33,52.75,2.0,0.0634,0.1403,Rank customer value before interpreting loyalty.
customer_value_baseline,customer,979679,,,transaction_rank,549.0,4,1,4,1,12.0,7.09,59.0833,3.0,0.0634,0.1403,Rank customer value before interpreting loyalty.
customer_value_baseline,customer,323830,,,transaction_rank,550.0,3,1,3,2,7.0,4.43,63.2857,1.5,0.0475,0.2805,Rank customer value before interpreting loyalty.
customer_value_baseline,customer,520078,,,transaction_rank,551.0,3,1,3,0,9.0,5.9,65.5556,,0.0475,0.0,Rank customer value before interpreting loyalty.
customer_value_baseline,customer,580674,,,transaction_rank,552.0,3,1,2,2,9.0,6.58,73.1111,2.0,0.0475,0.2805,Rank customer value before interpreting loyalty.
customer_value_baseline,customer,940912,,,transaction_rank,553.0,2,1,2,0,6.0,3.9,65.0,,0.0317,0.0,Rank customer value before interpreting loyalty.
customer_value_baseline,customer,729740,,,transaction_rank,554.0,1,1,1,2,3.0,1.74,58.0,3.0,0.0158,0.2805,Rank customer value before interpreting loyalty.
purchase_review_participation,customer,612681,6,363,purchase_review_rank_gap,-357.0,22,1,10,0,66.0,40.18,60.8788,,0.3485,0.0,Frequent buyers and frequent reviewers may be different customers.
purchase_review_participation,customer,611848,12,364,purchase_review_rank_gap,-352.0,21,1,10,0,63.0,42.08,66.7937,,0.3327,0.0,Frequent buyers and frequent reviewers may be different customers.
purchase_review_participation,customer,730305,13,365,purchase_review_rank_gap,-352.0,21,1,12,0,63.0,40.64,64.5079,,0.3327,0.0,Frequent buyers and frequent reviewers may be different customers.
purchase_review_participation,customer,927518,15,366,purchase_review_rank_gap,-351.0,21,1,10,0,63.0,39.92,63.3651,,0.3327,0.0,Frequent buyers and frequent reviewers may be different customers.
purchase_review_participation,customer,304344,18,367,purchase_review_rank_gap,-349.0,20,1,11,0,56.0,35.58,63.5357,,0.3169,0.0,Frequent buyers and frequent reviewers may be different customers.
purchase_review_participation,customer,736500,23,368,purchase_review_rank_gap,-345.0,20,1,11,0,58.0,36.86,63.5517,,0.3169,0.0,Frequent buyers and frequent reviewers may be different customers.
purchase_review_participation,customer,548800,32,369,purchase_review_rank_gap,-337.0,19,1,14,0,55.0,34.25,62.2727,,0.301,0.0,Frequent buyers and frequent reviewers may be different customers.
purchase_review_participation,customer,689877,34,370,purchase_review_rank_gap,-336.0,19,1,11,0,57.0,35.84,62.8772,,0.301,0.0,Frequent buyers and frequent reviewers may be different customers.
purchase_review_participation,customer,912671,36,371,purchase_review_rank_gap,-335.0,19,1,12,0,51.0,35.24,69.098,,0.301,0.0,Frequent buyers and frequent reviewers may be different customers.
purchase_review_participation,customer,296353,43,372,purchase_review_rank_gap,-329.0,18,1,13,0,52.0,32.09,61.7115,,0.2852,0.0,Frequent buyers and frequent reviewers may be different customers.
purchase_review_participation,customer,371731,44,373,purchase_review_rank_gap,-329.0,18,1,11,0,52.0,34.19,65.75,,0.2852,0.0,Frequent buyers and frequent reviewers may be different customers.
purchase_review_participation,customer,771285,53,374,purchase_review_rank_gap,-321.0,18,1,11,0,54.0,34.27,63.463,,0.2852,0.0,Frequent buyers and frequent reviewers may be different customers.
purchase_review_participation,customer,200272,56,375,purchase_review_rank_gap,-319.0,17,1,9,0,49.0,33.31,67.9796,,0.2693,0.0,Frequent buyers and frequent reviewers may be different customers.
purchase_review_participation,customer,270853,58,376,purchase_review_rank_gap,-318.0,17,1,12,0,49.0,32.44,66.2041,,0.2693,0.0,Frequent buyers and frequent reviewers may be different customers.
purchase_review_participation,customer,513968,60,377,purchase_review_rank_gap,-317.0,17,1,11,0,47.0,29.05,61.8085,,0.2693,0.0,Frequent buyers and frequent reviewers may be different customers.
purchase_review_participation,customer,782947,65,378,purchase_review_rank_gap,-313.0,17,1,12,0,47.0,29.62,63.0213,,0.2693,0.0,Frequent buyers and frequent reviewers may be different customers.
purchase_review_participation,customer,822823,66,379,purchase_review_rank_gap,-313.0,17,1,10,0,51.0,32.02,62.7843,,0.2693,0.0,Frequent buyers and frequent reviewers may be different customers.
purchase_review_participation,customer,549823,85,380,purchase_review_rank_gap,-295.0,16,1,11,0,42.0,26.19,62.3571,,0.2535,0.0,Frequent buyers and frequent reviewers may be different customers.
purchase_review_participation,customer,580783,86,381,purchase_review_rank_gap,-295.0,16,1,11,0,48.0,32.19,67.0625,,0.2535,0.0,Frequent buyers and frequent reviewers may be different customers.
purchase_review_participation,customer,668931,88,382,purchase_review_rank_gap,-294.0,16,1,11,0,48.0,30.11,62.7292,,0.2535,0.0,Frequent buyers and frequent reviewers may be different customers.
purchase_review_participation,customer,766737,91,383,purchase_review_rank_gap,-292.0,16,1,10,0,48.0,31.23,65.0625,,0.2535,0.0,Frequent buyers and frequent reviewers may be different customers.
purchase_review_participation,customer,808421,92,384,purchase_review_rank_gap,-292.0,16,1,9,0,48.0,30.37,63.2708,,0.2535,0.0,Frequent buyers and frequent reviewers may be different customers.
purchase_review_participation,customer,193968,94,385,purchase_review_rank_gap,-291.0,15,1,10,0,45.0,28.77,63.9333,,0.2376,0.0,Frequent buyers and frequent reviewers may be different customers.
purchase_review_participation,customer,308505,98,386,purchase_review_rank_gap,-288.0,15,1,12,0,43.0,26.59,61.8372,,0.2376,0.0,Frequent buyers and frequent reviewers may be different customers.
purchase_review_participation,customer,524667,103,387,purchase_review_rank_gap,-284.0,15,1,11,0,45.0,29.27,65.0444,,0.2376,0.0,Frequent buyers and frequent reviewers may be different customers.
purchase_review_participation,customer,559486,105,388,purchase_review_rank_gap,-283.0,15,1,12,0,45.0,27.95,62.1111,,0.2376,0.0,Frequent buyers and frequent reviewers may be different customers.
purchase_review_participation,customer,561305,106,389,purchase_review_rank_gap,-283.0,15,1,10,0,45.0,28.26,62.8,,0.2376,0.0,Frequent buyers and frequent reviewers may be different customers.
purchase_review_participation,customer,567388,107,390,purchase_review_rank_gap,-283.0,15,1,11,0,43.0,27.74,64.5116,,0.2376,0.0,Frequent buyers and frequent reviewers may be different customers.
purchase_review_participation,customer,672834,110,391,purchase_review_rank_gap,-281.0,15,1,10,0,43.0,30.42,70.7442,,0.2376,0.0,Frequent buyers and frequent reviewers may be different customers.
purchase_review_participation,customer,766161,114,392,purchase_review_rank_gap,-278.0,15,1,10,0,45.0,29.05,64.5556,,0.2376,0.0,Frequent buyers and frequent reviewers may be different customers.
purchase_review_participation,customer,803700,115,393,purchase_review_rank_gap,-278.0,15,1,13,0,41.0,26.36,64.2927,,0.2376,0.0,Frequent buyers and frequent reviewers may be different customers.
purchase_review_participation,customer,815980,116,394,purchase_review_rank_gap,-278.0,15,1,10,0,43.0,28.15,65.4651,,0.2376,0.0,Frequent buyers and frequent reviewers may be different customers.
purchase_review_participation,customer,841831,117,395,purchase_review_rank_gap,-278.0,15,1,10,0,43.0,27.87,64.814,,0.2376,0.0,Frequent buyers and frequent reviewers may be different customers.
purchase_review_participation,customer,846558,118,396,purchase_review_rank_gap,-278.0,15,1,9,0,43.0,28.17,65.5116,,0.2376,0.0,Frequent buyers and frequent reviewers may be different customers.
purchase_review_participation,customer,128131,122,397,purchase_review_rank_gap,-275.0,14,1,11,0,40.0,25.82,64.55,,0.2218,0.0,Frequent buyers and frequent reviewers may be different customers.
purchase_review_participation,customer,292402,130,398,purchase_review_rank_gap,-268.0,14,1,11,0,42.0,27.55,65.5952,,0.2218,0.0,Frequent buyers and frequent reviewers may be different customers.
purchase_review_participation,customer,393120,133,399,purchase_review_rank_gap,-266.0,14,1,9,0,42.0,30.32,72.1905,,0.2218,0.0,Frequent buyers and frequent reviewers may be different customers.
purchase_review_participation,customer,464782,138,400,purchase_review_rank_gap,-262.0,14,1,11,0,40.0,25.01,62.525,,0.2218,0.0,Frequent buyers and frequent reviewers may be different customers.
purchase_review_participation,customer,578275,139,401,purchase_review_rank_gap,-262.0,14,1,9,0,42.0,25.73,61.2619,,0.2218,0.0,Frequent buyers and frequent reviewers may be different customers.
purchase_review_participation,customer,608290,140,402,purchase_review_rank_gap,-262.0,14,1,10,0,40.0,25.17,62.925,,0.2218,0.0,Frequent buyers and frequent reviewers may be different customers.
purchase_review_participation,customer,676018,143,403,purchase_review_rank_gap,-260.0,14,1,10,0,42.0,25.82,61.4762,,0.2218,0.0,Frequent buyers and frequent reviewers may be different customers.
purchase_review_participation,customer,793987,147,404,purchase_review_rank_gap,-257.0,14,1,9,0,40.0,24.75,61.875,,0.2218,0.0,Frequent buyers and frequent reviewers may be different customers.
purchase_review_participation,customer,842028,148,405,purchase_review_rank_gap,-257.0,14,1,8,0,40.0,27.71,69.275,,0.2218,0.0,Frequent buyers and frequent reviewers may be different customers.
purchase_review_participation,customer,879173,151,406,purchase_review_rank_gap,-255.0,14,1,10,0,40.0,24.78,61.95,,0.2218,0.0,Frequent buyers and frequent reviewers may be different customers.
purchase_review_participation,customer,880238,152,407,purchase_review_rank_gap,-255.0,14,1,8,0,42.0,26.76,63.7143,,0.2218,0.0,Frequent buyers and frequent reviewers may be different customers.
purchase_review_participation,customer,974503,156,408,purchase_review_rank_gap,-252.0,14,1,9,0,38.0,27.06,71.2105,,0.2218,0.0,Frequent buyers and frequent reviewers may be different customers.
purchase_review_participation,customer,216475,161,409,purchase_review_rank_gap,-248.0,13,1,10,0,39.0,26.28,67.3846,,0.206,0.0,Frequent buyers and frequent reviewers may be different customers.
purchase_review_participation,customer,520377,177,410,purchase_review_rank_gap,-233.0,13,1,10,0,37.0,23.97,64.7838,,0.206,0.0,Frequent buyers and frequent reviewers may be different customers.
purchase_review_participation,customer,592726,180,411,purchase_review_rank_gap,-231.0,13,1,10,0,39.0,24.58,63.0256,,0.206,0.0,Frequent buyers and frequent reviewers may be different customers.
purchase_review_participation,customer,616028,182,412,purchase_review_rank_gap,-230.0,13,1,8,0,39.0,26.15,67.0513,,0.206,0.0,Frequent buyers and frequent reviewers may be different customers.
purchase_review_participation,customer,678940,185,413,purchase_review_rank_gap,-228.0,13,1,7,0,39.0,24.42,62.6154,,0.206,0.0,Frequent buyers and frequent reviewers may be different customers.
purchase_review_participation,customer,694281,186,414,purchase_review_rank_gap,-228.0,13,1,10,0,39.0,25.69,65.8718,,0.206,0.0,Frequent buyers and frequent reviewers may be different customers.
purchase_review_participation,customer,701816,187,415,purchase_review_rank_gap,-228.0,13,1,11,0,39.0,24.59,63.0513,,0.206,0.0,Frequent buyers and frequent reviewers may be different customers.
purchase_review_participation,customer,746134,189,416,purchase_review_rank_gap,-227.0,13,1,10,0,35.0,21.47,61.3429,,0.206,0.0,Frequent buyers and frequent reviewers may be different customers.
purchase_review_participation,customer,781523,191,417,purchase_review_rank_gap,-226.0,13,1,8,0,39.0,24.44,62.6667,,0.206,0.0,Frequent buyers and frequent reviewers may be different customers.
purchase_review_participation,customer,864896,194,418,purchase_review_rank_gap,-224.0,13,1,8,0,37.0,22.62,61.1351,,0.206,0.0,Frequent buyers and frequent reviewers may be different customers.
purchase_review_participation,customer,885548,195,419,purchase_review_rank_gap,-224.0,13,1,11,0,39.0,25.49,65.359,,0.206,0.0,Frequent buyers and frequent reviewers may be different customers.
purchase_review_participation,customer,925565,196,420,purchase_review_rank_gap,-224.0,13,1,10,0,39.0,26.87,68.8974,,0.206,0.0,Frequent buyers and frequent reviewers may be different customers.
purchase_review_participation,customer,926144,197,421,purchase_review_rank_gap,-224.0,13,1,8,0,37.0,25.39,68.6216,,0.206,0.0,Frequent buyers and frequent reviewers may be different customers.
purchase_review_participation,customer,970794,200,422,purchase_review_rank_gap,-222.0,13,1,9,0,39.0,26.31,67.4615,,0.206,0.0,Frequent buyers and frequent reviewers may be different customers.
purchase_review_participation,customer,196068,208,423,purchase_review_rank_gap,-215.0,12,1,11,0,34.0,21.16,62.2353,,0.1901,0.0,Frequent buyers and frequent reviewers may be different customers.
purchase_review_participation,customer,344702,4,208,purchase_review_rank_gap,-204.0,23,1,13,1,67.0,41.31,61.6567,4.0,0.3644,0.1403,Frequent buyers and frequent reviewers may be different customers.
purchase_review_participation,customer,373200,3,207,purchase_review_rank_gap,-204.0,24,1,11,1,70.0,43.78,62.5429,1.0,0.3802,0.1403,Frequent buyers and frequent reviewers may be different customers.
purchase_review_participation,customer,739669,2,206,purchase_review_rank_gap,-204.0,27,1,13,1,81.0,51.7,63.8272,1.0,0.4278,0.1403,Frequent buyers and frequent reviewers may be different customers.
purchase_review_participation,customer,432268,225,424,purchase_review_rank_gap,-199.0,12,1,8,0,36.0,23.53,65.3611,,0.1901,0.0,Frequent buyers and frequent reviewers may be different customers.
purchase_review_participation,customer,433442,11,209,purchase_review_rank_gap,-198.0,21,1,13,1,63.0,40.14,63.7143,3.0,0.3327,0.1403,Frequent buyers and frequent reviewers may be different customers.
purchase_review_participation,customer,938417,16,210,purchase_review_rank_gap,-194.0,21,1,12,1,61.0,40.64,66.623,2.0,0.3327,0.1403,Frequent buyers and frequent reviewers may be different customers.
purchase_review_participation,customer,590616,232,425,purchase_review_rank_gap,-193.0,12,1,8,0,36.0,22.47,62.4167,,0.1901,0.0,Frequent buyers and frequent reviewers may be different customers.
purchase_review_participation,customer,622506,233,426,purchase_review_rank_gap,-193.0,12,1,9,0,36.0,22.28,61.8889,,0.1901,0.0,Frequent buyers and frequent reviewers may be different customers.
purchase_review_participation,customer,646700,235,427,purchase_review_rank_gap,-192.0,12,1,9,0,34.0,20.34,59.8235,,0.1901,0.0,Frequent buyers and frequent reviewers may be different customers.
purchase_review_participation,customer,667170,236,428,purchase_review_rank_gap,-192.0,12,1,10,0,36.0,23.01,63.9167,,0.1901,0.0,Frequent buyers and frequent reviewers may be different customers.
purchase_review_participation,customer,748326,238,429,purchase_review_rank_gap,-191.0,12,1,10,0,36.0,24.73,68.6944,,0.1901,0.0,Frequent buyers and frequent reviewers may be different customers.
purchase_review_participation,customer,755271,239,430,purchase_review_rank_gap,-191.0,12,1,9,0,34.0,21.66,63.7059,,0.1901,0.0,Frequent buyers and frequent reviewers may be different customers.
purchase_review_participation,customer,756769,240,431,purchase_review_rank_gap,-191.0,12,1,8,0,34.0,22.61,66.5,,0.1901,0.0,Frequent buyers and frequent reviewers may be different customers.
purchase_review_participation,customer,762509,241,432,purchase_review_rank_gap,-191.0,12,1,9,0,36.0,23.57,65.4722,,0.1901,0.0,Frequent buyers and frequent reviewers may be different customers.
purchase_review_participation,customer,795957,242,433,purchase_review_rank_gap,-191.0,12,1,9,0,36.0,21.81,60.5833,,0.1901,0.0,Frequent buyers and frequent reviewers may be different customers.
purchase_review_participation,customer,808177,243,434,purchase_review_rank_gap,-191.0,12,1,10,0,34.0,22.68,66.7059,,0.1901,0.0,Frequent buyers and frequent reviewers may be different customers.
purchase_review_participation,customer,888952,245,435,purchase_review_rank_gap,-190.0,12,1,10,0,36.0,23.69,65.8056,,0.1901,0.0,Frequent buyers and frequent reviewers may be different customers.
purchase_review_participation,customer,908328,246,436,purchase_review_rank_gap,-190.0,12,1,10,0,36.0,23.95,66.5278,,0.1901,0.0,Frequent buyers and frequent reviewers may be different customers.
purchase_review_participation,customer,498970,22,211,purchase_review_rank_gap,-189.0,20,1,12,1,56.0,34.65,61.875,1.0,0.3169,0.1403,Frequent buyers and frequent reviewers may be different customers.
purchase_review_participation,customer,193914,26,214,purchase_review_rank_gap,-188.0,19,1,11,1,57.0,36.07,63.2807,2.0,0.301,0.1403,Frequent buyers and frequent reviewers may be different customers.
purchase_review_participation,customer,932618,24,212,purchase_review_rank_gap,-188.0,20,1,13,1,56.0,33.33,59.5179,3.0,0.3169,0.1403,Frequent buyers and frequent reviewers may be different customers.
purchase_review_participation,customer,999915,25,213,purchase_review_rank_gap,-188.0,20,1,13,1,60.0,38.98,64.9667,5.0,0.3169,0.1403,Frequent buyers and frequent reviewers may be different customers.
purchase_review_participation,customer,154427,251,437,purchase_review_rank_gap,-186.0,11,1,11,0,33.0,21.58,65.3939,,0.1743,0.0,Frequent buyers and frequent reviewers may be different customers.
purchase_review_participation,customer,744648,35,215,purchase_review_rank_gap,-180.0,19,1,9,1,55.0,34.96,63.5636,4.0,0.301,0.1403,Frequent buyers and frequent reviewers may be different customers.
purchase_review_participation,customer,116934,38,217,purchase_review_rank_gap,-179.0,18,1,13,1,50.0,32.41,64.82,2.0,0.2852,0.1403,Frequent buyers and frequent reviewers may be different customers.
purchase_review_participation,customer,296886,259,438,purchase_review_rank_gap,-179.0,11,1,9,0,33.0,20.2,61.2121,,0.1743,0.0,Frequent buyers and frequent reviewers may be different customers.
purchase_review_participation,customer,301793,260,439,purchase_review_rank_gap,-179.0,11,1,9,0,33.0,21.62,65.5152,,0.1743,0.0,Frequent buyers and frequent reviewers may be different customers.
purchase_review_participation,customer,994185,37,216,purchase_review_rank_gap,-179.0,19,1,10,1,55.0,34.35,62.4545,4.0,0.301,0.1403,Frequent buyers and frequent reviewers may be different customers.
purchase_review_participation,customer,345348,262,440,purchase_review_rank_gap,-178.0,11,1,10,0,33.0,21.37,64.7576,,0.1743,0.0,Frequent buyers and frequent reviewers may be different customers.
purchase_review_participation,customer,396166,45,218,purchase_review_rank_gap,-173.0,18,1,10,1,52.0,31.66,60.8846,5.0,0.2852,0.1403,Frequent buyers and frequent reviewers may be different customers.
purchase_review_participation,customer,488803,268,441,purchase_review_rank_gap,-173.0,11,1,9,0,33.0,20.47,62.0303,,0.1743,0.0,Frequent buyers and frequent reviewers may be different customers.
purchase_review_participation,customer,465275,48,219,purchase_review_rank_gap,-171.0,18,1,9,1,54.0,33.57,62.1667,5.0,0.2852,0.1403,Frequent buyers and frequent reviewers may be different customers.
purchase_review_participation,customer,563468,271,442,purchase_review_rank_gap,-171.0,11,1,8,0,29.0,18.73,64.5862,,0.1743,0.0,Frequent buyers and frequent reviewers may be different customers.
purchase_review_participation,customer,649551,50,220,purchase_review_rank_gap,-170.0,18,1,13,1,54.0,34.05,63.0556,3.0,0.2852,0.1403,Frequent buyers and frequent reviewers may be different customers.
purchase_review_participation,customer,720602,51,221,purchase_review_rank_gap,-170.0,18,1,13,1,52.0,34.63,66.5962,1.0,0.2852,0.1403,Frequent buyers and frequent reviewers may be different customers.
purchase_review_participation,customer,610766,275,443,purchase_review_rank_gap,-168.0,11,1,7,0,33.0,20.29,61.4848,,0.1743,0.0,Frequent buyers and frequent reviewers may be different customers.
purchase_review_participation,customer,616392,276,444,purchase_review_rank_gap,-168.0,11,1,9,0,31.0,18.91,61.0,,0.1743,0.0,Frequent buyers and frequent reviewers may be different customers.
purchase_review_participation,customer,664411,277,445,purchase_review_rank_gap,-168.0,11,1,8,0,33.0,20.48,62.0606,,0.1743,0.0,Frequent buyers and frequent reviewers may be different customers.
purchase_review_participation,customer,670707,279,446,purchase_review_rank_gap,-167.0,11,1,9,0,33.0,21.13,64.0303,,0.1743,0.0,Frequent buyers and frequent reviewers may be different customers.
purchase_review_participation,customer,671101,280,447,purchase_review_rank_gap,-167.0,11,1,9,0,33.0,21.46,65.0303,,0.1743,0.0,Frequent buyers and frequent reviewers may be different customers.
purchase_review_participation,customer,739440,285,448,purchase_review_rank_gap,-163.0,11,1,7,0,33.0,20.36,61.697,,0.1743,0.0,Frequent buyers and frequent reviewers may be different customers.
purchase_review_participation,customer,742620,287,449,purchase_review_rank_gap,-162.0,11,1,9,0,31.0,18.12,58.4516,,0.1743,0.0,Frequent buyers and frequent reviewers may be different customers.
purchase_review_participation,customer,757525,289,450,purchase_review_rank_gap,-161.0,11,1,9,0,29.0,17.43,60.1034,,0.1743,0.0,Frequent buyers and frequent reviewers may be different customers.
purchase_review_participation,customer,759995,290,451,purchase_review_rank_gap,-161.0,11,1,8,0,33.0,20.17,61.1212,,0.1743,0.0,Frequent buyers and frequent reviewers may be different customers.
purchase_review_participation,customer,781968,291,452,purchase_review_rank_gap,-161.0,11,1,9,0,33.0,21.52,65.2121,,0.1743,0.0,Frequent buyers and frequent reviewers may be different customers.
purchase_review_participation,customer,785444,292,453,purchase_review_rank_gap,-161.0,11,1,10,0,33.0,21.8,66.0606,,0.1743,0.0,Frequent buyers and frequent reviewers may be different customers.
purchase_review_participation,customer,789500,293,454,purchase_review_rank_gap,-161.0,11,1,7,0,29.0,17.82,61.4483,,0.1743,0.0,Frequent buyers and frequent reviewers may be different customers.
purchase_review_participation,customer,797968,294,455,purchase_review_rank_gap,-161.0,11,1,7,0,33.0,20.18,61.1515,,0.1743,0.0,Frequent buyers and frequent reviewers may be different customers.
purchase_review_participation,customer,586201,62,222,purchase_review_rank_gap,-160.0,17,1,10,1,51.0,31.82,62.3922,1.0,0.2693,0.1403,Frequent buyers and frequent reviewers may be different customers.
purchase_review_participation,customer,814512,297,456,purchase_review_rank_gap,-159.0,11,1,9,0,33.0,20.47,62.0303,,0.1743,0.0,Frequent buyers and frequent reviewers may be different customers.
purchase_review_participation,customer,833180,298,457,purchase_review_rank_gap,-159.0,11,1,7,0,29.0,16.36,56.4138,,0.1743,0.0,Frequent buyers and frequent reviewers may be different customers.
purchase_review_participation,customer,840096,299,458,purchase_review_rank_gap,-159.0,11,1,6,0,33.0,21.41,64.8788,,0.1743,0.0,Frequent buyers and frequent reviewers may be different customers.
purchase_review_participation,customer,918682,302,459,purchase_review_rank_gap,-157.0,11,1,7,0,33.0,22.61,68.5152,,0.1743,0.0,Frequent buyers and frequent reviewers may be different customers.
purchase_review_participation,customer,926289,303,460,purchase_review_rank_gap,-157.0,11,1,9,0,31.0,18.93,61.0645,,0.1743,0.0,Frequent buyers and frequent reviewers may be different customers.
purchase_review_participation,customer,891738,67,223,purchase_review_rank_gap,-156.0,17,1,10,1,51.0,35.47,69.549,1.0,0.2693,0.1403,Frequent buyers and frequent reviewers may be different customers.
purchase_review_participation,customer,954812,305,461,purchase_review_rank_gap,-156.0,11,1,10,0,33.0,21.75,65.9091,,0.1743,0.0,Frequent buyers and frequent reviewers may be different customers.
purchase_review_participation,customer,160392,309,462,purchase_review_rank_gap,-153.0,10,1,9,0,28.0,17.8,63.5714,,0.1584,0.0,Frequent buyers and frequent reviewers may be different customers.
purchase_review_participation,customer,182040,310,463,purchase_review_rank_gap,-153.0,10,1,7,0,30.0,20.84,69.4667,,0.1584,0.0,Frequent buyers and frequent reviewers may be different customers.
purchase_review_participation,customer,166612,75,224,purchase_review_rank_gap,-149.0,16,1,12,1,48.0,31.71,66.0625,4.0,0.2535,0.1403,Frequent buyers and frequent reviewers may be different customers.
purchase_review_participation,customer,205878,77,225,purchase_review_rank_gap,-148.0,16,1,10,1,46.0,28.95,62.9348,1.0,0.2535,0.1403,Frequent buyers and frequent reviewers may be different customers.
purchase_review_participation,customer,298508,318,464,purchase_review_rank_gap,-146.0,10,1,7,0,30.0,19.45,64.8333,,0.1584,0.0,Frequent buyers and frequent reviewers may be different customers.
purchase_review_participation,customer,520196,84,226,purchase_review_rank_gap,-142.0,16,1,12,1,48.0,31.65,65.9375,3.0,0.2535,0.1403,Frequent buyers and frequent reviewers may be different customers.
purchase_review_participation,customer,627324,87,227,purchase_review_rank_gap,-140.0,16,1,8,1,48.0,28.87,60.1458,5.0,0.2535,0.1403,Frequent buyers and frequent reviewers may be different customers.
purchase_review_participation,customer,741514,89,228,purchase_review_rank_gap,-139.0,16,1,11,1,46.0,28.19,61.2826,5.0,0.2535,0.1403,Frequent buyers and frequent reviewers may be different customers.
purchase_review_participation,customer,761615,90,229,purchase_review_rank_gap,-139.0,16,1,12,1,46.0,31.56,68.6087,1.0,0.2535,0.1403,Frequent buyers and frequent reviewers may be different customers.
purchase_review_participation,customer,471187,330,465,purchase_review_rank_gap,-135.0,10,1,8,0,30.0,18.56,61.8667,,0.1584,0.0,Frequent buyers and frequent reviewers may be different customers.
purchase_review_participation,customer,515790,332,466,purchase_review_rank_gap,-134.0,10,1,8,0,28.0,17.73,63.3214,,0.1584,0.0,Frequent buyers and frequent reviewers may be different customers.
purchase_review_participation,customer,517477,333,467,purchase_review_rank_gap,-134.0,10,1,9,0,28.0,17.43,62.25,,0.1584,0.0,Frequent buyers and frequent reviewers may be different customers.
purchase_review_participation,customer,355107,99,230,purchase_review_rank_gap,-131.0,15,1,11,1,43.0,26.32,61.2093,5.0,0.2376,0.1403,Frequent buyers and frequent reviewers may be different customers.
purchase_review_participation,customer,464984,100,231,purchase_review_rank_gap,-131.0,15,1,8,1,45.0,28.05,62.3333,1.0,0.2376,0.1403,Frequent buyers and frequent reviewers may be different customers.
purchase_review_participation,customer,479497,102,232,purchase_review_rank_gap,-130.0,15,1,11,1,45.0,28.44,63.2,4.0,0.2376,0.1403,Frequent buyers and frequent reviewers may be different customers.
purchase_review_participation,customer,665282,338,468,purchase_review_rank_gap,-130.0,10,1,5,0,28.0,18.26,65.2143,,0.1584,0.0,Frequent buyers and frequent reviewers may be different customers.
purchase_review_participation,customer,710047,339,469,purchase_review_rank_gap,-130.0,10,1,8,0,30.0,19.34,64.4667,,0.1584,0.0,Frequent buyers and frequent reviewers may be different customers.
purchase_review_participation,customer,743517,342,470,purchase_review_rank_gap,-128.0,10,1,9,0,30.0,18.52,61.7333,,0.1584,0.0,Frequent buyers and frequent reviewers may be different customers.
purchase_review_participation,customer,756928,344,471,purchase_review_rank_gap,-127.0,10,1,9,0,26.0,15.93,61.2692,,0.1584,0.0,Frequent buyers and frequent reviewers may be different customers.
purchase_review_participation,customer,767570,345,472,purchase_review_rank_gap,-127.0,10,1,8,0,30.0,20.03,66.7667,,0.1584,0.0,Frequent buyers and frequent reviewers may be different customers.
purchase_review_participation,customer,605188,108,233,purchase_review_rank_gap,-125.0,15,1,11,1,45.0,27.99,62.2,5.0,0.2376,0.1403,Frequent buyers and frequent reviewers may be different customers.
purchase_review_participation,customer,651462,109,234,purchase_review_rank_gap,-125.0,15,1,10,1,43.0,27.04,62.8837,5.0,0.2376,0.1403,Frequent buyers and frequent reviewers may be different customers.
purchase_review_participation,customer,850933,348,473,purchase_review_rank_gap,-125.0,10,1,9,0,30.0,18.92,63.0667,,0.1584,0.0,Frequent buyers and frequent reviewers may be different customers.
purchase_review_participation,customer,882493,349,474,purchase_review_rank_gap,-125.0,10,1,8,0,30.0,18.49,61.6333,,0.1584,0.0,Frequent buyers and frequent reviewers may be different customers.
purchase_review_participation,customer,889686,350,475,purchase_review_rank_gap,-125.0,10,1,8,0,30.0,19.0,63.3333,,0.1584,0.0,Frequent buyers and frequent reviewers may be different customers.
purchase_review_participation,customer,690100,111,235,purchase_review_rank_gap,-124.0,15,1,10,1,43.0,28.02,65.1628,4.0,0.2376,0.1403,Frequent buyers and frequent reviewers may be different customers.
purchase_review_participation,customer,719921,112,236,purchase_review_rank_gap,-124.0,15,1,11,1,43.0,26.59,61.8372,4.0,0.2376,0.1403,Frequent buyers and frequent reviewers may be different customers.
purchase_review_participation,customer,734624,113,237,purchase_review_rank_gap,-124.0,15,1,11,1,45.0,28.8,64.0,1.0,0.2376,0.1403,Frequent buyers and frequent reviewers may be different customers.
purchase_review_participation,customer,951701,352,476,purchase_review_rank_gap,-124.0,10,1,7,0,30.0,19.64,65.4667,,0.1584,0.0,Frequent buyers and frequent reviewers may be different customers.
purchase_review_participation,customer,173125,357,477,purchase_review_rank_gap,-120.0,9,1,7,0,25.0,17.11,68.44,,0.1426,0.0,Frequent buyers and frequent reviewers may be different customers.
purchase_review_participation,customer,911171,120,238,purchase_review_rank_gap,-118.0,15,1,10,1,45.0,27.43,60.9556,1.0,0.2376,0.1403,Frequent buyers and frequent reviewers may be different customers.
purchase_review_participation,customer,924649,121,239,purchase_review_rank_gap,-118.0,15,1,12,1,45.0,29.36,65.2444,3.0,0.2376,0.1403,Frequent buyers and frequent reviewers may be different customers.
purchase_review_participation,customer,132454,123,240,purchase_review_rank_gap,-117.0,14,1,10,1,42.0,26.42,62.9048,4.0,0.2218,0.1403,Frequent buyers and frequent reviewers may be different customers.
purchase_review_participation,customer,183797,124,241,purchase_review_rank_gap,-117.0,14,1,11,1,42.0,26.34,62.7143,3.0,0.2218,0.1403,Frequent buyers and frequent reviewers may be different customers.
purchase_review_participation,customer,231615,361,478,purchase_review_rank_gap,-117.0,9,1,8,0,27.0,17.19,63.6667,,0.1426,0.0,Frequent buyers and frequent reviewers may be different customers.
purchase_review_participation,customer,247216,128,242,purchase_review_rank_gap,-114.0,14,1,7,1,42.0,26.96,64.1905,4.0,0.2218,0.1403,Frequent buyers and frequent reviewers may be different customers.
purchase_review_participation,customer,275152,365,479,purchase_review_rank_gap,-114.0,9,1,8,0,27.0,17.21,63.7407,,0.1426,0.0,Frequent buyers and frequent reviewers may be different customers.
purchase_review_participation,customer,278809,367,480,purchase_review_rank_gap,-113.0,9,1,9,0,25.0,15.5,62.0,,0.1426,0.0,Frequent buyers and frequent reviewers may be different customers.
purchase_review_participation,customer,315634,370,481,purchase_review_rank_gap,-111.0,9,1,8,0,27.0,17.08,63.2593,,0.1426,0.0,Frequent buyers and frequent reviewers may be different customers.
purchase_review_participation,customer,363931,374,482,purchase_review_rank_gap,-108.0,9,1,7,0,27.0,17.85,66.1111,,0.1426,0.0,Frequent buyers and frequent reviewers may be different customers.
purchase_review_participation,customer,515753,380,483,purchase_review_rank_gap,-103.0,9,1,8,0,27.0,17.89,66.2593,,0.1426,0.0,Frequent buyers and frequent reviewers may be different customers.
purchase_review_participation,customer,552124,382,484,purchase_review_rank_gap,-102.0,9,1,7,0,27.0,17.96,66.5185,,0.1426,0.0,Frequent buyers and frequent reviewers may be different customers.
purchase_review_participation,customer,618955,383,485,purchase_review_rank_gap,-102.0,9,1,7,0,27.0,17.6,65.1852,,0.1426,0.0,Frequent buyers and frequent reviewers may be different customers.
purchase_review_participation,customer,643214,141,243,purchase_review_rank_gap,-102.0,14,1,11,1,42.0,27.19,64.7381,2.0,0.2218,0.1403,Frequent buyers and frequent reviewers may be different customers.
purchase_review_participation,customer,657736,142,244,purchase_review_rank_gap,-102.0,14,1,8,1,42.0,27.56,65.619,5.0,0.2218,0.1403,Frequent buyers and frequent reviewers may be different customers.
purchase_review_participation,customer,706101,144,245,purchase_review_rank_gap,-101.0,14,1,9,1,40.0,25.03,62.575,2.0,0.2218,0.1403,Frequent buyers and frequent reviewers may be different customers.
purchase_review_participation,customer,775449,145,246,purchase_review_rank_gap,-101.0,14,1,9,1,40.0,23.23,58.075,3.0,0.2218,0.1403,Frequent buyers and frequent reviewers may be different customers.
purchase_review_participation,customer,791850,146,247,purchase_review_rank_gap,-101.0,14,1,8,1,42.0,27.74,66.0476,3.0,0.2218,0.1403,Frequent buyers and frequent reviewers may be different customers.
purchase_review_participation,customer,671363,386,486,purchase_review_rank_gap,-100.0,9,1,6,0,27.0,16.98,62.8889,,0.1426,0.0,Frequent buyers and frequent reviewers may be different customers.
purchase_review_participation,customer,847289,149,248,purchase_review_rank_gap,-99.0,14,1,8,1,42.0,26.57,63.2619,1.0,0.2218,0.1403,Frequent buyers and frequent reviewers may be different customers.
purchase_review_participation,customer,860057,150,249,purchase_review_rank_gap,-99.0,14,1,9,1,40.0,24.62,61.55,1.0,0.2218,0.1403,Frequent buyers and frequent reviewers may be different customers.
purchase_review_participation,customer,714277,389,487,purchase_review_rank_gap,-98.0,9,1,7,0,25.0,16.1,64.4,,0.1426,0.0,Frequent buyers and frequent reviewers may be different customers.
purchase_review_participation,customer,884729,153,250,purchase_review_rank_gap,-97.0,14,1,10,1,38.0,23.26,61.2105,2.0,0.2218,0.1403,Frequent buyers and frequent reviewers may be different customers.
purchase_review_participation,customer,929344,154,251,purchase_review_rank_gap,-97.0,14,1,10,1,42.0,26.28,62.5714,3.0,0.2218,0.1403,Frequent buyers and frequent reviewers may be different customers.
purchase_review_participation,customer,108708,157,252,purchase_review_rank_gap,-95.0,13,1,7,1,39.0,24.51,62.8462,3.0,0.206,0.1403,Frequent buyers and frequent reviewers may be different customers.
purchase_review_participation,customer,109251,158,253,purchase_review_rank_gap,-95.0,13,1,7,1,39.0,24.9,63.8462,3.0,0.206,0.1403,Frequent buyers and frequent reviewers may be different customers.
purchase_review_participation,customer,852319,393,488,purchase_review_rank_gap,-95.0,9,1,8,0,27.0,18.51,68.5556,,0.1426,0.0,Frequent buyers and frequent reviewers may be different customers.
purchase_review_participation,customer,852925,394,489,purchase_review_rank_gap,-95.0,9,1,6,0,27.0,16.98,62.8889,,0.1426,0.0,Frequent buyers and frequent reviewers may be different customers.
purchase_review_participation,customer,862302,395,490,purchase_review_rank_gap,-95.0,9,1,9,0,27.0,18.13,67.1481,,0.1426,0.0,Frequent buyers and frequent reviewers may be different customers.
purchase_review_participation,customer,866847,397,491,purchase_review_rank_gap,-94.0,9,1,7,0,27.0,17.26,63.9259,,0.1426,0.0,Frequent buyers and frequent reviewers may be different customers.
purchase_review_participation,customer,877877,398,492,purchase_review_rank_gap,-94.0,9,1,7,0,27.0,16.83,62.3333,,0.1426,0.0,Frequent buyers and frequent reviewers may be different customers.
purchase_review_participation,customer,884607,399,493,purchase_review_rank_gap,-94.0,9,1,7,0,25.0,17.86,71.44,,0.1426,0.0,Frequent buyers and frequent reviewers may be different customers.
purchase_review_participation,customer,890497,400,494,purchase_review_rank_gap,-94.0,9,1,8,0,25.0,15.99,63.96,,0.1426,0.0,Frequent buyers and frequent reviewers may be different customers.
purchase_review_participation,customer,897980,401,495,purchase_review_rank_gap,-94.0,9,1,7,0,27.0,17.3,64.0741,,0.1426,0.0,Frequent buyers and frequent reviewers may be different customers.
purchase_review_participation,customer,921901,403,496,purchase_review_rank_gap,-93.0,9,1,8,0,27.0,18.81,69.6667,,0.1426,0.0,Frequent buyers and frequent reviewers may be different customers.
purchase_review_participation,customer,448739,1,93,purchase_review_rank_gap,-92.0,29,1,16,2,81.0,51.6,63.7037,3.5,0.4594,0.2805,Frequent buyers and frequent reviewers may be different customers.
purchase_review_participation,customer,230602,163,254,purchase_review_rank_gap,-91.0,13,1,11,1,37.0,22.75,61.4865,3.0,0.206,0.1403,Frequent buyers and frequent reviewers may be different customers.
purchase_review_participation,customer,265707,165,255,purchase_review_rank_gap,-90.0,13,1,8,1,39.0,25.64,65.7436,1.0,0.206,0.1403,Frequent buyers and frequent reviewers may be different customers.
purchase_review_participation,customer,976778,407,497,purchase_review_rank_gap,-90.0,9,1,8,0,27.0,17.82,66.0,,0.1426,0.0,Frequent buyers and frequent reviewers may be different customers.
purchase_review_participation,customer,104939,409,498,purchase_review_rank_gap,-89.0,8,1,6,0,22.0,14.47,65.7727,,0.1267,0.0,Frequent buyers and frequent reviewers may be different customers.
purchase_review_participation,customer,147216,8,94,purchase_review_rank_gap,-86.0,21,1,11,2,63.0,40.57,64.3968,2.5,0.3327,0.2805,Frequent buyers and frequent reviewers may be different customers.
purchase_review_participation,customer,485769,173,256,purchase_review_rank_gap,-83.0,13,1,10,1,37.0,22.54,60.9189,3.0,0.206,0.1403,Frequent buyers and frequent reviewers may be different customers.
purchase_review_participation,customer,493552,174,257,purchase_review_rank_gap,-83.0,13,1,10,1,39.0,26.97,69.1538,1.0,0.206,0.1403,Frequent buyers and frequent reviewers may be different customers.
purchase_review_participation,customer,494106,175,258,purchase_review_rank_gap,-83.0,13,1,7,1,39.0,27.61,70.7949,2.0,0.206,0.1403,Frequent buyers and frequent reviewers may be different customers.
purchase_review_participation,customer,500350,176,259,purchase_review_rank_gap,-83.0,13,1,9,1,39.0,25.08,64.3077,3.0,0.206,0.1403,Frequent buyers and frequent reviewers may be different customers.
purchase_review_participation,customer,592592,179,260,purchase_review_rank_gap,-81.0,13,1,9,1,39.0,24.06,61.6923,5.0,0.206,0.1403,Frequent buyers and frequent reviewers may be different customers.
purchase_review_participation,customer,796796,14,95,purchase_review_rank_gap,-81.0,21,1,12,2,63.0,42.45,67.381,4.5,0.3327,0.2805,Frequent buyers and frequent reviewers may be different customers.
purchase_review_participation,customer,353846,419,499,purchase_review_rank_gap,-80.0,8,1,7,0,24.0,14.35,59.7917,,0.1267,0.0,Frequent buyers and frequent reviewers may be different customers.
purchase_review_participation,customer,599995,181,261,purchase_review_rank_gap,-80.0,13,1,10,1,39.0,24.32,62.359,1.0,0.206,0.1403,Frequent buyers and frequent reviewers may be different customers.
purchase_review_participation,customer,110363,17,96,purchase_review_rank_gap,-79.0,20,1,14,2,60.0,40.54,67.5667,4.0,0.3169,0.2805,Frequent buyers and frequent reviewers may be different customers.
purchase_review_participation,customer,657495,183,262,purchase_review_rank_gap,-79.0,13,1,10,1,37.0,24.36,65.8378,5.0,0.206,0.1403,Frequent buyers and frequent reviewers may be different customers.
purchase_review_participation,customer,452874,422,500,purchase_review_rank_gap,-78.0,8,1,7,0,24.0,16.02,66.75,,0.1267,0.0,Frequent buyers and frequent reviewers may be different customers.
purchase_review_participation,customer,378374,20,97,purchase_review_rank_gap,-77.0,20,1,13,2,58.0,36.91,63.6379,3.0,0.3169,0.2805,Frequent buyers and frequent reviewers may be different customers.
purchase_review_participation,customer,404678,21,98,purchase_review_rank_gap,-77.0,20,1,13,2,60.0,38.24,63.7333,3.0,0.3169,0.2805,Frequent buyers and frequent reviewers may be different customers.
purchase_review_participation,customer,547890,427,501,purchase_review_rank_gap,-74.0,8,1,8,0,24.0,15.54,64.75,,0.1267,0.0,Frequent buyers and frequent reviewers may be different customers.
purchase_review_participation,customer,565259,428,502,purchase_review_rank_gap,-74.0,8,1,8,0,24.0,14.82,61.75,,0.1267,0.0,Frequent buyers and frequent reviewers may be different customers.
purchase_review_participation,customer,765237,190,263,purchase_review_rank_gap,-73.0,13,1,10,1,39.0,25.15,64.4872,1.0,0.206,0.1403,Frequent buyers and frequent reviewers may be different customers.
purchase_review_participation,customer,693531,431,503,purchase_review_rank_gap,-72.0,8,1,7,0,24.0,15.05,62.7083,,0.1267,0.0,Frequent buyers and frequent reviewers may be different customers.
purchase_review_participation,customer,818287,192,264,purchase_review_rank_gap,-72.0,13,1,11,1,37.0,24.24,65.5135,3.0,0.206,0.1403,Frequent buyers and frequent reviewers may be different customers.
purchase_review_participation,customer,826590,193,265,purchase_review_rank_gap,-72.0,13,1,8,1,37.0,22.43,60.6216,5.0,0.206,0.1403,Frequent buyers and frequent reviewers may be different customers.
purchase_review_participation,customer,738357,433,504,purchase_review_rank_gap,-71.0,8,1,7,0,24.0,15.18,63.25,,0.1267,0.0,Frequent buyers and frequent reviewers may be different customers.
purchase_review_participation,customer,422951,29,99,purchase_review_rank_gap,-70.0,19,1,11,2,57.0,36.13,63.386,3.5,0.301,0.2805,Frequent buyers and frequent reviewers may be different customers.
purchase_review_participation,customer,500828,31,100,purchase_review_rank_gap,-69.0,19,1,10,2,55.0,33.48,60.8727,3.5,0.301,0.2805,Frequent buyers and frequent reviewers may be different customers.
purchase_review_participation,customer,791559,436,505,purchase_review_rank_gap,-69.0,8,1,8,0,24.0,15.48,64.5,,0.1267,0.0,Frequent buyers and frequent reviewers may be different customers.
purchase_review_participation,customer,798336,437,506,purchase_review_rank_gap,-69.0,8,1,7,0,22.0,14.59,66.3182,,0.1267,0.0,Frequent buyers and frequent reviewers may be different customers.
purchase_review_participation,customer,837763,439,507,purchase_review_rank_gap,-68.0,8,1,7,0,18.0,8.79,48.8333,,0.1267,0.0,Frequent buyers and frequent reviewers may be different customers.
purchase_review_participation,customer,955591,198,266,purchase_review_rank_gap,-68.0,13,1,8,1,39.0,27.33,70.0769,4.0,0.206,0.1403,Frequent buyers and frequent reviewers may be different customers.
purchase_review_participation,customer,961080,199,267,purchase_review_rank_gap,-68.0,13,1,9,1,39.0,25.67,65.8205,3.0,0.206,0.1403,Frequent buyers and frequent reviewers may be different customers.
purchase_review_participation,customer,111991,202,269,purchase_review_rank_gap,-67.0,12,1,9,1,34.0,22.37,65.7941,2.0,0.1901,0.1403,Frequent buyers and frequent reviewers may be different customers.
purchase_review_participation,customer,893039,441,508,purchase_review_rank_gap,-67.0,8,1,5,0,22.0,15.62,71.0,,0.1267,0.0,Frequent buyers and frequent reviewers may be different customers.
purchase_review_participation,customer,994056,201,268,purchase_review_rank_gap,-67.0,13,1,10,1,39.0,25.99,66.641,5.0,0.206,0.1403,Frequent buyers and frequent reviewers may be different customers.
purchase_review_participation,customer,103508,445,510,purchase_review_rank_gap,-65.0,7,1,7,0,19.0,12.4,65.2632,,0.1109,0.0,Frequent buyers and frequent reviewers may be different customers.
purchase_review_participation,customer,924361,444,509,purchase_review_rank_gap,-65.0,8,1,7,0,24.0,15.15,63.125,,0.1267,0.0,Frequent buyers and frequent reviewers may be different customers.
purchase_review_participation,customer,191951,207,270,purchase_review_rank_gap,-63.0,12,1,8,1,36.0,24.02,66.7222,2.0,0.1901,0.1403,Frequent buyers and frequent reviewers may be different customers.
purchase_review_participation,customer,203787,209,271,purchase_review_rank_gap,-62.0,12,1,9,1,36.0,24.39,67.75,4.0,0.1901,0.1403,Frequent buyers and frequent reviewers may be different customers.
purchase_review_participation,customer,157695,40,101,purchase_review_rank_gap,-61.0,18,1,10,2,50.0,30.25,60.5,2.5,0.2852,0.2805,Frequent buyers and frequent reviewers may be different customers.
purchase_review_participation,customer,194680,41,102,purchase_review_rank_gap,-61.0,18,1,11,2,52.0,33.38,64.1923,3.0,0.2852,0.2805,Frequent buyers and frequent reviewers may be different customers.
purchase_review_participation,customer,220206,42,103,purchase_review_rank_gap,-61.0,18,1,13,2,54.0,34.85,64.537,3.5,0.2852,0.2805,Frequent buyers and frequent reviewers may be different customers.
purchase_review_participation,customer,412544,46,104,purchase_review_rank_gap,-58.0,18,1,12,2,52.0,33.9,65.1923,5.0,0.2852,0.2805,Frequent buyers and frequent reviewers may be different customers.
purchase_review_participation,customer,306475,216,272,purchase_review_rank_gap,-56.0,12,1,9,1,36.0,23.82,66.1667,1.0,0.1901,0.1403,Frequent buyers and frequent reviewers may be different customers.
purchase_review_participation,customer,491380,49,105,purchase_review_rank_gap,-56.0,18,1,11,2,54.0,35.75,66.2037,3.0,0.2852,0.2805,Frequent buyers and frequent reviewers may be different customers.
purchase_review_participation,customer,385115,219,273,purchase_review_rank_gap,-54.0,12,1,9,1,36.0,22.66,62.9444,3.0,0.1901,0.1403,Frequent buyers and frequent reviewers may be different customers.
purchase_review_participation,customer,757780,52,106,purchase_review_rank_gap,-54.0,18,1,13,2,52.0,33.52,64.4615,4.0,0.2852,0.2805,Frequent buyers and frequent reviewers may be different customers.
purchase_review_participation,customer,149240,55,108,purchase_review_rank_gap,-53.0,17,1,12,2,51.0,33.57,65.8235,3.5,0.2693,0.2805,Frequent buyers and frequent reviewers may be different customers.
purchase_review_participation,customer,390130,458,511,purchase_review_rank_gap,-53.0,7,1,5,0,21.0,14.98,71.3333,,0.1109,0.0,Frequent buyers and frequent reviewers may be different customers.
purchase_review_participation,customer,941876,54,107,purchase_review_rank_gap,-53.0,18,1,11,2,52.0,31.22,60.0385,4.0,0.2852,0.2805,Frequent buyers and frequent reviewers may be different customers.
purchase_review_participation,customer,207846,57,109,purchase_review_rank_gap,-52.0,17,1,10,2,51.0,33.13,64.9608,3.0,0.2693,0.2805,Frequent buyers and frequent reviewers may be different customers.
purchase_review_participation,customer,408341,222,274,purchase_review_rank_gap,-52.0,12,1,9,1,34.0,21.02,61.8235,5.0,0.1901,0.1403,Frequent buyers and frequent reviewers may be different customers.
purchase_review_participation,customer,417823,224,275,purchase_review_rank_gap,-51.0,12,1,10,1,36.0,22.85,63.4722,4.0,0.1901,0.1403,Frequent buyers and frequent reviewers may be different customers.
purchase_review_participation,customer,448993,226,276,purchase_review_rank_gap,-50.0,12,1,9,1,32.0,21.13,66.0313,2.0,0.1901,0.1403,Frequent buyers and frequent reviewers may be different customers.
purchase_review_participation,customer,456457,227,277,purchase_review_rank_gap,-50.0,12,1,9,1,36.0,25.61,71.1389,2.0,0.1901,0.1403,Frequent buyers and frequent reviewers may be different customers.
purchase_review_participation,customer,507743,463,512,purchase_review_rank_gap,-49.0,7,1,7,0,21.0,12.52,59.619,,0.1109,0.0,Frequent buyers and frequent reviewers may be different customers.
purchase_review_participation,customer,528475,464,513,purchase_review_rank_gap,-49.0,7,1,7,0,21.0,13.66,65.0476,,0.1109,0.0,Frequent buyers and frequent reviewers may be different customers.
purchase_review_participation,customer,537860,229,278,purchase_review_rank_gap,-49.0,12,1,9,1,36.0,23.93,66.4722,4.0,0.1901,0.1403,Frequent buyers and frequent reviewers may be different customers.
purchase_review_participation,customer,563500,230,279,purchase_review_rank_gap,-49.0,12,1,9,1,36.0,22.75,63.1944,1.0,0.1901,0.1403,Frequent buyers and frequent reviewers may be different customers.
purchase_review_participation,customer,556619,466,514,purchase_review_rank_gap,-48.0,7,1,6,0,21.0,14.38,68.4762,,0.1109,0.0,Frequent buyers and frequent reviewers may be different customers.
purchase_review_participation,customer,592528,467,515,purchase_review_rank_gap,-48.0,7,1,7,0,21.0,14.28,68.0,,0.1109,0.0,Frequent buyers and frequent reviewers may be different customers.
purchase_review_participation,customer,624668,469,516,purchase_review_rank_gap,-47.0,7,1,4,0,21.0,14.46,68.8571,,0.1109,0.0,Frequent buyers and frequent reviewers may be different customers.
purchase_review_participation,customer,646953,470,517,purchase_review_rank_gap,-47.0,7,1,5,0,21.0,13.98,66.5714,,0.1109,0.0,Frequent buyers and frequent reviewers may be different customers.
purchase_review_participation,customer,656512,471,518,purchase_review_rank_gap,-47.0,7,1,6,0,19.0,11.63,61.2105,,0.1109,0.0,Frequent buyers and frequent reviewers may be different customers.
purchase_review_participation,customer,656728,472,519,purchase_review_rank_gap,-47.0,7,1,3,0,21.0,13.27,63.1905,,0.1109,0.0,Frequent buyers and frequent reviewers may be different customers.
purchase_review_participation,customer,696852,473,520,purchase_review_rank_gap,-47.0,7,1,3,0,21.0,13.94,66.381,,0.1109,0.0,Frequent buyers and frequent reviewers may be different customers.
purchase_review_participation,customer,723057,63,110,purchase_review_rank_gap,-47.0,17,1,11,2,47.0,28.7,61.0638,4.0,0.2693,0.2805,Frequent buyers and frequent reviewers may be different customers.
purchase_review_participation,customer,745543,64,111,purchase_review_rank_gap,-47.0,17,1,10,2,49.0,31.7,64.6939,3.0,0.2693,0.2805,Frequent buyers and frequent reviewers may be different customers.
purchase_review_participation,customer,776775,474,521,purchase_review_rank_gap,-47.0,7,1,6,0,19.0,10.94,57.5789,,0.1109,0.0,Frequent buyers and frequent reviewers may be different customers.
purchase_review_participation,customer,783369,475,522,purchase_review_rank_gap,-47.0,7,1,5,0,21.0,12.5,59.5238,,0.1109,0.0,Frequent buyers and frequent reviewers may be different customers.
purchase_review_participation,customer,789065,476,523,purchase_review_rank_gap,-47.0,7,1,5,0,21.0,13.57,64.619,,0.1109,0.0,Frequent buyers and frequent reviewers may be different customers.
purchase_review_participation,customer,813719,478,524,purchase_review_rank_gap,-46.0,7,1,6,0,21.0,14.05,66.9048,,0.1109,0.0,Frequent buyers and frequent reviewers may be different customers.
purchase_review_participation,customer,817500,479,525,purchase_review_rank_gap,-46.0,7,1,6,0,21.0,14.27,67.9524,,0.1109,0.0,Frequent buyers and frequent reviewers may be different customers.
purchase_review_participation,customer,846722,482,526,purchase_review_rank_gap,-44.0,7,1,7,0,21.0,14.15,67.381,,0.1109,0.0,Frequent buyers and frequent reviewers may be different customers.
purchase_review_participation,customer,850952,483,527,purchase_review_rank_gap,-44.0,7,1,6,0,21.0,13.26,63.1429,,0.1109,0.0,Frequent buyers and frequent reviewers may be different customers.
purchase_review_participation,customer,900440,68,112,purchase_review_rank_gap,-44.0,17,1,12,2,47.0,28.58,60.8085,3.0,0.2693,0.2805,Frequent buyers and frequent reviewers may be different customers.
purchase_review_participation,customer,944523,69,113,purchase_review_rank_gap,-44.0,17,1,11,2,51.0,33.03,64.7647,4.5,0.2693,0.2805,Frequent buyers and frequent reviewers may be different customers.
purchase_review_participation,customer,950299,70,114,purchase_review_rank_gap,-44.0,17,1,12,2,49.0,30.71,62.6735,2.0,0.2693,0.2805,Frequent buyers and frequent reviewers may be different customers.
purchase_review_participation,customer,157388,73,115,purchase_review_rank_gap,-42.0,16,1,10,2,44.0,29.28,66.5455,2.5,0.2535,0.2805,Frequent buyers and frequent reviewers may be different customers.
purchase_review_participation,customer,253106,78,116,purchase_review_rank_gap,-38.0,16,1,11,2,48.0,31.26,65.125,3.5,0.2535,0.2805,Frequent buyers and frequent reviewers may be different customers.
purchase_review_participation,customer,317461,79,117,purchase_review_rank_gap,-38.0,16,1,11,2,48.0,31.6,65.8333,4.0,0.2535,0.2805,Frequent buyers and frequent reviewers may be different customers.
purchase_review_participation,customer,888759,244,280,purchase_review_rank_gap,-36.0,12,1,11,1,34.0,21.13,62.1471,4.0,0.1901,0.1403,Frequent buyers and frequent reviewers may be different customers.
purchase_review_participation,customer,908768,247,281,purchase_review_rank_gap,-34.0,12,1,7,1,34.0,20.63,60.6765,4.0,0.1901,0.1403,Frequent buyers and frequent reviewers may be different customers.
purchase_review_participation,customer,921792,248,282,purchase_review_rank_gap,-34.0,12,1,7,1,36.0,23.45,65.1389,1.0,0.1901,0.1403,Frequent buyers and frequent reviewers may be different customers.
purchase_review_participation,customer,418521,495,528,purchase_review_rank_gap,-33.0,6,1,4,0,18.0,12.45,69.1667,,0.0951,0.0,Frequent buyers and frequent reviewers may be different customers.
purchase_review_participation,customer,977759,250,283,purchase_review_rank_gap,-33.0,12,1,8,1,36.0,25.1,69.7222,2.0,0.1901,0.1403,Frequent buyers and frequent reviewers may be different customers.
purchase_review_participation,customer,166135,252,284,purchase_review_rank_gap,-32.0,11,1,8,1,31.0,18.45,59.5161,4.0,0.1743,0.1403,Frequent buyers and frequent reviewers may be different customers.
purchase_review_participation,customer,458448,497,529,purchase_review_rank_gap,-32.0,6,1,6,0,18.0,12.03,66.8333,,0.0951,0.0,Frequent buyers and frequent reviewers may be different customers.
purchase_review_participation,customer,475216,498,530,purchase_review_rank_gap,-32.0,6,1,4,0,18.0,11.45,63.6111,,0.0951,0.0,Frequent buyers and frequent reviewers may be different customers.
purchase_review_participation,customer,537796,500,531,purchase_review_rank_gap,-31.0,6,1,4,0,18.0,12.33,68.5,,0.0951,0.0,Frequent buyers and frequent reviewers may be different customers.
purchase_review_participation,customer,554099,503,532,purchase_review_rank_gap,-29.0,6,1,6,0,18.0,11.06,61.4444,,0.0951,0.0,Frequent buyers and frequent reviewers may be different customers.
purchase_review_participation,customer,905670,7,36,purchase_review_rank_gap,-29.0,22,1,14,3,60.0,35.18,58.6333,2.0,0.3485,0.4208,Frequent buyers and frequent reviewers may be different customers.
purchase_review_participation,customer,175940,9,37,purchase_review_rank_gap,-28.0,21,1,10,3,63.0,41.38,65.6825,3.3333,0.3327,0.4208,Frequent buyers and frequent reviewers may be different customers.
purchase_review_participation,customer,559190,505,533,purchase_review_rank_gap,-28.0,6,1,4,0,18.0,11.02,61.2222,,0.0951,0.0,Frequent buyers and frequent reviewers may be different customers.
purchase_review_participation,customer,601753,506,534,purchase_review_rank_gap,-28.0,6,1,4,0,18.0,10.63,59.0556,,0.0951,0.0,Frequent buyers and frequent reviewers may be different customers.
purchase_review_participation,customer,622131,507,535,purchase_review_rank_gap,-28.0,6,1,5,0,18.0,12.38,68.7778,,0.0951,0.0,Frequent buyers and frequent reviewers may be different customers.
purchase_review_participation,customer,660634,508,536,purchase_review_rank_gap,-28.0,6,1,5,0,16.0,9.96,62.25,,0.0951,0.0,Frequent buyers and frequent reviewers may be different customers.
purchase_review_participation,customer,695276,509,537,purchase_review_rank_gap,-28.0,6,1,4,0,18.0,12.4,68.8889,,0.0951,0.0,Frequent buyers and frequent reviewers may be different customers.
purchase_review_participation,customer,702197,510,538,purchase_review_rank_gap,-28.0,6,1,6,0,18.0,11.33,62.9444,,0.0951,0.0,Frequent buyers and frequent reviewers may be different customers.
purchase_review_participation,customer,724700,512,539,purchase_review_rank_gap,-27.0,6,1,5,0,18.0,11.67,64.8333,,0.0951,0.0,Frequent buyers and frequent reviewers may be different customers.
purchase_review_participation,customer,728908,513,540,purchase_review_rank_gap,-27.0,6,1,6,0,18.0,11.39,63.2778,,0.0951,0.0,Frequent buyers and frequent reviewers may be different customers.
purchase_review_participation,customer,158528,93,118,purchase_review_rank_gap,-25.0,15,1,9,2,43.0,27.04,62.8837,3.0,0.2376,0.2805,Frequent buyers and frequent reviewers may be different customers.
purchase_review_participation,customer,840970,516,541,purchase_review_rank_gap,-25.0,6,1,5,0,18.0,11.15,61.9444,,0.0951,0.0,Frequent buyers and frequent reviewers may be different customers.
purchase_review_participation,customer,872851,517,542,purchase_review_rank_gap,-25.0,6,1,6,0,18.0,13.06,72.5556,,0.0951,0.0,Frequent buyers and frequent reviewers may be different customers.
purchase_review_participation,customer,924947,519,543,purchase_review_rank_gap,-24.0,6,1,5,0,18.0,11.09,61.6111,,0.0951,0.0,Frequent buyers and frequent reviewers may be different customers.
purchase_review_participation,customer,938393,520,544,purchase_review_rank_gap,-24.0,6,1,5,0,18.0,11.39,63.2778,,0.0951,0.0,Frequent buyers and frequent reviewers may be different customers.
purchase_review_participation,customer,994269,521,545,purchase_review_rank_gap,-24.0,6,1,3,0,18.0,10.87,60.3889,,0.0951,0.0,Frequent buyers and frequent reviewers may be different customers.
purchase_review_participation,customer,249779,97,119,purchase_review_rank_gap,-22.0,15,1,8,2,45.0,28.22,62.7111,1.5,0.2376,0.2805,Frequent buyers and frequent reviewers may be different customers.
purchase_review_participation,customer,422717,264,285,purchase_review_rank_gap,-21.0,11,1,9,1,33.0,21.17,64.1515,2.0,0.1743,0.1403,Frequent buyers and frequent reviewers may be different customers.
purchase_review_participation,customer,325263,19,38,purchase_review_rank_gap,-19.0,20,1,10,3,56.0,36.77,65.6607,2.3333,0.3169,0.4208,Frequent buyers and frequent reviewers may be different customers.
purchase_review_participation,customer,484909,267,286,purchase_review_rank_gap,-19.0,11,1,6,1,31.0,18.98,61.2258,3.0,0.1743,0.1403,Frequent buyers and frequent reviewers may be different customers.
purchase_review_participation,customer,550824,104,120,purchase_review_rank_gap,-16.0,15,1,8,2,41.0,28.05,68.4146,2.5,0.2376,0.2805,Frequent buyers and frequent reviewers may be different customers.
purchase_review_participation,customer,593317,273,287,purchase_review_rank_gap,-14.0,11,1,8,1,31.0,19.84,64.0,2.0,0.1743,0.1403,Frequent buyers and frequent reviewers may be different customers.
purchase_review_participation,customer,606155,274,288,purchase_review_rank_gap,-14.0,11,1,8,1,33.0,21.22,64.303,1.0,0.1743,0.1403,Frequent buyers and frequent reviewers may be different customers.
purchase_review_participation,customer,468100,533,546,purchase_review_rank_gap,-13.0,5,1,3,0,15.0,9.44,62.9333,,0.0792,0.0,Frequent buyers and frequent reviewers may be different customers.
purchase_review_participation,customer,558749,534,547,purchase_review_rank_gap,-13.0,5,1,4,0,15.0,9.53,63.5333,,0.0792,0.0,Frequent buyers and frequent reviewers may be different customers.
purchase_review_participation,customer,305005,27,39,purchase_review_rank_gap,-12.0,19,1,10,3,55.0,37.12,67.4909,4.3333,0.301,0.4208,Frequent buyers and frequent reviewers may be different customers.
purchase_review_participation,customer,619910,536,548,purchase_review_rank_gap,-12.0,5,1,4,0,15.0,8.58,57.2,,0.0792,0.0,Frequent buyers and frequent reviewers may be different customers.
purchase_review_participation,customer,664934,278,289,purchase_review_rank_gap,-11.0,11,1,9,1,33.0,20.49,62.0909,1.0,0.1743,0.1403,Frequent buyers and frequent reviewers may be different customers.
purchase_review_participation,customer,722547,538,549,purchase_review_rank_gap,-11.0,5,1,3,0,15.0,9.72,64.8,,0.0792,0.0,Frequent buyers and frequent reviewers may be different customers.
purchase_review_participation,customer,112690,541,551,purchase_review_rank_gap,-10.0,4,1,4,0,12.0,7.26,60.5,,0.0634,0.0,Frequent buyers and frequent reviewers may be different customers.
purchase_review_participation,customer,441628,30,40,purchase_review_rank_gap,-10.0,19,1,14,3,57.0,38.25,67.1053,2.3333,0.301,0.4208,Frequent buyers and frequent reviewers may be different customers.
purchase_review_participation,customer,890651,540,550,purchase_review_rank_gap,-10.0,5,1,3,0,15.0,11.52,76.8,,0.0792,0.0,Frequent buyers and frequent reviewers may be different customers.
purchase_review_participation,customer,407605,5,14,purchase_review_rank_gap,-9.0,22,1,12,4,64.0,40.92,63.9375,4.5,0.3485,0.561,Frequent buyers and frequent reviewers may be different customers.
purchase_review_participation,customer,676155,281,290,purchase_review_rank_gap,-9.0,11,1,6,1,33.0,21.08,63.8788,5.0,0.1743,0.1403,Frequent buyers and frequent reviewers may be different customers.
purchase_review_participation,customer,707458,283,291,purchase_review_rank_gap,-8.0,11,1,9,1,31.0,19.22,62.0,5.0,0.1743,0.1403,Frequent buyers and frequent reviewers may be different customers.
purchase_review_participation,customer,731346,284,292,purchase_review_rank_gap,-8.0,11,1,8,1,33.0,20.68,62.6667,1.0,0.1743,0.1403,Frequent buyers and frequent reviewers may be different customers.
purchase_review_participation,customer,422592,545,552,purchase_review_rank_gap,-7.0,4,1,4,0,12.0,7.33,61.0833,,0.0634,0.0,Frequent buyers and frequent reviewers may be different customers.
purchase_review_participation,customer,242720,10,15,purchase_review_rank_gap,-5.0,21,1,13,4,61.0,38.87,63.7213,3.75,0.3327,0.561,Frequent buyers and frequent reviewers may be different customers.
purchase_review_participation,customer,143878,39,41,purchase_review_rank_gap,-2.0,18,1,11,3,52.0,35.65,68.5577,2.3333,0.2852,0.4208,Frequent buyers and frequent reviewers may be different customers.
purchase_review_participation,customer,520078,551,553,purchase_review_rank_gap,-2.0,3,1,3,0,9.0,5.9,65.5556,,0.0475,0.0,Frequent buyers and frequent reviewers may be different customers.
purchase_review_participation,customer,892883,119,121,purchase_review_rank_gap,-2.0,15,1,12,2,45.0,30.45,67.6667,3.0,0.2376,0.2805,Frequent buyers and frequent reviewers may be different customers.
purchase_review_participation,customer,940912,553,554,purchase_review_rank_gap,-1.0,2,1,2,0,6.0,3.9,65.0,,0.0317,0.0,Frequent buyers and frequent reviewers may be different customers.
purchase_review_participation,customer,806545,295,293,purchase_review_rank_gap,2.0,11,1,8,1,31.0,18.35,59.1935,3.0,0.1743,0.1403,Frequent buyers and frequent reviewers may be different customers.
purchase_review_participation,customer,236554,127,122,purchase_review_rank_gap,5.0,14,1,11,2,40.0,25.89,64.725,2.5,0.2218,0.2805,Frequent buyers and frequent reviewers may be different customers.
purchase_review_participation,customer,442254,47,42,purchase_review_rank_gap,5.0,18,1,10,3,50.0,30.63,61.26,3.0,0.2852,0.4208,Frequent buyers and frequent reviewers may be different customers.
purchase_review_participation,customer,317807,131,123,purchase_review_rank_gap,8.0,14,1,10,2,42.0,28.51,67.881,2.0,0.2218,0.2805,Frequent buyers and frequent reviewers may be different customers.
purchase_review_participation,customer,347659,132,124,purchase_review_rank_gap,8.0,14,1,10,2,42.0,27.54,65.5714,2.0,0.2218,0.2805,Frequent buyers and frequent reviewers may be different customers.
purchase_review_participation,customer,346006,28,16,purchase_review_rank_gap,12.0,19,1,12,4,55.0,34.44,62.6182,2.0,0.301,0.561,Frequent buyers and frequent reviewers may be different customers.
purchase_review_participation,customer,192738,311,294,purchase_review_rank_gap,17.0,10,1,8,1,30.0,19.03,63.4333,3.0,0.1584,0.1403,Frequent buyers and frequent reviewers may be different customers.
purchase_review_participation,customer,559688,61,43,purchase_review_rank_gap,18.0,17,1,12,3,49.0,33.28,67.9184,3.6667,0.2693,0.4208,Frequent buyers and frequent reviewers may be different customers.
purchase_review_participation,customer,297686,317,295,purchase_review_rank_gap,22.0,10,1,8,1,30.0,18.97,63.2333,4.0,0.1584,0.1403,Frequent buyers and frequent reviewers may be different customers.
purchase_review_participation,customer,575041,33,6,purchase_review_rank_gap,27.0,19,1,13,5,53.0,34.13,64.3962,3.4,0.301,0.7013,Frequent buyers and frequent reviewers may be different customers.
purchase_review_participation,customer,994199,71,44,purchase_review_rank_gap,27.0,17,1,8,3,49.0,30.34,61.9184,3.3333,0.2693,0.4208,Frequent buyers and frequent reviewers may be different customers.
purchase_review_participation,customer,380003,324,296,purchase_review_rank_gap,28.0,10,1,10,1,30.0,19.58,65.2667,3.0,0.1584,0.1403,Frequent buyers and frequent reviewers may be different customers.
purchase_review_participation,customer,161942,74,45,purchase_review_rank_gap,29.0,16,1,11,3,48.0,30.15,62.8125,2.0,0.2535,0.4208,Frequent buyers and frequent reviewers may be different customers.
purchase_review_participation,customer,938006,155,125,purchase_review_rank_gap,30.0,14,1,9,2,38.0,25.03,65.8684,2.5,0.2218,0.2805,Frequent buyers and frequent reviewers may be different customers.
purchase_review_participation,customer,454143,328,297,purchase_review_rank_gap,31.0,10,1,9,1,28.0,19.17,68.4643,2.0,0.1584,0.1403,Frequent buyers and frequent reviewers may be different customers.
purchase_review_participation,customer,480298,331,298,purchase_review_rank_gap,33.0,10,1,8,1,30.0,19.21,64.0333,4.0,0.1584,0.1403,Frequent buyers and frequent reviewers may be different customers.
purchase_review_participation,customer,199895,160,126,purchase_review_rank_gap,34.0,13,1,9,2,37.0,24.14,65.2432,2.5,0.206,0.2805,Frequent buyers and frequent reviewers may be different customers.
purchase_review_participation,customer,336644,81,46,purchase_review_rank_gap,35.0,16,1,12,3,46.0,31.25,67.9348,2.6667,0.2535,0.4208,Frequent buyers and frequent reviewers may be different customers.
purchase_review_participation,customer,352644,82,47,purchase_review_rank_gap,35.0,16,1,10,3,48.0,31.23,65.0625,2.6667,0.2535,0.4208,Frequent buyers and frequent reviewers may be different customers.
purchase_review_participation,customer,427391,83,48,purchase_review_rank_gap,35.0,16,1,10,3,48.0,31.3,65.2083,3.3333,0.2535,0.4208,Frequent buyers and frequent reviewers may be different customers.
purchase_review_participation,customer,534481,334,299,purchase_review_rank_gap,35.0,10,1,10,1,30.0,19.74,65.8,4.0,0.1584,0.1403,Frequent buyers and frequent reviewers may be different customers.
purchase_review_participation,customer,566192,335,300,purchase_review_rank_gap,35.0,10,1,9,1,30.0,18.82,62.7333,3.0,0.1584,0.1403,Frequent buyers and frequent reviewers may be different customers.
purchase_review_participation,customer,567719,336,301,purchase_review_rank_gap,35.0,10,1,7,1,30.0,18.12,60.4,5.0,0.1584,0.1403,Frequent buyers and frequent reviewers may be different customers.
purchase_review_participation,customer,663029,337,302,purchase_review_rank_gap,35.0,10,1,10,1,28.0,18.61,66.4643,2.0,0.1584,0.1403,Frequent buyers and frequent reviewers may be different customers.
purchase_review_participation,customer,235720,164,127,purchase_review_rank_gap,37.0,13,1,10,2,39.0,25.12,64.4103,3.5,0.206,0.2805,Frequent buyers and frequent reviewers may be different customers.
purchase_review_participation,customer,723819,340,303,purchase_review_rank_gap,37.0,10,1,8,1,30.0,21.24,70.8,1.0,0.1584,0.1403,Frequent buyers and frequent reviewers may be different customers.
purchase_review_participation,customer,739393,341,304,purchase_review_rank_gap,37.0,10,1,8,1,30.0,19.23,64.1,5.0,0.1584,0.1403,Frequent buyers and frequent reviewers may be different customers.
purchase_review_participation,customer,366695,166,128,purchase_review_rank_gap,38.0,13,1,9,2,39.0,25.79,66.1282,2.5,0.206,0.2805,Frequent buyers and frequent reviewers may be different customers.
purchase_review_participation,customer,744780,343,305,purchase_review_rank_gap,38.0,10,1,9,1,30.0,20.12,67.0667,4.0,0.1584,0.1403,Frequent buyers and frequent reviewers may be different customers.
purchase_review_participation,customer,418506,168,129,purchase_review_rank_gap,39.0,13,1,10,2,39.0,23.92,61.3333,1.5,0.206,0.2805,Frequent buyers and frequent reviewers may be different customers.
purchase_review_participation,customer,426984,169,130,purchase_review_rank_gap,39.0,13,1,10,2,37.0,24.26,65.5676,3.0,0.206,0.2805,Frequent buyers and frequent reviewers may be different customers.
purchase_review_participation,customer,427826,170,131,purchase_review_rank_gap,39.0,13,1,9,2,37.0,22.8,61.6216,3.0,0.206,0.2805,Frequent buyers and frequent reviewers may be different customers.
purchase_review_participation,customer,810369,346,306,purchase_review_rank_gap,40.0,10,1,6,1,30.0,19.74,65.8,4.0,0.1584,0.1403,Frequent buyers and frequent reviewers may be different customers.
purchase_review_participation,customer,358901,59,17,purchase_review_rank_gap,42.0,17,1,12,4,51.0,33.85,66.3725,4.25,0.2693,0.561,Frequent buyers and frequent reviewers may be different customers.
purchase_review_participation,customer,226909,95,49,purchase_review_rank_gap,46.0,15,1,10,3,41.0,25.91,63.1951,3.3333,0.2376,0.4208,Frequent buyers and frequent reviewers may be different customers.
purchase_review_participation,customer,245577,96,50,purchase_review_rank_gap,46.0,15,1,11,3,43.0,26.93,62.6279,4.6667,0.2376,0.4208,Frequent buyers and frequent reviewers may be different customers.
purchase_review_participation,customer,585972,178,132,purchase_review_rank_gap,46.0,13,1,9,2,39.0,26.85,68.8462,3.5,0.206,0.2805,Frequent buyers and frequent reviewers may be different customers.
purchase_review_participation,customer,119406,355,307,purchase_review_rank_gap,48.0,9,1,8,1,27.0,16.02,59.3333,3.0,0.1426,0.1403,Frequent buyers and frequent reviewers may be different customers.
purchase_review_participation,customer,158310,356,308,purchase_review_rank_gap,48.0,9,1,6,1,27.0,17.0,62.963,5.0,0.1426,0.1403,Frequent buyers and frequent reviewers may be different customers.
purchase_review_participation,customer,659695,184,133,purchase_review_rank_gap,51.0,13,1,9,2,39.0,26.78,68.6667,3.5,0.206,0.2805,Frequent buyers and frequent reviewers may be different customers.
purchase_review_participation,customer,233956,362,309,purchase_review_rank_gap,53.0,9,1,8,1,27.0,18.19,67.3704,5.0,0.1426,0.1403,Frequent buyers and frequent reviewers may be different customers.
purchase_review_participation,customer,241144,363,310,purchase_review_rank_gap,53.0,9,1,9,1,27.0,17.11,63.3704,2.0,0.1426,0.1403,Frequent buyers and frequent reviewers may be different customers.
purchase_review_participation,customer,734514,188,134,purchase_review_rank_gap,54.0,13,1,10,2,39.0,24.59,63.0513,2.5,0.206,0.2805,Frequent buyers and frequent reviewers may be different customers.
purchase_review_participation,customer,276549,366,311,purchase_review_rank_gap,55.0,9,1,8,1,27.0,16.23,60.1111,1.0,0.1426,0.1403,Frequent buyers and frequent reviewers may be different customers.
purchase_review_participation,customer,286196,368,312,purchase_review_rank_gap,56.0,9,1,9,1,27.0,18.72,69.3333,3.0,0.1426,0.1403,Frequent buyers and frequent reviewers may be different customers.
purchase_review_participation,customer,189953,76,18,purchase_review_rank_gap,58.0,16,1,9,4,48.0,31.18,64.9583,3.25,0.2535,0.561,Frequent buyers and frequent reviewers may be different customers.
purchase_review_participation,customer,343021,372,313,purchase_review_rank_gap,59.0,9,1,7,1,27.0,17.03,63.0741,2.0,0.1426,0.1403,Frequent buyers and frequent reviewers may be different customers.
purchase_review_participation,customer,357579,373,314,purchase_review_rank_gap,59.0,9,1,8,1,27.0,18.39,68.1111,4.0,0.1426,0.1403,Frequent buyers and frequent reviewers may be different customers.
purchase_review_participation,customer,384899,375,315,purchase_review_rank_gap,60.0,9,1,7,1,27.0,17.73,65.6667,2.0,0.1426,0.1403,Frequent buyers and frequent reviewers may be different customers.
purchase_review_participation,customer,551950,381,316,purchase_review_rank_gap,65.0,9,1,6,1,25.0,15.15,60.6,1.0,0.1426,0.1403,Frequent buyers and frequent reviewers may be different customers.
purchase_review_participation,customer,628132,384,317,purchase_review_rank_gap,67.0,9,1,8,1,27.0,17.47,64.7037,5.0,0.1426,0.1403,Frequent buyers and frequent reviewers may be different customers.
purchase_review_participation,customer,665313,385,318,purchase_review_rank_gap,67.0,9,1,7,1,27.0,17.78,65.8519,3.0,0.1426,0.1403,Frequent buyers and frequent reviewers may be different customers.
purchase_review_participation,customer,145929,203,135,purchase_review_rank_gap,68.0,12,1,7,2,36.0,20.97,58.25,2.5,0.1901,0.2805,Frequent buyers and frequent reviewers may be different customers.
purchase_review_participation,customer,147543,204,136,purchase_review_rank_gap,68.0,12,1,9,2,36.0,25.52,70.8889,4.0,0.1901,0.2805,Frequent buyers and frequent reviewers may be different customers.
purchase_review_participation,customer,161175,205,137,purchase_review_rank_gap,68.0,12,1,8,2,34.0,20.99,61.7353,4.0,0.1901,0.2805,Frequent buyers and frequent reviewers may be different customers.
purchase_review_participation,customer,679354,387,319,purchase_review_rank_gap,68.0,9,1,8,1,27.0,16.69,61.8148,4.0,0.1426,0.1403,Frequent buyers and frequent reviewers may be different customers.
purchase_review_participation,customer,701211,388,320,purchase_review_rank_gap,68.0,9,1,5,1,27.0,16.28,60.2963,4.0,0.1426,0.1403,Frequent buyers and frequent reviewers may be different customers.
purchase_review_participation,customer,717234,390,321,purchase_review_rank_gap,69.0,9,1,7,1,27.0,17.7,65.5556,5.0,0.1426,0.1403,Frequent buyers and frequent reviewers may be different customers.
purchase_review_participation,customer,137696,72,2,purchase_review_rank_gap,70.0,16,1,11,6,48.0,29.0,60.4167,4.1667,0.2535,0.8415,Frequent buyers and frequent reviewers may be different customers.
purchase_review_participation,customer,205927,210,138,purchase_review_rank_gap,72.0,12,1,11,2,36.0,23.77,66.0278,3.0,0.1901,0.2805,Frequent buyers and frequent reviewers may be different customers.
purchase_review_participation,customer,225489,212,139,purchase_review_rank_gap,73.0,12,1,10,2,36.0,22.52,62.5556,1.0,0.1901,0.2805,Frequent buyers and frequent reviewers may be different customers.
purchase_review_participation,customer,331115,80,7,purchase_review_rank_gap,73.0,16,1,10,5,48.0,30.92,64.4167,2.4,0.2535,0.7013,Frequent buyers and frequent reviewers may be different customers.
purchase_review_participation,customer,238347,214,140,purchase_review_rank_gap,74.0,12,1,9,2,36.0,23.28,64.6667,3.0,0.1901,0.2805,Frequent buyers and frequent reviewers may be different customers.
purchase_review_participation,customer,324435,217,141,purchase_review_rank_gap,76.0,12,1,9,2,36.0,25.92,72.0,3.0,0.1901,0.2805,Frequent buyers and frequent reviewers may be different customers.
purchase_review_participation,customer,256181,129,51,purchase_review_rank_gap,78.0,14,1,11,3,40.0,26.68,66.7,4.3333,0.2218,0.4208,Frequent buyers and frequent reviewers may be different customers.
purchase_review_participation,customer,393893,220,142,purchase_review_rank_gap,78.0,12,1,10,2,36.0,23.91,66.4167,3.5,0.1901,0.2805,Frequent buyers and frequent reviewers may be different customers.
purchase_review_participation,customer,395125,221,143,purchase_review_rank_gap,78.0,12,1,10,2,34.0,23.35,68.6765,1.5,0.1901,0.2805,Frequent buyers and frequent reviewers may be different customers.
purchase_review_participation,customer,412235,223,144,purchase_review_rank_gap,79.0,12,1,10,2,36.0,22.68,63.0,2.5,0.1901,0.2805,Frequent buyers and frequent reviewers may be different customers.
purchase_review_participation,customer,416523,134,52,purchase_review_rank_gap,82.0,14,1,11,3,42.0,26.87,63.9762,3.3333,0.2218,0.4208,Frequent buyers and frequent reviewers may be different customers.
purchase_review_participation,customer,418635,135,53,purchase_review_rank_gap,82.0,14,1,8,3,40.0,24.65,61.625,3.3333,0.2218,0.4208,Frequent buyers and frequent reviewers may be different customers.
purchase_review_participation,customer,442691,136,54,purchase_review_rank_gap,82.0,14,1,8,3,40.0,25.73,64.325,3.0,0.2218,0.4208,Frequent buyers and frequent reviewers may be different customers.
purchase_review_participation,customer,447601,137,55,purchase_review_rank_gap,82.0,14,1,12,3,40.0,25.98,64.95,4.0,0.2218,0.4208,Frequent buyers and frequent reviewers may be different customers.
purchase_review_participation,customer,933331,404,322,purchase_review_rank_gap,82.0,9,1,8,1,27.0,17.92,66.3704,3.0,0.1426,0.1403,Frequent buyers and frequent reviewers may be different customers.
purchase_review_participation,customer,964403,405,323,purchase_review_rank_gap,82.0,9,1,8,1,27.0,16.6,61.4815,4.0,0.1426,0.1403,Frequent buyers and frequent reviewers may be different customers.
purchase_review_participation,customer,469564,228,145,purchase_review_rank_gap,83.0,12,1,10,2,36.0,23.21,64.4722,4.0,0.1901,0.2805,Frequent buyers and frequent reviewers may be different customers.
purchase_review_participation,customer,568217,231,146,purchase_review_rank_gap,85.0,12,1,10,2,36.0,24.51,68.0833,3.5,0.1901,0.2805,Frequent buyers and frequent reviewers may be different customers.
purchase_review_participation,customer,643305,234,147,purchase_review_rank_gap,87.0,12,1,9,2,34.0,20.15,59.2647,3.5,0.1901,0.2805,Frequent buyers and frequent reviewers may be different customers.
purchase_review_participation,customer,204295,412,324,purchase_review_rank_gap,88.0,8,1,7,1,24.0,15.51,64.625,4.0,0.1267,0.1403,Frequent buyers and frequent reviewers may be different customers.
purchase_review_participation,customer,226209,413,325,purchase_review_rank_gap,88.0,8,1,6,1,24.0,14.29,59.5417,1.0,0.1267,0.1403,Frequent buyers and frequent reviewers may be different customers.
purchase_review_participation,customer,227456,414,326,purchase_review_rank_gap,88.0,8,1,6,1,24.0,16.19,67.4583,4.0,0.1267,0.1403,Frequent buyers and frequent reviewers may be different customers.
purchase_review_participation,customer,271531,415,327,purchase_review_rank_gap,88.0,8,1,7,1,24.0,16.15,67.2917,4.0,0.1267,0.1403,Frequent buyers and frequent reviewers may be different customers.
purchase_review_participation,customer,414509,420,328,purchase_review_rank_gap,92.0,8,1,6,1,24.0,14.82,61.75,3.0,0.1267,0.1403,Frequent buyers and frequent reviewers may be different customers.
purchase_review_participation,customer,478274,101,8,purchase_review_rank_gap,93.0,15,1,10,5,45.0,29.48,65.5111,3.8,0.2376,0.7013,Frequent buyers and frequent reviewers may be different customers.
purchase_review_participation,customer,680104,430,329,purchase_review_rank_gap,101.0,8,1,6,1,24.0,16.07,66.9583,5.0,0.1267,0.1403,Frequent buyers and frequent reviewers may be different customers.
purchase_review_participation,customer,964619,249,148,purchase_review_rank_gap,101.0,12,1,11,2,36.0,23.62,65.6111,3.5,0.1901,0.2805,Frequent buyers and frequent reviewers may be different customers.
purchase_review_participation,customer,714947,432,330,purchase_review_rank_gap,102.0,8,1,7,1,24.0,15.68,65.3333,5.0,0.1267,0.1403,Frequent buyers and frequent reviewers may be different customers.
purchase_review_participation,customer,777145,434,331,purchase_review_rank_gap,103.0,8,1,8,1,22.0,14.73,66.9545,4.0,0.1267,0.1403,Frequent buyers and frequent reviewers may be different customers.
purchase_review_participation,customer,784218,435,332,purchase_review_rank_gap,103.0,8,1,5,1,22.0,13.73,62.4091,5.0,0.1267,0.1403,Frequent buyers and frequent reviewers may be different customers.
purchase_review_participation,customer,166735,253,149,purchase_review_rank_gap,104.0,11,1,8,2,33.0,21.68,65.697,2.5,0.1743,0.2805,Frequent buyers and frequent reviewers may be different customers.
purchase_review_participation,customer,817274,438,333,purchase_review_rank_gap,105.0,8,1,6,1,24.0,14.84,61.8333,4.0,0.1267,0.1403,Frequent buyers and frequent reviewers may be different customers.
purchase_review_participation,customer,227372,162,56,purchase_review_rank_gap,106.0,13,1,8,3,39.0,26.41,67.7179,2.6667,0.206,0.4208,Frequent buyers and frequent reviewers may be different customers.
purchase_review_participation,customer,838924,440,334,purchase_review_rank_gap,106.0,8,1,6,1,24.0,15.59,64.9583,2.0,0.1267,0.1403,Frequent buyers and frequent reviewers may be different customers.
purchase_review_participation,customer,202612,126,19,purchase_review_rank_gap,107.0,14,1,9,4,42.0,26.66,63.4762,3.0,0.2218,0.561,Frequent buyers and frequent reviewers may be different customers.
purchase_review_participation,customer,283158,258,150,purchase_review_rank_gap,108.0,11,1,7,2,31.0,19.49,62.871,3.0,0.1743,0.2805,Frequent buyers and frequent reviewers may be different customers.
purchase_review_participation,customer,332324,261,151,purchase_review_rank_gap,110.0,11,1,9,2,33.0,21.37,64.7576,3.0,0.1743,0.2805,Frequent buyers and frequent reviewers may be different customers.
purchase_review_participation,customer,413292,167,57,purchase_review_rank_gap,110.0,13,1,10,3,39.0,26.99,69.2051,3.3333,0.206,0.4208,Frequent buyers and frequent reviewers may be different customers.
purchase_review_participation,customer,412929,263,152,purchase_review_rank_gap,111.0,11,1,8,2,33.0,21.71,65.7879,3.5,0.1743,0.2805,Frequent buyers and frequent reviewers may be different customers.
purchase_review_participation,customer,162236,447,335,purchase_review_rank_gap,112.0,7,1,6,1,21.0,13.42,63.9048,4.0,0.1109,0.1403,Frequent buyers and frequent reviewers may be different customers.
purchase_review_participation,customer,447368,171,58,purchase_review_rank_gap,113.0,13,1,9,3,37.0,24.48,66.1622,3.0,0.206,0.4208,Frequent buyers and frequent reviewers may be different customers.
purchase_review_participation,customer,516619,269,153,purchase_review_rank_gap,116.0,11,1,8,2,33.0,20.45,61.9697,4.0,0.1743,0.2805,Frequent buyers and frequent reviewers may be different customers.
purchase_review_participation,customer,556152,270,154,purchase_review_rank_gap,116.0,11,1,8,2,33.0,20.1,60.9091,3.0,0.1743,0.2805,Frequent buyers and frequent reviewers may be different customers.
purchase_review_participation,customer,590517,272,155,purchase_review_rank_gap,117.0,11,1,8,2,31.0,19.41,62.6129,2.0,0.1743,0.2805,Frequent buyers and frequent reviewers may be different customers.
purchase_review_participation,customer,190721,125,3,purchase_review_rank_gap,122.0,14,1,9,6,38.0,24.01,63.1842,3.3333,0.2218,0.8415,Frequent buyers and frequent reviewers may be different customers.
purchase_review_participation,customer,409910,459,336,purchase_review_rank_gap,123.0,7,1,6,1,21.0,13.19,62.8095,3.0,0.1109,0.1403,Frequent buyers and frequent reviewers may be different customers.
purchase_review_participation,customer,500733,462,337,purchase_review_rank_gap,125.0,7,1,6,1,21.0,12.32,58.6667,2.0,0.1109,0.1403,Frequent buyers and frequent reviewers may be different customers.
purchase_review_participation,customer,706884,282,156,purchase_review_rank_gap,126.0,11,1,8,2,33.0,20.87,63.2424,3.5,0.1743,0.2805,Frequent buyers and frequent reviewers may be different customers.
purchase_review_participation,customer,548546,465,338,purchase_review_rank_gap,127.0,7,1,6,1,21.0,13.01,61.9524,4.0,0.1109,0.1403,Frequent buyers and frequent reviewers may be different customers.
purchase_review_participation,customer,611078,468,339,purchase_review_rank_gap,129.0,7,1,7,1,19.0,12.23,64.3684,5.0,0.1109,0.1403,Frequent buyers and frequent reviewers may be different customers.
purchase_review_participation,customer,741398,286,157,purchase_review_rank_gap,129.0,11,1,9,2,33.0,21.4,64.8485,1.0,0.1743,0.2805,Frequent buyers and frequent reviewers may be different customers.
purchase_review_participation,customer,747066,288,158,purchase_review_rank_gap,130.0,11,1,7,2,33.0,21.09,63.9091,2.5,0.1743,0.2805,Frequent buyers and frequent reviewers may be different customers.
purchase_review_participation,customer,789308,477,340,purchase_review_rank_gap,137.0,7,1,5,1,21.0,13.28,63.2381,5.0,0.1109,0.1403,Frequent buyers and frequent reviewers may be different customers.
purchase_review_participation,customer,111486,159,20,purchase_review_rank_gap,139.0,13,1,8,4,39.0,26.96,69.1282,3.75,0.206,0.561,Frequent buyers and frequent reviewers may be different customers.
purchase_review_participation,customer,841141,481,341,purchase_review_rank_gap,140.0,7,1,6,1,21.0,13.4,63.8095,2.0,0.1109,0.1403,Frequent buyers and frequent reviewers may be different customers.
purchase_review_participation,customer,857548,300,159,purchase_review_rank_gap,141.0,11,1,8,2,31.0,19.0,61.2903,1.5,0.1743,0.2805,Frequent buyers and frequent reviewers may be different customers.
purchase_review_participation,customer,884368,301,160,purchase_review_rank_gap,141.0,11,1,8,2,31.0,19.54,63.0323,1.5,0.1743,0.2805,Frequent buyers and frequent reviewers may be different customers.
purchase_review_participation,customer,936214,484,342,purchase_review_rank_gap,142.0,7,1,6,1,21.0,13.08,62.2857,3.0,0.1109,0.1403,Frequent buyers and frequent reviewers may be different customers.
purchase_review_participation,customer,981529,485,343,purchase_review_rank_gap,142.0,7,1,7,1,21.0,14.41,68.619,4.0,0.1109,0.1403,Frequent buyers and frequent reviewers may be different customers.
purchase_review_participation,customer,958321,306,161,purchase_review_rank_gap,145.0,11,1,7,2,33.0,21.32,64.6061,3.0,0.1743,0.2805,Frequent buyers and frequent reviewers may be different customers.
purchase_review_participation,customer,240205,492,344,purchase_review_rank_gap,148.0,6,1,6,1,16.0,10.16,63.5,4.0,0.0951,0.1403,Frequent buyers and frequent reviewers may be different customers.
purchase_review_participation,customer,432113,496,345,purchase_review_rank_gap,151.0,6,1,6,1,18.0,12.15,67.5,4.0,0.0951,0.1403,Frequent buyers and frequent reviewers may be different customers.
purchase_review_participation,customer,454015,172,21,purchase_review_rank_gap,151.0,13,1,9,4,37.0,24.2,65.4054,3.25,0.206,0.561,Frequent buyers and frequent reviewers may be different customers.
purchase_review_participation,customer,214537,211,59,purchase_review_rank_gap,152.0,12,1,8,3,36.0,21.94,60.9444,3.0,0.1901,0.4208,Frequent buyers and frequent reviewers may be different customers.
purchase_review_participation,customer,233813,213,60,purchase_review_rank_gap,153.0,12,1,9,3,34.0,21.19,62.3235,1.6667,0.1901,0.4208,Frequent buyers and frequent reviewers may be different customers.
purchase_review_participation,customer,488295,499,346,purchase_review_rank_gap,153.0,6,1,4,1,18.0,11.8,65.5556,4.0,0.0951,0.1403,Frequent buyers and frequent reviewers may be different customers.
purchase_review_participation,customer,269687,316,162,purchase_review_rank_gap,154.0,10,1,7,2,30.0,18.68,62.2667,2.0,0.1584,0.2805,Frequent buyers and frequent reviewers may be different customers.
purchase_review_participation,customer,302774,215,61,purchase_review_rank_gap,154.0,12,1,10,3,36.0,22.14,61.5,3.0,0.1901,0.4208,Frequent buyers and frequent reviewers may be different customers.
purchase_review_participation,customer,553931,502,347,purchase_review_rank_gap,155.0,6,1,5,1,18.0,11.81,65.6111,3.0,0.0951,0.1403,Frequent buyers and frequent reviewers may be different customers.
purchase_review_participation,customer,306853,319,163,purchase_review_rank_gap,156.0,10,1,6,2,30.0,22.24,74.1333,1.0,0.1584,0.2805,Frequent buyers and frequent reviewers may be different customers.
purchase_review_participation,customer,319387,320,164,purchase_review_rank_gap,156.0,10,1,8,2,30.0,19.68,65.6,3.5,0.1584,0.2805,Frequent buyers and frequent reviewers may be different customers.
purchase_review_participation,customer,329994,321,165,purchase_review_rank_gap,156.0,10,1,8,2,30.0,20.29,67.6333,2.0,0.1584,0.2805,Frequent buyers and frequent reviewers may be different customers.
purchase_review_participation,customer,347189,322,166,purchase_review_rank_gap,156.0,10,1,7,2,30.0,20.67,68.9,3.5,0.1584,0.2805,Frequent buyers and frequent reviewers may be different customers.
purchase_review_participation,customer,559054,504,348,purchase_review_rank_gap,156.0,6,1,6,1,18.0,12.46,69.2222,5.0,0.0951,0.1403,Frequent buyers and frequent reviewers may be different customers.
purchase_review_participation,customer,420981,326,167,purchase_review_rank_gap,159.0,10,1,8,2,30.0,20.49,68.3,3.5,0.1584,0.2805,Frequent buyers and frequent reviewers may be different customers.
purchase_review_participation,customer,429748,327,168,purchase_review_rank_gap,159.0,10,1,7,2,30.0,21.1,70.3333,1.5,0.1584,0.2805,Frequent buyers and frequent reviewers may be different customers.
purchase_review_participation,customer,703083,511,349,purchase_review_rank_gap,162.0,6,1,4,1,18.0,10.61,58.9444,1.0,0.0951,0.1403,Frequent buyers and frequent reviewers may be different customers.
purchase_review_participation,customer,744416,514,350,purchase_review_rank_gap,164.0,6,1,5,1,16.0,9.42,58.875,1.0,0.0951,0.1403,Frequent buyers and frequent reviewers may be different customers.
purchase_review_participation,customer,808869,515,351,purchase_review_rank_gap,164.0,6,1,6,1,18.0,11.84,65.7778,5.0,0.0951,0.1403,Frequent buyers and frequent reviewers may be different customers.
purchase_review_participation,customer,917728,518,352,purchase_review_rank_gap,166.0,6,1,6,1,16.0,8.98,56.125,2.0,0.0951,0.1403,Frequent buyers and frequent reviewers may be different customers.
purchase_review_participation,customer,121639,523,353,purchase_review_rank_gap,170.0,5,1,4,1,13.0,7.62,58.6154,5.0,0.0792,0.1403,Frequent buyers and frequent reviewers may be different customers.
purchase_review_participation,customer,205190,525,354,purchase_review_rank_gap,171.0,5,1,4,1,13.0,8.11,62.3846,3.0,0.0792,0.1403,Frequent buyers and frequent reviewers may be different customers.
purchase_review_participation,customer,724813,237,62,purchase_review_rank_gap,175.0,12,1,7,3,36.0,22.34,62.0556,2.6667,0.1901,0.4208,Frequent buyers and frequent reviewers may be different customers.
purchase_review_participation,customer,405671,531,355,purchase_review_rank_gap,176.0,5,1,5,1,15.0,9.2,61.3333,1.0,0.0792,0.1403,Frequent buyers and frequent reviewers may be different customers.
purchase_review_participation,customer,817159,347,169,purchase_review_rank_gap,178.0,10,1,7,2,30.0,19.22,64.0667,3.0,0.1584,0.2805,Frequent buyers and frequent reviewers may be different customers.
purchase_review_participation,customer,616258,535,356,purchase_review_rank_gap,179.0,5,1,5,1,15.0,10.4,69.3333,5.0,0.0792,0.1403,Frequent buyers and frequent reviewers may be different customers.
purchase_review_participation,customer,992956,353,170,purchase_review_rank_gap,183.0,10,1,9,2,30.0,19.82,66.0667,3.0,0.1584,0.2805,Frequent buyers and frequent reviewers may be different customers.
purchase_review_participation,customer,996970,354,171,purchase_review_rank_gap,183.0,10,1,8,2,28.0,17.6,62.8571,4.5,0.1584,0.2805,Frequent buyers and frequent reviewers may be different customers.
purchase_review_participation,customer,185863,206,22,purchase_review_rank_gap,184.0,12,1,6,4,34.0,22.33,65.6765,3.5,0.1901,0.561,Frequent buyers and frequent reviewers may be different customers.
purchase_review_participation,customer,173380,542,357,purchase_review_rank_gap,185.0,4,1,4,1,12.0,8.34,69.5,5.0,0.0634,0.1403,Frequent buyers and frequent reviewers may be different customers.
purchase_review_participation,customer,206078,543,358,purchase_review_rank_gap,185.0,4,1,4,1,12.0,7.79,64.9167,3.0,0.0634,0.1403,Frequent buyers and frequent reviewers may be different customers.
purchase_review_participation,customer,197102,359,172,purchase_review_rank_gap,187.0,9,1,8,2,27.0,18.84,69.7778,1.5,0.1426,0.2805,Frequent buyers and frequent reviewers may be different customers.
purchase_review_participation,customer,575903,546,359,purchase_review_rank_gap,187.0,4,1,4,1,12.0,7.89,65.75,3.0,0.0634,0.1403,Frequent buyers and frequent reviewers may be different customers.
purchase_review_participation,customer,800121,547,360,purchase_review_rank_gap,187.0,4,1,3,1,12.0,8.1,67.5,5.0,0.0634,0.1403,Frequent buyers and frequent reviewers may be different customers.
purchase_review_participation,customer,972329,548,361,purchase_review_rank_gap,187.0,4,1,3,1,12.0,6.33,52.75,2.0,0.0634,0.1403,Frequent buyers and frequent reviewers may be different customers.
purchase_review_participation,customer,979679,549,362,purchase_review_rank_gap,187.0,4,1,4,1,12.0,7.09,59.0833,3.0,0.0634,0.1403,Frequent buyers and frequent reviewers may be different customers.
purchase_review_participation,customer,170500,254,63,purchase_review_rank_gap,191.0,11,1,8,3,33.0,20.4,61.8182,2.6667,0.1743,0.4208,Frequent buyers and frequent reviewers may be different customers.
purchase_review_participation,customer,230467,255,64,purchase_review_rank_gap,191.0,11,1,6,3,33.0,21.74,65.8788,3.6667,0.1743,0.4208,Frequent buyers and frequent reviewers may be different customers.
purchase_review_participation,customer,267632,257,65,purchase_review_rank_gap,192.0,11,1,7,3,31.0,20.28,65.4194,2.3333,0.1743,0.4208,Frequent buyers and frequent reviewers may be different customers.
purchase_review_participation,customer,330223,218,23,purchase_review_rank_gap,195.0,12,1,10,4,36.0,23.22,64.5,2.75,0.1901,0.561,Frequent buyers and frequent reviewers may be different customers.
purchase_review_participation,customer,310195,369,173,purchase_review_rank_gap,196.0,9,1,7,2,27.0,17.6,65.1852,3.0,0.1426,0.2805,Frequent buyers and frequent reviewers may be different customers.
purchase_review_participation,customer,425051,265,66,purchase_review_rank_gap,199.0,11,1,8,3,31.0,19.23,62.0323,1.6667,0.1743,0.4208,Frequent buyers and frequent reviewers may be different customers.
purchase_review_participation,customer,426830,266,67,purchase_review_rank_gap,199.0,11,1,8,3,33.0,21.52,65.2121,3.3333,0.1743,0.4208,Frequent buyers and frequent reviewers may be different customers.
purchase_review_participation,customer,487346,378,174,purchase_review_rank_gap,204.0,9,1,8,2,27.0,18.25,67.5926,4.5,0.1426,0.2805,Frequent buyers and frequent reviewers may be different customers.
purchase_review_participation,customer,498153,379,175,purchase_review_rank_gap,204.0,9,1,7,2,27.0,18.77,69.5185,3.0,0.1426,0.2805,Frequent buyers and frequent reviewers may be different customers.
purchase_review_participation,customer,825249,392,176,purchase_review_rank_gap,216.0,9,1,5,2,27.0,17.25,63.8889,2.5,0.1426,0.2805,Frequent buyers and frequent reviewers may be different customers.
purchase_review_participation,customer,901388,402,177,purchase_review_rank_gap,225.0,9,1,5,2,25.0,17.38,69.52,3.0,0.1426,0.2805,Frequent buyers and frequent reviewers may be different customers.
purchase_review_participation,customer,814317,296,68,purchase_review_rank_gap,228.0,11,1,9,3,29.0,16.96,58.4828,4.6667,0.1743,0.4208,Frequent buyers and frequent reviewers may be different customers.
purchase_review_participation,customer,973766,406,178,purchase_review_rank_gap,228.0,9,1,7,2,27.0,17.65,65.3704,2.5,0.1426,0.2805,Frequent buyers and frequent reviewers may be different customers.
purchase_review_participation,customer,992895,408,179,purchase_review_rank_gap,229.0,9,1,7,2,27.0,16.43,60.8519,5.0,0.1426,0.2805,Frequent buyers and frequent reviewers may be different customers.
purchase_review_participation,customer,951702,304,69,purchase_review_rank_gap,235.0,11,1,9,3,31.0,19.21,61.9677,3.0,0.1743,0.4208,Frequent buyers and frequent reviewers may be different customers.
purchase_review_participation,customer,289693,417,180,purchase_review_rank_gap,237.0,8,1,6,2,24.0,15.58,64.9167,4.0,0.1267,0.2805,Frequent buyers and frequent reviewers may be different customers.
purchase_review_participation,customer,116690,308,70,purchase_review_rank_gap,238.0,10,1,10,3,30.0,19.95,66.5,2.3333,0.1584,0.4208,Frequent buyers and frequent reviewers may be different customers.
purchase_review_participation,customer,437454,421,181,purchase_review_rank_gap,240.0,8,1,7,2,24.0,14.63,60.9583,2.0,0.1267,0.2805,Frequent buyers and frequent reviewers may be different customers.
purchase_review_participation,customer,218889,312,71,purchase_review_rank_gap,241.0,10,1,9,3,28.0,17.09,61.0357,2.6667,0.1584,0.4208,Frequent buyers and frequent reviewers may be different customers.
purchase_review_participation,customer,249188,313,72,purchase_review_rank_gap,241.0,10,1,8,3,30.0,18.86,62.8667,2.3333,0.1584,0.4208,Frequent buyers and frequent reviewers may be different customers.
purchase_review_participation,customer,470304,425,182,purchase_review_rank_gap,243.0,8,1,6,2,24.0,16.22,67.5833,2.0,0.1267,0.2805,Frequent buyers and frequent reviewers may be different customers.
purchase_review_participation,customer,607810,429,183,purchase_review_rank_gap,246.0,8,1,6,2,24.0,14.37,59.875,2.0,0.1267,0.2805,Frequent buyers and frequent reviewers may be different customers.
purchase_review_participation,customer,266633,256,9,purchase_review_rank_gap,247.0,11,1,9,5,33.0,22.43,67.9697,3.0,0.1743,0.7013,Frequent buyers and frequent reviewers may be different customers.
purchase_review_participation,customer,370870,323,73,purchase_review_rank_gap,250.0,10,1,6,3,30.0,19.25,64.1667,2.6667,0.1584,0.4208,Frequent buyers and frequent reviewers may be different customers.
purchase_review_participation,customer,403000,325,74,purchase_review_rank_gap,251.0,10,1,8,3,28.0,17.22,61.5,2.3333,0.1584,0.4208,Frequent buyers and frequent reviewers may be different customers.
purchase_review_participation,customer,468692,329,75,purchase_review_rank_gap,254.0,10,1,7,3,30.0,18.72,62.4,3.0,0.1584,0.4208,Frequent buyers and frequent reviewers may be different customers.
purchase_review_participation,customer,897614,442,184,purchase_review_rank_gap,258.0,8,1,6,2,24.0,14.69,61.2083,5.0,0.1267,0.2805,Frequent buyers and frequent reviewers may be different customers.
purchase_review_participation,customer,915766,443,185,purchase_review_rank_gap,258.0,8,1,5,2,22.0,14.88,67.6364,2.5,0.1267,0.2805,Frequent buyers and frequent reviewers may be different customers.
purchase_review_participation,customer,105771,446,186,purchase_review_rank_gap,260.0,7,1,6,2,21.0,13.37,63.6667,3.0,0.1109,0.2805,Frequent buyers and frequent reviewers may be different customers.
purchase_review_participation,customer,189441,448,187,purchase_review_rank_gap,261.0,7,1,6,2,21.0,14.25,67.8571,2.0,0.1109,0.2805,Frequent buyers and frequent reviewers may be different customers.
purchase_review_participation,customer,229742,449,188,purchase_review_rank_gap,261.0,7,1,6,2,21.0,14.52,69.1429,3.0,0.1109,0.2805,Frequent buyers and frequent reviewers may be different customers.
purchase_review_participation,customer,262579,450,189,purchase_review_rank_gap,261.0,7,1,5,2,15.0,7.61,50.7333,2.0,0.1109,0.2805,Frequent buyers and frequent reviewers may be different customers.
purchase_review_participation,customer,265339,452,190,purchase_review_rank_gap,262.0,7,1,6,2,17.0,10.4,61.1765,4.5,0.1109,0.2805,Frequent buyers and frequent reviewers may be different customers.
purchase_review_participation,customer,345748,457,191,purchase_review_rank_gap,266.0,7,1,6,2,19.0,11.8,62.1053,5.0,0.1109,0.2805,Frequent buyers and frequent reviewers may be different customers.
purchase_review_participation,customer,435907,461,192,purchase_review_rank_gap,269.0,7,1,6,2,21.0,13.67,65.0952,3.0,0.1109,0.2805,Frequent buyers and frequent reviewers may be different customers.
purchase_review_participation,customer,890270,351,76,purchase_review_rank_gap,275.0,10,1,8,3,28.0,16.74,59.7857,3.0,0.1584,0.4208,Frequent buyers and frequent reviewers may be different customers.
purchase_review_participation,customer,995599,307,24,purchase_review_rank_gap,283.0,11,1,9,4,31.0,20.1,64.8387,2.0,0.1743,0.561,Frequent buyers and frequent reviewers may be different customers.
purchase_review_participation,customer,832914,480,193,purchase_review_rank_gap,287.0,7,1,6,2,21.0,13.22,62.9524,4.5,0.1109,0.2805,Frequent buyers and frequent reviewers may be different customers.
purchase_review_participation,customer,250266,314,25,purchase_review_rank_gap,289.0,10,1,7,4,28.0,18.61,66.4643,3.5,0.1584,0.561,Frequent buyers and frequent reviewers may be different customers.
purchase_review_participation,customer,262638,315,26,purchase_review_rank_gap,289.0,10,1,6,4,28.0,17.8,63.5714,2.75,0.1584,0.561,Frequent buyers and frequent reviewers may be different customers.
purchase_review_participation,customer,122818,487,194,purchase_review_rank_gap,293.0,6,1,6,2,18.0,11.46,63.6667,1.5,0.0951,0.2805,Frequent buyers and frequent reviewers may be different customers.
purchase_review_participation,customer,127472,488,195,purchase_review_rank_gap,293.0,6,1,5,2,16.0,8.95,55.9375,4.5,0.0951,0.2805,Frequent buyers and frequent reviewers may be different customers.
purchase_review_participation,customer,134457,489,196,purchase_review_rank_gap,293.0,6,1,6,2,16.0,10.14,63.375,2.5,0.0951,0.2805,Frequent buyers and frequent reviewers may be different customers.
purchase_review_participation,customer,147218,490,197,purchase_review_rank_gap,293.0,6,1,5,2,18.0,11.0,61.1111,2.5,0.0951,0.2805,Frequent buyers and frequent reviewers may be different customers.
purchase_review_participation,customer,186353,491,198,purchase_review_rank_gap,293.0,6,1,5,2,18.0,10.98,61.0,4.0,0.0951,0.2805,Frequent buyers and frequent reviewers may be different customers.
purchase_review_participation,customer,244282,493,199,purchase_review_rank_gap,294.0,6,1,6,2,18.0,11.69,64.9444,3.5,0.0951,0.2805,Frequent buyers and frequent reviewers may be different customers.
purchase_review_participation,customer,327750,371,77,purchase_review_rank_gap,294.0,9,1,7,3,27.0,19.05,70.5556,4.3333,0.1426,0.4208,Frequent buyers and frequent reviewers may be different customers.
purchase_review_participation,customer,737707,391,78,purchase_review_rank_gap,313.0,9,1,6,3,27.0,17.0,62.963,3.0,0.1426,0.4208,Frequent buyers and frequent reviewers may be different customers.
purchase_review_participation,customer,866556,396,79,purchase_review_rank_gap,317.0,9,1,6,3,27.0,18.55,68.7037,3.3333,0.1426,0.4208,Frequent buyers and frequent reviewers may be different customers.
purchase_review_participation,customer,105549,522,200,purchase_review_rank_gap,322.0,5,1,5,2,15.0,10.11,67.4,1.5,0.0792,0.2805,Frequent buyers and frequent reviewers may be different customers.
purchase_review_participation,customer,178806,524,201,purchase_review_rank_gap,323.0,5,1,5,2,15.0,8.86,59.0667,2.0,0.0792,0.2805,Frequent buyers and frequent reviewers may be different customers.
purchase_review_participation,customer,168607,410,80,purchase_review_rank_gap,330.0,8,1,8,3,24.0,14.52,60.5,4.0,0.1267,0.4208,Frequent buyers and frequent reviewers may be different customers.
purchase_review_participation,customer,191050,411,81,purchase_review_rank_gap,330.0,8,1,6,3,24.0,14.33,59.7083,2.3333,0.1267,0.4208,Frequent buyers and frequent reviewers may be different customers.
purchase_review_participation,customer,216081,360,27,purchase_review_rank_gap,333.0,9,1,6,4,27.0,16.72,61.9259,2.5,0.1426,0.561,Frequent buyers and frequent reviewers may be different customers.
purchase_review_participation,customer,632495,537,202,purchase_review_rank_gap,335.0,5,1,4,2,15.0,10.94,72.9333,3.5,0.0792,0.2805,Frequent buyers and frequent reviewers may be different customers.
purchase_review_participation,customer,459243,423,82,purchase_review_rank_gap,341.0,8,1,8,3,24.0,15.15,63.125,2.6667,0.1267,0.4208,Frequent buyers and frequent reviewers may be different customers.
purchase_review_participation,customer,323830,550,203,purchase_review_rank_gap,347.0,3,1,3,2,7.0,4.43,63.2857,1.5,0.0475,0.2805,Frequent buyers and frequent reviewers may be different customers.
purchase_review_participation,customer,415869,376,28,purchase_review_rank_gap,348.0,9,1,7,4,27.0,18.38,68.0741,3.0,0.1426,0.561,Frequent buyers and frequent reviewers may be different customers.
purchase_review_participation,customer,580674,552,204,purchase_review_rank_gap,348.0,3,1,2,2,9.0,6.58,73.1111,2.0,0.0475,0.2805,Frequent buyers and frequent reviewers may be different customers.
purchase_review_participation,customer,729740,554,205,purchase_review_rank_gap,349.0,1,1,1,2,3.0,1.74,58.0,3.0,0.0158,0.2805,Frequent buyers and frequent reviewers may be different customers.
purchase_review_participation,customer,175871,358,4,purchase_review_rank_gap,354.0,9,1,7,6,27.0,18.28,67.7037,3.3333,0.1426,0.8415,Frequent buyers and frequent reviewers may be different customers.
purchase_review_participation,customer,274541,364,10,purchase_review_rank_gap,354.0,9,1,7,5,27.0,17.44,64.5926,2.8,0.1426,0.7013,Frequent buyers and frequent reviewers may be different customers.
purchase_review_participation,customer,421074,377,11,purchase_review_rank_gap,366.0,9,1,8,5,27.0,17.39,64.4074,2.4,0.1426,0.7013,Frequent buyers and frequent reviewers may be different customers.
purchase_review_participation,customer,277373,453,83,purchase_review_rank_gap,370.0,7,1,6,3,21.0,12.44,59.2381,3.0,0.1109,0.4208,Frequent buyers and frequent reviewers may be different customers.
purchase_review_participation,customer,278204,454,84,purchase_review_rank_gap,370.0,7,1,7,3,21.0,13.97,66.5238,3.6667,0.1109,0.4208,Frequent buyers and frequent reviewers may be different customers.
purchase_review_participation,customer,330570,456,85,purchase_review_rank_gap,371.0,7,1,5,3,21.0,14.3,68.0952,2.6667,0.1109,0.4208,Frequent buyers and frequent reviewers may be different customers.
purchase_review_participation,customer,412876,460,86,purchase_review_rank_gap,374.0,7,1,6,3,21.0,14.25,67.8571,2.3333,0.1109,0.4208,Frequent buyers and frequent reviewers may be different customers.
purchase_review_participation,customer,308662,418,29,purchase_review_rank_gap,389.0,8,1,7,4,24.0,14.94,62.25,5.0,0.1267,0.561,Frequent buyers and frequent reviewers may be different customers.
purchase_review_participation,customer,464277,424,30,purchase_review_rank_gap,394.0,8,1,4,4,24.0,15.12,63.0,2.75,0.1267,0.561,Frequent buyers and frequent reviewers may be different customers.
purchase_review_participation,customer,277310,416,12,purchase_review_rank_gap,404.0,8,1,6,5,24.0,16.16,67.3333,3.4,0.1267,0.7013,Frequent buyers and frequent reviewers may be different customers.
purchase_review_participation,customer,386336,494,87,purchase_review_rank_gap,407.0,6,1,6,3,18.0,11.48,63.7778,3.0,0.0951,0.4208,Frequent buyers and frequent reviewers may be different customers.
purchase_review_participation,customer,550661,501,88,purchase_review_rank_gap,413.0,6,1,6,3,18.0,11.29,62.7222,3.6667,0.0951,0.4208,Frequent buyers and frequent reviewers may be different customers.
purchase_review_participation,customer,265133,451,31,purchase_review_rank_gap,420.0,7,1,7,4,17.0,9.95,58.5294,2.75,0.1109,0.561,Frequent buyers and frequent reviewers may be different customers.
purchase_review_participation,customer,296208,455,32,purchase_review_rank_gap,423.0,7,1,5,4,21.0,12.87,61.2857,2.75,0.1109,0.561,Frequent buyers and frequent reviewers may be different customers.
purchase_review_participation,customer,482274,426,1,purchase_review_rank_gap,425.0,8,1,6,7,24.0,15.24,63.5,3.4286,0.1267,0.9818,Frequent buyers and frequent reviewers may be different customers.
purchase_review_participation,customer,308688,527,89,purchase_review_rank_gap,438.0,5,1,4,3,15.0,9.33,62.2,3.3333,0.0792,0.4208,Frequent buyers and frequent reviewers may be different customers.
purchase_review_participation,customer,386950,529,90,purchase_review_rank_gap,439.0,5,1,3,3,15.0,9.83,65.5333,4.3333,0.0792,0.4208,Frequent buyers and frequent reviewers may be different customers.
purchase_review_participation,customer,405322,530,91,purchase_review_rank_gap,439.0,5,1,5,3,15.0,10.17,67.8,4.0,0.0792,0.4208,Frequent buyers and frequent reviewers may be different customers.
purchase_review_participation,customer,383684,544,92,purchase_review_rank_gap,452.0,4,1,4,3,12.0,8.06,67.1667,4.3333,0.0634,0.4208,Frequent buyers and frequent reviewers may be different customers.
purchase_review_participation,customer,101811,486,33,purchase_review_rank_gap,453.0,6,1,6,4,18.0,11.91,66.1667,2.75,0.0951,0.561,Frequent buyers and frequent reviewers may be different customers.
purchase_review_participation,customer,413495,532,34,purchase_review_rank_gap,498.0,5,1,5,4,15.0,9.6,64.0,2.25,0.0792,0.561,Frequent buyers and frequent reviewers may be different customers.
purchase_review_participation,customer,772690,539,35,purchase_review_rank_gap,504.0,5,1,4,4,15.0,9.13,60.8667,3.25,0.0792,0.561,Frequent buyers and frequent reviewers may be different customers.
purchase_review_participation,customer,370366,528,13,purchase_review_rank_gap,515.0,5,1,4,5,13.0,7.81,60.0769,3.4,0.0792,0.7013,Frequent buyers and frequent reviewers may be different customers.
purchase_review_participation,customer,224094,526,5,purchase_review_rank_gap,521.0,5,1,4,6,13.0,7.28,56.0,2.5,0.0792,0.8415,Frequent buyers and frequent reviewers may be different customers.
repeat_purchase_concentration,portfolio,top_10_customers_by_transactions,,,top10_customer_transaction_share,,232,10,,,676.0,,,,3.6755,,Check whether repeat value is concentrated in a customer head.
tenure_cohort_value,tenure_bucket,first_half_first_purchase,,,cohort_revenue,,2912,254,,311,8506.0,5475.41,64.3711,3.1001,,,Compare earlier and later first-purchase cohorts.
tenure_cohort_value,tenure_bucket,second_half_first_purchase,,,cohort_revenue,,3400,300,,402,9990.0,6409.72,64.1614,3.0467,,,Compare earlier and later first-purchase cohorts.
