evidence_group_id,evidence_block,entity_level,entity,parent_entity,region,row_count,order_count,product_count,positive_product_count,negative_product_count,mixed_region_product_count,sales,sales_share_pct,profit,profit_margin_pct,avg_discount,loss_line_count,gross_loss,gross_loss_share_pct,min_margin_pct,max_margin_pct,rank_by_sales,rank_by_profit,rank_by_loss,note
G1,portfolio_breadth_baseline,category,Furniture,,,4242,4238,381,258,123,,1483999.59,32.3,36902.55,2.49,0.174,1428,-121872.22,39.03,-210.0,46.69,,,,"Portfolio baseline: compare product breadth, positive/negative product counts, and category-level profit quality."
G1,portfolio_breadth_baseline,category,Office Supplies,,,12052,12044,1095,966,126,,1438094.06,31.3,244981.6,17.04,0.157,1772,-113230.52,36.26,-275.0,50.0,,,,"Portfolio baseline: compare product breadth, positive/negative product counts, and category-level profit quality."
G1,portfolio_breadth_baseline,category,Technology,,,3694,3690,412,353,59,,1672308.07,36.4,290909.9,17.4,0.132,542,-77159.84,24.71,-140.0,50.0,,,,"Portfolio baseline: compare product breadth, positive/negative product counts, and category-level profit quality."
G1,portfolio_breadth_baseline,portfolio,all_products,portfolio,,19988,19972,1888,1577,308,,4594401.72,100.0,572794.04,12.47,0.156,3742,-312262.57,100.0,-275.0,50.0,,,,"Portfolio baseline: compare product breadth, positive/negative product counts, and category-level profit quality."
G2,top_product_profit_concentration,product,OFF-BI-10004995 / GBC DocuBind P400 Electric Binding System,Office Supplies / Binders,,12,12,1,0,1,,35930.14,0.78,-3756.33,-10.45,0.45,6,-13718.78,4.39,,,9,1883,2,Top-product concentration details: selected products by top profit and top sales.
G2,top_product_profit_concentration,product,TEC-MA-10000822 / Lexmark MX611dhe Monochrome Laser Printer,Technology / Machines,,8,8,1,0,1,,33659.8,0.73,-9179.95,-27.27,0.4,6,-10539.94,3.38,,,11,1887,3,Top-product concentration details: selected products by top profit and top sales.
G2,top_product_profit_concentration,product,OFF-BI-10000545 / GBC Ibimaster 500 Manual ProClick Binding System,Office Supplies / Binders,,18,18,1,1,0,,38049.0,0.83,1521.96,4.0,0.522,12,-10197.13,3.27,,,6,99,4,Top-product concentration details: selected products by top profit and top sales.
G2,top_product_profit_concentration,product,OFF-BI-10001359 / GBC DocuBind TL300 Electric Binding System,Office Supplies / Binders,,22,22,1,1,0,,39646.96,0.86,4467.01,11.27,0.3,8,-8324.07,2.67,,,5,18,5,Top-product concentration details: selected products by top profit and top sales.
G2,top_product_profit_concentration,product,OFF-BI-10003527 / Fellowes PB500 Electric Punch Plastic Comb Binding Machine with Manual Bind,Office Supplies / Binders,,20,20,1,1,0,,54906.77,1.2,15506.08,28.24,0.24,4,-6863.35,2.2,,,2,2,7,Top-product concentration details: selected products by top profit and top sales.
G2,top_product_profit_concentration,product,OFF-BI-10001120 / Ibico EPK-21 Electric Binding System,Office Supplies / Binders,,6,6,1,1,0,,31751.83,0.69,6690.56,21.07,0.333,2,-5858.97,1.88,,,13,8,9,Top-product concentration details: selected products by top profit and top sales.
G2,top_product_profit_concentration,product,"FUR-BO-10004834 / Riverside Palais Royal Lawyers Bookcase, Royale Cherry Finish",Furniture / Bookcases,,10,10,1,0,1,,31221.93,0.68,-1339.09,-4.29,0.234,4,-3964.41,1.27,,,14,1863,11,Top-product concentration details: selected products by top profit and top sales.
G2,top_product_profit_concentration,product,TEC-MA-10002412 / Cisco TelePresence System EX90 Videoconferencing Unit,Technology / Machines,,2,2,1,0,1,,45276.96,0.99,-3622.16,-8.0,0.5,2,-3622.16,1.16,,,3,1882,12,Top-product concentration details: selected products by top profit and top sales.
G2,top_product_profit_concentration,product,OFF-SU-10002881 / Martin Yale Chadless Opener Electric Letter Opener,Office Supplies / Supplies,,12,12,1,0,1,,33312.4,0.73,-2598.37,-7.8,0.1,6,-2998.12,0.96,,,12,1881,17,Top-product concentration details: selected products by top profit and top sales.
G2,top_product_profit_concentration,product,FUR-CH-10002024 / HON 5400 Series Task Chairs for Big and Tall,Furniture / Chairs,,16,16,1,1,0,,43741.15,0.95,0.0,0.0,0.2,6,-2243.14,0.72,,,4,1577,25,Top-product concentration details: selected products by top profit and top sales.
G2,top_product_profit_concentration,product,"TEC-MA-10001127 / HP Designjet T520 Inkjet Large Format Printer - 24"" Color",Technology / Machines,,6,6,1,1,0,,36749.79,0.8,8189.95,22.29,0.167,2,-1889.99,0.61,,,8,5,34,Top-product concentration details: selected products by top profit and top sales.
G2,top_product_profit_concentration,product,OFF-SU-10000151 / High Speed Automatic Electric Letter Opener,Office Supplies / Supplies,,6,6,1,0,1,,34060.62,0.74,-524.01,-1.54,0.067,2,-1572.03,0.5,,,10,1819,42,Top-product concentration details: selected products by top profit and top sales.
G2,top_product_profit_concentration,product,OFF-BI-10003925 / Fellowes PB300 Plastic Comb Binding Machine,Office Supplies / Binders,,12,12,1,1,0,,16140.38,0.35,5036.11,31.2,0.233,2,-1024.29,0.33,,,43,15,68,Top-product concentration details: selected products by top profit and top sales.
G2,top_product_profit_concentration,product,TEC-AC-10002049 / Logitech G19 Programmable Gaming Keyboard,Technology / Accessories,,20,20,1,1,0,,16911.07,0.37,5139.76,30.39,0.04,2,-14.88,0.0,,,39,14,654,Top-product concentration details: selected products by top profit and top sales.
G2,top_product_profit_concentration,product,TEC-CO-10001046 / Canon Imageclass D680 Copier / Fax,Technology / Copiers,,10,10,1,1,0,,17919.74,0.39,5599.92,31.25,0.2,0,0.0,-0.0,,,34,13,1643,Top-product concentration details: selected products by top profit and top sales.
G2,top_product_profit_concentration,product,TEC-AC-10003033 / Plantronics CS510 - Over-the-Head monaural Wireless Headset System,Technology / Accessories,,20,20,1,1,0,,21644.72,0.47,6170.07,28.51,0.08,0,0.0,-0.0,,,25,12,1644,Top-product concentration details: selected products by top profit and top sales.
G2,top_product_profit_concentration,product,TEC-CO-10002095 / Hewlett Packard 610 Color Digital Copier / Printer,Technology / Copiers,,14,14,1,1,0,,17799.64,0.39,6249.88,35.11,0.143,0,0.0,-0.0,,,35,11,1645,Top-product concentration details: selected products by top profit and top sales.
G2,top_product_profit_concentration,product,OFF-AP-10002945 / Honeywell Enviracaire Portable HEPA Air Cleaner for 17' x 22' Room,Office Supplies / Appliances,,16,16,1,1,0,,22608.88,0.49,6494.04,28.72,0.05,0,0.0,-0.0,,,22,10,1646,Top-product concentration details: selected products by top profit and top sales.
G2,top_product_profit_concentration,product,TEC-MA-10000045 / Zebra ZM400 Thermal Label Printer,Technology / Machines,,4,4,1,1,0,,13931.4,0.3,6687.07,48.0,0.0,0,0.0,-0.0,,,59,9,1647,Top-product concentration details: selected products by top profit and top sales.
G2,top_product_profit_concentration,product,"TEC-MA-10001047 / 3D Systems Cube Printer, 2nd Generation, Magenta",Technology / Machines,,4,4,1,1,0,,28599.78,0.62,7435.94,26.0,0.0,0,0.0,-0.0,,,15,7,1648,Top-product concentration details: selected products by top profit and top sales.
G2,top_product_profit_concentration,product,TEC-MA-10003979 / Ativa V4110MDD Micro-Cut Shredder,Technology / Machines,,4,4,1,1,0,,15399.78,0.34,7545.89,49.0,0.0,0,0.0,-0.0,,,49,6,1649,Top-product concentration details: selected products by top profit and top sales.
G2,top_product_profit_concentration,product,TEC-CO-10003763 / Canon PC1060 Personal Laser Copier,Technology / Copiers,,8,8,1,1,0,,23239.67,0.51,9141.87,39.34,0.15,0,0.0,-0.0,,,20,4,1650,Top-product concentration details: selected products by top profit and top sales.
G2,top_product_profit_concentration,product,TEC-CO-10001449 / Hewlett Packard LaserJet 3310 Copier,Technology / Copiers,,16,16,1,1,0,,37679.37,0.82,13967.77,37.07,0.2,0,0.0,-0.0,,,7,3,1651,Top-product concentration details: selected products by top profit and top sales.
G2,top_product_profit_concentration,product,TEC-CO-10004722 / Canon imageCLASS 2200 Advanced Copier,Technology / Copiers,,10,10,1,1,0,,123199.65,2.68,50399.86,40.91,0.12,0,0.0,-0.0,,,1,1,1652,Top-product concentration details: selected products by top profit and top sales.
G2,top_product_profit_concentration,product_concentration,top_10_profit_products,product_profit_concentration,,94,94,10,10,0,,388066.92,8.45,132059.04,34.03,0.151,8,-14612.3,4.68,,,,,,Top-product concentration aggregate: quantify how much profit comes from the leading products.
G2,top_product_profit_concentration,product_concentration,top_20_profit_products,product_profit_concentration,,236,236,20,20,0,,566899.1,12.34,182343.0,32.16,0.145,22,-24895.52,7.97,,,,,,Top-product concentration aggregate: quantify how much profit comes from the leading products.
G3,bottom_product_loss_concentration,product,TEC-MA-10000418 / Cubify CubeX 3D Printer Double Head Print,Technology / Machines,,6,6,1,0,1,,22199.93,0.48,-17759.94,-80.0,0.533,4,-18479.94,5.92,,,23,1888,1,Bottom-product concentration details: selected products by most negative profit and highest gross-loss exposure.
G3,bottom_product_loss_concentration,product,OFF-BI-10004995 / GBC DocuBind P400 Electric Binding System,Office Supplies / Binders,,12,12,1,0,1,,35930.14,0.78,-3756.33,-10.45,0.45,6,-13718.78,4.39,,,9,1883,2,Bottom-product concentration details: selected products by most negative profit and highest gross-loss exposure.
G3,bottom_product_loss_concentration,product,TEC-MA-10000822 / Lexmark MX611dhe Monochrome Laser Printer,Technology / Machines,,8,8,1,0,1,,33659.8,0.73,-9179.95,-27.27,0.4,6,-10539.94,3.38,,,11,1887,3,Bottom-product concentration details: selected products by most negative profit and highest gross-loss exposure.
G3,bottom_product_loss_concentration,product,OFF-BI-10000545 / GBC Ibimaster 500 Manual ProClick Binding System,Office Supplies / Binders,,18,18,1,1,0,,38049.0,0.83,1521.96,4.0,0.522,12,-10197.13,3.27,,,6,99,4,Bottom-product concentration details: selected products by most negative profit and highest gross-loss exposure.
G3,bottom_product_loss_concentration,product,OFF-BI-10001359 / GBC DocuBind TL300 Electric Binding System,Office Supplies / Binders,,22,22,1,1,0,,39646.96,0.86,4467.01,11.27,0.3,8,-8324.07,2.67,,,5,18,5,Bottom-product concentration details: selected products by most negative profit and highest gross-loss exposure.
G3,bottom_product_loss_concentration,product,TEC-MA-10004125 / Cubify CubeX 3D Printer Triple Head Print,Technology / Machines,,2,2,1,0,1,,15999.96,0.35,-7679.98,-48.0,0.5,2,-7679.98,2.46,,,44,1886,6,Bottom-product concentration details: selected products by most negative profit and highest gross-loss exposure.
G3,bottom_product_loss_concentration,product,OFF-BI-10003527 / Fellowes PB500 Electric Punch Plastic Comb Binding Machine with Manual Bind,Office Supplies / Binders,,20,20,1,1,0,,54906.77,1.2,15506.08,28.24,0.24,4,-6863.35,2.2,,,2,2,7,Bottom-product concentration details: selected products by most negative profit and highest gross-loss exposure.
G3,bottom_product_loss_concentration,product,FUR-TA-10000198 / Chromcraft Bull-Nose Wood Oval Conference Tables & Bases,Furniture / Tables,,10,10,1,0,1,,19835.28,0.43,-5752.23,-29.0,0.28,8,-6215.05,1.99,,,27,1885,8,Bottom-product concentration details: selected products by most negative profit and highest gross-loss exposure.
G3,bottom_product_loss_concentration,product,OFF-BI-10001120 / Ibico EPK-21 Electric Binding System,Office Supplies / Binders,,6,6,1,1,0,,31751.83,0.69,6690.56,21.07,0.333,2,-5858.97,1.88,,,13,8,9,Bottom-product concentration details: selected products by most negative profit and highest gross-loss exposure.
G3,bottom_product_loss_concentration,product,FUR-TA-10001889 / Bush Advantage Collection Racetrack Conference Table,Furniture / Tables,,14,14,1,0,1,,19089.45,0.42,-3868.8,-20.27,0.35,12,-5090.52,1.63,,,29,1884,10,Bottom-product concentration details: selected products by most negative profit and highest gross-loss exposure.
G3,bottom_product_loss_concentration,product,"FUR-BO-10004834 / Riverside Palais Royal Lawyers Bookcase, Royale Cherry Finish",Furniture / Bookcases,,10,10,1,0,1,,31221.93,0.68,-1339.09,-4.29,0.234,4,-3964.41,1.27,,,14,1863,11,Bottom-product concentration details: selected products by most negative profit and highest gross-loss exposure.
G3,bottom_product_loss_concentration,product,TEC-MA-10002412 / Cisco TelePresence System EX90 Videoconferencing Unit,Technology / Machines,,2,2,1,0,1,,45276.96,0.99,-3622.16,-8.0,0.5,2,-3622.16,1.16,,,3,1882,12,Bottom-product concentration details: selected products by most negative profit and highest gross-loss exposure.
G3,bottom_product_loss_concentration,product,OFF-BI-10003650 / GBC DocuBind 300 Electric Binding Machine,Office Supplies / Binders,,16,16,1,1,0,,13570.28,0.3,988.84,7.29,0.413,8,-3219.0,1.03,,,64,172,13,Bottom-product concentration details: selected products by most negative profit and highest gross-loss exposure.
G3,bottom_product_loss_concentration,product,OFF-BI-10004632 / Ibico Hi-Tech Manual Binding System,Office Supplies / Binders,,24,24,1,0,1,,10418.6,0.23,-81.27,-0.78,0.35,8,-3202.4,1.03,,,104,1714,14,Bottom-product concentration details: selected products by most negative profit and highest gross-loss exposure.
G3,bottom_product_loss_concentration,product,FUR-TA-10001950 / Balt Solid Wood Round Tables,Furniture / Tables,,8,8,1,0,1,,13037.51,0.28,-2402.12,-18.42,0.2,4,-3045.06,0.98,,,70,1880,15,Bottom-product concentration details: selected products by most negative profit and highest gross-loss exposure.
G3,bottom_product_loss_concentration,product,OFF-SU-10002881 / Martin Yale Chadless Opener Electric Letter Opener,Office Supplies / Supplies,,12,12,1,0,1,,33312.4,0.73,-2598.37,-7.8,0.1,6,-2998.12,0.96,,,12,1881,17,Bottom-product concentration details: selected products by most negative profit and highest gross-loss exposure.
G3,bottom_product_loss_concentration,product,"FUR-TA-10004154 / Riverside Furniture Oval Coffee Table, Oval End Table, End Table with Drawer",Furniture / Tables,,10,10,1,0,1,,8892.35,0.19,-2294.8,-25.81,0.3,8,-2421.01,0.78,,,128,1878,21,Bottom-product concentration details: selected products by most negative profit and highest gross-loss exposure.
G3,bottom_product_loss_concentration,product,FUR-TA-10004289 / BoxOffice By Design Rectangular and Half-Moon Meeting Room Tables,Furniture / Tables,,6,6,1,0,1,,3412.5,0.07,-2296.88,-67.31,0.483,6,-2296.88,0.74,,,347,1879,24,Bottom-product concentration details: selected products by most negative profit and highest gross-loss exposure.
G3,bottom_product_loss_concentration,product,FUR-TA-10004256 / Bretford __ust In Time_ Height-Adjustable Multi-Task Work Tables,Furniture / Tables,,8,8,1,0,1,,11269.8,0.25,-1928.39,-17.11,0.225,6,-2162.13,0.69,,,92,1874,26,Bottom-product concentration details: selected products by most negative profit and highest gross-loss exposure.
G3,bottom_product_loss_concentration,product,TEC-MA-10002210 / Epson TM-T88V Direct Thermal Printer - Monochrome - Desktop,Technology / Machines,,4,4,1,0,1,,2425.41,0.05,-2114.46,-87.18,0.55,4,-2114.46,0.68,,,459,1877,27,Bottom-product concentration details: selected products by most negative profit and highest gross-loss exposure.
G3,bottom_product_loss_concentration,product,FUR-BO-10001972 / O'Sullivan 4-Shelf Bookcase in Odessa Pine,Furniture / Bookcases,,14,14,1,0,1,,5480.39,0.12,-1950.2,-35.58,0.421,10,-2095.37,0.67,,,232,1875,28,Bottom-product concentration details: selected products by most negative profit and highest gross-loss exposure.
G3,bottom_product_loss_concentration,product,FUR-CH-10003312 / Hon 2090 __illow Soft_ Series Mid Back Swivel/Tilt Chairs,Furniture / Chairs,,12,12,1,0,1,,10564.85,0.23,-1978.1,-18.72,0.217,12,-1978.1,0.63,,,102,1876,31,Bottom-product concentration details: selected products by most negative profit and highest gross-loss exposure.
G3,bottom_product_loss_concentration,product_concentration,bottom_10_profit_products,product_loss_concentration,,80,80,10,0,10,,241753.92,5.26,-58916.74,-24.37,0.34,56,-73686.42,23.6,,,,,,Bottom-product concentration aggregate: quantify how much loss comes from the weakest products.
G3,bottom_product_loss_concentration,product_concentration,bottom_20_profit_products,product_loss_concentration,,182,182,20,0,20,,330295.75,7.19,-77931.16,-23.59,0.329,128,-96822.01,31.01,,,,,,Bottom-product concentration aggregate: quantify how much loss comes from the weakest products.
G4,subcategory_sku_dispersion,sub_category,Accessories,Technology,,1550,1546,147,140,7,,334760.64,7.29,83873.27,25.05,0.078,182,-1861.25,0.6,-14.72,45.26,,,,Subcategory dispersion: compare subcategory-level margin with the count and range of positive and negative SKUs inside it.
G4,subcategory_sku_dispersion,sub_category,Appliances,Office Supplies,,932,932,99,84,15,,215064.32,4.68,36276.01,16.87,0.167,134,-17259.28,5.53,-275.0,43.0,,,,Subcategory dispersion: compare subcategory-level margin with the count and range of positive and negative SKUs inside it.
G4,subcategory_sku_dispersion,sub_category,Art,Office Supplies,,1592,1592,164,164,0,,54237.58,1.18,13055.57,24.07,0.075,0,0.0,-0.0,6.25,48.28,,,,Subcategory dispersion: compare subcategory-level margin with the count and range of positive and negative SKUs inside it.
G4,subcategory_sku_dispersion,sub_category,Binders,Office Supplies,,3046,3044,213,160,53,,406825.47,8.85,60443.53,14.86,0.372,1226,-77020.99,24.67,-99.33,45.26,,,,Subcategory dispersion: compare subcategory-level margin with the count and range of positive and negative SKUs inside it.
G4,subcategory_sku_dispersion,sub_category,Bookcases,Furniture,,456,456,50,17,33,,229759.99,5.0,-6945.11,-3.02,0.211,218,-24304.41,7.78,-210.0,27.47,,,,Subcategory dispersion: compare subcategory-level margin with the count and range of positive and negative SKUs inside it.
G4,subcategory_sku_dispersion,sub_category,Chairs,Furniture,,1234,1232,87,64,23,,656898.21,14.3,53180.33,8.1,0.17,470,-19761.68,6.33,-22.83,23.8,,,,Subcategory dispersion: compare subcategory-level margin with the count and range of positive and negative SKUs inside it.
G4,subcategory_sku_dispersion,sub_category,Copiers,Technology,,136,136,13,13,0,,299056.06,6.51,111235.65,37.2,0.162,0,0.0,-0.0,20.0,42.73,,,,Subcategory dispersion: compare subcategory-level margin with the count and range of positive and negative SKUs inside it.
G4,subcategory_sku_dispersion,sub_category,Envelopes,Office Supplies,,508,508,54,54,0,,32952.8,0.72,13928.35,42.27,0.08,0,0.0,-0.0,32.14,49.0,,,,Subcategory dispersion: compare subcategory-level margin with the count and range of positive and negative SKUs inside it.
G4,subcategory_sku_dispersion,sub_category,Fasteners,Office Supplies,,434,434,43,35,7,,6048.56,0.13,1899.04,31.4,0.082,24,-66.39,0.02,-19.05,49.0,,,,Subcategory dispersion: compare subcategory-level margin with the count and range of positive and negative SKUs inside it.
G4,subcategory_sku_dispersion,sub_category,Furnishings,Furniture,,1914,1912,187,163,24,,183410.33,3.99,26118.29,14.24,0.138,334,-12981.83,4.16,-80.0,46.69,,,,Subcategory dispersion: compare subcategory-level margin with the count and range of positive and negative SKUs inside it.
G4,subcategory_sku_dispersion,sub_category,Labels,Office Supplies,,728,728,70,70,0,,24972.62,0.54,11092.51,44.42,0.069,0,0.0,-0.0,33.75,50.0,,,,Subcategory dispersion: compare subcategory-level margin with the count and range of positive and negative SKUs inside it.
G4,subcategory_sku_dispersion,sub_category,Machines,Technology,,230,230,63,40,23,,378477.26,8.24,6769.51,1.79,0.306,88,-60237.34,19.29,-140.0,50.0,,,,Subcategory dispersion: compare subcategory-level margin with the count and range of positive and negative SKUs inside it.
G4,subcategory_sku_dispersion,sub_category,Paper,Office Supplies,,2740,2736,282,282,0,,156958.41,3.42,68107.14,43.39,0.075,0,0.0,-0.0,31.25,50.0,,,,Subcategory dispersion: compare subcategory-level margin with the count and range of positive and negative SKUs inside it.
G4,subcategory_sku_dispersion,sub_category,Phones,Technology,,1778,1778,189,160,29,,660014.11,14.37,89031.46,13.49,0.155,272,-15061.25,4.82,-25.0,43.13,,,,Subcategory dispersion: compare subcategory-level margin with the count and range of positive and negative SKUs inside it.
G4,subcategory_sku_dispersion,sub_category,Storage,Office Supplies,,1692,1690,132,92,39,,447687.22,9.74,42557.65,9.51,0.075,322,-12852.61,4.12,-15.29,29.0,,,,Subcategory dispersion: compare subcategory-level margin with the count and range of positive and negative SKUs inside it.
G4,subcategory_sku_dispersion,sub_category,Supplies,Office Supplies,,380,380,38,25,12,,93347.08,2.03,-2378.2,-2.55,0.077,66,-6031.24,1.93,-18.75,29.0,,,,Subcategory dispersion: compare subcategory-level margin with the count and range of positive and negative SKUs inside it.
G4,subcategory_sku_dispersion,sub_category,Tables,Furniture,,638,638,57,14,43,,413931.06,9.01,-35450.96,-8.56,0.261,406,-64824.3,20.76,-67.31,16.26,,,,Subcategory dispersion: compare subcategory-level margin with the count and range of positive and negative SKUs inside it.
G5,cross_region_sku_consistency,multi_region_product,TEC-MA-10000418 / Cubify CubeX 3D Printer Double Head Print,Technology / Machines,,6,6,2,1,1,1,22199.93,,-17759.94,-80.0,0.533,4,-18479.94,,-146.67,7.5,,1706,1,Cross-region details: selected multi-region products with mixed signs or large regional margin spreads.
G5,cross_region_sku_consistency,multi_region_product,FUR-TA-10000198 / Chromcraft Bull-Nose Wood Oval Conference Tables & Bases,Furniture / Tables,,10,10,4,1,3,1,19835.28,,-5752.23,-29.0,0.28,8,-6215.05,,-43.33,14.0,,1704,3,Cross-region details: selected multi-region products with mixed signs or large regional margin spreads.
G5,cross_region_sku_consistency,multi_region_product,OFF-BI-10004995 / GBC DocuBind P400 Electric Binding System,Office Supplies / Binders,,12,12,4,2,2,1,35930.14,,-3756.33,-10.45,0.45,6,-13718.78,,-80.0,32.5,,1702,5,Cross-region details: selected multi-region products with mixed signs or large regional margin spreads.
G5,cross_region_sku_consistency,multi_region_product,OFF-SU-10002881 / Martin Yale Chadless Opener Electric Letter Opener,Office Supplies / Supplies,,12,12,4,2,2,1,33312.4,,-2598.37,-7.8,0.1,6,-2998.12,,-22.5,2.0,,1701,6,Cross-region details: selected multi-region products with mixed signs or large regional margin spreads.
G5,cross_region_sku_consistency,multi_region_product,FUR-TA-10001950 / Balt Solid Wood Round Tables,Furniture / Tables,,8,8,4,2,2,1,13037.51,,-2402.12,-18.42,0.2,4,-3045.06,,-51.67,9.0,,1700,7,Cross-region details: selected multi-region products with mixed signs or large regional margin spreads.
G5,cross_region_sku_consistency,multi_region_product,"FUR-TA-10004154 / Riverside Furniture Oval Coffee Table, Oval End Table, End Table with Drawer",Furniture / Tables,,10,10,3,1,2,1,8892.35,,-2294.8,-25.81,0.3,8,-2421.01,,-30.0,22.0,,1698,9,Cross-region details: selected multi-region products with mixed signs or large regional margin spreads.
G5,cross_region_sku_consistency,multi_region_product,FUR-BO-10001972 / O'Sullivan 4-Shelf Bookcase in Odessa Pine,Furniture / Bookcases,,14,14,4,1,3,1,5480.39,,-1950.2,-35.58,0.421,10,-2095.37,,-66.0,17.0,,1695,12,Cross-region details: selected multi-region products with mixed signs or large regional margin spreads.
G5,cross_region_sku_consistency,multi_region_product,TEC-MA-10001148 / Swingline SM12-08 MicroCut Jam Free Shredder,Technology / Machines,,10,10,2,1,1,1,10408.48,,-1764.24,-16.95,0.5,6,-3015.38,,-110.61,3.41,,1693,14,Cross-region details: selected multi-region products with mixed signs or large regional margin spreads.
G5,cross_region_sku_consistency,multi_region_product,OFF-AP-10002534 / 3.6 Cubic Foot Counter Height Office Refrigerator,Office Supplies / Appliances,,10,10,3,2,1,1,5892.4,,-1744.15,-29.6,0.52,6,-2757.64,,-260.0,28.0,,1692,15,Cross-region details: selected multi-region products with mixed signs or large regional margin spreads.
G5,cross_region_sku_consistency,multi_region_product,"FUR-TA-10002958 / Bevis Oval Conference Table, Walnut",Furniture / Tables,,16,16,3,1,2,1,13884.14,,-1712.03,-12.33,0.275,12,-2688.09,,-38.33,13.28,,1691,16,Cross-region details: selected multi-region products with mixed signs or large regional margin spreads.
G5,cross_region_sku_consistency,multi_region_product,OFF-ST-10004459 / Tennsco Single-Tier Lockers,Office Supplies / Storage,,16,16,4,2,2,1,18316.59,,-1651.5,-9.02,0.075,6,-2026.84,,-16.51,5.0,,1690,17,Cross-region details: selected multi-region products with mixed signs or large regional margin spreads.
G5,cross_region_sku_consistency,multi_region_product,TEC-MA-10004679 / StarTech.com 10/100 VDSL2 Ethernet Extender Kit,Technology / Machines,,8,8,3,1,2,1,4661.3,,-1571.52,-33.71,0.425,6,-1678.07,,-140.0,10.0,,1688,19,Cross-region details: selected multi-region products with mixed signs or large regional margin spreads.
G5,cross_region_sku_consistency,multi_region_product,FUR-TA-10003954 / Hon 94000 Series Round Tables,Furniture / Tables,,10,10,3,1,2,1,14809.0,,-1362.43,-9.2,0.16,6,-2055.49,,-51.67,9.0,,1685,22,Cross-region details: selected multi-region products with mixed signs or large regional margin spreads.
G5,cross_region_sku_consistency,multi_region_product,"FUR-BO-10004834 / Riverside Palais Royal Lawyers Bookcase, Royale Cherry Finish",Furniture / Bookcases,,10,10,3,1,2,1,31221.93,,-1339.09,-4.29,0.234,4,-3964.41,,-13.24,9.41,,1684,23,Cross-region details: selected multi-region products with mixed signs or large regional margin spreads.
G5,cross_region_sku_consistency,multi_region_product,"FUR-TA-10003238 / Chromcraft Bull-Nose Wood 48"" x 96"" Rectangular Conference Tables",Furniture / Tables,,12,12,3,1,2,1,8595.29,,-1223.18,-14.23,0.333,10,-1851.29,,-62.0,19.0,,1681,26,Cross-region details: selected multi-region products with mixed signs or large regional margin spreads.
G5,cross_region_sku_consistency,multi_region_product,FUR-TA-10001768 / Hon Racetrack Conference Tables,Furniture / Tables,,12,12,3,1,2,1,7927.8,,-1197.05,-15.1,0.283,8,-1533.06,,-31.67,16.84,,1680,27,Cross-region details: selected multi-region products with mixed signs or large regional margin spreads.
G5,cross_region_sku_consistency,multi_region_product,FUR-TA-10000577 / Bretford CR4500 Series Slim Rectangular Table,Furniture / Tables,,16,16,4,1,3,1,14485.54,,-1065.52,-7.36,0.263,10,-1949.98,,-40.0,15.49,,1678,29,Cross-region details: selected multi-region products with mixed signs or large regional margin spreads.
G5,cross_region_sku_consistency,multi_region_product,FUR-FU-10001468 / Tenex Antistatic Computer Chair Mats,Furniture / Furnishings,,12,12,3,1,2,1,6634.02,,-1060.08,-15.98,0.233,10,-1299.45,,-125.0,4.26,,1677,30,Cross-region details: selected multi-region products with mixed signs or large regional margin spreads.
G5,cross_region_sku_consistency,multi_region_product,"FUR-FU-10003806 / Tenex Chairmat w/ Average Lip, 45"" x 53""",Furniture / Furnishings,,8,8,3,2,1,1,4116.99,,-1059.52,-25.74,0.3,4,-1362.24,,-125.0,10.0,,1676,31,Cross-region details: selected multi-region products with mixed signs or large regional margin spreads.
G5,cross_region_sku_consistency,multi_region_product,"FUR-TA-10002041 / Bevis Round Conference Table Top, X-Base",Furniture / Tables,,12,12,4,1,3,1,5342.84,,-1039.88,-19.46,0.267,10,-1118.77,,-53.45,11.0,,1675,32,Cross-region details: selected multi-region products with mixed signs or large regional margin spreads.
G5,cross_region_sku_consistency,multi_region_product,"FUR-CH-10003774 / Global Wood Trimmed Manager's Task Chair, Khaki",Furniture / Chairs,,28,28,4,1,3,1,8333.77,,-1006.24,-12.07,0.229,24,-1164.54,,-24.29,6.79,,1674,33,Cross-region details: selected multi-region products with mixed signs or large regional margin spreads.
G5,cross_region_sku_consistency,multi_region_product,"TEC-MA-10002073 / 3D Systems Cube Printer, 2nd Generation, White",Technology / Machines,,4,4,2,1,1,1,4679.96,,-935.99,-20.0,0.35,2,-1143.99,,-44.0,10.0,,1669,38,Cross-region details: selected multi-region products with mixed signs or large regional margin spreads.
G5,cross_region_sku_consistency,multi_region_product,OFF-BI-10004584 / GBC ProClick 150 Presentation Binding System,Office Supplies / Binders,,10,10,4,2,2,1,6445.99,,-922.66,-14.31,0.5,6,-2584.72,,-165.0,47.0,,1668,39,Cross-region details: selected multi-region products with mixed signs or large regional margin spreads.
G5,cross_region_sku_consistency,multi_region_product,FUR-TA-10001539 / Chromcraft Rectangular Conference Tables,Furniture / Tables,,18,18,3,1,2,1,9905.35,,-900.49,-9.09,0.322,10,-1203.81,,-52.0,5.0,,1665,42,Cross-region details: selected multi-region products with mixed signs or large regional margin spreads.
G5,cross_region_sku_consistency,multi_region_product,FUR-TA-10002356 / Bevis Boat-Shaped Conference Table,Furniture / Tables,,12,12,3,1,2,1,5084.93,,-891.17,-17.53,0.317,8,-1079.89,,-26.67,24.0,,1664,43,Cross-region details: selected multi-region products with mixed signs or large regional margin spreads.
G5,cross_region_sku_consistency,multi_region_product,FUR-CH-10000863 / Novimex Swivel Fabric Task Chair,Furniture / Chairs,,16,16,4,1,3,1,5827.83,,-890.78,-15.28,0.2,12,-1023.64,,-27.14,11.0,,1663,44,Cross-region details: selected multi-region products with mixed signs or large regional margin spreads.
G5,cross_region_sku_consistency,multi_region_product,OFF-SU-10000646 / Premier Automatic Letter Opener,Office Supplies / Supplies,,10,10,3,1,2,1,5672.73,,-855.72,-15.08,0.12,6,-898.98,,-21.25,3.0,,1662,45,Cross-region details: selected multi-region products with mixed signs or large regional margin spreads.
G5,cross_region_sku_consistency,multi_region_product,"FUR-TA-10001932 / Chromcraft 48"" x 96"" Racetrack Double Pedestal Table",Furniture / Tables,,12,12,4,1,3,1,10196.35,,-808.01,-7.92,0.317,8,-1821.24,,-56.0,22.0,,1658,49,Cross-region details: selected multi-region products with mixed signs or large regional margin spreads.
G5,cross_region_sku_consistency,multi_region_product,FUR-TA-10003715 / Hon 2111 Invitation Series Corner Table,Furniture / Tables,,8,8,3,1,2,1,6281.1,,-803.98,-12.8,0.2,6,-954.73,,-56.67,6.0,,1657,50,Cross-region details: selected multi-region products with mixed signs or large regional margin spreads.
G5,cross_region_sku_consistency,multi_region_product,"FUR-TA-10002530 / Iceberg OfficeWorks 42"" Round Tables",Furniture / Tables,,14,14,4,1,3,1,6914.88,,-785.1,-11.35,0.2,8,-1328.62,,-45.12,15.0,,1656,51,Cross-region details: selected multi-region products with mixed signs or large regional margin spreads.
G5,cross_region_sku_consistency,multi_region_product,"FUR-FU-10003601 / Deflect-o RollaMat Studded, Beveled Mat for Medium Pile Carpeting",Furniture / Furnishings,,12,12,3,2,1,1,3246.5,,-686.19,-21.14,0.267,8,-885.41,,-105.0,18.0,,1654,53,Cross-region details: selected multi-region products with mixed signs or large regional margin spreads.
G5,cross_region_sku_consistency,multi_region_product,OFF-ST-10001809 / Fellowes Officeware Wire Shelving,Office Supplies / Storage,,22,22,4,1,3,1,9018.93,,-664.74,-7.37,0.073,8,-776.13,,-22.5,2.0,,1652,55,Cross-region details: selected multi-region products with mixed signs or large regional margin spreads.
G5,cross_region_sku_consistency,multi_region_product,"FUR-TA-10003008 / Lesro Round Back Collection Coffee Table, End Table",Furniture / Tables,,16,16,4,1,3,1,5695.56,,-657.18,-11.54,0.288,12,-1084.35,,-45.0,3.33,,1651,56,Cross-region details: selected multi-region products with mixed signs or large regional margin spreads.
G5,cross_region_sku_consistency,multi_region_product,FUR-TA-10003473 / Bretford Rectangular Conference Table Tops,Furniture / Tables,,24,24,3,2,1,1,25990.58,,-654.47,-2.52,0.246,10,-2316.96,,-19.17,4.6,,1650,57,Cross-region details: selected multi-region products with mixed signs or large regional margin spreads.
G5,cross_region_sku_consistency,multi_region_product,OFF-AP-10000390 / Euro Pro Shark Stick Mini Vacuum,Office Supplies / Appliances,,6,6,2,1,1,1,341.49,,-651.27,-190.71,0.6,4,-658.58,,-270.0,7.5,,1649,58,Cross-region details: selected multi-region products with mixed signs or large regional margin spreads.
G5,cross_region_sku_consistency,multi_region_product,FUR-TA-10002645 / Hon Rectangular Conference Tables,Furniture / Tables,,8,8,3,1,2,1,6963.03,,-591.63,-8.5,0.325,6,-1365.3,,-66.0,17.0,,1648,59,Cross-region details: selected multi-region products with mixed signs or large regional margin spreads.
G5,cross_region_sku_consistency,multi_region_product,OFF-SU-10000151 / High Speed Automatic Electric Letter Opener,Office Supplies / Supplies,,6,6,2,1,1,1,34060.62,,-524.01,-1.54,0.067,2,-1572.03,,-20.0,4.0,,1644,63,Cross-region details: selected multi-region products with mixed signs or large regional margin spreads.
G5,cross_region_sku_consistency,multi_region_product,FUR-FU-10002918 / Eldon ClusterMat Chair Mat with Cordless Antistatic Protection,Furniture / Furnishings,,10,10,3,1,2,1,2401.87,,-513.13,-21.36,0.16,4,-673.25,,-31.48,11.0,,1643,64,Cross-region details: selected multi-region products with mixed signs or large regional margin spreads.
G5,cross_region_sku_consistency,multi_region_product,OFF-BI-10004224 / Catalog Binders with Expanding Posts,Office Supplies / Binders,,16,16,4,1,3,1,2179.87,,-484.42,-22.22,0.513,10,-982.29,,-83.33,31.25,,1641,66,Cross-region details: selected multi-region products with mixed signs or large regional margin spreads.
G5,cross_region_sku_consistency,multi_region_product,FUR-TA-10004575 / Hon 5100 Series Wood Tables,Furniture / Tables,,14,14,4,1,3,1,11930.18,,-477.21,-4.0,0.214,8,-1734.24,,-36.67,18.0,,1640,67,Cross-region details: selected multi-region products with mixed signs or large regional margin spreads.
G5,cross_region_sku_consistency,multi_region_product,FUR-TA-10001039 / KI Adjustable-Height Table,Furniture / Tables,,22,22,4,1,3,1,5528.51,,-452.25,-8.18,0.223,12,-988.77,,-25.23,26.0,,1638,69,Cross-region details: selected multi-region products with mixed signs or large regional margin spreads.
G5,cross_region_sku_consistency,multi_region_product,"FUR-FU-10002116 / Tenex Carpeted, Granite-Look or Clear Contemporary Contour Shape Chair Mats",Furniture / Furnishings,,10,10,3,2,1,1,1527.34,,-445.47,-29.17,0.24,4,-524.67,,-60.34,7.0,,1637,70,Cross-region details: selected multi-region products with mixed signs or large regional margin spreads.
G5,cross_region_sku_consistency,multi_region_product,FUR-TA-10001857 / Balt Solid Wood Rectangular Table,Furniture / Tables,,8,8,3,1,2,1,1656.19,,-432.51,-26.11,0.263,6,-474.71,,-56.52,10.0,,1634,73,Cross-region details: selected multi-region products with mixed signs or large regional margin spreads.
G5,cross_region_sku_consistency,multi_region_product,TEC-PH-10002789 / LG Exalt,Technology / Phones,,6,6,2,1,1,1,2308.65,,-424.29,-18.38,0.333,4,-446.13,,-21.67,8.75,,1633,74,Cross-region details: selected multi-region products with mixed signs or large regional margin spreads.
G5,cross_region_sku_consistency,multi_region_product,"FUR-BO-10004218 / Bush Heritage Pine Collection 5-Shelf Bookcase, Albany Pine Finish, *Special Order",Furniture / Bookcases,,16,16,3,1,2,1,7252.01,,-417.3,-5.75,0.234,6,-699.26,,-60.0,5.88,,1632,75,Cross-region details: selected multi-region products with mixed signs or large regional margin spreads.
G5,cross_region_sku_consistency,multi_region_product,"OFF-BI-10002429 / Premier Elliptical Ring Binder, Black",Office Supplies / Binders,,18,18,4,1,3,1,1053.22,,-403.03,-38.27,0.644,16,-607.58,,-160.0,14.23,,1630,77,Cross-region details: selected multi-region products with mixed signs or large regional margin spreads.
G5,cross_region_sku_consistency,multi_region_product,FUR-CH-10000513 / High-Back Leather Manager's Chair,Furniture / Chairs,,18,18,4,1,3,1,9541.27,,-395.17,-4.14,0.167,12,-863.13,,-30.0,0.73,,1629,78,Cross-region details: selected multi-region products with mixed signs or large regional margin spreads.
G5,cross_region_sku_consistency,multi_region_product,"FUR-TA-10002903 / Bevis Round Bullnose 29"" High Table Top",Furniture / Tables,,10,10,3,1,2,1,9089.85,,-384.37,-4.23,0.26,6,-1111.56,,-26.67,15.56,,1628,79,Cross-region details: selected multi-region products with mixed signs or large regional margin spreads.
G5,cross_region_sku_consistency,multi_region_product,FUR-BO-10003546 / Hon 4-Shelf Metal Bookcases,Furniture / Bookcases,,8,8,3,1,2,1,2948.62,,-383.72,-13.01,0.25,4,-787.64,,-150.0,25.0,,1627,80,Cross-region details: selected multi-region products with mixed signs or large regional margin spreads.
G5,cross_region_sku_consistency,multi_region_product,FUR-TA-10001095 / Chromcraft Round Conference Tables,Furniture / Tables,,26,26,4,2,2,1,16418.12,,-379.95,-2.31,0.258,14,-1415.23,,-43.64,17.71,,1626,81,Cross-region details: selected multi-region products with mixed signs or large regional margin spreads.
G5,cross_region_sku_consistency,multi_region_product,"OFF-ST-10004804 / Belkin 19"" Vented Equipment Shelf, Black",Office Supplies / Storage,,20,20,4,1,3,1,2800.51,,-359.33,-12.83,0.12,12,-371.69,,-23.75,1.0,,1625,82,Cross-region details: selected multi-region products with mixed signs or large regional margin spreads.
G5,cross_region_sku_consistency,multi_region_product,"FUR-TA-10004175 / Hon 30"" x 60"" Table with Locking Drawer",Furniture / Tables,,6,6,2,1,1,1,2592.06,,-354.7,-13.68,0.333,4,-409.27,,-20.0,10.0,,1624,83,Cross-region details: selected multi-region products with mixed signs or large regional margin spreads.
G5,cross_region_sku_consistency,multi_region_product,"FUR-FU-10002298 / Rubbermaid ClusterMat Chairmats, Mat Size- 66"" x 60"", Lip 20"" x 11"" -90 Degree Angle",Furniture / Furnishings,,10,10,3,1,2,1,4128.46,,-346.26,-8.39,0.2,6,-665.88,,-40.0,10.0,,1623,84,Cross-region details: selected multi-region products with mixed signs or large regional margin spreads.
G5,cross_region_sku_consistency,multi_region_product,FUR-BO-10004357 / O'Sullivan Living Dimensions 3-Shelf Bookcases,Furniture / Bookcases,,8,8,2,1,1,1,5808.32,,-341.67,-5.88,0.2,6,-623.04,,-80.0,2.7,,1621,86,Cross-region details: selected multi-region products with mixed signs or large regional margin spreads.
G5,cross_region_sku_consistency,multi_region_product,"FUR-CH-10000225 / Global Geo Office Task Chair, Gray",Furniture / Chairs,,14,14,4,1,3,1,3514.53,,-332.02,-9.45,0.171,12,-396.8,,-18.75,1.72,,1619,88,Cross-region details: selected multi-region products with mixed signs or large regional margin spreads.
G5,cross_region_sku_consistency,multi_region_product,FUR-TA-10004534 / Bevis 44 x 96 Conference Tables,Furniture / Tables,,10,10,2,1,1,1,6506.44,,-329.44,-5.06,0.18,4,-1099.51,,-32.8,7.78,,1618,89,Cross-region details: selected multi-region products with mixed signs or large regional margin spreads.
G5,cross_region_sku_consistency,multi_region_product,"FUR-TA-10002622 / Bush Andora Conference Table, Maple/Graphite Gray Finish",Furniture / Tables,,8,8,3,1,2,1,2872.46,,-287.25,-10.0,0.3,6,-307.76,,-18.46,3.75,,1615,92,Cross-region details: selected multi-region products with mixed signs or large regional margin spreads.
G5,cross_region_sku_consistency,multi_region_product,FUR-CH-10003956 / Novimex High-Tech Fabric Mesh Task Chair,Furniture / Chairs,,8,8,2,1,1,1,1845.48,,-266.88,-14.46,0.15,6,-276.82,,-16.25,7.0,,1614,93,Cross-region details: selected multi-region products with mixed signs or large regional margin spreads.
G5,cross_region_sku_consistency,multi_region_product,FUR-BO-10000468 / O'Sullivan 2-Shelf Heavy-Duty Bookcases,Furniture / Bookcases,,12,12,3,2,1,1,1447.68,,-266.22,-18.39,0.183,6,-390.58,,-116.77,16.0,,1613,94,Cross-region details: selected multi-region products with mixed signs or large regional margin spreads.
G5,cross_region_sku_consistency,multi_region_product,FUR-CH-10003833 / Novimex Fabric Task Chair,Furniture / Chairs,,18,18,4,1,3,1,3780.76,,-262.21,-6.94,0.189,16,-317.1,,-21.43,15.0,,1612,95,Cross-region details: selected multi-region products with mixed signs or large regional margin spreads.
G5,cross_region_sku_consistency,multi_region_product,FUR-CH-10001482 / Office Star - Mesh Screen back chair with Vinyl seat,Furniture / Chairs,,14,14,4,1,3,1,4400.93,,-261.96,-5.95,0.143,8,-437.47,,-21.36,11.0,,1611,96,Cross-region details: selected multi-region products with mixed signs or large regional margin spreads.
G5,cross_region_sku_consistency,multi_region_product,FUR-FU-10000193 / Tenex Chairmats For Use with Hard Floors,Furniture / Furnishings,,12,12,4,1,3,1,935.42,,-259.84,-27.78,0.267,8,-301.41,,-130.0,8.0,,1610,97,Cross-region details: selected multi-region products with mixed signs or large regional margin spreads.
G5,cross_region_sku_consistency,multi_region_product,OFF-ST-10003656 / Safco Industrial Wire Shelving,Office Supplies / Storage,,10,10,3,1,2,1,2726.12,,-253.41,-9.3,0.16,8,-293.73,,-21.25,3.0,,1609,98,Cross-region details: selected multi-region products with mixed signs or large regional margin spreads.
G5,cross_region_sku_consistency,multi_region_product,"FUR-BO-10002613 / Atlantic Metals Mobile 4-Shelf Bookcases, Custom Colors",Furniture / Bookcases,,12,12,2,1,1,1,10368.16,,-252.88,-2.44,0.267,2,-1573.49,,-21.74,12.5,,1608,99,Cross-region details: selected multi-region products with mixed signs or large regional margin spreads.
G5,cross_region_sku_consistency,multi_region_product,"FUR-BO-10001601 / Sauder Mission Library with Doors, Fruitwood Finish",Furniture / Bookcases,,6,6,2,1,1,1,1870.39,,-251.48,-13.45,0.263,4,-272.44,,-19.12,4.71,,1607,100,Cross-region details: selected multi-region products with mixed signs or large regional margin spreads.
G5,cross_region_sku_consistency,multi_region_product,"FUR-FU-10000723 / Deflect-o EconoMat Studded, No Bevel Mat for Low Pile Carpeting",Furniture / Furnishings,,18,18,4,2,2,1,2231.28,,-250.4,-11.22,0.178,8,-391.71,,-61.45,9.0,,1606,101,Cross-region details: selected multi-region products with mixed signs or large regional margin spreads.
G5,cross_region_sku_consistency,multi_region_product,OFF-ST-10001418 / Carina Media Storage Towers in Natural & Black,Office Supplies / Storage,,10,10,4,1,3,1,2146.5,,-243.92,-11.36,0.12,6,-263.43,,-22.5,2.0,,1605,102,Cross-region details: selected multi-region products with mixed signs or large regional margin spreads.
G5,cross_region_sku_consistency,multi_region_product,OFF-AP-10000055 / Belkin F9S820V06 8 Outlet Surge,Office Supplies / Appliances,,8,8,2,1,1,1,532.67,,-240.35,-45.12,0.4,4,-357.28,,-250.0,30.0,,1604,103,Cross-region details: selected multi-region products with mixed signs or large regional margin spreads.
G5,cross_region_sku_consistency,multi_region_product,TEC-PH-10003580 / Cisco IP Phone 7961G-GE VoIP phone,Technology / Phones,,8,8,2,1,1,1,4504.86,,-238.24,-5.29,0.35,6,-450.49,,-21.67,8.75,,1603,104,Cross-region details: selected multi-region products with mixed signs or large regional margin spreads.
G5,cross_region_sku_consistency,multi_region_product,FUR-TA-10004607 / Hon 2111 Invitation Series Straight Table,Furniture / Tables,,14,14,4,1,3,1,4080.11,,-230.61,-5.65,0.271,12,-455.32,,-15.71,19.0,,1602,105,Cross-region details: selected multi-region products with mixed signs or large regional margin spreads.
G5,cross_region_sku_consistency,multi_region_product,OFF-AP-10001947 / Acco 6 Outlet Guardian Premium Plus Surge Suppressor,Office Supplies / Appliances,,12,12,2,1,1,1,578.91,,-227.53,-39.3,0.4,6,-355.04,,-62.46,29.0,,1600,107,Cross-region details: selected multi-region products with mixed signs or large regional margin spreads.
G5,cross_region_sku_consistency,multi_region_product,FUR-FU-10003773 / Eldon Cleatmat Plus Chair Mats for High Pile Carpets,Furniture / Furnishings,,10,10,4,2,2,1,2608.26,,-222.66,-8.54,0.16,4,-432.59,,-122.5,11.0,,1598,109,Cross-region details: selected multi-region products with mixed signs or large regional margin spreads.
G5,cross_region_sku_consistency,multi_region_product,"OFF-ST-10002344 / Carina 42""Hx23 3/4""W Media Storage Unit",Office Supplies / Storage,,16,16,4,2,2,1,3271.59,,-220.27,-6.73,0.1,8,-262.38,,-22.5,2.0,,1597,110,Cross-region details: selected multi-region products with mixed signs or large regional margin spreads.
G5,cross_region_sku_consistency,multi_region_product,"FUR-TA-10004152 / Barricks 18"" x 48"" Non-Folding Utility Table with Bottom Storage Shelf",Furniture / Tables,,10,10,3,1,2,1,2177.28,,-209.66,-9.63,0.32,8,-233.86,,-23.33,7.5,,1595,112,Cross-region details: selected multi-region products with mixed signs or large regional margin spreads.
G5,cross_region_sku_consistency,multi_region_product,FUR-BO-10003893 / Sauder Camden County Collection Library,Furniture / Bookcases,,4,4,2,1,1,1,2736.52,,-206.96,-7.56,0.235,2,-275.95,,-17.65,5.88,,1593,114,Cross-region details: selected multi-region products with mixed signs or large regional margin spreads.
G5,cross_region_sku_consistency,multi_region_product,OFF-BI-10001098 / Acco D-Ring Binder w/DublLock,Office Supplies / Binders,,18,18,4,1,3,1,470.36,,-205.68,-43.73,0.622,14,-280.08,,-155.0,36.25,,1592,115,Cross-region details: selected multi-region products with mixed signs or large regional margin spreads.
G5,cross_region_sku_consistency,multi_region_product,"FUR-BO-10003450 / Bush Westfield Collection Bookcases, Dark Cherry Finish",Furniture / Bookcases,,6,6,3,2,1,1,1298.75,,-194.81,-15.0,0.233,2,-287.58,,-206.67,8.0,,1591,116,Cross-region details: selected multi-region products with mixed signs or large regional margin spreads.
G5,cross_region_sku_consistency,multi_region_product,TEC-PH-10003555 / Motorola HK250 Universal Bluetooth Headset,Technology / Phones,,18,18,4,1,3,1,1664.48,,-183.0,-10.99,0.133,12,-198.63,,-22.5,2.0,,1590,117,Cross-region details: selected multi-region products with mixed signs or large regional margin spreads.
G5,cross_region_sku_consistency,multi_region_product,OFF-BI-10001575 / GBC Linen Binding Covers,Office Supplies / Binders,,12,12,4,1,3,1,415.13,,-164.81,-39.7,0.55,8,-234.21,,-160.0,35.0,,1589,118,Cross-region details: selected multi-region products with mixed signs or large regional margin spreads.
G5,cross_region_sku_consistency,multi_region_product,"OFF-BI-10002133 / Wilson Jones Elliptical Ring 3 1/2"" Capacity Binders, 800 sheets",Office Supplies / Binders,,16,16,4,1,3,1,1669.2,,-164.35,-9.85,0.513,10,-563.25,,-155.0,36.25,,1588,119,Cross-region details: selected multi-region products with mixed signs or large regional margin spreads.
G5,cross_region_sku_consistency,multi_region_product,FUR-BO-10001337 / O'Sullivan Living Dimensions 2-Shelf Bookcases,Furniture / Bookcases,,20,20,4,2,2,1,5940.12,,-157.27,-2.65,0.11,14,-302.45,,-12.5,10.0,,1586,121,Cross-region details: selected multi-region products with mixed signs or large regional margin spreads.
G5,cross_region_sku_consistency,multi_region_product,OFF-ST-10001370 / Sensible Storage WireTech Storage Systems,Office Supplies / Storage,,16,16,4,1,3,1,4968.6,,-156.16,-3.14,0.075,6,-319.41,,-13.1,5.0,,1584,123,Cross-region details: selected multi-region products with mixed signs or large regional margin spreads.
G5,cross_region_sku_consistency,multi_region_product,OFF-AP-10002867 / Fellowes Command Center 5-outlet power strip,Office Supplies / Appliances,,8,8,2,1,1,1,1329.66,,-156.03,-11.73,0.25,2,-359.55,,-265.0,17.05,,1583,124,Cross-region details: selected multi-region products with mixed signs or large regional margin spreads.
G5,cross_region_sku_consistency,multi_region_product,OFF-ST-10001511 / Space Solutions Commercial Steel Shelving,Office Supplies / Storage,,14,14,4,3,1,1,3904.86,,-148.69,-3.81,0.029,2,-271.53,,-15.15,5.0,,1582,125,Cross-region details: selected multi-region products with mixed signs or large regional margin spreads.
G5,cross_region_sku_consistency,multi_region_product,OFF-BI-10000474 / Avery Recycled Flexi-View Covers for Binding Systems,Office Supplies / Binders,,14,14,3,1,2,1,394.34,,-139.14,-35.28,0.529,10,-231.47,,-76.8,10.34,,1581,126,Cross-region details: selected multi-region products with mixed signs or large regional margin spreads.
G5,cross_region_sku_consistency,multi_region_product,"OFF-ST-10001128 / Carina Mini System Audio Rack, Model AR050B",Office Supplies / Storage,,12,12,4,2,2,1,5460.22,,-137.62,-2.52,0.067,4,-264.13,,-21.25,3.0,,1580,127,Cross-region details: selected multi-region products with mixed signs or large regional margin spreads.
G5,cross_region_sku_consistency,multi_region_product,TEC-PH-10001530 / Cisco Unified IP Phone 7945G VoIP phone,Technology / Phones,,12,12,2,1,1,1,9530.49,,-136.4,-1.43,0.267,4,-610.36,,-24.03,6.78,,1578,129,Cross-region details: selected multi-region products with mixed signs or large regional margin spreads.
G5,cross_region_sku_consistency,multi_region_product,"FUR-BO-10003034 / O'Sullivan Elevations Bookcase, Cherry Finish",Furniture / Bookcases,,10,10,3,1,2,1,3824.62,,-136.22,-3.56,0.2,6,-157.18,,-20.0,1.18,,1577,130,Cross-region details: selected multi-region products with mixed signs or large regional margin spreads.
G5,cross_region_sku_consistency,multi_region_product,"FUR-TA-10004915 / Office Impressions End Table, 20-1/2""H x 24""W x 20""D",Furniture / Tables,,10,10,3,1,2,1,11603.63,,-133.65,-1.15,0.18,6,-1105.69,,-20.0,16.0,,1576,131,Cross-region details: selected multi-region products with mixed signs or large regional margin spreads.
G5,cross_region_sku_consistency,multi_region_product,"OFF-ST-10001713 / Gould Plastics 9-Pocket Panel Bin, 18-3/8w x 5-1/4d x 20-1/2h, Black",Office Supplies / Storage,,12,12,3,1,2,1,1907.64,,-127.18,-6.67,0.1,6,-169.57,,-14.29,4.0,,1575,132,Cross-region details: selected multi-region products with mixed signs or large regional margin spreads.
G5,cross_region_sku_consistency,multi_region_product,TEC-PH-10003800 / i.Sound Portable Power - 8000 mAh,Technology / Phones,,10,10,2,1,1,1,826.64,,-117.64,-14.23,0.12,6,-120.82,,-23.75,1.0,,1574,133,Cross-region details: selected multi-region products with mixed signs or large regional margin spreads.
G5,cross_region_sku_consistency,multi_region_product,OFF-SU-10000157 / Compact Automatic Electric Letter Opener,Office Supplies / Supplies,,16,16,4,3,1,1,5965.5,,-114.54,-1.92,0.05,4,-214.76,,-5.0,2.0,,1571,136,Cross-region details: selected multi-region products with mixed signs or large regional margin spreads.
G5,cross_region_sku_consistency,multi_region_product,FUR-BO-10001798 / Bush Somerset Collection Bookcase,Furniture / Bookcases,,8,8,3,2,1,1,2527.91,,-112.64,-4.46,0.213,4,-209.57,,-68.0,4.55,,1570,137,Cross-region details: selected multi-region products with mixed signs or large regional margin spreads.
G5,cross_region_sku_consistency,multi_region_product,OFF-ST-10000676 / Fellowes Econo/Stor Drawers,Office Supplies / Storage,,4,4,2,1,1,1,1163.16,,-112.44,-9.67,0.1,2,-135.7,,-17.5,6.0,,1569,138,Cross-region details: selected multi-region products with mixed signs or large regional margin spreads.
G5,cross_region_sku_consistency,multi_region_product,TEC-PH-10004188 / OtterBox Commuter Series Case - Samsung Galaxy S4,Technology / Phones,,8,8,3,1,2,1,769.69,,-111.96,-14.55,0.15,6,-116.95,,-22.5,2.0,,1568,139,Cross-region details: selected multi-region products with mixed signs or large regional margin spreads.
G5,cross_region_sku_consistency,multi_region_product,"OFF-ST-10003479 / Eldon Base for stackable storage shelf, platinum",Office Supplies / Storage,,14,14,4,2,2,1,1744.51,,-105.14,-6.03,0.086,6,-151.87,,-18.75,5.0,,1567,140,Cross-region details: selected multi-region products with mixed signs or large regional margin spreads.
G5,cross_region_sku_consistency,multi_region_product,TEC-PH-10000141 / Clearsounds A400,Technology / Phones,,6,6,2,1,1,1,976.65,,-97.67,-10.0,0.333,4,-129.34,,-23.33,7.5,,1565,142,Cross-region details: selected multi-region products with mixed signs or large regional margin spreads.
G5,cross_region_sku_consistency,multi_region_product,FUR-CH-10002126 / Hon Deluxe Fabric Upholstered Stacking Chairs,Furniture / Chairs,,8,8,2,1,1,1,5172.38,,-97.59,-1.89,0.275,6,-136.63,,-2.86,10.0,,1564,143,Cross-region details: selected multi-region products with mixed signs or large regional margin spreads.
G5,cross_region_sku_consistency,multi_region_product,FUR-FU-10004622 / Eldon Advantage Foldable Chair Mats for Low Pile Carpets,Furniture / Furnishings,,6,6,3,2,1,1,758.8,,-97.56,-12.86,0.2,2,-211.38,,-97.5,21.0,,1563,144,Cross-region details: selected multi-region products with mixed signs or large regional margin spreads.
G5,cross_region_sku_consistency,multi_region_product,OFF-ST-10002301 / Tennsco Commercial Shelving,Office Supplies / Storage,,18,18,4,1,3,1,748.51,,-97.23,-12.99,0.111,10,-100.48,,-23.75,1.0,,1562,145,Cross-region details: selected multi-region products with mixed signs or large regional margin spreads.
G5,cross_region_sku_consistency,multi_region_product,"OFF-ST-10003994 / Belkin 19"" Center-Weighted Shelf, Gray",Office Supplies / Storage,,8,8,3,1,2,1,1698.62,,-94.37,-5.56,0.1,4,-141.55,,-18.75,5.0,,1560,147,Cross-region details: selected multi-region products with mixed signs or large regional margin spreads.
G5,cross_region_sku_consistency,multi_region_product,"FUR-FU-10002703 / Tenex Traditional Chairmats for Hard Floors, Average Lip, 36"" x 48""",Furniture / Furnishings,,4,4,2,1,1,1,360.92,,-92.81,-25.71,0.3,2,-123.74,,-120.0,12.0,,1559,148,Cross-region details: selected multi-region products with mixed signs or large regional margin spreads.
G5,cross_region_sku_consistency,multi_region_product,"OFF-ST-10002182 / Iris 3-Drawer Stacking Bin, Black",Office Supplies / Storage,,6,6,3,1,2,1,568.21,,-86.9,-15.29,0.133,4,-90.24,,-22.5,2.0,,1558,149,Cross-region details: selected multi-region products with mixed signs or large regional margin spreads.
G5,cross_region_sku_consistency,multi_region_product,FUR-FU-10004597 / Eldon Cleatmat Chair Mats for Medium Pile Carpets,Furniture / Furnishings,,8,8,2,1,1,1,688.2,,-84.36,-12.26,0.3,4,-156.51,,-117.5,13.0,,1557,150,Cross-region details: selected multi-region products with mixed signs or large regional margin spreads.
G5,cross_region_sku_consistency,multi_region_product,FUR-CH-10002372 / Office Star - Ergonomically Designed Knee Chair,Furniture / Chairs,,14,14,3,1,2,1,2623.75,,-84.22,-3.21,0.171,8,-165.2,,-10.0,4.86,,1556,151,Cross-region details: selected multi-region products with mixed signs or large regional margin spreads.
G5,cross_region_sku_consistency,multi_region_product,OFF-BI-10004632 / Ibico Hi-Tech Manual Binding System,Office Supplies / Binders,,24,24,3,2,1,1,10418.6,,-81.27,-0.78,0.35,8,-3202.4,,-61.24,45.0,,1555,152,Cross-region details: selected multi-region products with mixed signs or large regional margin spreads.
G5,cross_region_sku_consistency,multi_region_product,"FUR-FU-10003394 / Tenex ""The Solids"" Textured Chair Mats",Furniture / Furnishings,,14,14,3,2,1,1,2938.32,,-81.15,-2.76,0.2,6,-485.52,,-107.5,17.0,,1554,153,Cross-region details: selected multi-region products with mixed signs or large regional margin spreads.
G5,cross_region_sku_consistency,multi_region_product,FUR-FU-10003247 / 36X48 HARDFLOOR CHAIRMAT,Furniture / Furnishings,,12,12,3,2,1,1,738.5,,-80.98,-10.97,0.233,6,-122.1,,-132.5,7.0,,1553,154,Cross-region details: selected multi-region products with mixed signs or large regional margin spreads.
G5,cross_region_sku_consistency,multi_region_product,FUR-TA-10001866 / Bevis Round Conference Room Tables and Bases,Furniture / Tables,,4,4,2,1,1,1,1039.88,,-78.89,-7.59,0.25,2,-86.06,,-11.43,2.5,,1551,156,Cross-region details: selected multi-region products with mixed signs or large regional margin spreads.
G5,cross_region_sku_consistency,multi_region_product,TEC-PH-10004897 / Mediabridge Sport Armband iPhone 5s,Technology / Phones,,14,14,4,1,3,1,515.48,,-77.92,-15.12,0.143,8,-80.52,,-65.0,1.0,,1549,158,Cross-region details: selected multi-region products with mixed signs or large regional margin spreads.
G5,cross_region_sku_consistency,multi_region_product,OFF-AP-10004136 / Kensington 6 Outlet SmartSocket Surge Protector,Office Supplies / Appliances,,4,4,2,1,1,1,295.06,,-73.76,-25.0,0.4,2,-135.23,,-275.0,25.0,,1548,159,Cross-region details: selected multi-region products with mixed signs or large regional margin spreads.
G5,cross_region_sku_consistency,multi_region_product,"OFF-ST-10002756 / Tennsco Stur-D-Stor Boltless Shelving, 5 Shelves, 24"" Deep, Sand",Office Supplies / Storage,,14,14,3,2,1,1,8768.09,,-73.07,-0.83,0.029,2,-154.25,,-4.71,1.0,,1547,160,Cross-region details: selected multi-region products with mixed signs or large regional margin spreads.
G5,cross_region_sku_consistency,multi_region_product,FUR-CH-10001545 / Hon Comfortask Task/Swivel Chairs,Furniture / Chairs,,12,12,4,1,3,1,3373.81,,-72.95,-2.16,0.15,6,-186.93,,-20.0,10.64,,1546,161,Cross-region details: selected multi-region products with mixed signs or large regional margin spreads.
G5,cross_region_sku_consistency,multi_region_product,OFF-ST-10002485 / Rogers Deluxe File Chest,Office Supplies / Storage,,16,16,3,1,2,1,887.99,,-69.46,-7.82,0.1,8,-75.17,,-20.0,1.0,,1545,162,Cross-region details: selected multi-region products with mixed signs or large regional margin spreads.
G5,cross_region_sku_consistency,multi_region_product,FUR-CH-10003968 / Novimex Turbo Task Chair,Furniture / Chairs,,12,12,2,1,1,1,2683.04,,-65.3,-2.43,0.133,6,-136.28,,-10.0,5.38,,1544,163,Cross-region details: selected multi-region products with mixed signs or large regional margin spreads.
G5,cross_region_sku_consistency,multi_region_product,TEC-PH-10000562 / Samsung Convoy 3,Technology / Phones,,4,4,2,1,1,1,1376.28,,-62.15,-4.52,0.2,2,-186.46,,-20.0,28.0,,1542,165,Cross-region details: selected multi-region products with mixed signs or large regional margin spreads.
G5,cross_region_sku_consistency,multi_region_product,OFF-ST-10001469 / Fellowes Bankers Box Recycled Super Stor/Drawer,Office Supplies / Storage,,14,14,4,1,3,1,2375.12,,-60.46,-2.55,0.086,6,-151.14,,-17.5,6.0,,1540,167,Cross-region details: selected multi-region products with mixed signs or large regional margin spreads.
G5,cross_region_sku_consistency,multi_region_product,"OFF-BI-10003676 / GBC Standard Recycled Report Covers, Clear Plastic Sheets",Office Supplies / Binders,,24,24,3,1,2,1,517.44,,-54.33,-10.5,0.492,14,-191.45,,-50.53,35.0,,1539,168,Cross-region details: selected multi-region products with mixed signs or large regional margin spreads.
G5,cross_region_sku_consistency,multi_region_product,"FUR-BO-10001608 / Hon Metal Bookcases, Black",Furniture / Bookcases,,10,10,4,3,1,1,3140.16,,-53.94,-1.72,0.244,4,-423.04,,-150.0,25.0,,1538,169,Cross-region details: selected multi-region products with mixed signs or large regional margin spreads.
G5,cross_region_sku_consistency,multi_region_product,"OFF-ST-10000642 / Tennsco Lockers, Gray",Office Supplies / Storage,,12,12,3,1,2,1,805.63,,-52.87,-6.56,0.1,6,-76.37,,-8.5,7.0,,1537,170,Cross-region details: selected multi-region products with mixed signs or large regional margin spreads.
G5,cross_region_sku_consistency,multi_region_product,TEC-PH-10001448 / Anker Astro 15000mAh USB Portable Charger,Technology / Phones,,10,10,4,3,1,1,1199.76,,-47.99,-4.0,0.08,4,-79.98,,-20.0,4.0,,1535,172,Cross-region details: selected multi-region products with mixed signs or large regional margin spreads.
G5,cross_region_sku_consistency,multi_region_product,OFF-BI-10004465 / Avery Durable Slant Ring Binders,Office Supplies / Binders,,10,10,3,1,2,1,102.96,,-47.52,-46.15,0.62,8,-57.02,,-150.0,9.09,,1533,174,Cross-region details: selected multi-region products with mixed signs or large regional margin spreads.
G5,cross_region_sku_consistency,multi_region_product,TEC-MA-10003356 / Panasonic KX MC6040 Color Laser Multifunction Printer,Technology / Machines,,4,4,2,1,1,1,3239.64,,-45.0,-1.39,0.35,2,-773.91,,-143.33,27.0,,1532,175,Cross-region details: selected multi-region products with mixed signs or large regional margin spreads.
G5,cross_region_sku_consistency,multi_region_product,FUR-TA-10004086 / KI Adjustable-Height Table,Furniture / Tables,,14,14,4,2,2,1,3576.77,,-44.71,-1.25,0.257,8,-433.34,,-30.0,22.0,,1531,176,Cross-region details: selected multi-region products with mixed signs or large regional margin spreads.
G5,cross_region_sku_consistency,multi_region_product,"FUR-CH-10003535 / Global Armless Task Chair, Royal Blue",Furniture / Chairs,,16,16,3,1,2,1,2792.88,,-41.47,-1.48,0.175,8,-185.38,,-18.57,5.3,,1529,178,Cross-region details: selected multi-region products with mixed signs or large regional margin spreads.
G5,cross_region_sku_consistency,multi_region_product,TEC-PH-10000148 / Cyber Acoustics AC-202b Speech Recognition Stereo Headset,Technology / Phones,,10,10,4,2,2,1,239.02,,-41.05,-17.17,0.16,6,-43.13,,-63.33,2.0,,1528,179,Cross-region details: selected multi-region products with mixed signs or large regional margin spreads.
G5,cross_region_sku_consistency,multi_region_product,TEC-MA-10000752 / Texas Instrument TI-15 Fraction Calculator,Technology / Machines,,4,4,2,1,1,1,83.81,,-41.04,-48.97,0.45,2,-48.55,,-80.0,32.5,,1527,180,Cross-region details: selected multi-region products with mixed signs or large regional margin spreads.
G5,cross_region_sku_consistency,multi_region_product,OFF-ST-10003641 / Space Solutions Industrial Galvanized Steel Shelving.,Office Supplies / Storage,,6,6,2,1,1,1,1040.16,,-40.98,-3.94,0.067,2,-56.74,,-13.08,2.0,,1526,181,Cross-region details: selected multi-region products with mixed signs or large regional margin spreads.
G5,cross_region_sku_consistency,multi_region_product,OFF-AP-10004980 / 3M Replacement Filter for Office Air Cleaner for 20' x 33' Room,Office Supplies / Appliances,,8,8,2,1,1,1,606.72,,-40.95,-6.75,0.25,2,-217.66,,-205.0,35.3,,1525,182,Cross-region details: selected multi-region products with mixed signs or large regional margin spreads.
G5,cross_region_sku_consistency,multi_region_product,"FUR-BO-10004709 / Bush Westfield Collection Bookcases, Medium Cherry Finish",Furniture / Bookcases,,18,18,4,2,2,1,2853.78,,-40.59,-1.42,0.23,6,-250.47,,-17.53,11.7,,1524,183,Cross-region details: selected multi-region products with mixed signs or large regional margin spreads.
G5,cross_region_sku_consistency,multi_region_product,TEC-PH-10002200 / Aastra 6757i CT Wireless VoIP phone,Technology / Phones,,10,10,2,1,1,1,7655.66,,-40.29,-0.53,0.2,4,-867.58,,-1.69,11.25,,1523,184,Cross-region details: selected multi-region products with mixed signs or large regional margin spreads.
G5,cross_region_sku_consistency,multi_region_product,OFF-BI-10003196 / Accohide Poly Flexible Ring Binders,Office Supplies / Binders,,16,16,3,1,2,1,87.52,,-39.64,-45.3,0.538,10,-50.86,,-150.0,9.09,,1522,185,Cross-region details: selected multi-region products with mixed signs or large regional margin spreads.
G5,cross_region_sku_consistency,multi_region_product,OFF-BI-10003719 / Large Capacity Hanging Post Binders,Office Supplies / Binders,,10,10,3,2,1,1,553.89,,-38.92,-7.03,0.46,6,-179.64,,-80.0,32.5,,1519,188,Cross-region details: selected multi-region products with mixed signs or large regional margin spreads.
G5,cross_region_sku_consistency,multi_region_product,OFF-BI-10004781 / GBC Wire Binding Strips,Office Supplies / Binders,,10,10,3,1,2,1,425.32,,-36.82,-8.66,0.5,6,-125.69,,-73.33,35.0,,1518,189,Cross-region details: selected multi-region products with mixed signs or large regional margin spreads.
G5,cross_region_sku_consistency,multi_region_product,TEC-PH-10002844 / Speck Products Candyshell Flip Case,Technology / Phones,,8,8,2,1,1,1,377.89,,-36.39,-9.63,0.3,4,-48.99,,-23.33,7.5,,1517,190,Cross-region details: selected multi-region products with mixed signs or large regional margin spreads.
G5,cross_region_sku_consistency,multi_region_product,OFF-ST-10002583 / Fellowes Neat Ideas Storage Cubes,Office Supplies / Storage,,14,14,4,2,2,1,961.41,,-36.38,-3.78,0.086,6,-62.36,,-9.09,4.0,,1516,191,Cross-region details: selected multi-region products with mixed signs or large regional margin spreads.
G5,cross_region_sku_consistency,multi_region_product,OFF-AP-10002439 / Tripp Lite Isotel 8 Ultra 8 Outlet Metal Surge,Office Supplies / Appliances,,6,6,2,1,1,1,1646.5,,-34.07,-2.07,0.333,2,-383.24,,-3.6,7.5,,1514,193,Cross-region details: selected multi-region products with mixed signs or large regional margin spreads.
G5,cross_region_sku_consistency,multi_region_product,"FUR-FU-10002553 / Electrix Incandescent Magnifying Lamp, Black",Furniture / Furnishings,,4,4,2,1,1,1,234.56,,-32.99,-14.06,0.4,2,-48.38,,-82.5,8.75,,1513,194,Cross-region details: selected multi-region products with mixed signs or large regional margin spreads.
G5,cross_region_sku_consistency,multi_region_product,OFF-BI-10002813 / Avery Reinforcements for Hole-Punch Pages,Office Supplies / Binders,,16,16,3,1,2,1,57.02,,-32.27,-56.6,0.575,12,-41.38,,-175.0,28.26,,1512,195,Cross-region details: selected multi-region products with mixed signs or large regional margin spreads.
G5,cross_region_sku_consistency,multi_region_product,OFF-BI-10002827 / Avery Durable Poly Binders,Office Supplies / Binders,,12,12,4,2,2,1,165.9,,-31.19,-18.8,0.533,8,-75.43,,-170.0,32.5,,1511,196,Cross-region details: selected multi-region products with mixed signs or large regional margin spreads.
G5,cross_region_sku_consistency,multi_region_product,TEC-PH-10000169 / ARKON Windshield Dashboard Air Vent Car Mount Holder,Technology / Phones,,8,8,3,1,2,1,433.92,,-31.19,-7.19,0.1,4,-36.61,,-22.5,2.0,,1510,197,Cross-region details: selected multi-region products with mixed signs or large regional margin spreads.
G5,cross_region_sku_consistency,multi_region_product,TEC-PH-10004522 / Dexim XPower Skin Super-Thin Power Case for iPhone 5 - Black,Technology / Phones,,6,6,2,1,1,1,935.84,,-29.24,-3.13,0.2,2,-105.28,,-7.14,6.25,,1509,198,Cross-region details: selected multi-region products with mixed signs or large regional margin spreads.
G5,cross_region_sku_consistency,multi_region_product,"OFF-BI-10003694 / Avery 3 1/2"" Diskette Storage Pages, 10/Pack",Office Supplies / Binders,,12,12,3,1,2,1,275.62,,-28.81,-10.45,0.383,6,-90.2,,-80.0,22.86,,1508,199,Cross-region details: selected multi-region products with mixed signs or large regional margin spreads.
G5,cross_region_sku_consistency,multi_region_product,"OFF-BI-10001525 / Acco Pressboard Covers with Storage Hooks, 14 7/8"" x 11"", Executive Red",Office Supplies / Binders,,16,16,4,2,2,1,127.25,,-27.81,-21.86,0.563,12,-52.96,,-83.33,31.25,,1507,200,Cross-region details: selected multi-region products with mixed signs or large regional margin spreads.
G5,cross_region_sku_consistency,multi_region_product,OFF-BI-10004140 / Avery Non-Stick Binders,Office Supplies / Binders,,26,26,4,2,2,1,150.86,,-26.94,-17.86,0.462,12,-60.61,,-175.0,31.25,,1506,201,Cross-region details: selected multi-region products with mixed signs or large regional margin spreads.
G5,cross_region_sku_consistency,multi_region_product,TEC-PH-10003092 / Motorola L804,Technology / Phones,,12,12,4,3,1,1,1214.14,,-26.67,-2.2,0.267,4,-101.18,,-18.33,11.25,,1505,202,Cross-region details: selected multi-region products with mixed signs or large regional margin spreads.
G5,cross_region_sku_consistency,multi_region_product,OFF-BI-10000285 / XtraLife ClearVue Slant-D Ring Binders by Cardinal,Office Supplies / Binders,,10,10,4,2,2,1,145.82,,-26.66,-18.28,0.5,6,-67.42,,-150.0,50.0,,1504,203,Cross-region details: selected multi-region products with mixed signs or large regional margin spreads.
G5,cross_region_sku_consistency,multi_region_product,OFF-BI-10002414 / GBC ProClick Spines for 32-Hole Punch,Office Supplies / Binders,,10,10,3,1,2,1,132.82,,-26.56,-20.0,0.44,6,-61.9,,-165.0,18.46,,1503,204,Cross-region details: selected multi-region products with mixed signs or large regional margin spreads.
G5,cross_region_sku_consistency,multi_region_product,OFF-SU-10004498 / Martin-Yale Premier Letter Opener,Office Supplies / Supplies,,14,14,4,1,3,1,473.98,,-25.76,-5.43,0.086,6,-35.03,,-21.25,3.0,,1502,205,Cross-region details: selected multi-region products with mixed signs or large regional margin spreads.
G5,cross_region_sku_consistency,multi_region_product,OFF-ST-10000563 / Fellowes Bankers Box Stor/Drawer Steel Plus,Office Supplies / Storage,,24,24,4,3,1,1,2852.62,,-25.58,-0.9,0.1,12,-172.69,,-12.5,10.0,,1501,206,Cross-region details: selected multi-region products with mixed signs or large regional margin spreads.
G5,cross_region_sku_consistency,multi_region_product,OFF-BI-10002194 / Cardinal Hold-It CD Pocket,Office Supplies / Binders,,8,8,2,1,1,1,76.61,,-24.9,-32.5,0.5,4,-42.13,,-165.0,33.75,,1500,207,Cross-region details: selected multi-region products with mixed signs or large regional margin spreads.
G5,cross_region_sku_consistency,multi_region_product,OFF-BI-10001679 / GBC Instant Index System for Binding Systems,Office Supplies / Binders,,10,10,3,1,2,1,143.86,,-24.86,-17.28,0.48,6,-58.61,,-150.0,37.5,,1499,208,Cross-region details: selected multi-region products with mixed signs or large regional margin spreads.
G5,cross_region_sku_consistency,multi_region_product,FUR-BO-10002853 / O'Sullivan 5-Shelf Heavy-Duty Bookcases,Furniture / Bookcases,,8,8,3,2,1,1,1081.61,,-24.58,-2.27,0.175,2,-163.88,,-25.0,25.0,,1498,209,Cross-region details: selected multi-region products with mixed signs or large regional margin spreads.
G5,cross_region_sku_consistency,multi_region_product,"FUR-TA-10001520 / Lesro Sheffield Collection Coffee Table, End Table, Center Table, Corner Table",Furniture / Tables,,18,18,4,2,2,1,4596.23,,-24.27,-0.53,0.178,14,-218.39,,-18.57,17.0,,1497,210,Cross-region details: selected multi-region products with mixed signs or large regional margin spreads.
G5,cross_region_sku_consistency,multi_region_product,TEC-AC-10001314 / Case Logic 2.4GHz Wireless Keyboard,Technology / Accessories,,16,16,4,2,2,1,2459.51,,-24.0,-0.98,0.075,6,-143.97,,-8.24,8.0,,1496,211,Cross-region details: selected multi-region products with mixed signs or large regional margin spreads.
G5,cross_region_sku_consistency,multi_region_product,TEC-PH-10004774 / Gear Head AU3700S Headset,Technology / Phones,,6,6,2,1,1,1,379.31,,-23.9,-6.3,0.067,2,-30.92,,-21.25,3.0,,1494,213,Cross-region details: selected multi-region products with mixed signs or large regional margin spreads.
G5,cross_region_sku_consistency,multi_region_product,"OFF-BI-10000343 / Pressboard Covers with Storage Hooks, 9 1/2"" x 11"", Light Blue",Office Supplies / Binders,,24,24,3,2,1,1,205.24,,-23.76,-11.58,0.45,12,-79.35,,-124.23,33.75,,1493,214,Cross-region details: selected multi-region products with mixed signs or large regional margin spreads.
G5,cross_region_sku_consistency,multi_region_product,OFF-BI-10004817 / GBC Personal VeloBind Strips,Office Supplies / Binders,,14,14,4,2,2,1,313.88,,-22.52,-7.18,0.429,6,-96.32,,-160.0,35.0,,1492,215,Cross-region details: selected multi-region products with mixed signs or large regional margin spreads.
G5,cross_region_sku_consistency,multi_region_product,FUR-FU-10001546 / Dana Swing-Arm Lamps,Furniture / Furnishings,,14,14,3,2,1,1,217.87,,-22.43,-10.29,0.343,6,-44.86,,-87.5,25.0,,1491,216,Cross-region details: selected multi-region products with mixed signs or large regional margin spreads.
G5,cross_region_sku_consistency,multi_region_product,TEC-PH-10004080 / Avaya 5410 Digital phone,Technology / Phones,,8,8,3,2,1,1,1251.02,,-21.76,-1.74,0.3,4,-97.91,,-20.0,10.0,,1490,217,Cross-region details: selected multi-region products with mixed signs or large regional margin spreads.
G5,cross_region_sku_consistency,multi_region_product,OFF-AP-10004868 / Hoover Commercial Soft Guard Upright Vacuum And Disposable Filtration Bags,Office Supplies / Appliances,,8,8,3,2,1,1,183.37,,-20.82,-11.36,0.25,2,-49.42,,-265.0,27.0,,1489,218,Cross-region details: selected multi-region products with mixed signs or large regional margin spreads.
G5,cross_region_sku_consistency,multi_region_product,"OFF-FA-10001883 / Alliance Super-Size Bands, Assorted Sizes",Office Supplies / Fasteners,,8,8,2,1,1,1,395.22,,-20.69,-5.24,0.05,2,-23.65,,-7.61,1.0,,1488,219,Cross-region details: selected multi-region products with mixed signs or large regional margin spreads.
G5,cross_region_sku_consistency,multi_region_product,OFF-BI-10001757 / Pressboard Hanging Data Binders for Unburst Sheets,Office Supplies / Binders,,20,20,4,1,3,1,225.34,,-20.27,-9.0,0.44,10,-73.8,,-160.0,35.0,,1487,220,Cross-region details: selected multi-region products with mixed signs or large regional margin spreads.
G5,cross_region_sku_consistency,multi_region_product,"FUR-BO-10004409 / Safco Value Mate Series Steel Bookcases, Baked Enamel Finish on Steel, Gray",Furniture / Bookcases,,12,12,3,2,1,1,1717.72,,-19.87,-1.16,0.245,6,-215.78,,-44.0,22.16,,1485,222,Cross-region details: selected multi-region products with mixed signs or large regional margin spreads.
G5,cross_region_sku_consistency,multi_region_product,OFF-AP-10001564 / Hoover Commercial Lightweight Upright Vacuum with E-Z Empty Dirt Cup,Office Supplies / Appliances,,6,6,2,1,1,1,2046.7,,-18.61,-0.91,0.267,2,-502.37,,-23.33,26.0,,1484,223,Cross-region details: selected multi-region products with mixed signs or large regional margin spreads.
G5,cross_region_sku_consistency,multi_region_product,"OFF-BI-10004330 / GBC Velobind Prepunched Cover Sets, Regency Series",Office Supplies / Binders,,14,14,2,1,1,1,1323.88,,-18.49,-1.4,0.414,6,-314.33,,-83.33,31.25,,1483,224,Cross-region details: selected multi-region products with mixed signs or large regional margin spreads.
G5,cross_region_sku_consistency,multi_region_product,"OFF-BI-10001116 / Wilson Jones 1"" Hanging DublLock Ring Binders",Office Supplies / Binders,,20,20,4,1,3,1,235.49,,-17.11,-7.26,0.5,12,-74.98,,-73.33,13.33,,1482,225,Cross-region details: selected multi-region products with mixed signs or large regional margin spreads.
G5,cross_region_sku_consistency,multi_region_product,"FUR-BO-10003966 / Sauder Facets Collection Library, Sky Alder Finish",Furniture / Bookcases,,8,8,2,1,1,1,2855.37,,-17.1,-0.6,0.15,2,-143.62,,-2.44,1.18,,1481,226,Cross-region details: selected multi-region products with mixed signs or large regional margin spreads.
G5,cross_region_sku_consistency,multi_region_product,OFF-ST-10002486 / Eldon Shelf Savers Cubes and Bins,Office Supplies / Storage,,16,16,3,2,1,1,600.28,,-15.36,-2.56,0.05,4,-25.13,,-17.6,2.0,,1479,228,Cross-region details: selected multi-region products with mixed signs or large regional margin spreads.
G5,cross_region_sku_consistency,multi_region_product,"FUR-FU-10001756 / Eldon Expressions Desk Accessory, Wood Photo Frame, Mahogany",Furniture / Furnishings,,12,12,3,2,1,1,525.5,,-15.23,-2.9,0.3,4,-94.44,,-12.56,11.25,,1478,229,Cross-region details: selected multi-region products with mixed signs or large regional margin spreads.
G5,cross_region_sku_consistency,multi_region_product,OFF-ST-10004180 / Safco Commercial Shelving,Office Supplies / Storage,,10,10,4,2,2,1,967.41,,-14.88,-1.54,0.08,4,-44.65,,-20.0,4.0,,1477,230,Cross-region details: selected multi-region products with mixed signs or large regional margin spreads.
G5,cross_region_sku_consistency,multi_region_product,OFF-AP-10002403 / Acco Smartsocket Color-Coded Six-Outlet AC Adapter Model Surge Protectors,Office Supplies / Appliances,,8,8,3,2,1,1,897.8,,-14.08,-1.57,0.3,2,-142.59,,-270.0,22.92,,1476,231,Cross-region details: selected multi-region products with mixed signs or large regional margin spreads.
G5,cross_region_sku_consistency,multi_region_product,OFF-BI-10002609 / Avery Hidden Tab Dividers for Binding Systems,Office Supplies / Binders,,14,14,3,1,2,1,63.18,,-14.07,-22.26,0.614,10,-28.01,,-170.0,32.5,,1475,232,Cross-region details: selected multi-region products with mixed signs or large regional margin spreads.
G5,cross_region_sku_consistency,multi_region_product,OFF-ST-10000321 / Akro Stacking Bins,Office Supplies / Storage,,12,12,3,1,2,1,183.05,,-13.89,-7.59,0.1,6,-17.67,,-20.0,4.0,,1474,233,Cross-region details: selected multi-region products with mixed signs or large regional margin spreads.
G5,cross_region_sku_consistency,multi_region_product,TEC-PH-10001527 / Plantronics MX500i Earset,Technology / Phones,,14,14,3,1,2,1,1236.96,,-12.88,-1.04,0.057,4,-43.81,,-21.25,3.0,,1473,234,Cross-region details: selected multi-region products with mixed signs or large regional margin spreads.
G5,cross_region_sku_consistency,multi_region_product,OFF-SU-10001225 / Staple remover,Office Supplies / Supplies,,16,16,4,1,3,1,160.45,,-12.66,-7.89,0.1,8,-14.57,,-22.5,2.0,,1471,236,Cross-region details: selected multi-region products with mixed signs or large regional margin spreads.
G5,cross_region_sku_consistency,multi_region_product,FUR-FU-10001967 / Telescoping Adjustable Floor Lamp,Furniture / Furnishings,,12,12,3,2,1,1,287.86,,-11.99,-4.17,0.3,4,-41.98,,-87.5,25.0,,1470,237,Cross-region details: selected multi-region products with mixed signs or large regional margin spreads.
G5,cross_region_sku_consistency,multi_region_product,OFF-BI-10000494 / Acco Economy Flexible Poly Round Ring Binder,Office Supplies / Binders,,8,8,3,1,2,1,22.97,,-11.48,-50.0,0.6,6,-14.09,,-175.0,31.25,,1469,238,Cross-region details: selected multi-region products with mixed signs or large regional margin spreads.
G5,cross_region_sku_consistency,multi_region_product,OFF-FA-10000053 / Revere Boxed Rubber Bands by Revere,Office Supplies / Fasteners,,12,12,4,2,2,1,96.01,,-11.42,-11.89,0.1,6,-12.25,,-22.5,2.0,,1468,239,Cross-region details: selected multi-region products with mixed signs or large regional margin spreads.
G5,cross_region_sku_consistency,multi_region_product,"OFF-BI-10000201 / Avery Triangle Shaped Sheet Lifters, Black, 2/Pack",Office Supplies / Binders,,12,12,3,1,2,1,51.66,,-9.84,-19.05,0.617,10,-22.14,,-150.0,32.2,,1466,241,Cross-region details: selected multi-region products with mixed signs or large regional margin spreads.
G5,cross_region_sku_consistency,multi_region_product,OFF-BI-10004022 / Acco Suede Grain Vinyl Round Ring Binder,Office Supplies / Binders,,16,16,4,1,3,1,77.28,,-9.79,-12.66,0.538,10,-25.69,,-170.0,32.5,,1465,242,Cross-region details: selected multi-region products with mixed signs or large regional margin spreads.
G5,cross_region_sku_consistency,multi_region_product,"OFF-ST-10000419 / Rogers Jumbo File, Granite",Office Supplies / Storage,,14,14,4,3,1,1,635.54,,-9.78,-1.54,0.029,2,-15.48,,-10.0,1.0,,1464,243,Cross-region details: selected multi-region products with mixed signs or large regional margin spreads.
G5,cross_region_sku_consistency,multi_region_product,FUR-FU-10002505 / Eldon 100 Class Desk Accessories,Furniture / Furnishings,,8,8,2,1,1,1,72.79,,-9.71,-13.33,0.3,4,-22.65,,-70.0,32.0,,1463,244,Cross-region details: selected multi-region products with mixed signs or large regional margin spreads.
G5,cross_region_sku_consistency,multi_region_product,OFF-BI-10004141 / Insertable Tab Indexes For Data Binders,Office Supplies / Binders,,10,10,3,1,2,1,34.98,,-9.67,-27.64,0.6,8,-18.44,,-170.0,46.0,,1462,245,Cross-region details: selected multi-region products with mixed signs or large regional margin spreads.
G5,cross_region_sku_consistency,multi_region_product,OFF-BI-10002071 / Fellowes Black Plastic Comb Bindings,Office Supplies / Binders,,18,18,3,1,2,1,204.51,,-8.83,-4.32,0.411,8,-61.12,,-80.0,32.5,,1461,246,Cross-region details: selected multi-region products with mixed signs or large regional margin spreads.
G5,cross_region_sku_consistency,multi_region_product,"OFF-BI-10000216 / Mead 1st Gear 2"" Zipper Binder, Asst. Colors",Office Supplies / Binders,,6,6,3,1,2,1,108.95,,-7.78,-7.14,0.533,4,-31.13,,-66.67,37.5,,1460,247,Cross-region details: selected multi-region products with mixed signs or large regional margin spreads.
G5,cross_region_sku_consistency,multi_region_product,OFF-AP-10000124 / Acco 6 Outlet Guardian Basic Surge Suppressor,Office Supplies / Appliances,,4,4,2,1,1,1,76.54,,-7.32,-9.57,0.4,2,-25.96,,-260.0,28.0,,1457,250,Cross-region details: selected multi-region products with mixed signs or large regional margin spreads.
G5,cross_region_sku_consistency,multi_region_product,OFF-SU-10002189 / Acme Rosewood Handle Letter Opener,Office Supplies / Supplies,,6,6,2,1,1,1,87.34,,-6.99,-8.0,0.067,2,-7.54,,-23.75,1.0,,1456,251,Cross-region details: selected multi-region products with mixed signs or large regional margin spreads.
G5,cross_region_sku_consistency,multi_region_product,OFF-FA-10004395 / Plymouth Boxed Rubber Bands by Plymouth,Office Supplies / Fasteners,,10,10,3,1,2,1,154.49,,-6.59,-4.27,0.08,4,-11.3,,-7.95,5.0,,1455,252,Cross-region details: selected multi-region products with mixed signs or large regional margin spreads.
G5,cross_region_sku_consistency,multi_region_product,OFF-ST-10000736 / Carina Double Wide Media Storage Towers in Natural & Black,Office Supplies / Storage,,24,24,4,1,3,1,6057.3,,-6.48,-0.11,0.067,8,-207.31,,-20.0,4.0,,1454,253,Cross-region details: selected multi-region products with mixed signs or large regional margin spreads.
G5,cross_region_sku_consistency,multi_region_product,"OFF-BI-10004209 / Fellowes Twister Kit, Gray/Clear, 3/pkg",Office Supplies / Binders,,20,20,4,2,2,1,365.02,,-6.43,-1.76,0.43,10,-114.97,,-83.33,31.25,,1453,254,Cross-region details: selected multi-region products with mixed signs or large regional margin spreads.
G5,cross_region_sku_consistency,multi_region_product,OFF-BI-10004094 / GBC Standard Plastic Binding Systems Combs,Office Supplies / Binders,,10,10,2,1,1,1,111.51,,-5.84,-5.24,0.5,6,-42.13,,-155.0,37.55,,1452,255,Cross-region details: selected multi-region products with mixed signs or large regional margin spreads.
G5,cross_region_sku_consistency,multi_region_product,"FUR-FU-10004415 / Stacking Tray, Side-Loading, Legal, Smoke",Furniture / Furnishings,,8,8,3,2,1,1,93.18,,-5.73,-6.15,0.25,2,-18.19,,-72.5,31.0,,1451,256,Cross-region details: selected multi-region products with mixed signs or large regional margin spreads.
G5,cross_region_sku_consistency,multi_region_product,OFF-AP-10001634 / Hoover Commercial Lightweight Upright Vacuum,Office Supplies / Appliances,,4,4,2,1,1,1,36.19,,-5.01,-13.85,0.5,2,-7.52,,-270.0,7.5,,1449,258,Cross-region details: selected multi-region products with mixed signs or large regional margin spreads.
G5,cross_region_sku_consistency,multi_region_product,TEC-PH-10004531 / OtterBox Commuter Series Case - iPhone 5 & 5s,Technology / Phones,,6,6,2,1,1,1,416.72,,-4.66,-1.12,0.2,2,-50.4,,-8.46,35.0,,1448,259,Cross-region details: selected multi-region products with mixed signs or large regional margin spreads.
G5,cross_region_sku_consistency,multi_region_product,"OFF-BI-10000309 / GBC Twin Loop Wire Binding Elements, 9/16"" Spine, Black",Office Supplies / Binders,,18,18,4,3,1,1,538.79,,-4.57,-0.85,0.389,8,-179.6,,-155.0,49.0,,1447,260,Cross-region details: selected multi-region products with mixed signs or large regional margin spreads.
G5,cross_region_sku_consistency,multi_region_product,OFF-BI-10002982 / Avery Self-Adhesive Photo Pockets for Polaroid Photos,Office Supplies / Binders,,22,22,4,2,2,1,286.02,,-4.36,-1.52,0.536,14,-73.0,,-160.0,19.73,,1446,261,Cross-region details: selected multi-region products with mixed signs or large regional margin spreads.
G5,cross_region_sku_consistency,multi_region_product,TEC-AC-10000199 / Kingston Digital DataTraveler 8GB USB 2.0,Technology / Accessories,,6,6,3,1,2,1,88.06,,-4.05,-4.59,0.133,4,-5.71,,-7.5,14.0,,1445,262,Cross-region details: selected multi-region products with mixed signs or large regional margin spreads.
G5,cross_region_sku_consistency,multi_region_product,OFF-BI-10003784 / Computer Printout Index Tabs,Office Supplies / Binders,,8,8,2,1,1,1,22.18,,-4.03,-18.18,0.5,4,-9.68,,-160.0,35.0,,1444,263,Cross-region details: selected multi-region products with mixed signs or large regional margin spreads.
G5,cross_region_sku_consistency,multi_region_product,OFF-BI-10000831 / Storex Flexible Poly Binders with Double Pockets,Office Supplies / Binders,,6,6,2,1,1,1,21.65,,-4.01,-18.54,0.467,4,-8.87,,-80.0,46.0,,1443,264,Cross-region details: selected multi-region products with mixed signs or large regional margin spreads.
G5,cross_region_sku_consistency,multi_region_product,OFF-BI-10000848 / Angle-D Ring Binders,Office Supplies / Binders,,12,12,2,1,1,1,78.77,,-3.94,-5.0,0.533,8,-21.0,,-80.0,1.82,,1442,265,Cross-region details: selected multi-region products with mixed signs or large regional margin spreads.
G5,cross_region_sku_consistency,multi_region_product,"FUR-FU-10002030 / Executive Impressions 14"" Contract Wall Clock with Quartz Movement",Furniture / Furnishings,,4,4,2,1,1,1,195.62,,-3.56,-1.82,0.4,2,-35.57,,-40.0,30.0,,1441,266,Cross-region details: selected multi-region products with mixed signs or large regional margin spreads.
G5,cross_region_sku_consistency,multi_region_product,OFF-SU-10003936 / Acme Serrated Blade Letter Opener,Office Supplies / Supplies,,4,4,2,1,1,1,27.98,,-3.5,-12.5,0.1,2,-3.63,,-23.75,1.0,,1440,267,Cross-region details: selected multi-region products with mixed signs or large regional margin spreads.
G5,cross_region_sku_consistency,multi_region_product,"FUR-FU-10001379 / Executive Impressions 16-1/2"" Circular Wall Clock",Furniture / Furnishings,,4,4,2,1,1,1,117.57,,-2.14,-1.82,0.3,2,-25.65,,-40.0,44.0,,1439,268,Cross-region details: selected multi-region products with mixed signs or large regional margin spreads.
G5,cross_region_sku_consistency,multi_region_product,OFF-BI-10004967 / Round Ring Binders,Office Supplies / Binders,,12,12,3,2,1,1,59.9,,-1.83,-3.06,0.467,6,-16.43,,-165.0,33.75,,1438,269,Cross-region details: selected multi-region products with mixed signs or large regional margin spreads.
G5,cross_region_sku_consistency,multi_region_product,"OFF-BI-10002571 / Avery Framed View Binder, EZD Ring (Locking), Navy, 1 1/2""",Office Supplies / Binders,,12,12,3,2,1,1,199.6,,-1.4,-0.7,0.45,6,-57.88,,-165.0,47.0,,1437,270,Cross-region details: selected multi-region products with mixed signs or large regional margin spreads.
G5,cross_region_sku_consistency,multi_region_product,OFF-ST-10004963 / Eldon Gobal File Keepers,Office Supplies / Storage,,12,12,3,2,1,1,696.44,,-1.21,-0.17,0.067,4,-24.22,,-20.0,4.0,,1436,271,Cross-region details: selected multi-region products with mixed signs or large regional margin spreads.
G5,cross_region_sku_consistency,multi_region_product,"OFF-FA-10001135 / Brites Rubber Bands, 1 1/2 oz. Box",Office Supplies / Fasteners,,6,6,2,1,1,1,26.14,,-1.03,-3.94,0.067,2,-1.43,,-22.5,2.0,,1435,272,Cross-region details: selected multi-region products with mixed signs or large regional margin spreads.
G5,cross_region_sku_consistency,multi_region_product,OFF-FA-10004968 / Rubber Band Ball,Office Supplies / Fasteners,,8,8,2,1,1,1,116.69,,-0.6,-0.51,0.05,2,-2.69,,-1.11,2.0,,1434,273,Cross-region details: selected multi-region products with mixed signs or large regional margin spreads.
G5,cross_region_sku_consistency,multi_region_product,"OFF-BI-10001132 / Acco PRESSTEX Data Binder with Storage Hooks, Dark Blue, 9 1/2"" X 11""",Office Supplies / Binders,,8,8,4,1,3,1,125.89,,-0.32,-0.26,0.55,6,-42.5,,-155.0,49.0,,1433,274,Cross-region details: selected multi-region products with mixed signs or large regional margin spreads.
G5,cross_region_sku_consistency,multi_region_product,FUR-CH-10004289 / Global Super Steno Chair,Furniture / Chairs,,14,14,3,2,1,1,4779.8,,-0.0,-0.0,0.143,8,-255.31,,-3.75,7.78,,1432,275,Cross-region details: selected multi-region products with mixed signs or large regional margin spreads.
G5,cross_region_sku_consistency,multi_region_product,"OFF-BI-10002931 / Avery Trapezoid Extra Heavy Duty 4"" Binders",Office Supplies / Binders,,8,8,2,1,1,1,629.1,,-0.0,-0.0,0.45,4,-150.98,,-4.48,37.5,,1431,276,Cross-region details: selected multi-region products with mixed signs or large regional margin spreads.
G5,cross_region_sku_consistency,multi_region_product,OFF-SU-10003505 / Premier Electric Letter Opener,Office Supplies / Supplies,,16,16,4,2,2,1,5283.22,,0.0,0.0,0.075,6,-208.55,,-18.75,5.0,,1429,278,Cross-region details: selected multi-region products with mixed signs or large regional margin spreads.
G5,cross_region_sku_consistency,multi_region_product,FUR-CH-10002024 / HON 5400 Series Task Chairs for Big and Tall,Furniture / Chairs,,16,16,4,1,1,1,43741.15,,0.0,0.0,0.2,6,-2243.14,,-2.56,3.03,,1428,279,Cross-region details: selected multi-region products with mixed signs or large regional margin spreads.
G5,cross_region_sku_consistency,multi_region_product,OFF-FA-10003472 / Bagged Rubber Bands,Office Supplies / Fasteners,,10,10,3,2,1,1,51.41,,0.6,1.18,0.04,2,-1.21,,-20.0,4.0,,1426,281,Cross-region details: selected multi-region products with mixed signs or large regional margin spreads.
G5,cross_region_sku_consistency,multi_region_product,OFF-AP-10002906 / Hoover Replacement Belt for Commercial Guardsman Heavy-Duty Upright Vacuum,Office Supplies / Appliances,,8,8,2,1,1,1,19.54,,0.89,4.55,0.3,2,-2.22,,-250.0,16.67,,1425,282,Cross-region details: selected multi-region products with mixed signs or large regional margin spreads.
G5,cross_region_sku_consistency,multi_region_product,FUR-FU-10002240 / Nu-Dell EZ-Mount Plastic Wall Frames,Furniture / Furnishings,,4,4,2,1,1,1,39.4,,1.58,4.0,0.3,2,-7.88,,-50.0,40.0,,1424,283,Cross-region details: selected multi-region products with mixed signs or large regional margin spreads.
G5,cross_region_sku_consistency,multi_region_product,TEC-AC-10002134 / Rosewill 107 Normal Keys USB Wired Standard Keyboard,Technology / Accessories,,6,6,3,2,1,1,210.29,,1.62,0.77,0.067,2,-9.71,,-7.5,14.0,,1423,284,Cross-region details: selected multi-region products with mixed signs or large regional margin spreads.
G5,cross_region_sku_consistency,multi_region_product,OFF-BI-10003350 / Acco Expandable Hanging Binders,Office Supplies / Binders,,8,8,3,2,1,1,77.84,,2.04,2.62,0.35,4,-21.44,,-80.0,46.0,,1422,285,Cross-region details: selected multi-region products with mixed signs or large regional margin spreads.
G5,cross_region_sku_consistency,multi_region_product,OFF-BI-10004364 / Storex Dura Pro Binders,Office Supplies / Binders,,24,24,4,3,1,1,250.67,,2.38,0.95,0.467,14,-81.38,,-24.02,31.25,,1420,287,Cross-region details: selected multi-region products with mixed signs or large regional margin spreads.
G5,cross_region_sku_consistency,multi_region_product,TEC-AC-10000387 / KeyTronic_KT800P2 -_Keyboard_- Black,Technology / Accessories,,6,6,2,1,1,1,150.2,,2.4,1.6,0.133,4,-3.0,,-2.5,3.53,,1419,288,Cross-region details: selected multi-region products with mixed signs or large regional margin spreads.
G5,cross_region_sku_consistency,multi_region_product,OFF-AP-10000804 / Hoover Portapower Portable Vacuum,Office Supplies / Appliances,,8,8,3,2,1,1,123.65,,2.69,2.17,0.3,2,-14.78,,-275.0,25.0,,1418,289,Cross-region details: selected multi-region products with mixed signs or large regional margin spreads.
G5,cross_region_sku_consistency,multi_region_product,"OFF-AP-10001626 / Commercial WindTunnel Clean Air Upright Vacuum, Replacement Belts, Filtration Bags",Office Supplies / Appliances,,14,14,3,2,1,1,101.14,,3.27,3.23,0.229,4,-21.01,,-270.0,26.0,,1417,290,Cross-region details: selected multi-region products with mixed signs or large regional margin spreads.
G5,cross_region_sku_consistency,multi_region_product,TEC-AC-10002217 / Imation_Clip USB_flash drive_- 8 GB,Technology / Accessories,,14,14,3,2,1,1,887.36,,3.76,0.42,0.086,6,-36.85,,-0.71,6.0,,1416,291,Cross-region details: selected multi-region products with mixed signs or large regional margin spreads.
G5,cross_region_sku_consistency,multi_region_product,OFF-BI-10003094 / Self-Adhesive Ring Binder Labels,Office Supplies / Binders,,8,8,3,2,1,1,45.76,,4.72,10.31,0.425,4,-9.5,,-76.67,33.75,,1412,295,Cross-region details: selected multi-region products with mixed signs or large regional margin spreads.
G5,cross_region_sku_consistency,multi_region_product,OFF-ST-10000617 / Woodgrain Magazine Files by Perma,Office Supplies / Storage,,12,12,4,3,1,1,138.27,,5.24,3.79,0.067,4,-3.1,,-16.25,7.0,,1411,296,Cross-region details: selected multi-region products with mixed signs or large regional margin spreads.
G5,cross_region_sku_consistency,multi_region_product,OFF-AP-10003278 / Belkin 7-Outlet SurgeMaster Home Series,Office Supplies / Appliances,,10,10,4,3,1,1,212.34,,5.59,2.63,0.24,2,-30.18,,-270.0,26.0,,1409,298,Cross-region details: selected multi-region products with mixed signs or large regional margin spreads.
G5,cross_region_sku_consistency,multi_region_product,"FUR-FU-10004587 / GE General Use Halogen Bulbs, 100 Watts, 1 Bulb per Pack",Furniture / Furnishings,,6,6,2,1,1,1,326.66,,6.28,1.92,0.4,4,-55.28,,-27.5,49.0,,1406,301,Cross-region details: selected multi-region products with mixed signs or large regional margin spreads.
G5,cross_region_sku_consistency,multi_region_product,OFF-BI-10000301 / GBC Instant Report Kit,Office Supplies / Binders,,26,26,4,3,1,1,329.97,,6.47,1.96,0.492,16,-104.81,,-66.67,37.5,,1405,302,Cross-region details: selected multi-region products with mixed signs or large regional margin spreads.
G5,cross_region_sku_consistency,multi_region_product,OFF-BI-10001153 / Ibico Recycled Grain-Textured Covers,Office Supplies / Binders,,8,8,3,1,2,1,283.23,,6.91,2.44,0.4,4,-69.08,,-66.67,37.5,,1404,303,Cross-region details: selected multi-region products with mixed signs or large regional margin spreads.
G5,cross_region_sku_consistency,multi_region_product,"OFF-AP-10004052 / Hoover Replacement Belts For Soft Guard & Commercial Ltweight Upright Vacs, 2/Pk",Office Supplies / Appliances,,10,10,3,2,1,1,112.18,,6.95,6.2,0.2,2,-17.06,,-14.83,26.0,,1402,305,Cross-region details: selected multi-region products with mixed signs or large regional margin spreads.
G5,cross_region_sku_consistency,multi_region_product,FUR-FU-10003489 / Contemporary Borderless Frame,Furniture / Furnishings,,4,4,2,1,1,1,72.32,,7.23,10.0,0.3,2,-11.88,,-57.5,37.0,,1400,307,Cross-region details: selected multi-region products with mixed signs or large regional margin spreads.
G5,cross_region_sku_consistency,multi_region_product,OFF-BI-10002954 / Newell 3-Hole Punched Plastic Slotted Magazine Holders for Binders,Office Supplies / Binders,,12,12,4,3,1,1,102.37,,7.31,7.14,0.433,6,-23.76,,-73.33,35.0,,1399,308,Cross-region details: selected multi-region products with mixed signs or large regional margin spreads.
G5,cross_region_sku_consistency,multi_region_product,TEC-PH-10004348 / OtterBox Defender Series Case - iPhone 5c,Technology / Phones,,4,4,2,1,1,1,266.26,,7.4,2.78,0.3,2,-14.79,,-16.67,12.5,,1398,309,Cross-region details: selected multi-region products with mixed signs or large regional margin spreads.
G5,cross_region_sku_consistency,multi_region_product,OFF-BI-10004656 / Peel & Stick Add-On Corner Pockets,Office Supplies / Binders,,14,14,3,2,1,1,76.03,,8.64,11.36,0.4,6,-15.03,,-22.35,19.31,,1392,315,Cross-region details: selected multi-region products with mixed signs or large regional margin spreads.
G5,cross_region_sku_consistency,multi_region_product,"OFF-BI-10003429 / Cardinal HOLDit! Binder Insert Strips,Extra Strips",Office Supplies / Binders,,18,18,3,2,1,1,273.46,,8.74,3.19,0.456,8,-72.04,,-155.0,36.25,,1391,316,Cross-region details: selected multi-region products with mixed signs or large regional margin spreads.
G5,cross_region_sku_consistency,multi_region_product,OFF-ST-10000636 / Rogers Profile Extra Capacity Storage Tub,Office Supplies / Storage,,14,14,3,2,1,1,1037.88,,9.37,0.9,0.029,2,-26.78,,-20.0,4.0,,1388,319,Cross-region details: selected multi-region products with mixed signs or large regional margin spreads.
G5,cross_region_sku_consistency,multi_region_product,FUR-FU-10004909 / Contemporary Wood/Metal Frame,Furniture / Furnishings,,8,8,3,2,1,1,387.84,,9.7,2.5,0.35,4,-72.72,,-62.5,35.0,,1387,320,Cross-region details: selected multi-region products with mixed signs or large regional margin spreads.
G5,cross_region_sku_consistency,multi_region_product,OFF-BI-10001308 / GBC Standard Plastic Binding Systems' Combs,Office Supplies / Binders,,16,16,4,2,2,1,217.29,,10.05,4.62,0.425,8,-57.15,,-83.33,31.25,,1384,323,Cross-region details: selected multi-region products with mixed signs or large regional margin spreads.
G5,cross_region_sku_consistency,multi_region_product,TEC-AC-10002718 / Belkin Standard 104 key USB Keyboard,Technology / Accessories,,12,12,3,1,2,1,531.08,,10.21,1.92,0.167,10,-20.43,,-6.25,6.36,,1382,325,Cross-region details: selected multi-region products with mixed signs or large regional margin spreads.
G5,cross_region_sku_consistency,multi_region_product,"OFF-BI-10002103 / Cardinal Slant-D Ring Binder, Heavy Gauge Vinyl",Office Supplies / Binders,,20,20,3,1,2,1,358.03,,10.78,3.01,0.41,8,-79.6,,-170.0,23.85,,1379,328,Cross-region details: selected multi-region products with mixed signs or large regional margin spreads.
G5,cross_region_sku_consistency,multi_region_product,TEC-AC-10003441 / Kingston Digital DataTraveler 32GB USB 2.0,Technology / Accessories,,14,14,4,2,2,1,711.9,,10.85,1.52,0.057,4,-23.73,,-17.5,6.0,,1378,329,Cross-region details: selected multi-region products with mixed signs or large regional margin spreads.
G5,cross_region_sku_consistency,multi_region_product,OFF-BI-10001787 / Wilson Jones Four-Pocket Poly Binders,Office Supplies / Binders,,8,8,3,2,1,1,124.26,,10.86,8.74,0.425,4,-29.95,,-155.0,36.25,,1377,330,Cross-region details: selected multi-region products with mixed signs or large regional margin spreads.
G5,cross_region_sku_consistency,multi_region_product,OFF-BI-10002012 / Wilson Jones Easy Flow II Sheet Lifters,Office Supplies / Binders,,24,24,3,2,1,1,102.96,,11.23,10.91,0.383,10,-22.75,,-36.19,38.82,,1374,333,Cross-region details: selected multi-region products with mixed signs or large regional margin spreads.
G5,cross_region_sku_consistency,multi_region_product,"OFF-BI-10002799 / SlimView Poly Binder, 3/8""",Office Supplies / Binders,,14,14,4,2,2,1,235.17,,11.4,4.85,0.457,8,-70.24,,-170.0,39.29,,1372,335,Cross-region details: selected multi-region products with mixed signs or large regional margin spreads.
G5,cross_region_sku_consistency,multi_region_product,OFF-ST-10000352 / Acco Perma 2700 Stacking Storage Drawers,Office Supplies / Storage,,8,8,3,2,1,1,416.36,,11.9,2.86,0.1,4,-14.87,,-6.25,15.0,,1370,337,Cross-region details: selected multi-region products with mixed signs or large regional margin spreads.
G5,cross_region_sku_consistency,multi_region_product,OFF-BI-10001553 / SpineVue Locking Slant-D Ring Binders by Cardinal,Office Supplies / Binders,,16,16,3,2,1,1,221.19,,12.06,5.45,0.387,6,-44.24,,-73.33,12.11,,1369,338,Cross-region details: selected multi-region products with mixed signs or large regional margin spreads.
G5,cross_region_sku_consistency,multi_region_product,TEC-PH-10001870 / Lunatik TT5L-002 Taktik Strike Impact Protection System for iPhone 5,Technology / Phones,,6,6,3,2,1,1,563.32,,12.25,2.17,0.267,2,-18.37,,-25.0,6.25,,1366,341,Cross-region details: selected multi-region products with mixed signs or large regional margin spreads.
G5,cross_region_sku_consistency,multi_region_product,"FUR-FU-10001025 / Eldon Im_ge Series Desk Accessories, Clear",Furniture / Furnishings,,6,6,3,2,1,1,106.92,,12.73,11.91,0.267,2,-14.87,,-42.5,43.0,,1363,344,Cross-region details: selected multi-region products with mixed signs or large regional margin spreads.
G5,cross_region_sku_consistency,multi_region_product,"FUR-FU-10003194 / Eldon Expressions Desk Accessory, Wood Pencil Holder, Oak",Furniture / Furnishings,,8,8,3,2,1,1,216.16,,13.51,6.25,0.2,2,-28.95,,-75.0,30.0,,1360,347,Cross-region details: selected multi-region products with mixed signs or large regional margin spreads.
G5,cross_region_sku_consistency,multi_region_product,FUR-FU-10000820 / Tensor Brushed Steel Torchiere Floor Lamp,Furniture / Furnishings,,8,8,4,2,2,1,292.23,,13.59,4.65,0.2,4,-29.22,,-105.0,18.0,,1359,348,Cross-region details: selected multi-region products with mixed signs or large regional margin spreads.
G5,cross_region_sku_consistency,multi_region_product,"OFF-BI-10000042 / Pressboard Data Binder, Crimson, 12"" X 8 1/2""",Office Supplies / Binders,,6,6,2,1,1,1,66.22,,14.31,21.61,0.367,2,-5.13,,-80.0,32.5,,1356,351,Cross-region details: selected multi-region products with mixed signs or large regional margin spreads.
G5,cross_region_sku_consistency,multi_region_product,"OFF-BI-10003708 / Acco Four Pocket Poly Ring Binder with Label Holder, Smoke, 1""",Office Supplies / Binders,,12,12,3,2,1,1,244.36,,14.9,6.1,0.4,4,-52.15,,-175.0,31.25,,1353,354,Cross-region details: selected multi-region products with mixed signs or large regional margin spreads.
G5,cross_region_sku_consistency,multi_region_product,FUR-FU-10000175 / DAX Wood Document Frame.,Furniture / Furnishings,,8,8,2,1,1,1,318.54,,15.38,4.83,0.35,4,-47.78,,-72.5,25.0,,1348,359,Cross-region details: selected multi-region products with mixed signs or large regional margin spreads.
G5,cross_region_sku_consistency,multi_region_product,OFF-BI-10002160 / Acco Hanging Data Binders,Office Supplies / Binders,,14,14,3,2,1,1,83.82,,16.46,19.64,0.329,4,-10.67,,-160.0,35.0,,1341,366,Cross-region details: selected multi-region products with mixed signs or large regional margin spreads.
G5,cross_region_sku_consistency,multi_region_product,OFF-BI-10001658 / GBC Standard Therm-A-Bind Covers,Office Supplies / Binders,,24,24,3,2,1,1,932.01,,16.95,1.82,0.483,14,-220.29,,-80.0,32.5,,1338,369,Cross-region details: selected multi-region products with mixed signs or large regional margin spreads.
G5,cross_region_sku_consistency,multi_region_product,TEC-AC-10004877 / Imation_30456 USB_Flash Drive_8GB,Technology / Accessories,,10,10,3,2,1,1,309.12,,17.11,5.54,0.04,2,-4.97,,-2.22,8.0,,1337,370,Cross-region details: selected multi-region products with mixed signs or large regional margin spreads.
G5,cross_region_sku_consistency,multi_region_product,"OFF-BI-10001267 / Universal Recycled Hanging Pressboard Report Binders, Letter Size",Office Supplies / Binders,,10,10,3,2,1,1,145.61,,17.28,11.86,0.48,6,-31.1,,-73.33,42.22,,1333,374,Cross-region details: selected multi-region products with mixed signs or large regional margin spreads.
G5,cross_region_sku_consistency,multi_region_product,"OFF-BI-10000279 / Acco Recycled 2"" Capacity Laser Printer Hanging Data Binders",Office Supplies / Binders,,8,8,3,1,2,1,170.51,,17.34,10.17,0.475,4,-29.48,,-165.0,33.75,,1331,376,Cross-region details: selected multi-region products with mixed signs or large regional margin spreads.
G5,cross_region_sku_consistency,multi_region_product,OFF-BI-10000014 / Heavy-Duty E-Z-D Binders,Office Supplies / Binders,,16,16,4,2,2,1,353.48,,18.11,5.12,0.5,10,-87.5,,-165.0,33.75,,1325,382,Cross-region details: selected multi-region products with mixed signs or large regional margin spreads.
G5,cross_region_sku_consistency,multi_region_product,FUR-FU-10000550 / Stacking Trays by OIC,Furniture / Furnishings,,12,12,3,2,1,1,145.42,,18.63,12.81,0.233,4,-18.82,,-67.5,33.0,,1321,386,Cross-region details: selected multi-region products with mixed signs or large regional margin spreads.
G5,cross_region_sku_consistency,multi_region_product,"FUR-FU-10002364 / Eldon Expressions Wood Desk Accessories, Oak",Furniture / Furnishings,,24,24,4,3,1,1,366.05,,20.22,5.52,0.167,6,-59.48,,-77.5,29.0,,1309,398,Cross-region details: selected multi-region products with mixed signs or large regional margin spreads.
G5,cross_region_sku_consistency,multi_region_product,OFF-BI-10003669 / 3M Organizer Strips,Office Supplies / Binders,,14,14,3,2,1,1,166.32,,20.3,12.21,0.386,6,-28.51,,-73.33,48.0,,1308,399,Cross-region details: selected multi-region products with mixed signs or large regional margin spreads.
G5,cross_region_sku_consistency,multi_region_product,"OFF-AP-10004655 / Holmes Visible Mist Ultrasonic Humidifier with 2.3-Gallon Output per Day, Replacement Filter",Office Supplies / Appliances,,4,4,2,1,1,1,95.09,,20.38,21.43,0.4,2,-10.41,,-230.0,34.0,,1307,400,Cross-region details: selected multi-region products with mixed signs or large regional margin spreads.
G5,cross_region_sku_consistency,multi_region_product,TEC-PH-10002824 / Jabra SPEAK 410 Multidevice Speakerphone,Technology / Phones,,6,6,3,2,1,1,4037.4,,20.6,0.51,0.267,2,-185.39,,-25.0,6.25,,1305,402,Cross-region details: selected multi-region products with mixed signs or large regional margin spreads.
G5,cross_region_sku_consistency,multi_region_product,OFF-BI-10000756 / Storex DuraTech Recycled Plastic Frosted Binders,Office Supplies / Binders,,16,16,2,1,1,1,188.26,,22.9,12.16,0.5,10,-53.42,,-1.85,50.0,,1292,415,Cross-region details: selected multi-region products with mixed signs or large regional margin spreads.
G5,cross_region_sku_consistency,multi_region_product,OFF-BI-10000145 / Zipper Ring Binder Pockets,Office Supplies / Binders,,26,26,4,3,1,1,163.49,,23.46,14.35,0.377,12,-30.08,,-155.0,36.25,,1289,418,Cross-region details: selected multi-region products with mixed signs or large regional margin spreads.
G5,cross_region_sku_consistency,multi_region_product,FUR-CH-10001802 / Hon Every-Day Chair Series Swivel Task Chairs,Furniture / Chairs,,6,6,3,2,1,1,1935.68,,24.2,1.25,0.2,2,-65.33,,-12.86,12.22,,1287,420,Cross-region details: selected multi-region products with mixed signs or large regional margin spreads.
G5,cross_region_sku_consistency,multi_region_product,OFF-BI-10003727 / Avery Durable Slant Ring Binders With Label Holder,Office Supplies / Binders,,18,18,4,1,3,1,181.41,,24.91,13.73,0.489,10,-26.58,,-160.0,25.71,,1283,424,Cross-region details: selected multi-region products with mixed signs or large regional margin spreads.
G5,cross_region_sku_consistency,multi_region_product,OFF-BI-10004002 / Wilson Jones International Size A4 Ring Binders,Office Supplies / Binders,,14,14,3,1,2,1,349.46,,25.6,7.33,0.371,6,-82.35,,-44.44,35.0,,1279,428,Cross-region details: selected multi-region products with mixed signs or large regional margin spreads.
G5,cross_region_sku_consistency,multi_region_product,"OFF-BI-10001759 / Acco Pressboard Covers with Storage Hooks, 14 7/8"" x 11"", Dark Blue",Office Supplies / Binders,,10,10,2,1,1,1,119.63,,26.37,22.04,0.3,2,-11.2,,-70.0,36.25,,1272,435,Cross-region details: selected multi-region products with mixed signs or large regional margin spreads.
G5,cross_region_sku_consistency,multi_region_product,"OFF-BI-10003274 / Avery Durable Slant Ring Binders, No Labels",Office Supplies / Binders,,18,18,4,3,1,1,179.1,,27.22,15.2,0.367,8,-32.72,,-38.26,47.0,,1266,441,Cross-region details: selected multi-region products with mixed signs or large regional margin spreads.
G5,cross_region_sku_consistency,multi_region_product,"OFF-BI-10001072 / GBC Clear Cover, 8-1/2 x 11, unpunched, 25 covers per pack",Office Supplies / Binders,,8,8,3,2,1,1,272.88,,27.29,10.0,0.375,4,-70.34,,-170.0,46.0,,1265,442,Cross-region details: selected multi-region products with mixed signs or large regional margin spreads.
G5,cross_region_sku_consistency,multi_region_product,OFF-BI-10000546 / Avery Durable Binders,Office Supplies / Binders,,24,24,4,3,1,1,174.53,,27.65,15.84,0.333,10,-37.15,,-45.71,49.0,,1259,448,Cross-region details: selected multi-region products with mixed signs or large regional margin spreads.
G5,cross_region_sku_consistency,multi_region_product,"FUR-FU-10002963 / Master Caster Door Stop, Gray",Furniture / Furnishings,,8,8,3,2,1,1,95.5,,28.45,29.79,0.15,2,-2.64,,-65.0,34.0,,1253,454,Cross-region details: selected multi-region products with mixed signs or large regional margin spreads.
G5,cross_region_sku_consistency,multi_region_product,"OFF-ST-10002289 / Safco Wire Cube Shelving System, For Use as 4 or 5 14"" Cubes, Black",Office Supplies / Storage,,8,8,2,1,1,1,813.57,,28.6,3.52,0.05,2,-9.53,,-18.75,5.0,,1252,455,Cross-region details: selected multi-region products with mixed signs or large regional margin spreads.
G5,cross_region_sku_consistency,multi_region_product,OFF-BI-10003638 / GBC Durable Plastic Covers,Office Supplies / Binders,,16,16,4,2,2,1,739.17,,28.64,3.87,0.35,6,-188.86,,-80.0,46.0,,1251,456,Cross-region details: selected multi-region products with mixed signs or large regional margin spreads.
G5,cross_region_sku_consistency,multi_region_product,"FUR-FU-10002111 / Master Caster Door Stop, Large Brown",Furniture / Furnishings,,6,6,2,1,1,1,119.39,,29.12,24.39,0.2,2,-9.61,,-55.0,38.0,,1246,461,Cross-region details: selected multi-region products with mixed signs or large regional margin spreads.
G5,cross_region_sku_consistency,multi_region_product,OFF-BI-10001890 / Avery Poly Binder Pockets,Office Supplies / Binders,,16,16,4,3,1,1,156.09,,29.5,18.9,0.25,4,-27.49,,-44.44,48.0,,1242,465,Cross-region details: selected multi-region products with mixed signs or large regional margin spreads.
G5,cross_region_sku_consistency,multi_region_product,OFF-BI-10001097 / Avery Hole Reinforcements,Office Supplies / Binders,,18,18,3,1,2,1,233.0,,29.65,12.73,0.411,8,-42.86,,-70.0,24.44,,1241,466,Cross-region details: selected multi-region products with mixed signs or large regional margin spreads.
G5,cross_region_sku_consistency,multi_region_product,TEC-AC-10001542 / SanDisk Cruzer 16 GB USB Flash Drive,Technology / Accessories,,6,6,3,2,1,1,215.82,,29.85,13.83,0.067,2,-0.69,,-1.25,19.0,,1239,468,Cross-region details: selected multi-region products with mixed signs or large regional margin spreads.
G5,cross_region_sku_consistency,multi_region_product,TEC-PH-10003931 / JBL Micro Wireless Portable Bluetooth Speaker,Technology / Phones,,12,12,3,2,1,1,1559.74,,29.99,1.92,0.233,4,-107.98,,-2.27,6.25,,1238,469,Cross-region details: selected multi-region products with mixed signs or large regional margin spreads.
G5,cross_region_sku_consistency,multi_region_product,"FUR-BO-10001811 / Atlantic Metals Mobile 5-Shelf Bookcases, Custom Colors",Furniture / Bookcases,,16,16,3,1,2,1,10985.77,,30.1,0.27,0.316,10,-662.16,,-2.94,12.5,,1236,471,Cross-region details: selected multi-region products with mixed signs or large regional margin spreads.
G5,cross_region_sku_consistency,multi_region_product,FUR-CH-10004540 / Global Chrome Stack Chair,Furniture / Chairs,,12,12,3,1,2,1,1631.73,,30.17,1.85,0.267,8,-37.02,,-4.29,8.75,,1235,472,Cross-region details: selected multi-region products with mixed signs or large regional margin spreads.
G5,cross_region_sku_consistency,multi_region_product,OFF-BI-10002003 / Ibico Presentation Index for Binding Systems,Office Supplies / Binders,,14,14,4,3,1,1,144.08,,30.17,20.94,0.271,4,-22.29,,-165.0,47.0,,1234,473,Cross-region details: selected multi-region products with mixed signs or large regional margin spreads.
G5,cross_region_sku_consistency,multi_region_product,"OFF-BI-10004410 / C-Line Peel & Stick Add-On Filing Pockets, 8-3/4 x 5-1/8, 10/Pack",Office Supplies / Binders,,8,8,4,2,2,1,171.99,,30.19,17.56,0.4,4,-26.37,,-76.67,47.0,,1231,476,Cross-region details: selected multi-region products with mixed signs or large regional margin spreads.
G5,cross_region_sku_consistency,multi_region_product,OFF-BI-10004506 / Wilson Jones data.warehouse D-Ring Binders with DublLock,Office Supplies / Binders,,10,10,3,2,1,1,133.33,,30.62,22.96,0.4,4,-10.86,,-73.33,35.0,,1229,478,Cross-region details: selected multi-region products with mixed signs or large regional margin spreads.
G5,cross_region_sku_consistency,multi_region_product,FUR-FU-10001424 / Dax Clear Box Frame,Furniture / Furnishings,,12,12,3,2,1,1,192.06,,30.73,16.0,0.2,4,-22.7,,-65.0,34.0,,1226,481,Cross-region details: selected multi-region products with mixed signs or large regional margin spreads.
G5,cross_region_sku_consistency,multi_region_product,OFF-BI-10004352 / Wilson Jones DublLock D-Ring Binders,Office Supplies / Binders,,4,4,2,1,1,1,71.55,,31.05,43.4,0.35,2,-2.7,,-66.67,50.0,,1224,483,Cross-region details: selected multi-region products with mixed signs or large regional margin spreads.
G5,cross_region_sku_consistency,multi_region_product,TEC-AC-10001142 / First Data FD10 PIN Pad,Technology / Accessories,,10,10,3,2,1,1,3444.4,,31.6,0.92,0.08,4,-173.8,,-12.5,10.0,,1217,490,Cross-region details: selected multi-region products with mixed signs or large regional margin spreads.
G5,cross_region_sku_consistency,multi_region_product,TEC-AC-10002600 / Belkin QODE FastFit Bluetooth Keyboard,Technology / Accessories,,4,4,2,1,1,1,991.2,,32.21,3.25,0.1,2,-37.17,,-7.5,14.0,,1214,493,Cross-region details: selected multi-region products with mixed signs or large regional margin spreads.
G5,cross_region_sku_consistency,multi_region_product,OFF-BI-10000138 / Acco Translucent Poly Ring Binders,Office Supplies / Binders,,16,16,4,2,2,1,183.46,,32.57,17.76,0.313,4,-25.46,,-160.0,35.0,,1211,496,Cross-region details: selected multi-region products with mixed signs or large regional margin spreads.
G5,cross_region_sku_consistency,multi_region_product,"OFF-ST-10001505 / Perma STOR-ALL Hanging File Box, 13 1/8""W x 12 1/4""D x 10 1/2""H",Office Supplies / Storage,,16,16,3,2,1,1,361.19,,33.61,9.3,0.05,4,-5.02,,-3.75,17.0,,1207,500,Cross-region details: selected multi-region products with mixed signs or large regional margin spreads.
G5,cross_region_sku_consistency,multi_region_product,"FUR-FU-10001602 / Eldon Delta Triangular Chair Mat, 52"" x 58"", Clear",Furniture / Furnishings,,12,12,4,2,2,1,1092.38,,34.9,3.19,0.167,6,-74.34,,-105.0,18.0,,1202,505,Cross-region details: selected multi-region products with mixed signs or large regional margin spreads.
G5,cross_region_sku_consistency,multi_region_product,TEC-PH-10001924 / iHome FM Clock Radio with Lightning Dock,Technology / Phones,,10,10,3,2,1,1,1399.8,,35.0,2.5,0.24,2,-41.99,,-25.0,6.25,,1199,508,Cross-region details: selected multi-region products with mixed signs or large regional margin spreads.
G5,cross_region_sku_consistency,multi_region_product,OFF-AP-10004036 / Bionaire 99.97% HEPA Air Cleaner,Office Supplies / Appliances,,8,8,3,2,1,1,399.46,,35.04,8.77,0.25,2,-63.07,,-225.0,35.0,,1198,509,Cross-region details: selected multi-region products with mixed signs or large regional margin spreads.
G5,cross_region_sku_consistency,multi_region_product,TEC-PH-10002070 / Griffin GC36547 PowerJolt SE Lightning Charger,Technology / Phones,,6,6,2,1,1,1,350.84,,35.98,10.26,0.267,2,-4.5,,-16.67,12.5,,1191,516,Cross-region details: selected multi-region products with mixed signs or large regional margin spreads.
G5,cross_region_sku_consistency,multi_region_product,OFF-BI-10002949 / Prestige Round Ring Binders,Office Supplies / Binders,,16,16,3,2,1,1,171.46,,36.12,21.06,0.375,6,-20.43,,-6.0,33.75,,1189,518,Cross-region details: selected multi-region products with mixed signs or large regional margin spreads.
G5,cross_region_sku_consistency,multi_region_product,"OFF-BI-10000948 / GBC Laser Imprintable Binding System Covers, Desert Sand",Office Supplies / Binders,,12,12,4,3,1,1,293.96,,36.82,12.52,0.35,4,-57.37,,-76.67,33.75,,1186,521,Cross-region details: selected multi-region products with mixed signs or large regional margin spreads.
G5,cross_region_sku_consistency,multi_region_product,"OFF-BI-10003712 / Acco Pressboard Covers with Storage Hooks, 14 7/8"" x 11"", Light Blue",Office Supplies / Binders,,22,22,4,2,2,1,262.19,,36.83,14.04,0.464,12,-48.12,,-70.0,36.25,,1185,522,Cross-region details: selected multi-region products with mixed signs or large regional margin spreads.
G5,cross_region_sku_consistency,multi_region_product,OFF-BI-10002353 / GBC VeloBind Cover Sets,Office Supplies / Binders,,22,22,4,2,2,1,685.54,,37.06,5.41,0.464,12,-185.28,,-150.0,50.0,,1184,523,Cross-region details: selected multi-region products with mixed signs or large regional margin spreads.
G5,cross_region_sku_consistency,multi_region_product,OFF-BI-10004654 / VariCap6 Expandable Binder,Office Supplies / Binders,,12,12,2,1,1,1,234.18,,37.61,16.06,0.383,6,-51.57,,-76.67,30.28,,1181,526,Cross-region details: selected multi-region products with mixed signs or large regional margin spreads.
G5,cross_region_sku_consistency,multi_region_product,OFF-BI-10004738 / Flexible Leather- Look Classic Collection Ring Binder,Office Supplies / Binders,,12,12,3,1,2,1,284.1,,37.88,13.33,0.383,6,-75.76,,-66.67,50.0,,1176,531,Cross-region details: selected multi-region products with mixed signs or large regional margin spreads.
G5,cross_region_sku_consistency,multi_region_product,OFF-BI-10002976 / ACCOHIDE Binder by Acco,Office Supplies / Binders,,8,8,3,2,1,1,130.51,,38.57,29.56,0.225,2,-11.4,,-76.67,47.0,,1172,535,Cross-region details: selected multi-region products with mixed signs or large regional margin spreads.
G5,cross_region_sku_consistency,multi_region_product,"OFF-BI-10000822 / Acco PRESSTEX Data Binder with Storage Hooks, Light Blue, 9 1/2"" X 11""",Office Supplies / Binders,,10,10,3,2,1,1,134.5,,39.38,29.28,0.26,2,-7.1,,-73.33,40.0,,1169,538,Cross-region details: selected multi-region products with mixed signs or large regional margin spreads.
G5,cross_region_sku_consistency,multi_region_product,"FUR-FU-10003832 / Eldon Expressions Punched Metal & Wood Desk Accessories, Black & Cherry",Furniture / Furnishings,,10,10,4,3,1,1,311.42,,41.27,13.25,0.2,2,-24.01,,-80.0,28.0,,1156,551,Cross-region details: selected multi-region products with mixed signs or large regional margin spreads.
G5,cross_region_sku_consistency,multi_region_product,FUR-FU-10001196 / DAX Cubicle Frames - 8x10,Furniture / Furnishings,,10,10,3,2,1,1,251.57,,41.54,16.51,0.12,2,-24.23,,-20.69,30.0,,1154,553,Cross-region details: selected multi-region products with mixed signs or large regional margin spreads.
G5,cross_region_sku_consistency,multi_region_product,TEC-AC-10002076 / Microsoft Natural Keyboard Elite,Technology / Accessories,,8,8,2,1,1,1,2994.0,,41.92,1.4,0.15,6,-119.76,,-6.25,5.0,,1151,556,Cross-region details: selected multi-region products with mixed signs or large regional margin spreads.
G5,cross_region_sku_consistency,multi_region_product,OFF-ST-10000798 / 2300 Heavy-Duty Transfer File Systems by Perma,Office Supplies / Storage,,8,8,3,2,1,1,689.45,,41.97,6.09,0.1,4,-5.5,,-1.25,19.0,,1150,557,Cross-region details: selected multi-region products with mixed signs or large regional margin spreads.
G5,cross_region_sku_consistency,multi_region_product,OFF-BI-10001636 / Ibico Plastic and Wire Spiral Binding Combs,Office Supplies / Binders,,18,18,3,2,1,1,416.44,,43.16,10.36,0.356,6,-75.53,,-80.0,32.5,,1147,560,Cross-region details: selected multi-region products with mixed signs or large regional margin spreads.
G5,cross_region_sku_consistency,multi_region_product,TEC-AC-10002637 / Logitech_VX Revolution Cordless Laser Mouse for Notebooks (Black),Technology / Accessories,,10,10,3,2,1,1,7487.58,,43.2,0.58,0.08,4,-302.38,,-17.5,6.0,,1144,563,Cross-region details: selected multi-region products with mixed signs or large regional margin spreads.
G5,cross_region_sku_consistency,multi_region_product,OFF-BI-10002824 / Recycled Easel Ring Binders,Office Supplies / Binders,,18,18,4,2,2,1,617.69,,43.27,7.0,0.389,8,-129.8,,-175.0,28.08,,1142,565,Cross-region details: selected multi-region products with mixed signs or large regional margin spreads.
G5,cross_region_sku_consistency,multi_region_product,OFF-BI-10003305 / Avery Hanging File Binders,Office Supplies / Binders,,12,12,4,3,1,1,211.69,,43.77,20.68,0.25,2,-25.83,,-80.0,46.0,,1139,568,Cross-region details: selected multi-region products with mixed signs or large regional margin spreads.
G5,cross_region_sku_consistency,multi_region_product,FUR-FU-10002191 / G.E. Halogen Desk Lamp Bulbs,Furniture / Furnishings,,10,10,3,2,1,1,125.64,,45.79,36.44,0.16,2,-3.35,,-30.0,48.0,,1123,584,Cross-region details: selected multi-region products with mixed signs or large regional margin spreads.
G5,cross_region_sku_consistency,multi_region_product,OFF-BI-10001031 / Pressboard Data Binders by Wilson Jones,Office Supplies / Binders,,16,16,3,2,1,1,198.65,,45.82,23.06,0.325,4,-14.74,,-76.67,33.75,,1121,586,Cross-region details: selected multi-region products with mixed signs or large regional margin spreads.
G5,cross_region_sku_consistency,multi_region_product,TEC-PH-10002293 / Anker 36W 4-Port USB Wall Charger Travel Power Adapter for iPhone 5s 5c 5,Technology / Phones,,12,12,4,3,1,1,679.66,,46.38,6.82,0.233,4,-33.58,,-20.0,19.0,,1115,592,Cross-region details: selected multi-region products with mixed signs or large regional margin spreads.
G5,cross_region_sku_consistency,multi_region_product,TEC-AC-10002167 / Imation_8gb Micro Traveldrive Usb 2.0_Flash Drive,Technology / Accessories,,16,16,4,2,2,1,714.0,,46.5,6.51,0.075,6,-16.2,,-11.25,11.0,,1114,593,Cross-region details: selected multi-region products with mixed signs or large regional margin spreads.
G5,cross_region_sku_consistency,multi_region_product,"FUR-FU-10004671 / Executive Impressions 12"" Wall Clock",Furniture / Furnishings,,12,12,4,3,1,1,353.4,,46.65,13.2,0.267,4,-38.87,,-55.0,38.0,,1112,595,Cross-region details: selected multi-region products with mixed signs or large regional margin spreads.
G5,cross_region_sku_consistency,multi_region_product,"FUR-FU-10004952 / C-Line Cubicle Keepers Polyproplyene Holder w/Velcro Back, 8-1/2x11, 25/Bx",Furniture / Furnishings,,8,8,2,1,1,1,1029.11,,47.08,4.57,0.15,2,-190.5,,-72.5,31.0,,1108,599,Cross-region details: selected multi-region products with mixed signs or large regional margin spreads.
G5,cross_region_sku_consistency,multi_region_product,OFF-BI-10003314 / Tuff Stuff Recycled Round Ring Binders,Office Supplies / Binders,,18,18,4,3,1,1,160.99,,47.91,29.76,0.278,4,-12.05,,-155.0,44.57,,1102,605,Cross-region details: selected multi-region products with mixed signs or large regional margin spreads.
G5,cross_region_sku_consistency,multi_region_product,OFF-ST-10000991 / Space Solutions HD Industrial Steel Shelving.,Office Supplies / Storage,,16,16,4,3,1,1,6070.42,,48.29,0.8,0.025,2,-117.27,,-2.6,3.0,,1096,611,Cross-region details: selected multi-region products with mixed signs or large regional margin spreads.
G5,cross_region_sku_consistency,multi_region_product,FUR-BO-10002824 / Bush Mission Pointe Library,Furniture / Bookcases,,6,6,3,1,1,1,1497.72,,48.31,3.23,0.173,2,-72.47,,-17.65,20.0,,1095,612,Cross-region details: selected multi-region products with mixed signs or large regional margin spreads.
G5,cross_region_sku_consistency,multi_region_product,"FUR-BO-10000330 / Sauder Camden County Barrister Bookcase, Planked Cherry Finish",Furniture / Bookcases,,6,6,2,1,1,1,2129.25,,48.39,2.27,0.1,4,-19.36,,-1.18,14.0,,1094,613,Cross-region details: selected multi-region products with mixed signs or large regional margin spreads.
G5,cross_region_sku_consistency,multi_region_product,OFF-BI-10002557 / Presstex Flexible Ring Binders,Office Supplies / Binders,,16,16,4,3,1,1,185.64,,49.14,26.47,0.35,6,-26.39,,-150.0,40.14,,1093,614,Cross-region details: selected multi-region products with mixed signs or large regional margin spreads.
G5,cross_region_sku_consistency,multi_region_product,FUR-FU-10004020 / Advantus Panel Wall Acrylic Frame,Furniture / Furnishings,,10,10,4,3,1,1,175.04,,50.32,28.75,0.2,2,-7.44,,-9.62,43.0,,1085,622,Cross-region details: selected multi-region products with mixed signs or large regional margin spreads.
G5,cross_region_sku_consistency,multi_region_product,OFF-BI-10003291 / Wilson Jones Leather-Like Binders with DublLock Round Rings,Office Supplies / Binders,,24,24,4,3,1,1,476.66,,50.98,10.7,0.35,8,-94.98,,-72.83,33.75,,1083,624,Cross-region details: selected multi-region products with mixed signs or large regional margin spreads.
G5,cross_region_sku_consistency,multi_region_product,FUR-FU-10004586 / G.E. Longer-Life Indoor Recessed Floodlight Bulbs,Furniture / Furnishings,,12,12,4,3,1,1,162.02,,51.53,31.8,0.233,4,-7.97,,-30.0,48.0,,1079,628,Cross-region details: selected multi-region products with mixed signs or large regional margin spreads.
G5,cross_region_sku_consistency,multi_region_product,"FUR-FU-10003849 / DAX Metal Frame, Desktop, Stepped-Edge",Furniture / Furnishings,,10,10,3,2,1,1,323.84,,52.22,16.13,0.24,4,-42.5,,-52.5,39.0,,1076,631,Cross-region details: selected multi-region products with mixed signs or large regional margin spreads.
G5,cross_region_sku_consistency,multi_region_product,"FUR-FU-10000260 / 6"" Cubicle Wall Clock, Black",Furniture / Furnishings,,8,8,3,2,1,1,249.17,,52.42,21.04,0.2,2,-11.65,,-60.0,36.0,,1075,632,Cross-region details: selected multi-region products with mixed signs or large regional margin spreads.
G5,cross_region_sku_consistency,multi_region_product,OFF-BI-10001036 / Cardinal EasyOpen D-Ring Binders,Office Supplies / Binders,,16,16,4,3,1,1,418.61,,53.01,12.66,0.25,4,-76.78,,-8.39,50.0,,1071,636,Cross-region details: selected multi-region products with mixed signs or large regional margin spreads.
G5,cross_region_sku_consistency,multi_region_product,FUR-FU-10000320 / OIC Stacking Trays,Furniture / Furnishings,,12,12,3,2,1,1,165.66,,53.44,32.26,0.167,2,-4.28,,-40.0,38.4,,1068,639,Cross-region details: selected multi-region products with mixed signs or large regional margin spreads.
G5,cross_region_sku_consistency,multi_region_product,OFF-BI-10002432 / Wilson Jones Standard D-Ring Binders,Office Supplies / Binders,,16,16,4,3,1,1,193.29,,53.84,27.85,0.325,6,-21.66,,-165.0,40.0,,1063,644,Cross-region details: selected multi-region products with mixed signs or large regional margin spreads.
G5,cross_region_sku_consistency,multi_region_product,FUR-FU-10004666 / DAX Clear Channel Poster Frame,Furniture / Furnishings,,6,6,3,2,1,1,239.11,,55.4,23.17,0.2,2,-20.12,,-57.5,37.0,,1057,650,Cross-region details: selected multi-region products with mixed signs or large regional margin spreads.
G5,cross_region_sku_consistency,multi_region_product,"FUR-FU-10000222 / Seth Thomas 16"" Steel Case Clock",Furniture / Furnishings,,10,10,4,3,1,1,883.46,,56.52,6.4,0.24,2,-87.7,,-67.5,33.0,,1049,658,Cross-region details: selected multi-region products with mixed signs or large regional margin spreads.
G5,cross_region_sku_consistency,multi_region_product,OFF-AP-10003971 / Belkin 6 Outlet Metallic Surge Strip,Office Supplies / Appliances,,18,18,4,3,1,1,524.9,,57.5,10.95,0.167,2,-23.52,,-19.35,26.0,,1046,661,Cross-region details: selected multi-region products with mixed signs or large regional margin spreads.
G5,cross_region_sku_consistency,multi_region_product,OFF-BI-10002706 / Avery Premier Heavy-Duty Binder with Round Locking Rings,Office Supplies / Binders,,14,14,3,2,1,1,382.7,,58.83,15.37,0.343,4,-58.26,,-170.0,40.0,,1038,669,Cross-region details: selected multi-region products with mixed signs or large regional margin spreads.
G5,cross_region_sku_consistency,multi_region_product,"FUR-FU-10001475 / Contract Clock, 14"", Brown",Furniture / Furnishings,,10,10,3,2,1,1,668.19,,58.91,8.82,0.28,4,-91.44,,-65.0,34.0,,1037,670,Cross-region details: selected multi-region products with mixed signs or large regional margin spreads.
G5,cross_region_sku_consistency,multi_region_product,OFF-BI-10001249 / Avery Heavy-Duty EZD View Binder with Locking Rings,Office Supplies / Binders,,20,20,4,3,1,1,341.97,,59.46,17.39,0.35,8,-68.65,,-80.0,46.0,,1034,673,Cross-region details: selected multi-region products with mixed signs or large regional margin spreads.
G5,cross_region_sku_consistency,multi_region_product,OFF-BI-10002412 / Wilson Jones __nap_ Scratch Pad Binder Tool for Ring Binders,Office Supplies / Binders,,10,10,3,2,1,1,201.84,,61.48,30.46,0.2,2,-20.3,,-175.0,45.0,,1020,687,Cross-region details: selected multi-region products with mixed signs or large regional margin spreads.
G5,cross_region_sku_consistency,multi_region_product,"OFF-BI-10001107 / GBC White Gloss Covers, Plain Front",Office Supplies / Binders,,14,14,3,2,1,1,538.66,,62.84,11.67,0.5,8,-116.42,,-76.67,33.75,,1014,693,Cross-region details: selected multi-region products with mixed signs or large regional margin spreads.
G5,cross_region_sku_consistency,multi_region_product,TEC-AC-10002942 / WD My Passport Ultra 1TB Portable External Hard Drive,Technology / Accessories,,12,12,3,1,2,1,2014.8,,67.62,3.36,0.167,10,-49.68,,-3.75,10.27,,990,717,Cross-region details: selected multi-region products with mixed signs or large regional margin spreads.
G5,cross_region_sku_consistency,multi_region_product,FUR-TA-10004767 / Safco Drafting Table,Furniture / Tables,,8,8,2,1,1,1,1277.64,,68.14,5.33,0.2,4,-11.36,,-1.43,16.47,,989,718,Cross-region details: selected multi-region products with mixed signs or large regional margin spreads.
G5,cross_region_sku_consistency,multi_region_product,OFF-BI-10001758 / Wilson Jones 14 Line Acrylic Coated Pressboard Data Binders,Office Supplies / Binders,,8,8,2,1,1,1,200.78,,70.59,35.16,0.175,2,-14.74,,-76.67,47.0,,975,732,Cross-region details: selected multi-region products with mixed signs or large regional margin spreads.
G5,cross_region_sku_consistency,multi_region_product,OFF-AP-10000027 / Hoover Commercial SteamVac,Office Supplies / Appliances,,8,8,3,2,1,1,336.78,,70.62,20.97,0.2,2,-27.16,,-250.0,30.0,,974,733,Cross-region details: selected multi-region products with mixed signs or large regional margin spreads.
G5,cross_region_sku_consistency,multi_region_product,"OFF-BI-10000050 / Angle-D Binders with Locking Rings, Label Holders",Office Supplies / Binders,,20,20,4,3,1,1,395.66,,70.66,17.86,0.33,6,-63.07,,-165.0,47.0,,973,734,Cross-region details: selected multi-region products with mixed signs or large regional margin spreads.
G5,cross_region_sku_consistency,multi_region_product,FUR-FU-10001935 / 3M Hangers With Command Adhesive,Furniture / Furnishings,,16,16,4,3,1,1,216.08,,72.0,33.32,0.15,2,-2.81,,-47.5,39.26,,966,741,Cross-region details: selected multi-region products with mixed signs or large regional margin spreads.
G5,cross_region_sku_consistency,multi_region_product,TEC-MA-10002930 / Ricoh - Ink Collector Unit for GX3000 Series Printers,Technology / Machines,,6,6,3,2,1,1,931.29,,73.83,7.93,0.3,2,-36.08,,-143.33,27.0,,960,747,Cross-region details: selected multi-region products with mixed signs or large regional margin spreads.
G5,cross_region_sku_consistency,multi_region_product,OFF-BI-10001634 / Wilson Jones Active Use Binders,Office Supplies / Binders,,12,12,3,2,1,1,230.05,,74.11,32.22,0.3,4,-18.35,,-9.29,49.0,,958,749,Cross-region details: selected multi-region products with mixed signs or large regional margin spreads.
G5,cross_region_sku_consistency,multi_region_product,"OFF-BI-10001196 / Avery Flip-Chart Easel Binder, Black",Office Supplies / Binders,,8,8,3,2,1,1,478.93,,75.64,15.79,0.425,4,-81.02,,-76.67,33.75,,950,757,Cross-region details: selected multi-region products with mixed signs or large regional margin spreads.
G5,cross_region_sku_consistency,multi_region_product,TEC-AC-10001767 / SanDisk Ultra 64 GB MicroSDHC Class 10 Memory Card,Technology / Accessories,,12,12,3,2,1,1,1855.54,,75.98,4.09,0.1,6,-64.78,,-11.25,11.0,,948,759,Cross-region details: selected multi-region products with mixed signs or large regional margin spreads.
G5,cross_region_sku_consistency,multi_region_product,TEC-AC-10002323 / SanDisk Ultra 32 GB MicroSDHC Class 10 Memory Card,Technology / Accessories,,22,22,4,3,1,1,1768.0,,76.02,4.3,0.109,12,-61.88,,-8.75,13.0,,947,760,Cross-region details: selected multi-region products with mixed signs or large regional margin spreads.
G5,cross_region_sku_consistency,multi_region_product,OFF-BI-10003984 / Lock-Up Easel 'Spel-Binder',Office Supplies / Binders,,14,14,3,1,2,1,1409.38,,78.74,5.59,0.486,8,-275.6,,-76.67,18.19,,935,772,Cross-region details: selected multi-region products with mixed signs or large regional margin spreads.
G5,cross_region_sku_consistency,multi_region_product,"FUR-FU-10002396 / DAX Copper Panel Document Frame, 5 x 7 Size",Furniture / Furnishings,,10,10,3,2,1,1,342.18,,79.51,23.24,0.2,2,-22.64,,-45.0,36.96,,928,779,Cross-region details: selected multi-region products with mixed signs or large regional margin spreads.
G5,cross_region_sku_consistency,multi_region_product,OFF-BI-10000088 / GBC Imprintable Covers,Office Supplies / Binders,,16,16,4,3,1,1,483.12,,79.93,16.55,0.363,6,-84.55,,-3.59,49.0,,923,784,Cross-region details: selected multi-region products with mixed signs or large regional margin spreads.
G5,cross_region_sku_consistency,multi_region_product,FUR-CH-10003981 / Global Commerce Series Low-Back Swivel/Tilt Chairs,Furniture / Chairs,,14,14,2,1,1,1,8840.11,,82.23,0.93,0.271,12,-113.07,,-1.43,2.84,,917,790,Cross-region details: selected multi-region products with mixed signs or large regional margin spreads.
G5,cross_region_sku_consistency,multi_region_product,OFF-BI-10003707 / Aluminum Screw Posts,Office Supplies / Binders,,22,22,4,2,2,1,708.06,,82.4,11.64,0.436,12,-155.65,,-150.0,50.0,,916,791,Cross-region details: selected multi-region products with mixed signs or large regional margin spreads.
G5,cross_region_sku_consistency,multi_region_product,OFF-AP-10002082 / Holmes HEPA Air Purifier,Office Supplies / Appliances,,12,12,4,3,1,1,479.16,,82.76,17.27,0.233,2,-39.2,,-225.0,35.0,,913,794,Cross-region details: selected multi-region products with mixed signs or large regional margin spreads.
G5,cross_region_sku_consistency,multi_region_product,OFF-BI-10001617 / GBC Wire Binding Combs,Office Supplies / Binders,,14,14,3,2,1,1,368.1,,83.13,22.58,0.371,4,-34.12,,-165.0,33.75,,912,795,Cross-region details: selected multi-region products with mixed signs or large regional margin spreads.
G5,cross_region_sku_consistency,multi_region_product,"FUR-FU-10003878 / Linden 10"" Round Wall Clock, Black",Furniture / Furnishings,,12,12,3,2,1,1,507.3,,83.73,16.51,0.167,2,-39.73,,-65.0,34.0,,909,798,Cross-region details: selected multi-region products with mixed signs or large regional margin spreads.
G5,cross_region_sku_consistency,multi_region_product,"FUR-FU-10002456 / Master Caster Door Stop, Large Neon Orange",Furniture / Furnishings,,14,14,4,3,1,1,308.67,,84.59,27.41,0.171,2,-12.38,,-42.5,43.0,,904,803,Cross-region details: selected multi-region products with mixed signs or large regional margin spreads.
G5,cross_region_sku_consistency,multi_region_product,OFF-AP-10004249 / Staple holder,Office Supplies / Appliances,,10,10,4,3,1,1,469.22,,84.75,18.06,0.2,2,-12.69,,-265.0,27.0,,902,805,Cross-region details: selected multi-region products with mixed signs or large regional margin spreads.
G5,cross_region_sku_consistency,multi_region_product,TEC-AC-10000580 / Logitech G13 Programmable Gameboard with LCD Display,Technology / Accessories,,8,8,3,1,2,1,2079.74,,86.39,4.15,0.1,4,-71.99,,-11.25,11.0,,891,816,Cross-region details: selected multi-region products with mixed signs or large regional margin spreads.
G5,cross_region_sku_consistency,multi_region_product,OFF-AP-10003040 / Fellowes 8 Outlet Superior Workstation Surge Protector w/o Phone/Fax/Modem Protection,Office Supplies / Appliances,,10,10,3,2,1,1,1331.35,,87.41,6.57,0.2,2,-181.55,,-270.0,26.0,,883,824,Cross-region details: selected multi-region products with mixed signs or large regional margin spreads.
G5,cross_region_sku_consistency,multi_region_product,TEC-PH-10003357 / Grandstream GXP2100 Mainstream Business Phone,Technology / Phones,,8,8,4,3,1,1,1193.24,,91.79,7.69,0.25,2,-18.36,,-20.0,10.0,,867,840,Cross-region details: selected multi-region products with mixed signs or large regional margin spreads.
G5,cross_region_sku_consistency,multi_region_product,OFF-BI-10002072 / Cardinal Slant-D Ring Binders,Office Supplies / Binders,,10,10,3,2,1,1,239.84,,92.11,38.41,0.18,2,-13.9,,-66.67,50.0,,865,842,Cross-region details: selected multi-region products with mixed signs or large regional margin spreads.
G5,cross_region_sku_consistency,multi_region_product,FUR-FU-10000293 / Eldon Antistatic Chair Mats for Low to Medium Pile Carpets,Furniture / Furnishings,,8,8,3,2,1,1,2863.89,,92.66,3.24,0.05,2,-58.96,,-17.5,6.0,,862,845,Cross-region details: selected multi-region products with mixed signs or large regional margin spreads.
G5,cross_region_sku_consistency,multi_region_product,TEC-AC-10001552 / Logitech K350 2.4Ghz Wireless Keyboard,Technology / Accessories,,10,10,2,1,1,1,2309.33,,94.56,4.09,0.08,4,-80.63,,-11.25,5.87,,855,852,Cross-region details: selected multi-region products with mixed signs or large regional margin spreads.
G5,cross_region_sku_consistency,multi_region_product,"FUR-FU-10004963 / Eldon 400 Class Desk Accessories, Black Carbon",Furniture / Furnishings,,12,12,4,3,1,1,318.5,,95.2,29.89,0.167,2,-12.6,,-45.0,42.0,,853,854,Cross-region details: selected multi-region products with mixed signs or large regional margin spreads.
G5,cross_region_sku_consistency,multi_region_product,FUR-FU-10001918 / C-Line Cubicle Keepers Polyproplyene Holder With Velcro Backings,Furniture / Furnishings,,16,16,4,3,1,1,274.34,,95.45,34.79,0.125,2,-1.99,,-52.5,39.0,,850,857,Cross-region details: selected multi-region products with mixed signs or large regional margin spreads.
G5,cross_region_sku_consistency,multi_region_product,OFF-BI-10003684 / Wilson Jones Legal Size Ring Binders,Office Supplies / Binders,,18,18,3,2,1,1,1064.32,,96.76,9.09,0.422,8,-237.49,,-66.67,37.5,,844,863,Cross-region details: selected multi-region products with mixed signs or large regional margin spreads.
G5,cross_region_sku_consistency,multi_region_product,"FUR-BO-10003660 / Bush Cubix Collection Bookcases, Fully Assembled",Furniture / Bookcases,,6,6,2,1,1,1,1458.47,,97.23,6.67,0.233,2,-207.72,,-156.67,23.0,,842,865,Cross-region details: selected multi-region products with mixed signs or large regional margin spreads.
G5,cross_region_sku_consistency,multi_region_product,"OFF-AP-10001303 / Holmes Cool Mist Humidifier for the Whole House with 8-Gallon Output per Day, Extended Life Filter",Office Supplies / Appliances,,8,8,3,2,1,1,294.52,,97.51,33.11,0.2,2,-27.86,,-175.0,45.0,,840,867,Cross-region details: selected multi-region products with mixed signs or large regional margin spreads.
G5,cross_region_sku_consistency,multi_region_product,OFF-ST-10000129 / Fellowes Recycled Storage Drawers,Office Supplies / Storage,,6,6,2,1,1,1,2575.9,,97.71,3.79,0.067,2,-57.74,,-1.09,7.0,,837,870,Cross-region details: selected multi-region products with mixed signs or large regional margin spreads.
G5,cross_region_sku_consistency,multi_region_product,FUR-CH-10000422 / Global Highback Leather Tilter in Burgundy,Furniture / Chairs,,18,18,4,2,2,1,5295.62,,98.27,1.86,0.144,10,-236.57,,-12.0,10.91,,834,873,Cross-region details: selected multi-region products with mixed signs or large regional margin spreads.
G5,cross_region_sku_consistency,multi_region_product,OFF-BI-10001922 / Storex Dura Pro Binders,Office Supplies / Binders,,10,10,3,2,1,1,306.5,,98.72,32.21,0.32,2,-3.92,,-165.0,33.75,,832,875,Cross-region details: selected multi-region products with mixed signs or large regional margin spreads.
G5,cross_region_sku_consistency,multi_region_product,OFF-BI-10001524 / GBC Premium Transparent Covers with Diagonal Lined Pattern,Office Supplies / Binders,,28,28,3,2,1,1,1560.91,,99.03,6.34,0.4,10,-347.43,,-160.0,35.0,,829,878,Cross-region details: selected multi-region products with mixed signs or large regional margin spreads.
G5,cross_region_sku_consistency,multi_region_product,FUR-FU-10001940 / Staple-based wall hangings,Furniture / Furnishings,,20,20,4,3,1,1,439.39,,100.61,22.9,0.28,8,-38.21,,-19.0,44.0,,823,884,Cross-region details: selected multi-region products with mixed signs or large regional margin spreads.
G5,cross_region_sku_consistency,multi_region_product,TEC-AC-10002335 / Logitech Media Keyboard K200,Technology / Accessories,,8,8,3,1,2,1,1007.71,,100.77,10.0,0.1,4,-5.6,,-1.25,19.0,,819,888,Cross-region details: selected multi-region products with mixed signs or large regional margin spreads.
G5,cross_region_sku_consistency,multi_region_product,"OFF-BI-10004233 / GBC Pre-Punched Binding Paper, Plastic, White, 8-1/2"" x 11""",Office Supplies / Binders,,16,16,4,3,1,1,620.41,,104.89,16.91,0.288,4,-113.85,,-160.0,42.93,,802,905,Cross-region details: selected multi-region products with mixed signs or large regional margin spreads.
G5,cross_region_sku_consistency,multi_region_product,OFF-AP-10003217 / Eureka Sanitaire  Commercial Upright,Office Supplies / Appliances,,6,6,2,1,1,1,3049.06,,106.05,3.48,0.333,2,-357.93,,-270.0,15.91,,794,913,Cross-region details: selected multi-region products with mixed signs or large regional margin spreads.
G5,cross_region_sku_consistency,multi_region_product,TEC-AC-10001383 / Logitech Wireless Touch Keyboard K400,Technology / Accessories,,6,6,2,1,1,1,729.71,,107.46,14.73,0.067,2,-3.0,,-3.75,17.0,,789,918,Cross-region details: selected multi-region products with mixed signs or large regional margin spreads.
G5,cross_region_sku_consistency,multi_region_product,"FUR-TA-10001086 / SAFCO PlanMaster Boards, 60w x 37-1/2d, White Melamine",Furniture / Tables,,10,10,3,1,2,1,5958.01,,109.43,1.84,0.26,4,-650.52,,-23.33,26.0,,782,925,Cross-region details: selected multi-region products with mixed signs or large regional margin spreads.
G5,cross_region_sku_consistency,multi_region_product,OFF-BI-10003982 / Wilson Jones Century Plastic Molded Ring Binders,Office Supplies / Binders,,20,20,4,2,2,1,1167.27,,110.5,9.47,0.37,8,-222.65,,-17.78,33.75,,777,930,Cross-region details: selected multi-region products with mixed signs or large regional margin spreads.
G5,cross_region_sku_consistency,multi_region_product,OFF-AP-10001563 / Belkin Premiere Surge Master II 8-outlet surge protector,Office Supplies / Appliances,,14,14,4,3,1,1,1904.34,,110.76,5.82,0.271,4,-297.31,,-89.33,29.0,,773,934,Cross-region details: selected multi-region products with mixed signs or large regional margin spreads.
G5,cross_region_sku_consistency,multi_region_product,"FUR-FU-10003691 / Eldon Image Series Desk Accessories, Ebony",Furniture / Furnishings,,10,10,3,2,1,1,360.62,,111.64,30.96,0.16,2,-19.76,,-40.0,44.0,,771,936,Cross-region details: selected multi-region products with mixed signs or large regional margin spreads.
G5,cross_region_sku_consistency,multi_region_product,OFF-AP-10004708 / Fellowes Superior 10 Outlet Split Surge Protector,Office Supplies / Appliances,,18,18,4,3,1,1,1735.54,,114.18,6.58,0.267,4,-155.28,,-255.0,21.11,,758,949,Cross-region details: selected multi-region products with mixed signs or large regional margin spreads.
G5,cross_region_sku_consistency,multi_region_product,OFF-AP-10000358 / Fellowes Basic Home/Office Series Surge Protectors,Office Supplies / Appliances,,18,18,4,3,1,1,872.26,,116.56,13.36,0.133,2,-105.92,,-18.33,29.0,,752,955,Cross-region details: selected multi-region products with mixed signs or large regional margin spreads.
G5,cross_region_sku_consistency,multi_region_product,TEC-PH-10001433 / Cisco Small Business SPA 502G VoIP phone,Technology / Phones,,8,8,4,3,1,1,1764.2,,116.93,6.63,0.25,2,-26.67,,-21.67,8.75,,750,957,Cross-region details: selected multi-region products with mixed signs or large regional margin spreads.
G5,cross_region_sku_consistency,multi_region_product,TEC-PH-10001299 / Polycom CX300 Desktop Phone USB VoIP phone,Technology / Phones,,10,10,3,2,1,1,3359.78,,119.99,3.57,0.2,2,-215.99,,-20.0,18.18,,737,970,Cross-region details: selected multi-region products with mixed signs or large regional margin spreads.
G5,cross_region_sku_consistency,multi_region_product,OFF-AP-10004859 / Acco 6 Outlet Guardian Premium Surge Suppressor,Office Supplies / Appliances,,16,16,3,2,1,1,864.86,,120.85,13.97,0.163,2,-61.73,,-23.96,27.0,,734,973,Cross-region details: selected multi-region products with mixed signs or large regional margin spreads.
G5,cross_region_sku_consistency,multi_region_product,FUR-FU-10001095 / DAX Black Cherry Wood-Tone Poster Frame,Furniture / Furnishings,,16,16,4,3,1,1,910.91,,122.87,13.49,0.225,4,-93.21,,-55.0,38.0,,726,981,Cross-region details: selected multi-region products with mixed signs or large regional margin spreads.
G5,cross_region_sku_consistency,multi_region_product,"OFF-AP-10004336 / Conquest 14 Commercial Heavy-Duty Upright Vacuum, Collection System, Accessory Kit",Office Supplies / Appliances,,8,8,3,2,1,1,1093.63,,123.03,11.25,0.2,2,-174.3,,-255.0,29.0,,724,983,Cross-region details: selected multi-region products with mixed signs or large regional margin spreads.
G5,cross_region_sku_consistency,multi_region_product,"FUR-CH-10003061 / Global Leather Task Chair, Black",Furniture / Chairs,,16,16,3,2,1,1,2897.68,,127.79,4.41,0.138,10,-25.2,,-1.25,19.0,,716,991,Cross-region details: selected multi-region products with mixed signs or large regional margin spreads.
G5,cross_region_sku_consistency,multi_region_product,"OFF-BI-10001628 / Acco Data Flex Cable Posts For Top & Bottom Load Binders, 6"" Capacity",Office Supplies / Binders,,20,20,3,2,1,1,575.74,,128.29,22.28,0.29,4,-46.94,,-175.0,31.25,,715,992,Cross-region details: selected multi-region products with mixed signs or large regional margin spreads.
G5,cross_region_sku_consistency,multi_region_product,TEC-MA-10000423 / Texas Instruments TI-34 Scientific Calculator,Technology / Machines,,6,6,3,2,1,1,409.01,,129.3,31.61,0.233,2,-3.96,,-6.0,47.0,,712,995,Cross-region details: selected multi-region products with mixed signs or large regional margin spreads.
G5,cross_region_sku_consistency,multi_region_product,TEC-AC-10003038 / Kingston Digital DataTraveler 16GB USB 2.0,Technology / Accessories,,26,26,4,3,1,1,955.86,,129.42,13.54,0.062,8,-3.22,,-1.25,19.0,,711,996,Cross-region details: selected multi-region products with mixed signs or large regional margin spreads.
G5,cross_region_sku_consistency,multi_region_product,"TEC-PH-10002923 / Logitech B530 USB_Headset_-_headset_- Full size, Binaural",Technology / Phones,,20,20,4,3,1,1,1479.6,,129.47,8.75,0.16,2,-48.09,,-2.2,17.05,,710,997,Cross-region details: selected multi-region products with mixed signs or large regional margin spreads.
G5,cross_region_sku_consistency,multi_region_product,OFF-ST-10000107 / Fellowes Super Stor/Drawer,Office Supplies / Storage,,8,8,3,2,1,1,954.6,,135.42,14.19,0.05,2,-4.44,,-2.5,18.0,,694,1013,Cross-region details: selected multi-region products with mixed signs or large regional margin spreads.
G5,cross_region_sku_consistency,multi_region_product,OFF-AP-10000696 / Holmes Odor Grabber,Office Supplies / Appliances,,16,16,4,3,1,1,715.23,,135.55,18.95,0.225,4,-67.77,,-235.0,33.0,,692,1015,Cross-region details: selected multi-region products with mixed signs or large regional margin spreads.
G5,cross_region_sku_consistency,multi_region_product,"FUR-BO-10003441 / Bush Westfield Collection Bookcases, Fully Assembled",Furniture / Bookcases,,12,12,4,3,1,1,2946.6,,147.43,5.0,0.195,4,-82.8,,-11.92,23.0,,664,1043,Cross-region details: selected multi-region products with mixed signs or large regional margin spreads.
G5,cross_region_sku_consistency,multi_region_product,OFF-AP-10000026 / Tripp Lite Isotel 6 Outlet Surge Protector with Fax/Modem Protection,Office Supplies / Appliances,,12,12,3,2,1,1,2487.58,,149.99,6.03,0.2,2,-373.14,,-255.0,29.0,,657,1050,Cross-region details: selected multi-region products with mixed signs or large regional margin spreads.
G5,cross_region_sku_consistency,multi_region_product,TEC-PH-10001700 / Panasonic KX-TG6844B Expandable Digital Cordless Telephone,Technology / Phones,,14,14,4,3,1,1,2270.06,,150.46,6.63,0.2,2,-68.63,,-21.67,27.0,,655,1052,Cross-region details: selected multi-region products with mixed signs or large regional margin spreads.
G5,cross_region_sku_consistency,multi_region_product,"OFF-BI-10004236 / XtraLife ClearVue Slant-D Ring Binder, White, 3""",Office Supplies / Binders,,20,20,4,3,1,1,772.17,,153.85,19.92,0.3,6,-107.46,,-170.0,40.0,,648,1059,Cross-region details: selected multi-region products with mixed signs or large regional margin spreads.
G5,cross_region_sku_consistency,multi_region_product,"FUR-CH-10002774 / Global Deluxe Stacking Chair, Gray",Furniture / Chairs,,14,14,2,1,1,1,1529.4,,153.96,10.07,0.214,2,-2.04,,-1.43,11.25,,647,1060,Cross-region details: selected multi-region products with mixed signs or large regional margin spreads.
G5,cross_region_sku_consistency,multi_region_product,OFF-ST-10000025 / Fellowes Stor/Drawer Steel Plus Storage Drawers,Office Supplies / Storage,,16,16,3,2,1,1,6794.62,,156.51,2.3,0.05,4,-187.04,,-6.42,6.0,,640,1067,Cross-region details: selected multi-region products with mixed signs or large regional margin spreads.
G5,cross_region_sku_consistency,multi_region_product,TEC-AC-10003023 / Logitech G105 Gaming Keyboard,Technology / Accessories,,10,10,2,1,1,1,1519.87,,156.74,10.31,0.12,6,-14.25,,-2.5,14.58,,637,1070,Cross-region details: selected multi-region products with mixed signs or large regional margin spreads.
G5,cross_region_sku_consistency,multi_region_product,OFF-AP-10001242 / APC 7 Outlet Network SurgeArrest Surge Protector,Office Supplies / Appliances,,16,16,3,2,1,1,2414.4,,160.96,6.67,0.225,4,-482.88,,-250.0,30.0,,632,1075,Cross-region details: selected multi-region products with mixed signs or large regional margin spreads.
G5,cross_region_sku_consistency,multi_region_product,OFF-BI-10002026 / Avery Arch Ring Binders,Office Supplies / Binders,,20,20,3,2,1,1,2579.95,,161.04,6.24,0.43,10,-635.64,,-164.35,25.26,,631,1076,Cross-region details: selected multi-region products with mixed signs or large regional margin spreads.
G5,cross_region_sku_consistency,multi_region_product,"FUR-CH-10004698 / Padded Folding Chairs, Black, 4/Carton",Furniture / Chairs,,16,16,4,3,1,1,3660.3,,161.96,4.42,0.225,8,-58.31,,-2.86,10.0,,628,1079,Cross-region details: selected multi-region products with mixed signs or large regional margin spreads.
G5,cross_region_sku_consistency,multi_region_product,"FUR-FU-10001986 / Dana Fluorescent Magnifying Lamp, White, 36""",Furniture / Furnishings,,8,8,3,2,1,1,1162.34,,163.14,14.04,0.25,2,-61.18,,-75.0,30.0,,623,1084,Cross-region details: selected multi-region products with mixed signs or large regional margin spreads.
G5,cross_region_sku_consistency,multi_region_product,TEC-PH-10004667 / Cisco 8x8 Inc. 6753i IP Business Phone System,Technology / Phones,,12,12,4,3,1,1,5291.61,,167.39,3.16,0.167,2,-315.88,,-14.06,13.55,,616,1091,Cross-region details: selected multi-region products with mixed signs or large regional margin spreads.
G5,cross_region_sku_consistency,multi_region_product,TEC-PH-10000560 / Samsung Galaxy S III - 16GB - pebble blue (T-Mobile),Technology / Phones,,12,12,4,3,1,1,14279.59,,168.0,1.18,0.2,4,-1175.97,,-20.0,28.0,,614,1093,Cross-region details: selected multi-region products with mixed signs or large regional margin spreads.
G5,cross_region_sku_consistency,multi_region_product,FUR-FU-10004053 / DAX Two-Tone Silver Metal Document Frame,Furniture / Furnishings,,12,12,4,3,1,1,469.57,,169.61,36.12,0.133,2,-13.76,,-42.5,43.0,,612,1095,Cross-region details: selected multi-region products with mixed signs or large regional margin spreads.
G5,cross_region_sku_consistency,multi_region_product,OFF-BI-10001460 / Plastic Binding Combs,Office Supplies / Binders,,10,10,3,2,1,1,539.34,,169.98,31.52,0.26,2,-27.88,,-3.06,47.0,,611,1096,Cross-region details: selected multi-region products with mixed signs or large regional margin spreads.
G5,cross_region_sku_consistency,multi_region_product,"OFF-BI-10002794 / Avery Trapezoid Ring Binder, 3"" Capacity, Black, 1040 sheets",Office Supplies / Binders,,14,14,4,1,3,1,1090.07,,170.48,15.64,0.5,8,-162.28,,-155.0,28.35,,610,1097,Cross-region details: selected multi-region products with mixed signs or large regional margin spreads.
G5,cross_region_sku_consistency,multi_region_product,OFF-BI-10001510 / Deluxe Heavy-Duty Vinyl Round Ring Binder,Office Supplies / Binders,,14,14,3,2,1,1,1008.48,,176.48,17.5,0.329,4,-132.94,,-175.0,31.25,,596,1111,Cross-region details: selected multi-region products with mixed signs or large regional margin spreads.
G5,cross_region_sku_consistency,multi_region_product,FUR-FU-10000023 / Eldon Wave Desk Accessories,Furniture / Furnishings,,18,18,4,3,1,1,473.56,,176.7,37.31,0.2,4,-9.42,,-40.0,44.0,,594,1113,Cross-region details: selected multi-region products with mixed signs or large regional margin spreads.
G5,cross_region_sku_consistency,multi_region_product,OFF-AP-10002191 / Belkin 8 Outlet SurgeMaster II Gold Surge Protector,Office Supplies / Appliances,,10,10,4,3,1,1,1475.51,,179.94,12.2,0.22,2,-124.76,,-2.86,28.0,,588,1119,Cross-region details: selected multi-region products with mixed signs or large regional margin spreads.
G5,cross_region_sku_consistency,multi_region_product,OFF-BI-10004308 / Avery Legal 4-Ring Binder,Office Supplies / Binders,,8,8,2,1,1,1,516.11,,180.43,34.96,0.325,2,-8.39,,-66.67,37.5,,585,1122,Cross-region details: selected multi-region products with mixed signs or large regional margin spreads.
G5,cross_region_sku_consistency,multi_region_product,OFF-BI-10002498 / Clear Mylar Reinforcing Strips,Office Supplies / Binders,,14,14,3,2,1,1,755.08,,180.55,23.91,0.414,6,-51.58,,-76.67,28.38,,584,1123,Cross-region details: selected multi-region products with mixed signs or large regional margin spreads.
G5,cross_region_sku_consistency,multi_region_product,"OFF-BI-10003007 / Premium Transparent Presentation Covers, No Pattern/Clear, 8 1/2"" x 11""",Office Supplies / Binders,,14,14,4,3,1,1,1396.08,,181.49,13.0,0.286,4,-223.37,,-15.71,46.0,,580,1127,Cross-region details: selected multi-region products with mixed signs or large regional margin spreads.
G5,cross_region_sku_consistency,multi_region_product,FUR-FU-10002759 / 12-1/2 Diameter Round Wall Clock,Furniture / Furnishings,,16,16,4,3,1,1,1102.9,,182.22,16.52,0.275,6,-105.49,,-60.0,36.0,,577,1130,Cross-region details: selected multi-region products with mixed signs or large regional margin spreads.
G5,cross_region_sku_consistency,multi_region_product,FUR-TA-10004147 / Hon 4060 Series Tables,Furniture / Tables,,8,8,3,2,1,1,2463.12,,192.57,7.82,0.2,2,-40.31,,-30.0,22.0,,559,1148,Cross-region details: selected multi-region products with mixed signs or large regional margin spreads.
G5,cross_region_sku_consistency,multi_region_product,FUR-FU-10002501 / Nu-Dell Executive Frame,Furniture / Furnishings,,12,12,3,2,1,1,819.07,,197.94,24.17,0.167,2,-34.89,,-57.5,37.0,,554,1153,Cross-region details: selected multi-region products with mixed signs or large regional margin spreads.
G5,cross_region_sku_consistency,multi_region_product,"FUR-TA-10000688 / Chromcraft Bull-Nose Wood Round Conference Table Top, Wood Base",Furniture / Tables,,12,12,2,1,1,1,6709.78,,200.42,2.99,0.183,6,-540.27,,-8.69,17.0,,550,1157,Cross-region details: selected multi-region products with mixed signs or large regional margin spreads.
G5,cross_region_sku_consistency,multi_region_product,OFF-BI-10004001 / GBC Recycled VeloBinder Covers,Office Supplies / Binders,,16,16,4,2,2,1,974.69,,201.75,20.7,0.35,6,-121.32,,-170.0,32.5,,548,1159,Cross-region details: selected multi-region products with mixed signs or large regional margin spreads.
G5,cross_region_sku_consistency,multi_region_product,"FUR-FU-10003039 / Howard Miller 11-1/2"" Diameter Grantwood Wall Clock",Furniture / Furnishings,,12,12,4,3,1,1,1000.62,,203.57,20.34,0.167,2,-67.28,,-65.0,34.0,,545,1162,Cross-region details: selected multi-region products with mixed signs or large regional margin spreads.
G5,cross_region_sku_consistency,multi_region_product,OFF-BI-10000315 / Poly Designer Cover & Back,Office Supplies / Binders,,14,14,4,2,2,1,903.92,,212.69,23.53,0.371,6,-112.42,,-160.0,35.0,,533,1174,Cross-region details: selected multi-region products with mixed signs or large regional margin spreads.
G5,cross_region_sku_consistency,multi_region_product,"OFF-BI-10002854 / Performers Binder/Pad Holder, Black",Office Supplies / Binders,,16,16,4,2,2,1,1222.11,,213.03,17.43,0.363,6,-235.45,,-150.0,50.0,,531,1176,Cross-region details: selected multi-region products with mixed signs or large regional margin spreads.
G5,cross_region_sku_consistency,multi_region_product,OFF-BI-10004230 / GBC Recycled Grain Textured Covers,Office Supplies / Binders,,10,10,2,1,1,1,932.58,,214.15,22.96,0.4,4,-75.99,,-73.33,29.84,,530,1177,Cross-region details: selected multi-region products with mixed signs or large regional margin spreads.
G5,cross_region_sku_consistency,multi_region_product,"FUR-FU-10004748 / Howard Miller 16"" Diameter Gallery Wall Clock",Furniture / Furnishings,,8,8,4,3,1,1,1150.92,,214.84,18.67,0.15,2,-134.27,,-52.5,39.0,,529,1178,Cross-region details: selected multi-region products with mixed signs or large regional margin spreads.
G5,cross_region_sku_consistency,multi_region_product,"FUR-BO-10002213 / Sauder Forest Hills Library, Woodland Oak Finish",Furniture / Bookcases,,12,12,2,1,1,1,11415.06,,219.73,1.92,0.133,6,-253.76,,-15.0,3.38,,519,1188,Cross-region details: selected multi-region products with mixed signs or large regional margin spreads.
G5,cross_region_sku_consistency,multi_region_product,"OFF-BI-10000962 / Acco Flexible ACCOHIDE Square Ring Data Binder, Dark Blue, 11 1/2"" X 14"" 7/8""",Office Supplies / Binders,,20,20,4,3,1,1,820.01,,222.57,27.14,0.29,6,-94.37,,-155.0,49.0,,516,1191,Cross-region details: selected multi-region products with mixed signs or large regional margin spreads.
G5,cross_region_sku_consistency,multi_region_product,TEC-MA-10001972 / Okidata C331dn Printer,Technology / Machines,,10,10,2,1,1,1,6421.6,,223.36,3.48,0.24,2,-195.44,,-23.33,7.5,,514,1193,Cross-region details: selected multi-region products with mixed signs or large regional margin spreads.
G5,cross_region_sku_consistency,multi_region_product,OFF-BI-10001721 / Trimflex Flexible Post Binders,Office Supplies / Binders,,8,8,4,3,1,1,692.71,,225.77,32.59,0.3,2,-27.37,,-160.0,48.0,,511,1196,Cross-region details: selected multi-region products with mixed signs or large regional margin spreads.
G5,cross_region_sku_consistency,multi_region_product,"FUR-CH-10000553 / Metal Folding Chairs, Beige, 4/Carton",Furniture / Chairs,,10,10,4,3,1,1,1371.18,,231.47,16.88,0.12,2,-4.07,,-4.29,27.0,,503,1204,Cross-region details: selected multi-region products with mixed signs or large regional margin spreads.
G5,cross_region_sku_consistency,multi_region_product,FUR-CH-10004886 / Bevis Steel Folding Chairs,Furniture / Chairs,,12,12,2,1,1,1,3550.15,,234.12,6.59,0.217,2,-26.87,,-2.86,10.0,,501,1206,Cross-region details: selected multi-region products with mixed signs or large regional margin spreads.
G5,cross_region_sku_consistency,multi_region_product,"FUR-CH-10001146 / Global Value Mid-Back Manager's Chair, Gray",Furniture / Chairs,,30,30,4,2,2,1,4884.05,,234.97,4.81,0.187,16,-221.7,,-7.45,19.12,,499,1208,Cross-region details: selected multi-region products with mixed signs or large regional margin spreads.
G5,cross_region_sku_consistency,multi_region_product,FUR-FU-10004973 / Flat Face Poster Frame,Furniture / Furnishings,,24,24,3,2,1,1,1356.48,,241.91,17.83,0.3,10,-135.65,,-45.0,35.82,,486,1221,Cross-region details: selected multi-region products with mixed signs or large regional margin spreads.
G5,cross_region_sku_consistency,multi_region_product,FUR-FU-10000758 / DAX Natural Wood-Tone Poster Frame,Furniture / Furnishings,,10,10,3,2,1,1,1027.42,,247.85,24.12,0.2,2,-38.13,,-60.0,36.0,,477,1230,Cross-region details: selected multi-region products with mixed signs or large regional margin spreads.
G5,cross_region_sku_consistency,multi_region_product,"OFF-BI-10000069 / GBC Prepunched Paper, 19-Hole, for Binding Systems, 24-lb",Office Supplies / Binders,,16,14,3,2,1,1,867.58,,251.57,29.0,0.338,6,-64.84,,-80.0,32.5,,472,1235,Cross-region details: selected multi-region products with mixed signs or large regional margin spreads.
G5,cross_region_sku_consistency,multi_region_product,TEC-PH-10003437 / Blue Parrot B250XT Professional Grade Wireless Bluetooth_Headset_with,Technology / Phones,,8,8,3,2,1,1,2459.67,,254.97,10.37,0.25,2,-30.0,,-16.67,12.5,,464,1243,Cross-region details: selected multi-region products with mixed signs or large regional margin spreads.
G5,cross_region_sku_consistency,multi_region_product,OFF-AP-10003287 / Tripp Lite TLP810NET Broadband Surge for Modem/Fax,Office Supplies / Appliances,,12,12,3,2,1,1,1875.7,,260.97,13.91,0.233,2,-106.02,,-260.0,20.98,,458,1249,Cross-region details: selected multi-region products with mixed signs or large regional margin spreads.
G5,cross_region_sku_consistency,multi_region_product,"FUR-BO-10004015 / Bush Andora Bookcase, Maple/Graphite Gray Finish",Furniture / Bookcases,,18,18,3,2,1,1,6635.45,,271.18,4.09,0.167,2,-335.97,,-20.0,22.0,,445,1262,Cross-region details: selected multi-region products with mixed signs or large regional margin spreads.
G5,cross_region_sku_consistency,multi_region_product,"FUR-FU-10001588 / Deflect-o SuperTray Unbreakable Stackable Tray, Letter, Black",Furniture / Furnishings,,8,8,3,2,1,1,875.4,,276.63,31.6,0.15,2,-49.61,,-42.5,43.0,,442,1265,Cross-region details: selected multi-region products with mixed signs or large regional margin spreads.
G5,cross_region_sku_consistency,multi_region_product,OFF-BI-10004593 / Ibico Laser Imprintable Binding System Covers,Office Supplies / Binders,,16,16,3,2,1,1,2200.8,,276.67,12.57,0.363,6,-352.13,,-80.0,40.94,,441,1266,Cross-region details: selected multi-region products with mixed signs or large regional margin spreads.
G5,cross_region_sku_consistency,multi_region_product,FUR-CH-10003846 / Hon Valutask Swivel Chairs,Furniture / Chairs,,8,8,4,3,1,1,2484.11,,278.7,11.22,0.075,2,-16.16,,-5.0,16.0,,438,1269,Cross-region details: selected multi-region products with mixed signs or large regional margin spreads.
G5,cross_region_sku_consistency,multi_region_product,TEC-MA-10003626 / Hewlett-Packard Deskjet 6540 Color Inkjet Printer,Technology / Machines,,4,4,2,1,1,1,2792.42,,279.24,10.0,0.4,2,-32.85,,-2.0,27.14,,437,1270,Cross-region details: selected multi-region products with mixed signs or large regional margin spreads.
G5,cross_region_sku_consistency,multi_region_product,"OFF-AP-10002457 / Eureka The Boss Plus 12-Amp Hard Box Upright Vacuum, Red",Office Supplies / Appliances,,12,12,3,2,1,1,3348.8,,293.02,8.75,0.217,2,-332.79,,-5.97,19.88,,428,1279,Cross-region details: selected multi-region products with mixed signs or large regional margin spreads.
G5,cross_region_sku_consistency,multi_region_product,OFF-BI-10001670 / Vinyl Sectional Post Binders,Office Supplies / Binders,,22,22,4,3,1,1,1802.06,,294.06,16.32,0.418,10,-271.44,,-150.0,50.0,,427,1280,Cross-region details: selected multi-region products with mixed signs or large regional margin spreads.
G5,cross_region_sku_consistency,multi_region_product,FUR-BO-10001519 / O'Sullivan 3-Shelf Heavy-Duty Bookcases,Furniture / Bookcases,,10,10,3,2,1,1,2238.39,,294.19,13.14,0.17,2,-90.7,,-13.19,24.0,,426,1281,Cross-region details: selected multi-region products with mixed signs or large regional margin spreads.
G5,cross_region_sku_consistency,multi_region_product,FUR-FU-10003930 / Howard Miller 12-3/4 Diameter Accuwave DS  Wall Clock,Furniture / Furnishings,,4,4,2,1,1,1,1573.8,,295.87,18.8,0.4,2,-84.99,,-45.0,27.5,,425,1282,Cross-region details: selected multi-region products with mixed signs or large regional margin spreads.
G5,cross_region_sku_consistency,multi_region_product,"FUR-FU-10004091 / Howard Miller 13"" Diameter Goldtone Round Wall Clock",Furniture / Furnishings,,8,8,2,1,1,1,1182.89,,296.66,25.08,0.2,2,-53.51,,-7.27,31.92,,424,1283,Cross-region details: selected multi-region products with mixed signs or large regional margin spreads.
G5,cross_region_sku_consistency,multi_region_product,"FUR-FU-10004848 / Howard Miller 13-3/4"" Diameter Brushed Chrome Round Wall Clock",Furniture / Furnishings,,16,16,3,2,1,1,2319.68,,300.57,12.96,0.175,2,-155.25,,-75.0,30.0,,419,1288,Cross-region details: selected multi-region products with mixed signs or large regional margin spreads.
G5,cross_region_sku_consistency,multi_region_product,FUR-CH-10003606 / SAFCO Folding Chair Trolley,Furniture / Chairs,,6,6,3,2,1,1,1410.64,,302.65,21.45,0.167,2,-5.13,,-2.86,28.0,,416,1291,Cross-region details: selected multi-region products with mixed signs or large regional margin spreads.
G5,cross_region_sku_consistency,multi_region_product,TEC-PH-10002680 / Samsung Galaxy Note 3,Technology / Phones,,6,6,3,2,1,1,4311.8,,307.99,7.14,0.2,2,-263.99,,-16.67,30.0,,412,1295,Cross-region details: selected multi-region products with mixed signs or large regional margin spreads.
G5,cross_region_sku_consistency,multi_region_product,TEC-PH-10001305 / Panasonic KX TS208W Corded phone,Technology / Phones,,12,12,3,2,1,1,2567.08,,309.62,12.06,0.167,2,-94.06,,-20.0,23.2,,410,1297,Cross-region details: selected multi-region products with mixed signs or large regional margin spreads.
G5,cross_region_sku_consistency,multi_region_product,FUR-CH-10003199 / Office Star - Contemporary Task Swivel Chair,Furniture / Chairs,,12,12,4,3,1,1,3684.54,,310.74,8.43,0.183,4,-79.91,,-8.57,24.0,,409,1298,Cross-region details: selected multi-region products with mixed signs or large regional margin spreads.
G5,cross_region_sku_consistency,multi_region_product,OFF-BI-10001765 / Wilson Jones Heavy-Duty Casebound Ring Binders with Metal Hinges,Office Supplies / Binders,,12,12,3,2,1,1,1108.48,,315.92,28.5,0.3,4,-155.19,,-5.93,48.0,,402,1305,Cross-region details: selected multi-region products with mixed signs or large regional margin spreads.
G5,cross_region_sku_consistency,multi_region_product,OFF-AP-10000240 / Belkin F9G930V10-GRY 9 Outlet Surge,Office Supplies / Appliances,,10,10,2,1,1,1,1540.22,,325.16,21.11,0.16,2,-109.1,,-255.0,29.0,,396,1311,Cross-region details: selected multi-region products with mixed signs or large regional margin spreads.
G5,cross_region_sku_consistency,multi_region_product,TEC-PH-10002549 / Polycom SoundPoint IP 450 VoIP phone,Technology / Phones,,12,12,3,2,1,1,7679.24,,325.24,4.24,0.233,4,-379.44,,-0.91,7.5,,395,1312,Cross-region details: selected multi-region products with mixed signs or large regional margin spreads.
G5,cross_region_sku_consistency,multi_region_product,"OFF-BI-10003876 / Green Canvas Binder for 8-1/2"" x 14"" Sheets",Office Supplies / Binders,,10,10,4,3,1,1,1138.48,,325.28,28.57,0.26,2,-85.6,,-66.67,50.0,,394,1313,Cross-region details: selected multi-region products with mixed signs or large regional margin spreads.
G5,cross_region_sku_consistency,multi_region_product,TEC-PH-10002890 / AT&T 17929 Lendline Telephone,Technology / Phones,,20,20,4,3,1,1,2678.21,,334.78,12.5,0.14,2,-50.67,,-0.91,18.47,,386,1321,Cross-region details: selected multi-region products with mixed signs or large regional margin spreads.
G5,cross_region_sku_consistency,multi_region_product,"OFF-AP-10002578 / Fellowes Premier Superior Surge Suppressor, 10-Outlet, With Phone and Remote",Office Supplies / Appliances,,14,14,4,3,1,1,1858.96,,338.53,18.21,0.143,2,-105.67,,-270.0,26.0,,384,1323,Cross-region details: selected multi-region products with mixed signs or large regional margin spreads.
G5,cross_region_sku_consistency,multi_region_product,"FUR-FU-10003708 / Tenex Traditional Chairmats for Medium Pile Carpet, Standard Lip, 36"" x 48""",Furniture / Furnishings,,12,12,4,3,1,1,2644.34,,344.49,13.03,0.133,2,-141.92,,-23.44,21.0,,380,1327,Cross-region details: selected multi-region products with mixed signs or large regional margin spreads.
G5,cross_region_sku_consistency,multi_region_product,FUR-FU-10001473 / DAX Wood Document Frame,Furniture / Furnishings,,28,28,4,3,1,1,1679.35,,352.65,21.0,0.157,4,-72.71,,-32.88,33.66,,377,1330,Cross-region details: selected multi-region products with mixed signs or large regional margin spreads.
G5,cross_region_sku_consistency,multi_region_product,TEC-PH-10004908 / Panasonic KX TS3282W Corded phone,Technology / Phones,,14,14,3,2,1,1,3331.61,,356.96,10.71,0.229,2,-34.0,,-16.67,12.5,,374,1333,Cross-region details: selected multi-region products with mixed signs or large regional margin spreads.
G5,cross_region_sku_consistency,multi_region_product,"OFF-ST-10003470 / Tennsco Snap-Together Open Shelving Units, Starter Sets and Add-On Units",Office Supplies / Storage,,12,12,3,2,1,1,13638.62,,363.32,2.66,0.033,2,-251.53,,-3.91,5.0,,370,1337,Cross-region details: selected multi-region products with mixed signs or large regional margin spreads.
G5,cross_region_sku_consistency,multi_region_product,OFF-BI-10003364 / Binding Machine Supplies,Office Supplies / Binders,,18,18,3,2,1,1,1335.99,,365.21,27.34,0.189,2,-115.51,,-14.58,48.0,,369,1338,Cross-region details: selected multi-region products with mixed signs or large regional margin spreads.
G5,cross_region_sku_consistency,multi_region_product,FUR-FU-10003535 / Howard Miller Distant Time Traveler Alarm Clock,Furniture / Furnishings,,12,12,3,2,1,1,1063.9,,384.43,36.13,0.133,2,-20.84,,-47.5,41.0,,360,1347,Cross-region details: selected multi-region products with mixed signs or large regional margin spreads.
G5,cross_region_sku_consistency,multi_region_product,"FUR-FU-10001861 / Floodlight Indoor Halogen Bulbs, 1 Bulb per Pack, 60 Watts",Furniture / Furnishings,,12,12,3,2,1,1,869.12,,394.21,45.36,0.133,2,-4.27,,-27.5,49.0,,354,1353,Cross-region details: selected multi-region products with mixed signs or large regional margin spreads.
G5,cross_region_sku_consistency,multi_region_product,FUR-TA-10001705 / Bush Advantage Collection Round Conference Table,Furniture / Tables,,8,8,3,1,2,1,6803.2,,420.95,6.19,0.238,4,-395.44,,-43.64,16.84,,339,1368,Cross-region details: selected multi-region products with mixed signs or large regional margin spreads.
G5,cross_region_sku_consistency,multi_region_product,"OFF-BI-10001597 / Wilson Jones Ledger-Size, Piano-Hinge Binder, 2"", Blue",Office Supplies / Binders,,24,24,4,3,1,1,2434.21,,431.11,17.71,0.367,10,-450.78,,-60.95,35.0,,335,1372,Cross-region details: selected multi-region products with mixed signs or large regional margin spreads.
G5,cross_region_sku_consistency,multi_region_product,TEC-MA-10004626 / Lexmark 20R1285 X6650 Wireless All-in-One Printer,Technology / Machines,,4,4,2,1,1,1,1200.0,,436.8,36.4,0.25,2,-14.4,,-6.0,47.0,,332,1375,Cross-region details: selected multi-region products with mixed signs or large regional margin spreads.
G5,cross_region_sku_consistency,multi_region_product,OFF-AP-10002518 / Kensington 7 Outlet MasterPiece Power Center,Office Supplies / Appliances,,10,10,3,2,1,1,5766.55,,459.19,7.96,0.2,2,-907.7,,-255.0,29.0,,325,1382,Cross-region details: selected multi-region products with mixed signs or large regional margin spreads.
G5,cross_region_sku_consistency,multi_region_product,FUR-CH-10000749 / Office Star - Ergonomic Mid Back Chair with 2-Way Adjustable Arms,Furniture / Chairs,,4,4,2,1,1,1,4415.91,,463.31,10.49,0.1,2,-57.91,,-5.0,16.0,,321,1386,Cross-region details: selected multi-region products with mixed signs or large regional margin spreads.
G5,cross_region_sku_consistency,multi_region_product,"FUR-CH-10002647 / Situations Contoured Folding Chairs, 4/Set",Furniture / Chairs,,30,30,4,3,1,1,7282.55,,468.47,6.43,0.18,12,-191.65,,-7.14,19.64,,319,1388,Cross-region details: selected multi-region products with mixed signs or large regional margin spreads.
G5,cross_region_sku_consistency,multi_region_product,OFF-BI-10004492 / Tuf-Vin Binders,Office Supplies / Binders,,14,14,4,3,1,1,1338.99,,468.65,35.0,0.271,4,-78.95,,-165.0,47.0,,318,1389,Cross-region details: selected multi-region products with mixed signs or large regional margin spreads.
G5,cross_region_sku_consistency,multi_region_product,FUR-FU-10000277 / Deflect-o DuraMat Antistatic Studded Beveled Mat for Medium Pile Carpeting,Furniture / Furnishings,,10,10,4,3,1,1,3370.88,,488.78,14.5,0.16,2,-151.69,,-90.0,24.0,,309,1398,Cross-region details: selected multi-region products with mixed signs or large regional margin spreads.
G5,cross_region_sku_consistency,multi_region_product,"FUR-FU-10003553 / Howard Miller 13-1/2"" Diameter Rosebrook Wall Clock",Furniture / Furnishings,,10,10,3,2,1,1,1898.05,,495.14,26.09,0.2,2,-82.52,,-50.0,40.0,,306,1401,Cross-region details: selected multi-region products with mixed signs or large regional margin spreads.
G5,cross_region_sku_consistency,multi_region_product,"FUR-FU-10001215 / Howard Miller 11-1/2"" Diameter Brentwood Wall Clock",Furniture / Furnishings,,8,8,2,1,1,1,1362.91,,512.38,37.59,0.15,2,-31.05,,-45.0,42.0,,298,1409,Cross-region details: selected multi-region products with mixed signs or large regional margin spreads.
G5,cross_region_sku_consistency,multi_region_product,OFF-BI-10002082 / GBC Twin Loop Wire Binding Elements,Office Supplies / Binders,,20,20,4,3,1,1,2083.33,,519.17,24.92,0.37,8,-272.9,,-150.0,32.93,,294,1413,Cross-region details: selected multi-region products with mixed signs or large regional margin spreads.
G5,cross_region_sku_consistency,multi_region_product,"FUR-FU-10004864 / Howard Miller 14-1/2"" Diameter Chrome Round Wall Clock",Furniture / Furnishings,,14,14,3,2,1,1,2574.04,,525.48,20.41,0.143,2,-107.42,,-70.0,30.89,,290,1417,Cross-region details: selected multi-region products with mixed signs or large regional margin spreads.
G5,cross_region_sku_consistency,multi_region_product,"FUR-CH-10002965 / Global Leather Highback Executive Chair with Pneumatic Height Adjustment, Black",Furniture / Chairs,,22,20,4,3,1,1,11978.41,,534.61,4.46,0.227,10,-229.12,,-4.29,8.75,,288,1419,Cross-region details: selected multi-region products with mixed signs or large regional margin spreads.
G5,cross_region_sku_consistency,multi_region_product,"FUR-CH-10004477 / Global Push Button Manager's Chair, Indigo",Furniture / Chairs,,18,18,4,3,1,1,4371.9,,567.49,12.98,0.2,6,-15.83,,-1.43,18.86,,273,1434,Cross-region details: selected multi-region products with mixed signs or large regional margin spreads.
G5,cross_region_sku_consistency,multi_region_product,FUR-FU-10000576 / Luxo Professional Fluorescent Magnifier Lamp with Clamp-Mount Base,Furniture / Furnishings,,10,10,4,3,1,1,7722.11,,579.16,7.5,0.2,2,-713.46,,-85.0,26.0,,267,1440,Cross-region details: selected multi-region products with mixed signs or large regional margin spreads.
G5,cross_region_sku_consistency,multi_region_product,FUR-BO-10000362 / Sauder Inglewood Library Bookcases,Furniture / Bookcases,,10,10,3,2,1,1,4308.7,,622.37,14.44,0.13,2,-71.81,,-10.0,21.25,,258,1449,Cross-region details: selected multi-region products with mixed signs or large regional margin spreads.
G5,cross_region_sku_consistency,multi_region_product,"FUR-TA-10001771 / Bush Cubix Conference Tables, Fully Assembled",Furniture / Tables,,8,8,3,2,1,1,7206.58,,623.65,8.65,0.2,2,-69.29,,-25.0,25.0,,255,1452,Cross-region details: selected multi-region products with mixed signs or large regional margin spreads.
G5,cross_region_sku_consistency,multi_region_product,FUR-FU-10004306 / Electrix Halogen Magnifier Lamp,Furniture / Furnishings,,12,12,4,3,1,1,5518.12,,629.53,11.41,0.233,2,-132.12,,-85.0,17.78,,252,1455,Cross-region details: selected multi-region products with mixed signs or large regional margin spreads.
G5,cross_region_sku_consistency,multi_region_product,OFF-BI-10000977 / Ibico Plastic Spiral Binding Combs,Office Supplies / Binders,,26,26,4,3,1,1,2200.96,,657.86,29.89,0.331,10,-199.42,,-13.68,34.55,,243,1464,Cross-region details: selected multi-region products with mixed signs or large regional margin spreads.
G5,cross_region_sku_consistency,multi_region_product,OFF-BI-10000632 / Satellite Sectional Post Binders,Office Supplies / Binders,,22,22,4,3,1,1,2439.64,,658.1,26.98,0.373,8,-227.47,,-80.0,46.0,,242,1465,Cross-region details: selected multi-region products with mixed signs or large regional margin spreads.
G5,cross_region_sku_consistency,multi_region_product,TEC-PH-10001128 / Motorola Droid Maxx,Technology / Phones,,8,8,3,2,1,1,5219.65,,683.95,13.1,0.15,2,-215.99,,-20.0,28.0,,235,1472,Cross-region details: selected multi-region products with mixed signs or large regional margin spreads.
G5,cross_region_sku_consistency,multi_region_product,FUR-CH-10004983 / Office Star - Mid Back Dual function Ergonomic High Back Chair with 2-Way Adjustable Arms,Furniture / Chairs,,10,10,3,2,1,1,8370.96,,685.77,8.19,0.16,2,-112.69,,-10.0,14.44,,234,1473,Cross-region details: selected multi-region products with mixed signs or large regional margin spreads.
G5,cross_region_sku_consistency,multi_region_product,FUR-TA-10003392 / Global Adaptabilities Conference Tables,Furniture / Tables,,8,8,3,2,1,1,7080.7,,708.07,10.0,0.15,4,-252.88,,-35.0,19.0,,231,1476,Cross-region details: selected multi-region products with mixed signs or large regional margin spreads.
G5,cross_region_sku_consistency,multi_region_product,OFF-AP-10004487 / Kensington 4 Outlet MasterPiece Compact Power Control Center,Office Supplies / Appliances,,14,14,3,2,1,1,4976.78,,761.16,15.29,0.171,2,-253.72,,-260.0,24.65,,218,1489,Cross-region details: selected multi-region products with mixed signs or large regional margin spreads.
G5,cross_region_sku_consistency,multi_region_product,OFF-AP-10000828 / Avanti 4.4 Cu. Ft. Refrigerator,Office Supplies / Appliances,,14,14,4,3,1,1,7022.02,,767.36,10.93,0.143,2,-941.1,,-260.0,28.0,,215,1492,Cross-region details: selected multi-region products with mixed signs or large regional margin spreads.
G5,cross_region_sku_consistency,multi_region_product,"OFF-ST-10000689 / Fellowes Strictly Business Drawer File, Letter/Legal Size",Office Supplies / Storage,,14,14,4,2,2,1,8958.06,,777.49,8.68,0.057,4,-135.22,,-10.0,12.0,,213,1494,Cross-region details: selected multi-region products with mixed signs or large regional margin spreads.
G5,cross_region_sku_consistency,multi_region_product,"OFF-AP-10002684 / Acco 7-Outlet Masterpiece Power Center, Wihtout Fax/Phone Line Protection",Office Supplies / Appliances,,14,14,3,2,1,1,6079.0,,802.43,13.2,0.286,4,-729.48,,-50.0,30.0,,207,1500,Cross-region details: selected multi-region products with mixed signs or large regional margin spreads.
G5,cross_region_sku_consistency,multi_region_product,FUR-CH-10001708 / Office Star - Contemporary Swivel Chair with Padded Adjustable Arms and Flex Back,Furniture / Chairs,,14,14,3,2,1,1,7979.47,,851.52,10.67,0.157,2,-50.75,,-12.86,16.4,,190,1517,Cross-region details: selected multi-region products with mixed signs or large regional margin spreads.
G5,cross_region_sku_consistency,multi_region_product,OFF-ST-10003716 / Tennsco Double-Tier Lockers,Office Supplies / Storage,,24,24,4,3,1,1,19261.71,,859.58,4.46,0.1,12,-661.56,,-8.75,13.0,,188,1519,Cross-region details: selected multi-region products with mixed signs or large regional margin spreads.
G5,cross_region_sku_consistency,multi_region_product,"FUR-TA-10000617 / Hon Practical Foundations 30 x 60 Training Table, Light Gray/Charcoal",Furniture / Tables,,12,12,4,2,2,1,8669.65,,860.14,9.92,0.175,4,-559.77,,-30.0,22.0,,187,1520,Cross-region details: selected multi-region products with mixed signs or large regional margin spreads.
G5,cross_region_sku_consistency,multi_region_product,TEC-PH-10002584 / Samsung Galaxy S4,Technology / Phones,,10,10,3,2,1,1,12269.4,,876.39,7.14,0.2,2,-500.79,,-2.94,12.5,,185,1522,Cross-region details: selected multi-region products with mixed signs or large regional margin spreads.
G5,cross_region_sku_consistency,multi_region_product,FUR-TA-10003748 / Bevis 36 x 72 Conference Tables,Furniture / Tables,,16,16,3,2,1,1,8664.5,,896.33,10.34,0.162,4,-263.92,,-24.09,22.0,,183,1524,Cross-region details: selected multi-region products with mixed signs or large regional margin spreads.
G5,cross_region_sku_consistency,multi_region_product,"FUR-FU-10000965 / Howard Miller 11-1/2"" Diameter Ridgewood Wall Clock",Furniture / Furnishings,,12,12,4,3,1,1,2368.46,,897.52,37.89,0.1,2,-39.47,,-47.5,41.0,,182,1525,Cross-region details: selected multi-region products with mixed signs or large regional margin spreads.
G5,cross_region_sku_consistency,multi_region_product,OFF-AP-10002651 / Hoover Upright Vacuum With Dirt Cup,Office Supplies / Appliances,,12,12,4,3,1,1,13665.82,,920.71,6.74,0.167,2,-2362.56,,-69.78,29.0,,179,1528,Cross-region details: selected multi-region products with mixed signs or large regional margin spreads.
G5,cross_region_sku_consistency,multi_region_product,FUR-TA-10003569 / Bretford CR8500 Series Meeting Room Furniture,Furniture / Tables,,12,12,4,2,2,1,13553.12,,922.25,6.8,0.183,4,-842.06,,-25.0,25.0,,178,1529,Cross-region details: selected multi-region products with mixed signs or large regional margin spreads.
G5,cross_region_sku_consistency,multi_region_product,TEC-MA-10000864 / Cisco 9971 IP Video Phone Charcoal,Technology / Machines,,4,4,2,1,1,1,8536.0,,932.8,10.93,0.35,2,-1900.8,,-80.0,46.0,,175,1532,Cross-region details: selected multi-region products with mixed signs or large regional margin spreads.
G5,cross_region_sku_consistency,multi_region_product,OFF-ST-10000046 / Fellowes Super Stor/Drawer Files,Office Supplies / Storage,,18,18,3,1,2,1,8012.88,,946.68,11.81,0.067,6,-35.54,,-1.25,19.0,,172,1535,Cross-region details: selected multi-region products with mixed signs or large regional margin spreads.
G5,cross_region_sku_consistency,multi_region_product,FUR-CH-10002602 / DMI Arturo Collection Mission-style Design Wood Chair,Furniture / Chairs,,22,22,4,3,1,1,9239.98,,972.31,10.52,0.191,6,-108.71,,-5.71,26.0,,166,1541,Cross-region details: selected multi-region products with mixed signs or large regional margin spreads.
G5,cross_region_sku_consistency,multi_region_product,OFF-BI-10004519 / GBC DocuBind P100 Manual Binding Machine,Office Supplies / Binders,,16,16,4,3,1,1,5908.89,,979.28,16.57,0.25,4,-829.9,,-45.59,45.0,,165,1542,Cross-region details: selected multi-region products with mixed signs or large regional margin spreads.
G5,cross_region_sku_consistency,multi_region_product,OFF-BI-10003650 / GBC DocuBind 300 Electric Binding Machine,Office Supplies / Binders,,16,16,4,2,2,1,13570.28,,988.84,7.29,0.413,8,-3219.0,,-22.35,36.97,,162,1545,Cross-region details: selected multi-region products with mixed signs or large regional margin spreads.
G5,cross_region_sku_consistency,multi_region_product,TEC-AC-10002842 / WD My Passport Ultra 2TB Portable External Hard Drive,Technology / Accessories,,16,16,3,2,1,1,7996.8,,999.6,12.5,0.025,2,-66.64,,-5.0,16.0,,158,1549,Cross-region details: selected multi-region products with mixed signs or large regional margin spreads.
G5,cross_region_sku_consistency,multi_region_product,TEC-MA-10004002 / Zebra GX420t Direct Thermal/Thermal Transfer Printer,Technology / Machines,,6,6,2,1,1,1,11574.71,,1019.42,8.81,0.3,2,-223.0,,-42.0,11.25,,156,1551,Cross-region details: selected multi-region products with mixed signs or large regional margin spreads.
G5,cross_region_sku_consistency,multi_region_product,TEC-PH-10001817 / Wilson Electronics DB Pro Signal Booster,Technology / Phones,,20,20,3,2,1,1,17756.8,,1031.04,5.81,0.22,4,-558.48,,-4.29,8.75,,149,1558,Cross-region details: selected multi-region products with mixed signs or large regional margin spreads.
G5,cross_region_sku_consistency,multi_region_product,OFF-BI-10001071 / GBC ProClick Punch Binding System,Office Supplies / Binders,,14,14,3,2,1,1,3147.82,,1124.77,35.73,0.243,4,-266.16,,-9.29,49.0,,132,1575,Cross-region details: selected multi-region products with mixed signs or large regional margin spreads.
G5,cross_region_sku_consistency,multi_region_product,OFF-AP-10000891 / Kensington 7 Outlet MasterPiece HOMEOFFICE Power Control Center,Office Supplies / Appliances,,10,10,4,3,1,1,4982.56,,1127.63,22.63,0.2,2,-262.24,,-250.0,30.0,,131,1576,Cross-region details: selected multi-region products with mixed signs or large regional margin spreads.
G5,cross_region_sku_consistency,multi_region_product,FUR-BO-10004695 / O'Sullivan 2-Door Barrister Bookcase in Odessa Pine,Furniture / Bookcases,,14,14,3,2,1,1,9772.92,,1132.93,11.59,0.15,2,-488.65,,-10.0,21.25,,130,1577,Cross-region details: selected multi-region products with mixed signs or large regional margin spreads.
G5,cross_region_sku_consistency,multi_region_product,TEC-PH-10003645 / Aastra 57i VoIP phone,Technology / Phones,,14,14,4,3,1,1,7369.42,,1150.66,15.61,0.143,2,-135.75,,-23.33,26.0,,123,1584,Cross-region details: selected multi-region products with mixed signs or large regional margin spreads.
G5,cross_region_sku_consistency,multi_region_product,"FUR-TA-10001307 / SAFCO PlanMaster Heigh-Adjustable Drafting Table Base, 43w x 30d x 30-37h, Black",Furniture / Tables,,10,10,3,2,1,1,7478.23,,1216.09,16.26,0.28,4,-167.74,,-4.19,36.0,,118,1589,Cross-region details: selected multi-region products with mixed signs or large regional margin spreads.
G5,cross_region_sku_consistency,multi_region_product,OFF-AP-10003849 / Hoover Shoulder Vac Commercial Portable Vacuum,Office Supplies / Appliances,,12,12,3,2,1,1,10018.96,,1431.28,14.29,0.183,2,-787.2,,-7.14,25.0,,101,1606,Cross-region details: selected multi-region products with mixed signs or large regional margin spreads.
G5,cross_region_sku_consistency,multi_region_product,FUR-CH-10000847 / Global Executive Mid-Back Manager's Chair,Furniture / Chairs,,12,12,4,3,1,1,9253.16,,1501.46,16.23,0.117,2,-69.84,,-5.71,26.0,,94,1613,Cross-region details: selected multi-region products with mixed signs or large regional margin spreads.
G5,cross_region_sku_consistency,multi_region_product,OFF-BI-10000545 / GBC Ibimaster 500 Manual ProClick Binding System,Office Supplies / Binders,,18,18,3,1,2,1,38049.0,,1521.96,4.0,0.522,12,-10197.13,,-66.67,35.71,,91,1616,Cross-region details: selected multi-region products with mixed signs or large regional margin spreads.
G5,cross_region_sku_consistency,multi_region_product,FUR-CH-10003973 / GuestStacker Chair with Chrome Finish Legs,Furniture / Chairs,,16,16,2,1,1,1,18141.89,,1546.52,8.52,0.225,4,-59.48,,-2.86,10.0,,89,1618,Cross-region details: selected multi-region products with mixed signs or large regional margin spreads.
G5,cross_region_sku_consistency,multi_region_product,FUR-CH-10000015 / Hon Multipurpose Stacking Arm Chairs,Furniture / Chairs,,12,12,4,3,1,1,13169.28,,1628.83,12.37,0.133,4,-242.59,,-5.71,26.0,,85,1622,Cross-region details: selected multi-region products with mixed signs or large regional margin spreads.
G5,cross_region_sku_consistency,multi_region_product,FUR-CH-10002331 / Hon 4700 Series Mobuis Mid-Back Task Chairs with Adjustable Arms,Furniture / Chairs,,12,12,4,3,1,1,15164.75,,1665.99,10.99,0.133,2,-192.23,,-12.86,21.0,,84,1623,Cross-region details: selected multi-region products with mixed signs or large regional margin spreads.
G5,cross_region_sku_consistency,multi_region_product,"FUR-CH-10004495 / Global Leather and Oak Executive Chair, Black",Furniture / Chairs,,16,16,4,3,1,1,12821.75,,1709.57,13.33,0.175,4,-54.18,,-1.43,29.0,,79,1628,Cross-region details: selected multi-region products with mixed signs or large regional margin spreads.
G5,cross_region_sku_consistency,multi_region_product,FUR-CH-10001215 / Global Troy Executive Leather Low-Back Tilter,Furniture / Chairs,,18,18,3,2,1,1,25950.76,,1903.72,7.34,0.2,2,-100.2,,-7.14,16.67,,68,1639,Cross-region details: selected multi-region products with mixed signs or large regional margin spreads.
G5,cross_region_sku_consistency,multi_region_product,OFF-BI-10004390 / GBC DocuBind 200 Manual Binding Machine,Office Supplies / Binders,,8,8,3,2,1,1,8419.6,,2104.9,25.0,0.325,2,-673.57,,-66.67,37.5,,61,1646,Cross-region details: selected multi-region products with mixed signs or large regional margin spreads.
G5,cross_region_sku_consistency,multi_region_product,TEC-MA-10000488 / Bady BDG101FRU Card Printer,Technology / Machines,,8,8,3,2,1,1,18559.77,,2655.97,14.31,0.2,2,-527.99,,-18.33,29.0,,41,1666,Cross-region details: selected multi-region products with mixed signs or large regional margin spreads.
G5,cross_region_sku_consistency,multi_region_product,OFF-ST-10000078 / Tennsco 6- and 18-Compartment Lockers,Office Supplies / Storage,,22,22,4,3,1,1,21850.01,,3150.22,14.42,0.055,6,-95.46,,-2.5,18.0,,31,1676,Cross-region details: selected multi-region products with mixed signs or large regional margin spreads.
G5,cross_region_sku_consistency,multi_region_product,OFF-BI-10003091 / GBC DocuBind TL200 Manual Binding Machine,Office Supplies / Binders,,12,12,4,3,1,1,8645.63,,3185.0,36.84,0.217,2,-103.03,,-76.67,47.0,,30,1677,Cross-region details: selected multi-region products with mixed signs or large regional margin spreads.
G5,cross_region_sku_consistency,multi_region_product,TEC-AC-10003832 / Logitech_P710e Mobile Speakerphone,Technology / Accessories,,26,26,3,2,1,1,19050.74,,3212.97,16.87,0.077,6,-36.05,,-1.25,19.99,,29,1678,Cross-region details: selected multi-region products with mixed signs or large regional margin spreads.
G5,cross_region_sku_consistency,multi_region_product,OFF-BI-10001359 / GBC DocuBind TL300 Electric Binding System,Office Supplies / Binders,,22,22,3,2,1,1,39646.96,,4467.01,11.27,0.3,8,-8324.07,,-23.67,29.69,,15,1692,Cross-region details: selected multi-region products with mixed signs or large regional margin spreads.
G5,cross_region_sku_consistency,multi_region_product,OFF-BI-10003925 / Fellowes PB300 Plastic Comb Binding Machine,Office Supplies / Binders,,12,12,4,3,1,1,16140.38,,5036.11,31.2,0.233,2,-1024.29,,-165.0,47.0,,12,1695,Cross-region details: selected multi-region products with mixed signs or large regional margin spreads.
G5,cross_region_sku_consistency,multi_region_product,OFF-BI-10003527 / Fellowes PB500 Electric Punch Plastic Comb Binding Machine with Manual Bind,Office Supplies / Binders,,20,20,4,3,1,1,54906.77,,15506.08,28.24,0.24,4,-6863.35,,-25.0,50.0,,2,1705,Cross-region details: selected multi-region products with mixed signs or large regional margin spreads.
G5,cross_region_sku_consistency,region_consistency_summary,multi_region_products,region_consistency,,19340,19324,1706,1097,55,535,4277070.19,,535417.67,12.52,0.157,3646,-290874.82,,-275.0,50.0,,,,Cross-region summary: test whether the same product IDs are consistently profitable or region-sensitive.
