evidence_block,grain,item,item_2,item_3,rank_label,rank_value,inspections,establishments,violations,critical_violations,serious_violations,minor_violations,total_fine,violation_share_pct,fine_share_pct,avg_fine_per_violation,notes
severity_level_baseline,point_level,Minor   ,,,fine_rank,1.0,111615,22906,424224,0,0,0,37573600.0,80.7621,60.1504,88.5702,Separate violation volume from severity burden by point level.
severity_level_baseline,point_level,Critical,,,fine_rank,2.0,23504,10489,33434,33434,0,0,13407500.0,6.365,21.4636,401.0139,Separate violation volume from severity burden by point level.
severity_level_baseline,point_level,Serious ,,,fine_rank,3.0,48230,14382,67618,0,0,0,11485000.0,12.8729,18.386,169.8512,Separate violation volume from severity burden by point level.
category_burden_profile,violation_category,Food Maintenance,,,violation_rank,1.0,106521,22451,286467,0,0,0,25302900.0,54.5365,40.5066,88.3275,Identify which violation categories carry the main burden.
category_burden_profile,violation_category,Food Protection,,,violation_rank,2.0,88759,20162,160413,17193,0,0,21092850.0,30.5388,33.7669,131.4909,Identify which violation categories carry the main burden.
category_burden_profile,violation_category,Insect and Rodent Control,,,violation_rank,3.0,29725,10042,32681,0,0,0,5282500.0,6.2217,8.4566,161.6383,Identify which violation categories carry the main burden.
category_burden_profile,violation_category,Toilet and Hand Washing Facilities for Staff,,,violation_rank,6.0,7022,4068,7327,7327,0,0,2757000.0,1.3949,4.4136,376.2795,Identify which violation categories carry the main burden.
category_burden_profile,violation_category,Personnel,,,violation_rank,5.0,9676,5125,9676,0,0,0,2062250.0,1.8421,3.3014,213.1304,Identify which violation categories carry the main burden.
category_burden_profile,violation_category,Compliance,,,violation_rank,4.0,10097,4143,10504,1748,0,0,1428500.0,1.9997,2.2868,135.9958,Identify which violation categories carry the main burden.
category_burden_profile,violation_category,Food Equipment and Utensil Sanitation,,,violation_rank,9.0,2908,1942,2913,2913,0,0,1237000.0,0.5546,1.9803,424.6481,Identify which violation categories carry the main burden.
category_burden_profile,violation_category,Wash and Waste Water Disposal,,,violation_rank,8.0,3344,1858,3491,3491,0,0,1209000.0,0.6646,1.9354,346.3191,Identify which violation categories carry the main burden.
category_burden_profile,violation_category,Food Equipment and Utensil,,,violation_rank,7.0,5995,2836,6080,0,0,0,978250.0,1.1575,1.566,160.8964,Identify which violation categories carry the main burden.
category_burden_profile,violation_category,Toilet / Hand Washing Facilities For Customers,,,violation_rank,10.0,2711,1327,2757,0,0,0,457250.0,0.5249,0.732,165.8506,Identify which violation categories carry the main burden.
category_burden_profile,violation_category,Display of Inspection Report Summary,,,violation_rank,11.0,1254,1048,1254,0,0,0,288500.0,0.2387,0.4619,230.0638,Identify which violation categories carry the main burden.
category_burden_profile,violation_category,Compliance Insect and Rodent Control,,,violation_rank,12.0,762,333,762,762,0,0,271500.0,0.1451,0.4346,356.2992,Identify which violation categories carry the main burden.
category_burden_profile,violation_category,No Smoking Regulations,,,violation_rank,13.0,728,464,728,0,0,0,55100.0,0.1386,0.0882,75.6868,Identify which violation categories carry the main burden.
category_burden_profile,violation_category,Toxic Items,,,violation_rank,14.0,223,152,223,0,0,0,43500.0,0.0425,0.0696,195.0673,Identify which violation categories carry the main burden.
inspection_point_concentration,portfolio,top_10_inspection_points,46,,top10_point_violation_share,,,,410344,,,,42095550.0,78.1197,67.3894,,Check whether severity is broad-based or concentrated in a small set of inspection points.
inspection_point_profile,inspection_point,34,Food Maintenance,Minor   ,violation_rank,1.0,69102,18193,69102,0,0,0,6159500.0,13.1554,9.8605,89.1363,Retain point-level evidence for named severe or high-volume requirements.
inspection_point_profile,inspection_point,33,Food Protection,Minor   ,violation_rank,2.0,61179,16469,61179,0,0,0,5454400.0,11.647,8.7318,89.1548,Retain point-level evidence for named severe or high-volume requirements.
inspection_point_profile,inspection_point,35,Food Maintenance,Minor   ,violation_rank,3.0,60882,17511,60882,0,0,0,5435000.0,11.5905,8.7007,89.271,Retain point-level evidence for named severe or high-volume requirements.
inspection_point_profile,inspection_point,38,Food Maintenance,Minor   ,violation_rank,4.0,51781,16900,51781,0,0,0,4574200.0,9.8579,7.3227,88.3374,Retain point-level evidence for named severe or high-volume requirements.
inspection_point_profile,inspection_point,32,Food Protection,Minor   ,violation_rank,5.0,50535,15585,50535,0,0,0,4516300.0,9.6207,7.23,89.3697,Retain point-level evidence for named severe or high-volume requirements.
inspection_point_profile,inspection_point,18,Insect and Rodent Control,Serious ,violation_rank,7.0,26207,9071,26207,0,0,0,4242750.0,4.9892,6.7921,161.8938,Retain point-level evidence for named severe or high-volume requirements.
inspection_point_profile,inspection_point,3,Food Protection,Critical,violation_rank,16.0,7481,4808,7481,7481,0,0,3653000.0,1.4242,5.848,488.3037,Retain point-level evidence for named severe or high-volume requirements.
inspection_point_profile,inspection_point,41,Food Maintenance,Minor   ,violation_rank,6.0,33647,13175,33647,0,0,0,2928100.0,6.4056,4.6875,87.0241,Retain point-level evidence for named severe or high-volume requirements.
inspection_point_profile,inspection_point,2,Food Protection,Critical,violation_rank,17.0,7070,4267,7070,7070,0,0,2862000.0,1.346,4.5817,404.8091,Retain point-level evidence for named severe or high-volume requirements.
inspection_point_profile,inspection_point,36,Food Maintenance,Minor   ,violation_rank,8.0,25786,10635,25786,0,0,0,2270300.0,4.909,3.6345,88.0439,Retain point-level evidence for named severe or high-volume requirements.
inspection_point_profile,inspection_point,21,Personnel,Serious ,violation_rank,12.0,9676,5125,9676,0,0,0,2062250.0,1.8421,3.3014,213.1304,Retain point-level evidence for named severe or high-volume requirements.
inspection_point_profile,inspection_point,11,Toilet and Hand Washing Facilities for Staff,Critical,violation_rank,23.0,4329,2426,4329,4329,0,0,1540000.0,0.8241,2.4653,355.7404,Retain point-level evidence for named severe or high-volume requirements.
inspection_point_profile,inspection_point,30,Food Protection,Minor   ,violation_rank,10.0,15378,6878,15378,0,0,0,1373000.0,2.9276,2.198,89.2834,Retain point-level evidence for named severe or high-volume requirements.
inspection_point_profile,inspection_point,40,Food Maintenance,Minor   ,violation_rank,9.0,15847,8027,15847,0,0,0,1351800.0,3.0169,2.1641,85.3032,Retain point-level evidence for named severe or high-volume requirements.
inspection_point_profile,inspection_point,29,Compliance,Serious ,violation_rank,13.0,8756,3622,8756,0,0,0,1254000.0,1.6669,2.0075,143.2161,Retain point-level evidence for named severe or high-volume requirements.
inspection_point_profile,inspection_point,12,Toilet and Hand Washing Facilities for Staff,Critical,violation_rank,24.0,2998,2066,2998,2998,0,0,1217000.0,0.5707,1.9483,405.9373,Retain point-level evidence for named severe or high-volume requirements.
inspection_point_profile,inspection_point,8,Food Equipment and Utensil Sanitation,Critical,violation_rank,25.0,2766,1854,2766,2766,0,0,1177500.0,0.5266,1.885,425.705,Retain point-level evidence for named severe or high-volume requirements.
inspection_point_profile,inspection_point,16,Food Protection,Serious ,violation_rank,20.0,6085,3131,6085,0,0,0,1093500.0,1.1584,1.7505,179.7042,Retain point-level evidence for named severe or high-volume requirements.
inspection_point_profile,inspection_point,19,Insect and Rodent Control,Serious ,violation_rank,19.0,6301,2936,6301,0,0,0,1013000.0,1.1996,1.6217,160.7681,Retain point-level evidence for named severe or high-volume requirements.
inspection_point_profile,inspection_point,31,Food Protection,Minor   ,violation_rank,11.0,9937,5233,9937,0,0,0,871900.0,1.8918,1.3958,87.7428,Retain point-level evidence for named severe or high-volume requirements.
inspection_point_profile,inspection_point,9,Wash and Waste Water Disposal,Critical,violation_rank,26.0,2315,1293,2315,2315,0,0,796000.0,0.4407,1.2743,343.8445,Retain point-level evidence for named severe or high-volume requirements.
inspection_point_profile,inspection_point,24,Food Equipment and Utensil,Serious ,violation_rank,22.0,4907,2337,4907,0,0,0,776500.0,0.9342,1.2431,158.2433,Retain point-level evidence for named severe or high-volume requirements.
inspection_point_profile,inspection_point,43,Food Maintenance,Minor   ,violation_rank,14.0,7976,4274,7976,0,0,0,700900.0,1.5184,1.122,87.8761,Retain point-level evidence for named severe or high-volume requirements.
inspection_point_profile,inspection_point,6,Food Protection,Critical,violation_rank,29.0,1425,1222,1425,1425,0,0,693500.0,0.2713,1.1102,486.6667,Retain point-level evidence for named severe or high-volume requirements.
inspection_point_profile,inspection_point,37,Food Maintenance,Minor   ,violation_rank,15.0,7865,4482,7865,0,0,0,650200.0,1.4973,1.0409,82.6701,Retain point-level evidence for named severe or high-volume requirements.
inspection_point_profile,inspection_point,45,Food Maintenance,Minor   ,violation_rank,21.0,6030,4055,6030,0,0,0,576300.0,1.148,0.9226,95.5721,Retain point-level evidence for named severe or high-volume requirements.
inspection_point_profile,inspection_point,42,Food Maintenance,Minor   ,violation_rank,18.0,6470,3780,6470,0,0,0,566600.0,1.2317,0.9071,87.5734,Retain point-level evidence for named severe or high-volume requirements.
result_severity_profile,inspection_result,pass,,,violation_rank,1.0,76087,22455,299936,6377,0,0,24497000.0,57.1006,39.2165,81.6741,Connect violation severity back to inspection outcomes.
result_severity_profile,inspection_result,fail,,,violation_rank,2.0,25039,13924,153430,15388,0,0,25438200.0,29.2094,40.7232,165.7968,Connect violation severity back to inspection outcomes.
result_severity_profile,inspection_result,conditional_pass,,,violation_rank,3.0,13454,8147,70405,11609,0,0,12340800.0,13.4034,19.756,175.283,Connect violation severity back to inspection outcomes.
result_severity_profile,inspection_result,other_result,,,violation_rank,4.0,310,283,1505,60,0,0,190100.0,0.2865,0.3043,126.3123,Connect violation severity back to inspection outcomes.
risk_category_profile,risk_level_category,3,Food Maintenance,,category_rank_in_risk,1.0,6720,3335,18140,0,0,0,1474400.0,3.4534,2.3603,81.2789,Check whether risk levels differ in the kinds of violations they carry.
risk_category_profile,risk_level_category,3,Food Protection,,category_rank_in_risk,2.0,4766,2453,6993,965,0,0,875900.0,1.3313,1.4022,125.2538,Check whether risk levels differ in the kinds of violations they carry.
risk_category_profile,risk_level_category,3,Insect and Rodent Control,,category_rank_in_risk,3.0,3186,1422,3796,0,0,0,605250.0,0.7227,0.9689,159.4442,Check whether risk levels differ in the kinds of violations they carry.
risk_category_profile,risk_level_category,3,Toilet and Hand Washing Facilities for Staff,,category_rank_in_risk,4.0,726,393,777,777,0,0,261000.0,0.1479,0.4178,335.9073,Check whether risk levels differ in the kinds of violations they carry.
risk_category_profile,risk_level_category,3,Wash and Waste Water Disposal,,category_rank_in_risk,5.0,524,273,566,566,0,0,181500.0,0.1078,0.2906,320.6714,Check whether risk levels differ in the kinds of violations they carry.
risk_category_profile,risk_level_category,2,Food Maintenance,,category_rank_in_risk,1.0,21646,5129,58023,0,0,0,5149600.0,11.0462,8.2438,88.751,Check whether risk levels differ in the kinds of violations they carry.
risk_category_profile,risk_level_category,2,Food Protection,,category_rank_in_risk,2.0,17266,4652,28202,2819,0,0,3602650.0,5.369,5.7674,127.7445,Check whether risk levels differ in the kinds of violations they carry.
risk_category_profile,risk_level_category,2,Insect and Rodent Control,,category_rank_in_risk,3.0,6427,2258,7166,0,0,0,1162250.0,1.3642,1.8606,162.1895,Check whether risk levels differ in the kinds of violations they carry.
risk_category_profile,risk_level_category,2,Personnel,,category_rank_in_risk,4.0,3348,1699,3348,0,0,0,722750.0,0.6374,1.157,215.8751,Check whether risk levels differ in the kinds of violations they carry.
risk_category_profile,risk_level_category,2,Toilet and Hand Washing Facilities for Staff,,category_rank_in_risk,5.0,1676,941,1738,1738,0,0,642000.0,0.3309,1.0278,369.3901,Check whether risk levels differ in the kinds of violations they carry.
risk_category_profile,risk_level_category,unknown,Food Maintenance,,category_rank_in_risk,1.0,1,1,2,0,0,0,200.0,0.0004,0.0003,100.0,Check whether risk levels differ in the kinds of violations they carry.
risk_category_profile,risk_level_category,unknown,Food Protection,,category_rank_in_risk,2.0,2,2,2,0,0,0,200.0,0.0004,0.0003,100.0,Check whether risk levels differ in the kinds of violations they carry.
risk_category_profile,risk_level_category,1,Food Maintenance,,category_rank_in_risk,1.0,78154,13986,210302,0,0,0,18678700.0,40.0365,29.9021,88.8185,Check whether risk levels differ in the kinds of violations they carry.
risk_category_profile,risk_level_category,1,Food Protection,,category_rank_in_risk,2.0,66725,13055,125216,13409,0,0,16614100.0,23.8381,26.597,132.6835,Check whether risk levels differ in the kinds of violations they carry.
risk_category_profile,risk_level_category,1,Insect and Rodent Control,,category_rank_in_risk,3.0,20112,6362,21719,0,0,0,3515000.0,4.1348,5.6271,161.8399,Check whether risk levels differ in the kinds of violations they carry.
risk_category_profile,risk_level_category,1,Compliance,,category_rank_in_risk,4.0,8135,3235,8460,1278,0,0,1160500.0,1.6106,1.8578,137.1749,Check whether risk levels differ in the kinds of violations they carry.
risk_category_profile,risk_level_category,1,Personnel,,category_rank_in_risk,5.0,6131,3325,6131,0,0,0,1300500.0,1.1672,2.0819,212.1187,Check whether risk levels differ in the kinds of violations they carry.
facility_category_profile,facility_type_category,(convenience store),Food Maintenance,,category_rank_in_facility_type,1.0,1,1,1,0,0,0,100.0,0.0002,0.0002,100.0,Check whether facility-type patterns explain category-level burden.
facility_category_profile,facility_type_category,(convenience store),Food Protection,,category_rank_in_facility_type,2.0,1,1,1,0,0,0,100.0,0.0002,0.0002,100.0,Check whether facility-type patterns explain category-level burden.
facility_category_profile,facility_type_category,A-Not-For-Profit Chef Training Program,Food Protection,,category_rank_in_facility_type,1.0,5,1,9,0,0,0,900.0,0.0017,0.0014,100.0,Check whether facility-type patterns explain category-level burden.
facility_category_profile,facility_type_category,A-Not-For-Profit Chef Training Program,Food Maintenance,,category_rank_in_facility_type,2.0,5,1,8,0,0,0,800.0,0.0015,0.0013,100.0,Check whether facility-type patterns explain category-level burden.
facility_category_profile,facility_type_category,ASSISTED LIVING,Food Maintenance,,category_rank_in_facility_type,1.0,22,4,48,0,0,0,3600.0,0.0091,0.0058,75.0,Check whether facility-type patterns explain category-level burden.
facility_category_profile,facility_type_category,ASSISTED LIVING,Food Protection,,category_rank_in_facility_type,2.0,18,3,39,6,0,0,5300.0,0.0074,0.0085,135.8974,Check whether facility-type patterns explain category-level burden.
facility_category_profile,facility_type_category,ASSISTED LIVING,Insect and Rodent Control,,category_rank_in_facility_type,3.0,10,1,12,0,0,0,2000.0,0.0023,0.0032,166.6667,Check whether facility-type patterns explain category-level burden.
facility_category_profile,facility_type_category,CONVENIENCE STORE,Food Maintenance,,category_rank_in_facility_type,1.0,18,9,36,0,0,0,3100.0,0.0069,0.005,86.1111,Check whether facility-type patterns explain category-level burden.
facility_category_profile,facility_type_category,CONVENIENCE STORE,Food Protection,,category_rank_in_facility_type,2.0,14,7,20,10,0,0,5000.0,0.0038,0.008,250.0,Check whether facility-type patterns explain category-level burden.
facility_category_profile,facility_type_category,CONVENIENCE STORE,Insect and Rodent Control,,category_rank_in_facility_type,3.0,8,3,11,0,0,0,2000.0,0.0021,0.0032,181.8182,Check whether facility-type patterns explain category-level burden.
facility_category_profile,facility_type_category,CULINARY SCHOOL,Food Maintenance,,category_rank_in_facility_type,1.0,13,2,33,0,0,0,3300.0,0.0063,0.0053,100.0,Check whether facility-type patterns explain category-level burden.
facility_category_profile,facility_type_category,CULINARY SCHOOL,Food Protection,,category_rank_in_facility_type,2.0,9,2,16,4,0,0,3200.0,0.003,0.0051,200.0,Check whether facility-type patterns explain category-level burden.
facility_category_profile,facility_type_category,CULINARY SCHOOL,Food Equipment and Utensil Sanitation,,category_rank_in_facility_type,3.0,2,1,2,2,0,0,1000.0,0.0004,0.0016,500.0,Check whether facility-type patterns explain category-level burden.
facility_category_profile,facility_type_category,DAYCARE (0-6 YEARS OLD),Food Maintenance,,category_rank_in_facility_type,1.0,3,1,4,0,0,0,400.0,0.0008,0.0006,100.0,Check whether facility-type patterns explain category-level burden.
facility_category_profile,facility_type_category,DAYCARE (0-6 YEARS OLD),Food Protection,,category_rank_in_facility_type,2.0,1,1,1,0,0,0,100.0,0.0002,0.0002,100.0,Check whether facility-type patterns explain category-level burden.
facility_category_profile,facility_type_category,DINING HALL,Food Protection,,category_rank_in_facility_type,1.0,2,1,6,2,0,0,850.0,0.0011,0.0014,141.6667,Check whether facility-type patterns explain category-level burden.
facility_category_profile,facility_type_category,DINING HALL,Food Maintenance,,category_rank_in_facility_type,2.0,2,1,2,0,0,0,100.0,0.0004,0.0002,50.0,Check whether facility-type patterns explain category-level burden.
facility_category_profile,facility_type_category,DINING HALL,Insect and Rodent Control,,category_rank_in_facility_type,3.0,2,1,2,0,0,0,250.0,0.0004,0.0004,125.0,Check whether facility-type patterns explain category-level burden.
facility_category_profile,facility_type_category,FITNESS CENTER,Food Maintenance,,category_rank_in_facility_type,1.0,4,1,9,0,0,0,900.0,0.0017,0.0014,100.0,Check whether facility-type patterns explain category-level burden.
facility_category_profile,facility_type_category,FITNESS CENTER,Food Protection,,category_rank_in_facility_type,2.0,5,1,5,0,0,0,500.0,0.001,0.0008,100.0,Check whether facility-type patterns explain category-level burden.
facility_category_profile,facility_type_category,FITNESS CENTER,Compliance,,category_rank_in_facility_type,3.0,2,1,2,0,0,0,250.0,0.0004,0.0004,125.0,Check whether facility-type patterns explain category-level burden.
facility_category_profile,facility_type_category,Long Term Care,Food Maintenance,,category_rank_in_facility_type,1.0,716,228,1998,0,0,0,173200.0,0.3804,0.2773,86.6867,Check whether facility-type patterns explain category-level burden.
facility_category_profile,facility_type_category,Long Term Care,Food Protection,,category_rank_in_facility_type,2.0,618,220,1065,84,0,0,129150.0,0.2028,0.2068,121.2676,Check whether facility-type patterns explain category-level burden.
facility_category_profile,facility_type_category,Long Term Care,Insect and Rodent Control,,category_rank_in_facility_type,3.0,199,83,231,0,0,0,36250.0,0.044,0.058,156.9264,Check whether facility-type patterns explain category-level burden.
facility_category_profile,facility_type_category,Long Term Care Facility,Food Maintenance,,category_rank_in_facility_type,1.0,15,2,28,0,0,0,2400.0,0.0053,0.0038,85.7143,Check whether facility-type patterns explain category-level burden.
facility_category_profile,facility_type_category,Long Term Care Facility,Food Protection,,category_rank_in_facility_type,2.0,11,2,19,4,0,0,3350.0,0.0036,0.0054,176.3158,Check whether facility-type patterns explain category-level burden.
facility_category_profile,facility_type_category,Long Term Care Facility,Insect and Rodent Control,,category_rank_in_facility_type,3.0,4,1,4,0,0,0,750.0,0.0008,0.0012,187.5,Check whether facility-type patterns explain category-level burden.
facility_category_profile,facility_type_category,MAIN KITCHEN,Food Maintenance,,category_rank_in_facility_type,1.0,3,1,5,0,0,0,500.0,0.001,0.0008,100.0,Check whether facility-type patterns explain category-level burden.
facility_category_profile,facility_type_category,MAIN KITCHEN,Food Protection,,category_rank_in_facility_type,2.0,3,1,4,0,0,0,400.0,0.0008,0.0006,100.0,Check whether facility-type patterns explain category-level burden.
facility_category_profile,facility_type_category,MAIN KITCHEN,Food Equipment and Utensil,,category_rank_in_facility_type,3.0,2,1,2,0,0,0,500.0,0.0004,0.0008,250.0,Check whether facility-type patterns explain category-level burden.
facility_category_profile,facility_type_category,Museum/Gallery,Food Maintenance,,category_rank_in_facility_type,1.0,2,1,4,0,0,0,200.0,0.0008,0.0003,50.0,Check whether facility-type patterns explain category-level burden.
facility_category_profile,facility_type_category,Museum/Gallery,Food Equipment and Utensil Sanitation,,category_rank_in_facility_type,2.0,2,1,2,2,0,0,500.0,0.0004,0.0008,250.0,Check whether facility-type patterns explain category-level burden.
facility_category_profile,facility_type_category,Museum/Gallery,Insect and Rodent Control,,category_rank_in_facility_type,3.0,2,1,2,0,0,0,250.0,0.0004,0.0004,125.0,Check whether facility-type patterns explain category-level burden.
facility_category_profile,facility_type_category,PACKAGED LIQUOR,Food Maintenance,,category_rank_in_facility_type,1.0,5,2,9,0,0,0,500.0,0.0017,0.0008,55.5556,Check whether facility-type patterns explain category-level burden.
facility_category_profile,facility_type_category,PACKAGED LIQUOR,Insect and Rodent Control,,category_rank_in_facility_type,2.0,4,2,4,0,0,0,500.0,0.0008,0.0008,125.0,Check whether facility-type patterns explain category-level burden.
facility_category_profile,facility_type_category,RESTAURANT/GROCERY STORE,Food Maintenance,,category_rank_in_facility_type,1.0,18,2,53,0,0,0,4200.0,0.0101,0.0067,79.2453,Check whether facility-type patterns explain category-level burden.
facility_category_profile,facility_type_category,RESTAURANT/GROCERY STORE,Food Protection,,category_rank_in_facility_type,2.0,14,2,34,2,0,0,3850.0,0.0065,0.0062,113.2353,Check whether facility-type patterns explain category-level burden.
facility_category_profile,facility_type_category,RESTAURANT/GROCERY STORE,Compliance,,category_rank_in_facility_type,3.0,4,2,4,2,0,0,750.0,0.0008,0.0012,187.5,Check whether facility-type patterns explain category-level burden.
facility_category_profile,facility_type_category,RESTAURANT/HOSPITAL,Food Maintenance,,category_rank_in_facility_type,1.0,9,1,28,0,0,0,2200.0,0.0053,0.0035,78.5714,Check whether facility-type patterns explain category-level burden.
facility_category_profile,facility_type_category,RESTAURANT/HOSPITAL,Food Protection,,category_rank_in_facility_type,2.0,9,1,19,2,0,0,2300.0,0.0036,0.0037,121.0526,Check whether facility-type patterns explain category-level burden.
facility_category_profile,facility_type_category,RESTAURANT/HOSPITAL,Insect and Rodent Control,,category_rank_in_facility_type,3.0,4,1,4,0,0,0,500.0,0.0008,0.0008,125.0,Check whether facility-type patterns explain category-level burden.
facility_category_profile,facility_type_category,ROOF TOPS,Food Maintenance,,category_rank_in_facility_type,1.0,11,3,19,0,0,0,1900.0,0.0036,0.003,100.0,Check whether facility-type patterns explain category-level burden.
facility_category_profile,facility_type_category,ROOF TOPS,Food Protection,,category_rank_in_facility_type,2.0,5,3,6,1,0,0,1000.0,0.0011,0.0016,166.6667,Check whether facility-type patterns explain category-level burden.
facility_category_profile,facility_type_category,ROOF TOPS,Toilet and Hand Washing Facilities for Staff,,category_rank_in_facility_type,3.0,2,2,2,2,0,0,1000.0,0.0004,0.0016,500.0,Check whether facility-type patterns explain category-level burden.
facility_category_profile,facility_type_category,ROOFTOPS,Food Maintenance,,category_rank_in_facility_type,1.0,5,3,8,0,0,0,800.0,0.0015,0.0013,100.0,Check whether facility-type patterns explain category-level burden.
facility_category_profile,facility_type_category,ROOFTOPS,Food Protection,,category_rank_in_facility_type,2.0,1,1,1,0,0,0,100.0,0.0002,0.0002,100.0,Check whether facility-type patterns explain category-level burden.
facility_category_profile,facility_type_category,School,Food Maintenance,,category_rank_in_facility_type,1.0,7887,1064,20053,0,0,0,1888600.0,3.8176,3.0234,94.1804,Check whether facility-type patterns explain category-level burden.
facility_category_profile,facility_type_category,School,Food Protection,,category_rank_in_facility_type,2.0,4851,1003,6772,370,0,0,787900.0,1.2892,1.2613,116.3467,Check whether facility-type patterns explain category-level burden.
facility_category_profile,facility_type_category,School,Insect and Rodent Control,,category_rank_in_facility_type,3.0,1948,569,2122,0,0,0,360500.0,0.404,0.5771,169.8869,Check whether facility-type patterns explain category-level burden.
facility_category_profile,facility_type_category,TAVERN/RESTAURANT,Food Maintenance,,category_rank_in_facility_type,1.0,1,1,5,0,0,0,500.0,0.001,0.0008,100.0,Check whether facility-type patterns explain category-level burden.
facility_category_profile,facility_type_category,TAVERN/RESTAURANT,Food Protection,,category_rank_in_facility_type,2.0,1,1,2,0,0,0,200.0,0.0004,0.0003,100.0,Check whether facility-type patterns explain category-level burden.
facility_category_profile,facility_type_category,Wholesale,Food Maintenance,,category_rank_in_facility_type,1.0,348,173,996,0,0,0,79900.0,0.1896,0.1279,80.2209,Check whether facility-type patterns explain category-level burden.
facility_category_profile,facility_type_category,Wholesale,Food Protection,,category_rank_in_facility_type,2.0,218,108,339,41,0,0,42800.0,0.0645,0.0685,126.2537,Check whether facility-type patterns explain category-level burden.
facility_category_profile,facility_type_category,Wholesale,Insect and Rodent Control,,category_rank_in_facility_type,3.0,176,86,206,0,0,0,33500.0,0.0392,0.0536,162.6214,Check whether facility-type patterns explain category-level burden.
facility_category_profile,facility_type_category,bakery/restaurant,Food Maintenance,,category_rank_in_facility_type,1.0,2,1,6,0,0,0,600.0,0.0011,0.001,100.0,Check whether facility-type patterns explain category-level burden.
facility_category_profile,facility_type_category,bakery/restaurant,Food Protection,,category_rank_in_facility_type,2.0,2,1,3,0,0,0,300.0,0.0006,0.0005,100.0,Check whether facility-type patterns explain category-level burden.
facility_category_profile,facility_type_category,banquets/room service,Food Maintenance,,category_rank_in_facility_type,1.0,3,1,4,0,0,0,400.0,0.0008,0.0006,100.0,Check whether facility-type patterns explain category-level burden.
facility_category_profile,facility_type_category,banquets/room service,Food Protection,,category_rank_in_facility_type,2.0,2,1,3,0,0,0,300.0,0.0006,0.0005,100.0,Check whether facility-type patterns explain category-level burden.
facility_category_profile,facility_type_category,coffee,Food Protection,,category_rank_in_facility_type,1.0,1,1,1,0,0,0,250.0,0.0002,0.0004,250.0,Check whether facility-type patterns explain category-level burden.
facility_category_profile,facility_type_category,meat packing,Food Maintenance,,category_rank_in_facility_type,1.0,4,1,10,0,0,0,900.0,0.0019,0.0014,90.0,Check whether facility-type patterns explain category-level burden.
facility_category_profile,facility_type_category,meat packing,Insect and Rodent Control,,category_rank_in_facility_type,2.0,2,1,2,0,0,0,500.0,0.0004,0.0008,250.0,Check whether facility-type patterns explain category-level burden.
facility_category_profile,facility_type_category,meat packing,No Smoking Regulations,,category_rank_in_facility_type,3.0,1,1,1,0,0,0,100.0,0.0002,0.0002,100.0,Check whether facility-type patterns explain category-level burden.
facility_category_profile,facility_type_category,newsstand,Food Maintenance,,category_rank_in_facility_type,1.0,2,1,3,0,0,0,300.0,0.0006,0.0005,100.0,Check whether facility-type patterns explain category-level burden.
facility_category_profile,facility_type_category,newsstand,Insect and Rodent Control,,category_rank_in_facility_type,2.0,2,1,2,0,0,0,500.0,0.0004,0.0008,250.0,Check whether facility-type patterns explain category-level burden.
facility_category_profile,facility_type_category,newsstand,Compliance,,category_rank_in_facility_type,3.0,1,1,1,1,0,0,500.0,0.0002,0.0008,500.0,Check whether facility-type patterns explain category-level burden.
facility_category_profile,facility_type_category,restaurant,Food Maintenance,,category_rank_in_facility_type,1.0,4,1,11,0,0,0,1100.0,0.0021,0.0018,100.0,Check whether facility-type patterns explain category-level burden.
facility_category_profile,facility_type_category,restaurant,Food Protection,,category_rank_in_facility_type,2.0,4,1,7,0,0,0,700.0,0.0013,0.0011,100.0,Check whether facility-type patterns explain category-level burden.
facility_category_profile,facility_type_category,1023 CHILDERN'S SERVICES FACILITY,Food Maintenance,,category_rank_in_facility_type,1.0,21,7,56,0,0,0,5600.0,0.0107,0.009,100.0,Check whether facility-type patterns explain category-level burden.
facility_category_profile,facility_type_category,1023 CHILDERN'S SERVICES FACILITY,Food Protection,,category_rank_in_facility_type,2.0,8,6,11,0,0,0,1100.0,0.0021,0.0018,100.0,Check whether facility-type patterns explain category-level burden.
facility_category_profile,facility_type_category,1023 CHILDERN'S SERVICES FACILITY,Insect and Rodent Control,,category_rank_in_facility_type,3.0,4,2,4,0,0,0,1000.0,0.0008,0.0016,250.0,Check whether facility-type patterns explain category-level burden.
facility_category_profile,facility_type_category,Airport Lounge,Food Protection,,category_rank_in_facility_type,1.0,2,1,2,0,0,0,250.0,0.0004,0.0004,125.0,Check whether facility-type patterns explain category-level burden.
facility_category_profile,facility_type_category,BANQUET FACILITY,Food Maintenance,,category_rank_in_facility_type,1.0,10,1,26,0,0,0,2200.0,0.0049,0.0035,84.6154,Check whether facility-type patterns explain category-level burden.
facility_category_profile,facility_type_category,BANQUET FACILITY,Food Protection,,category_rank_in_facility_type,2.0,7,1,12,0,0,0,1100.0,0.0023,0.0018,91.6667,Check whether facility-type patterns explain category-level burden.
facility_category_profile,facility_type_category,BANQUET FACILITY,Insect and Rodent Control,,category_rank_in_facility_type,3.0,8,1,8,0,0,0,1250.0,0.0015,0.002,156.25,Check whether facility-type patterns explain category-level burden.
facility_category_profile,facility_type_category,Banquet Hall,Food Maintenance,,category_rank_in_facility_type,1.0,3,2,6,0,0,0,600.0,0.0011,0.001,100.0,Check whether facility-type patterns explain category-level burden.
facility_category_profile,facility_type_category,Banquet Hall,Food Protection,,category_rank_in_facility_type,2.0,3,2,6,0,0,0,600.0,0.0011,0.001,100.0,Check whether facility-type patterns explain category-level burden.
facility_category_profile,facility_type_category,Banquet Hall,Food Equipment and Utensil,,category_rank_in_facility_type,3.0,2,1,2,0,0,0,250.0,0.0004,0.0004,125.0,Check whether facility-type patterns explain category-level burden.
facility_category_profile,facility_type_category,CAR WASH,Food Maintenance,,category_rank_in_facility_type,1.0,1,1,3,0,0,0,300.0,0.0006,0.0005,100.0,Check whether facility-type patterns explain category-level burden.
facility_category_profile,facility_type_category,DAY CARE 1023,Wash and Waste Water Disposal,,category_rank_in_facility_type,1.0,1,1,1,1,0,0,500.0,0.0002,0.0008,500.0,Check whether facility-type patterns explain category-level burden.
facility_category_profile,facility_type_category,DISTRIBUTOR,Food Maintenance,,category_rank_in_facility_type,1.0,1,1,2,0,0,0,200.0,0.0004,0.0003,100.0,Check whether facility-type patterns explain category-level burden.
facility_category_profile,facility_type_category,DISTRIBUTOR,Insect and Rodent Control,,category_rank_in_facility_type,2.0,1,1,1,0,0,0,250.0,0.0002,0.0004,250.0,Check whether facility-type patterns explain category-level burden.
facility_category_profile,facility_type_category,DISTRIBUTOR,Toilet and Hand Washing Facilities for Staff,,category_rank_in_facility_type,3.0,1,1,1,1,0,0,500.0,0.0002,0.0008,500.0,Check whether facility-type patterns explain category-level burden.
facility_category_profile,facility_type_category,DRUG STORE/GROCERY,Food Maintenance,,category_rank_in_facility_type,1.0,2,1,4,0,0,0,400.0,0.0008,0.0006,100.0,Check whether facility-type patterns explain category-level burden.
facility_category_profile,facility_type_category,DRUG STORE/GROCERY,Insect and Rodent Control,,category_rank_in_facility_type,2.0,2,1,2,0,0,0,250.0,0.0004,0.0004,125.0,Check whether facility-type patterns explain category-level burden.
facility_category_profile,facility_type_category,Daycare (2 - 6 Years),Food Maintenance,,category_rank_in_facility_type,1.0,1662,573,4144,0,0,0,362700.0,0.7889,0.5806,87.5241,Check whether facility-type patterns explain category-level burden.
facility_category_profile,facility_type_category,Daycare (2 - 6 Years),Food Protection,,category_rank_in_facility_type,2.0,978,434,1352,67,0,0,140600.0,0.2574,0.2251,103.9941,Check whether facility-type patterns explain category-level burden.
facility_category_profile,facility_type_category,Daycare (2 - 6 Years),Insect and Rodent Control,,category_rank_in_facility_type,3.0,417,180,447,0,0,0,67500.0,0.0851,0.1081,151.0067,Check whether facility-type patterns explain category-level burden.
facility_category_profile,facility_type_category,Daycare Above and Under 2 Years,Food Maintenance,,category_rank_in_facility_type,1.0,1224,416,3085,0,0,0,277500.0,0.5873,0.4442,89.9514,Check whether facility-type patterns explain category-level burden.
facility_category_profile,facility_type_category,Daycare Above and Under 2 Years,Food Protection,,category_rank_in_facility_type,2.0,719,326,998,107,0,0,126700.0,0.19,0.2028,126.9539,Check whether facility-type patterns explain category-level burden.
facility_category_profile,facility_type_category,Daycare Above and Under 2 Years,Insect and Rodent Control,,category_rank_in_facility_type,3.0,280,118,312,0,0,0,54000.0,0.0594,0.0864,173.0769,Check whether facility-type patterns explain category-level burden.
facility_category_profile,facility_type_category,GROCERY STORE/BAKERY,Food Maintenance,,category_rank_in_facility_type,1.0,12,1,47,0,0,0,4200.0,0.0089,0.0067,89.3617,Check whether facility-type patterns explain category-level burden.
facility_category_profile,facility_type_category,GROCERY STORE/BAKERY,Food Protection,,category_rank_in_facility_type,2.0,12,1,36,4,0,0,5350.0,0.0069,0.0086,148.6111,Check whether facility-type patterns explain category-level burden.
facility_category_profile,facility_type_category,GROCERY STORE/BAKERY,Compliance,,category_rank_in_facility_type,3.0,4,1,4,0,0,0,500.0,0.0008,0.0008,125.0,Check whether facility-type patterns explain category-level burden.
facility_category_profile,facility_type_category,GROCERY/SERVICE GAS STATION,Food Maintenance,,category_rank_in_facility_type,1.0,3,2,5,0,0,0,500.0,0.001,0.0008,100.0,Check whether facility-type patterns explain category-level burden.
facility_category_profile,facility_type_category,GROCERY/SERVICE GAS STATION,Food Protection,,category_rank_in_facility_type,2.0,2,2,2,0,0,0,200.0,0.0004,0.0003,100.0,Check whether facility-type patterns explain category-level burden.
facility_category_profile,facility_type_category,GROCERY/SERVICE GAS STATION,Display of Inspection Report Summary,,category_rank_in_facility_type,3.0,1,1,1,0,0,0,250.0,0.0002,0.0004,250.0,Check whether facility-type patterns explain category-level burden.
facility_category_profile,facility_type_category,HERBAL MEDICINE,Food Maintenance,,category_rank_in_facility_type,1.0,3,2,5,0,0,0,500.0,0.001,0.0008,100.0,Check whether facility-type patterns explain category-level burden.
facility_category_profile,facility_type_category,HERBAL MEDICINE,Food Protection,,category_rank_in_facility_type,2.0,2,2,2,0,0,0,200.0,0.0004,0.0003,100.0,Check whether facility-type patterns explain category-level burden.
facility_category_profile,facility_type_category,HERBAL REMEDY,Food Equipment and Utensil,,category_rank_in_facility_type,1.0,2,1,2,0,0,0,250.0,0.0004,0.0004,125.0,Check whether facility-type patterns explain category-level burden.
facility_category_profile,facility_type_category,HERBAL REMEDY,Food Maintenance,,category_rank_in_facility_type,2.0,2,1,2,0,0,0,100.0,0.0004,0.0002,50.0,Check whether facility-type patterns explain category-level burden.
facility_category_profile,facility_type_category,Mobile Prepared Food Vendor,Food Protection,,category_rank_in_facility_type,1.0,21,20,23,2,0,0,2500.0,0.0044,0.004,108.6957,Check whether facility-type patterns explain category-level burden.
facility_category_profile,facility_type_category,NORTHERLY ISLAND,Food Protection,,category_rank_in_facility_type,1.0,4,2,12,3,0,0,2650.0,0.0023,0.0042,220.8333,Check whether facility-type patterns explain category-level burden.
facility_category_profile,facility_type_category,NORTHERLY ISLAND,Food Maintenance,,category_rank_in_facility_type,2.0,4,2,7,0,0,0,600.0,0.0013,0.001,85.7143,Check whether facility-type patterns explain category-level burden.
facility_category_profile,facility_type_category,NORTHERLY ISLAND,Toilet and Hand Washing Facilities for Staff,,category_rank_in_facility_type,3.0,4,2,4,4,0,0,1500.0,0.0008,0.0024,375.0,Check whether facility-type patterns explain category-level burden.
facility_category_profile,facility_type_category,PALETERIA /ICECREAM SHOP,Food Maintenance,,category_rank_in_facility_type,1.0,1,1,4,0,0,0,400.0,0.0008,0.0006,100.0,Check whether facility-type patterns explain category-level burden.
facility_category_profile,facility_type_category,PALETERIA /ICECREAM SHOP,Food Protection,,category_rank_in_facility_type,2.0,1,1,1,0,0,0,100.0,0.0002,0.0002,100.0,Check whether facility-type patterns explain category-level burden.
facility_category_profile,facility_type_category,PRIVATE SCHOOL,Food Maintenance,,category_rank_in_facility_type,1.0,16,6,40,0,0,0,3400.0,0.0076,0.0054,85.0,Check whether facility-type patterns explain category-level burden.
facility_category_profile,facility_type_category,PRIVATE SCHOOL,Food Protection,,category_rank_in_facility_type,2.0,12,4,15,0,0,0,1350.0,0.0029,0.0022,90.0,Check whether facility-type patterns explain category-level burden.
facility_category_profile,facility_type_category,PRIVATE SCHOOL,Insect and Rodent Control,,category_rank_in_facility_type,3.0,6,3,8,0,0,0,1250.0,0.0015,0.002,156.25,Check whether facility-type patterns explain category-level burden.
facility_category_profile,facility_type_category,PUSH CARTS,Food Protection,,category_rank_in_facility_type,1.0,1,1,1,1,0,0,500.0,0.0002,0.0008,500.0,Check whether facility-type patterns explain category-level burden.
facility_category_profile,facility_type_category,Rest/GYM,Food Maintenance,,category_rank_in_facility_type,1.0,4,1,6,0,0,0,600.0,0.0011,0.001,100.0,Check whether facility-type patterns explain category-level burden.
facility_category_profile,facility_type_category,Rest/GYM,Food Equipment and Utensil,,category_rank_in_facility_type,2.0,2,1,2,0,0,0,250.0,0.0004,0.0004,125.0,Check whether facility-type patterns explain category-level burden.
facility_category_profile,facility_type_category,Rest/GYM,Insect and Rodent Control,,category_rank_in_facility_type,3.0,2,1,2,0,0,0,250.0,0.0004,0.0004,125.0,Check whether facility-type patterns explain category-level burden.
facility_category_profile,facility_type_category,Restaurant/Tavern,Food Maintenance,,category_rank_in_facility_type,1.0,10,4,22,0,0,0,2200.0,0.0042,0.0035,100.0,Check whether facility-type patterns explain category-level burden.
facility_category_profile,facility_type_category,Restaurant/Tavern,Food Protection,,category_rank_in_facility_type,2.0,12,4,20,5,0,0,4200.0,0.0038,0.0067,210.0,Check whether facility-type patterns explain category-level burden.
facility_category_profile,facility_type_category,Restaurant/Tavern,Insect and Rodent Control,,category_rank_in_facility_type,3.0,6,4,6,0,0,0,1250.0,0.0011,0.002,208.3333,Check whether facility-type patterns explain category-level burden.
facility_category_profile,facility_type_category,SCHOOL,Food Maintenance,,category_rank_in_facility_type,1.0,6,2,11,0,0,0,1100.0,0.0021,0.0018,100.0,Check whether facility-type patterns explain category-level burden.
facility_category_profile,facility_type_category,SCHOOL,Food Protection,,category_rank_in_facility_type,2.0,7,2,7,1,0,0,1000.0,0.0013,0.0016,142.8571,Check whether facility-type patterns explain category-level burden.
facility_category_profile,facility_type_category,SCHOOL,Insect and Rodent Control,,category_rank_in_facility_type,3.0,2,1,2,0,0,0,250.0,0.0004,0.0004,125.0,Check whether facility-type patterns explain category-level burden.
facility_category_profile,facility_type_category,SENIOR DAY CARE,Food Maintenance,,category_rank_in_facility_type,1.0,6,1,14,0,0,0,1400.0,0.0027,0.0022,100.0,Check whether facility-type patterns explain category-level burden.
facility_category_profile,facility_type_category,SENIOR DAY CARE,Food Protection,,category_rank_in_facility_type,2.0,6,1,11,0,0,0,1100.0,0.0021,0.0018,100.0,Check whether facility-type patterns explain category-level burden.
facility_category_profile,facility_type_category,Shared Kitchen User (Long Term),Food Protection,,category_rank_in_facility_type,1.0,8,3,11,0,0,0,1150.0,0.0021,0.0018,104.5455,Check whether facility-type patterns explain category-level burden.
facility_category_profile,facility_type_category,Shared Kitchen User (Long Term),Food Maintenance,,category_rank_in_facility_type,2.0,7,4,9,0,0,0,500.0,0.0017,0.0008,55.5556,Check whether facility-type patterns explain category-level burden.
facility_category_profile,facility_type_category,Shared Kitchen User (Long Term),Insect and Rodent Control,,category_rank_in_facility_type,3.0,4,2,4,0,0,0,1000.0,0.0008,0.0016,250.0,Check whether facility-type patterns explain category-level burden.
facility_category_profile,facility_type_category,Special Event,Food Maintenance,,category_rank_in_facility_type,1.0,38,15,91,0,0,0,6700.0,0.0173,0.0107,73.6264,Check whether facility-type patterns explain category-level burden.
facility_category_profile,facility_type_category,Special Event,Food Protection,,category_rank_in_facility_type,2.0,37,15,55,9,0,0,7650.0,0.0105,0.0122,139.0909,Check whether facility-type patterns explain category-level burden.
facility_category_profile,facility_type_category,Special Event,Insect and Rodent Control,,category_rank_in_facility_type,3.0,18,8,18,0,0,0,2250.0,0.0034,0.0036,125.0,Check whether facility-type patterns explain category-level burden.
facility_category_profile,facility_type_category,URBAN FARM,Toilet and Hand Washing Facilities for Staff,,category_rank_in_facility_type,1.0,2,1,2,2,0,0,1000.0,0.0004,0.0016,500.0,Check whether facility-type patterns explain category-level burden.
facility_category_profile,facility_type_category,fish market,Food Maintenance,,category_rank_in_facility_type,1.0,4,1,8,0,0,0,800.0,0.0015,0.0013,100.0,Check whether facility-type patterns explain category-level burden.
facility_category_profile,facility_type_category,fish market,Food Protection,,category_rank_in_facility_type,2.0,2,1,2,0,0,0,200.0,0.0004,0.0003,100.0,Check whether facility-type patterns explain category-level burden.
facility_category_profile,facility_type_category,grocery & restaurant,Food Maintenance,,category_rank_in_facility_type,1.0,4,1,12,0,0,0,1200.0,0.0023,0.0019,100.0,Check whether facility-type patterns explain category-level burden.
facility_category_profile,facility_type_category,grocery & restaurant,Food Protection,,category_rank_in_facility_type,2.0,4,1,7,1,0,0,1100.0,0.0013,0.0018,157.1429,Check whether facility-type patterns explain category-level burden.
facility_category_profile,facility_type_category,grocery & restaurant,Insect and Rodent Control,,category_rank_in_facility_type,3.0,2,1,2,0,0,0,500.0,0.0004,0.0008,250.0,Check whether facility-type patterns explain category-level burden.
facility_category_profile,facility_type_category,BAKERY/ RESTAURANT,Food Maintenance,,category_rank_in_facility_type,1.0,1,1,3,0,0,0,300.0,0.0006,0.0005,100.0,Check whether facility-type patterns explain category-level burden.
facility_category_profile,facility_type_category,BAKERY/ RESTAURANT,Food Protection,,category_rank_in_facility_type,2.0,1,1,2,0,0,0,200.0,0.0004,0.0003,100.0,Check whether facility-type patterns explain category-level burden.
facility_category_profile,facility_type_category,BAKERY/DELI,Food Maintenance,,category_rank_in_facility_type,1.0,11,2,20,0,0,0,2000.0,0.0038,0.0032,100.0,Check whether facility-type patterns explain category-level burden.
facility_category_profile,facility_type_category,BAKERY/DELI,Food Protection,,category_rank_in_facility_type,2.0,11,2,14,0,0,0,1400.0,0.0027,0.0022,100.0,Check whether facility-type patterns explain category-level burden.
facility_category_profile,facility_type_category,BAKERY/DELI,Toilet / Hand Washing Facilities For Customers,,category_rank_in_facility_type,3.0,2,1,2,0,0,0,500.0,0.0004,0.0008,250.0,Check whether facility-type patterns explain category-level burden.
facility_category_profile,facility_type_category,BANQUET HALL,Food Maintenance,,category_rank_in_facility_type,1.0,53,13,157,0,0,0,13200.0,0.0299,0.0211,84.0764,Check whether facility-type patterns explain category-level burden.
facility_category_profile,facility_type_category,BANQUET HALL,Food Protection,,category_rank_in_facility_type,2.0,49,13,88,1,0,0,8100.0,0.0168,0.013,92.0455,Check whether facility-type patterns explain category-level burden.
facility_category_profile,facility_type_category,BANQUET HALL,Insect and Rodent Control,,category_rank_in_facility_type,3.0,18,9,18,0,0,0,3000.0,0.0034,0.0048,166.6667,Check whether facility-type patterns explain category-level burden.
facility_category_profile,facility_type_category,BAR/GRILL,Food Maintenance,,category_rank_in_facility_type,1.0,3,1,7,0,0,0,500.0,0.0013,0.0008,71.4286,Check whether facility-type patterns explain category-level burden.
facility_category_profile,facility_type_category,BAR/GRILL,Food Protection,,category_rank_in_facility_type,2.0,3,1,3,0,0,0,300.0,0.0006,0.0005,100.0,Check whether facility-type patterns explain category-level burden.
facility_category_profile,facility_type_category,BAR/GRILL,Insect and Rodent Control,,category_rank_in_facility_type,3.0,2,1,2,0,0,0,250.0,0.0004,0.0004,125.0,Check whether facility-type patterns explain category-level burden.
facility_category_profile,facility_type_category,BEVERAGE/SILVERWARE WAREHOUSE,Food Maintenance,,category_rank_in_facility_type,1.0,3,1,9,0,0,0,900.0,0.0017,0.0014,100.0,Check whether facility-type patterns explain category-level burden.
facility_category_profile,facility_type_category,BEVERAGE/SILVERWARE WAREHOUSE,Food Protection,,category_rank_in_facility_type,2.0,2,1,2,0,0,0,200.0,0.0004,0.0003,100.0,Check whether facility-type patterns explain category-level burden.
facility_category_profile,facility_type_category,BUTCHER/GROCERY,Food Maintenance,,category_rank_in_facility_type,1.0,6,1,18,0,0,0,1500.0,0.0034,0.0024,83.3333,Check whether facility-type patterns explain category-level burden.
facility_category_profile,facility_type_category,BUTCHER/GROCERY,Food Protection,,category_rank_in_facility_type,2.0,6,1,8,0,0,0,800.0,0.0015,0.0013,100.0,Check whether facility-type patterns explain category-level burden.
facility_category_profile,facility_type_category,BUTCHER/GROCERY,Insect and Rodent Control,,category_rank_in_facility_type,3.0,2,1,2,0,0,0,250.0,0.0004,0.0004,125.0,Check whether facility-type patterns explain category-level burden.
facility_category_profile,facility_type_category,CHURCH KITCHEN,Food Maintenance,,category_rank_in_facility_type,1.0,10,1,34,0,0,0,3300.0,0.0065,0.0053,97.0588,Check whether facility-type patterns explain category-level burden.
facility_category_profile,facility_type_category,CHURCH KITCHEN,Food Protection,,category_rank_in_facility_type,2.0,8,1,23,6,0,0,3500.0,0.0044,0.0056,152.1739,Check whether facility-type patterns explain category-level burden.
facility_category_profile,facility_type_category,CHURCH KITCHEN,Food Equipment and Utensil,,category_rank_in_facility_type,3.0,3,1,3,0,0,0,500.0,0.0006,0.0008,166.6667,Check whether facility-type patterns explain category-level burden.
facility_category_profile,facility_type_category,COFFEE VENDING MACHINE,Food Maintenance,,category_rank_in_facility_type,1.0,2,2,7,0,0,0,700.0,0.0013,0.0011,100.0,Check whether facility-type patterns explain category-level burden.
facility_category_profile,facility_type_category,COFFEE VENDING MACHINE,Food Equipment and Utensil,,category_rank_in_facility_type,2.0,2,2,2,0,0,0,500.0,0.0004,0.0008,250.0,Check whether facility-type patterns explain category-level burden.
facility_category_profile,facility_type_category,COFFEE VENDING MACHINE,Insect and Rodent Control,,category_rank_in_facility_type,3.0,2,2,2,0,0,0,500.0,0.0004,0.0008,250.0,Check whether facility-type patterns explain category-level burden.
facility_category_profile,facility_type_category,Daycare (2 Years),Food Maintenance,,category_rank_in_facility_type,1.0,26,12,52,0,0,0,4500.0,0.0099,0.0072,86.5385,Check whether facility-type patterns explain category-level burden.
facility_category_profile,facility_type_category,Daycare (2 Years),Food Protection,,category_rank_in_facility_type,2.0,21,9,25,0,0,0,2300.0,0.0048,0.0037,92.0,Check whether facility-type patterns explain category-level burden.
facility_category_profile,facility_type_category,Daycare (2 Years),Insect and Rodent Control,,category_rank_in_facility_type,3.0,4,2,4,0,0,0,500.0,0.0008,0.0008,125.0,Check whether facility-type patterns explain category-level burden.
facility_category_profile,facility_type_category,GAS STATION/STORE,Food Maintenance,,category_rank_in_facility_type,1.0,10,3,22,0,0,0,1900.0,0.0042,0.003,86.3636,Check whether facility-type patterns explain category-level burden.
facility_category_profile,facility_type_category,GAS STATION/STORE,Insect and Rodent Control,,category_rank_in_facility_type,2.0,8,2,12,0,0,0,1500.0,0.0023,0.0024,125.0,Check whether facility-type patterns explain category-level burden.
facility_category_profile,facility_type_category,GAS STATION/STORE,Food Protection,,category_rank_in_facility_type,3.0,8,2,11,1,0,0,1350.0,0.0021,0.0022,122.7273,Check whether facility-type patterns explain category-level burden.
facility_category_profile,facility_type_category,GROCERY AND BUTCHER,Food Maintenance,,category_rank_in_facility_type,1.0,10,1,35,0,0,0,2000.0,0.0067,0.0032,57.1429,Check whether facility-type patterns explain category-level burden.
facility_category_profile,facility_type_category,GROCERY AND BUTCHER,Food Protection,,category_rank_in_facility_type,2.0,10,1,21,4,0,0,2200.0,0.004,0.0035,104.7619,Check whether facility-type patterns explain category-level burden.
facility_category_profile,facility_type_category,GROCERY AND BUTCHER,Insect and Rodent Control,,category_rank_in_facility_type,3.0,4,1,4,0,0,0,500.0,0.0008,0.0008,125.0,Check whether facility-type patterns explain category-level burden.
facility_category_profile,facility_type_category,GROCERY/RESTAURANT,Food Maintenance,,category_rank_in_facility_type,1.0,41,5,136,0,0,0,12400.0,0.0259,0.0199,91.1765,Check whether facility-type patterns explain category-level burden.
facility_category_profile,facility_type_category,GROCERY/RESTAURANT,Food Protection,,category_rank_in_facility_type,2.0,39,5,73,14,0,0,12000.0,0.0139,0.0192,164.3836,Check whether facility-type patterns explain category-level burden.
facility_category_profile,facility_type_category,GROCERY/RESTAURANT,Insect and Rodent Control,,category_rank_in_facility_type,3.0,6,3,9,0,0,0,2000.0,0.0017,0.0032,222.2222,Check whether facility-type patterns explain category-level burden.
facility_category_profile,facility_type_category,HEALTH CARE STORE,Food Maintenance,,category_rank_in_facility_type,1.0,3,1,5,0,0,0,400.0,0.001,0.0006,80.0,Check whether facility-type patterns explain category-level burden.
facility_category_profile,facility_type_category,HEALTH CARE STORE,Insect and Rodent Control,,category_rank_in_facility_type,2.0,2,1,4,0,0,0,500.0,0.0008,0.0008,125.0,Check whether facility-type patterns explain category-level burden.
facility_category_profile,facility_type_category,LONG TERM CARE,Food Maintenance,,category_rank_in_facility_type,1.0,2,1,2,0,0,0,200.0,0.0004,0.0003,100.0,Check whether facility-type patterns explain category-level burden.
facility_category_profile,facility_type_category,LONG TERM CARE,Food Protection,,category_rank_in_facility_type,2.0,1,1,1,0,0,0,100.0,0.0002,0.0002,100.0,Check whether facility-type patterns explain category-level burden.
facility_category_profile,facility_type_category,MOVIE THEATRE,Food Maintenance,,category_rank_in_facility_type,1.0,6,2,19,0,0,0,1900.0,0.0036,0.003,100.0,Check whether facility-type patterns explain category-level burden.
facility_category_profile,facility_type_category,MOVIE THEATRE,Food Protection,,category_rank_in_facility_type,2.0,3,1,3,0,0,0,300.0,0.0006,0.0005,100.0,Check whether facility-type patterns explain category-level burden.
facility_category_profile,facility_type_category,MOVIE THEATRE,Insect and Rodent Control,,category_rank_in_facility_type,3.0,3,1,3,0,0,0,500.0,0.0006,0.0008,166.6667,Check whether facility-type patterns explain category-level burden.
facility_category_profile,facility_type_category,MUSIC VENUE,Food Maintenance,,category_rank_in_facility_type,1.0,2,1,4,0,0,0,200.0,0.0008,0.0003,50.0,Check whether facility-type patterns explain category-level burden.
facility_category_profile,facility_type_category,MUSIC VENUE,Food Protection,,category_rank_in_facility_type,2.0,2,1,4,0,0,0,300.0,0.0008,0.0005,75.0,Check whether facility-type patterns explain category-level burden.
facility_category_profile,facility_type_category,MUSIC VENUE,Insect and Rodent Control,,category_rank_in_facility_type,3.0,2,1,2,0,0,0,250.0,0.0004,0.0004,125.0,Check whether facility-type patterns explain category-level burden.
facility_category_profile,facility_type_category,PALETERIA,Food Maintenance,,category_rank_in_facility_type,1.0,12,3,39,0,0,0,3100.0,0.0074,0.005,79.4872,Check whether facility-type patterns explain category-level burden.
facility_category_profile,facility_type_category,PALETERIA,Food Protection,,category_rank_in_facility_type,2.0,10,3,18,1,0,0,2000.0,0.0034,0.0032,111.1111,Check whether facility-type patterns explain category-level burden.
facility_category_profile,facility_type_category,PALETERIA,Personnel,,category_rank_in_facility_type,3.0,4,2,4,0,0,0,750.0,0.0008,0.0012,187.5,Check whether facility-type patterns explain category-level burden.
facility_category_profile,facility_type_category,RESTAURANT/BAR/THEATER,Food Maintenance,,category_rank_in_facility_type,1.0,2,1,10,0,0,0,600.0,0.0019,0.001,60.0,Check whether facility-type patterns explain category-level burden.
facility_category_profile,facility_type_category,RESTAURANT/BAR/THEATER,Food Protection,,category_rank_in_facility_type,2.0,2,1,4,0,0,0,300.0,0.0008,0.0005,75.0,Check whether facility-type patterns explain category-level burden.
facility_category_profile,facility_type_category,RESTAURANT/BAR/THEATER,Insect and Rodent Control,,category_rank_in_facility_type,3.0,2,1,2,0,0,0,250.0,0.0004,0.0004,125.0,Check whether facility-type patterns explain category-level burden.
facility_category_profile,facility_type_category,RESTAURANT/CATERING,Food Maintenance,,category_rank_in_facility_type,1.0,7,1,20,0,0,0,1600.0,0.0038,0.0026,80.0,Check whether facility-type patterns explain category-level burden.
facility_category_profile,facility_type_category,RESTAURANT/CATERING,Food Protection,,category_rank_in_facility_type,2.0,6,1,8,0,0,0,700.0,0.0015,0.0011,87.5,Check whether facility-type patterns explain category-level burden.
facility_category_profile,facility_type_category,RESTAURANT/CATERING,Insect and Rodent Control,,category_rank_in_facility_type,3.0,2,1,2,0,0,0,250.0,0.0004,0.0004,125.0,Check whether facility-type patterns explain category-level burden.
facility_category_profile,facility_type_category,ROOM SERVICE,Food Maintenance,,category_rank_in_facility_type,1.0,2,2,3,0,0,0,300.0,0.0006,0.0005,100.0,Check whether facility-type patterns explain category-level burden.
facility_category_profile,facility_type_category,ROOM SERVICE,Food Equipment and Utensil Sanitation,,category_rank_in_facility_type,2.0,1,1,1,1,0,0,500.0,0.0002,0.0008,500.0,Check whether facility-type patterns explain category-level burden.
facility_category_profile,facility_type_category,SERVICE GAS STATION,Food Maintenance,,category_rank_in_facility_type,1.0,1,1,2,0,0,0,200.0,0.0004,0.0003,100.0,Check whether facility-type patterns explain category-level burden.
facility_category_profile,facility_type_category,STORE,Food Maintenance,,category_rank_in_facility_type,1.0,16,7,34,0,0,0,3100.0,0.0065,0.005,91.1765,Check whether facility-type patterns explain category-level burden.
facility_category_profile,facility_type_category,STORE,Food Protection,,category_rank_in_facility_type,2.0,13,4,29,3,0,0,4250.0,0.0055,0.0068,146.5517,Check whether facility-type patterns explain category-level burden.
facility_category_profile,facility_type_category,STORE,Insect and Rodent Control,,category_rank_in_facility_type,3.0,5,3,5,0,0,0,750.0,0.001,0.0012,150.0,Check whether facility-type patterns explain category-level burden.
facility_category_profile,facility_type_category,TEA STORE,Food Maintenance,,category_rank_in_facility_type,1.0,1,1,2,0,0,0,200.0,0.0004,0.0003,100.0,Check whether facility-type patterns explain category-level burden.
facility_category_profile,facility_type_category,TEA STORE,Food Protection,,category_rank_in_facility_type,2.0,1,1,1,0,0,0,100.0,0.0002,0.0002,100.0,Check whether facility-type patterns explain category-level burden.
facility_category_profile,facility_type_category,UNIVERSITY CAFETERIA,Food Maintenance,,category_rank_in_facility_type,1.0,11,1,22,0,0,0,1900.0,0.0042,0.003,86.3636,Check whether facility-type patterns explain category-level burden.
facility_category_profile,facility_type_category,UNIVERSITY CAFETERIA,Food Protection,,category_rank_in_facility_type,2.0,11,1,16,0,0,0,1500.0,0.003,0.0024,93.75,Check whether facility-type patterns explain category-level burden.
facility_category_profile,facility_type_category,UNIVERSITY CAFETERIA,Insect and Rodent Control,,category_rank_in_facility_type,3.0,6,1,6,0,0,0,750.0,0.0011,0.0012,125.0,Check whether facility-type patterns explain category-level burden.
facility_category_profile,facility_type_category,banquet hall,Food Maintenance,,category_rank_in_facility_type,1.0,3,1,7,0,0,0,700.0,0.0013,0.0011,100.0,Check whether facility-type patterns explain category-level burden.
facility_category_profile,facility_type_category,banquet hall,Food Protection,,category_rank_in_facility_type,2.0,1,1,1,0,0,0,100.0,0.0002,0.0002,100.0,Check whether facility-type patterns explain category-level burden.
facility_category_profile,facility_type_category,pharmacy/grocery,Food Protection,,category_rank_in_facility_type,1.0,6,2,6,0,0,0,400.0,0.0011,0.0006,66.6667,Check whether facility-type patterns explain category-level burden.
facility_category_profile,facility_type_category,pharmacy/grocery,Toilet / Hand Washing Facilities For Customers,,category_rank_in_facility_type,2.0,4,2,4,0,0,0,500.0,0.0008,0.0008,125.0,Check whether facility-type patterns explain category-level burden.
facility_category_profile,facility_type_category,pharmacy/grocery,Food Maintenance,,category_rank_in_facility_type,3.0,2,1,2,0,0,0,200.0,0.0004,0.0003,100.0,Check whether facility-type patterns explain category-level burden.
facility_category_profile,facility_type_category,CHARTER SCHOOL/CAFETERIA,Food Maintenance,,category_rank_in_facility_type,1.0,1,1,1,0,0,0,100.0,0.0002,0.0002,100.0,Check whether facility-type patterns explain category-level burden.
facility_category_profile,facility_type_category,COFFEE  SHOP,Food Maintenance,,category_rank_in_facility_type,1.0,3,1,5,0,0,0,400.0,0.001,0.0006,80.0,Check whether facility-type patterns explain category-level burden.
facility_category_profile,facility_type_category,COFFEE  SHOP,Food Protection,,category_rank_in_facility_type,2.0,3,1,4,0,0,0,450.0,0.0008,0.0007,112.5,Check whether facility-type patterns explain category-level burden.
facility_category_profile,facility_type_category,COFFEE  SHOP,Insect and Rodent Control,,category_rank_in_facility_type,3.0,2,1,2,0,0,0,250.0,0.0004,0.0004,125.0,Check whether facility-type patterns explain category-level burden.
facility_category_profile,facility_type_category,COMMISSARY,Food Maintenance,,category_rank_in_facility_type,1.0,8,2,20,0,0,0,2000.0,0.0038,0.0032,100.0,Check whether facility-type patterns explain category-level burden.
facility_category_profile,facility_type_category,COMMISSARY,Insect and Rodent Control,,category_rank_in_facility_type,2.0,5,1,5,0,0,0,1000.0,0.001,0.0016,200.0,Check whether facility-type patterns explain category-level burden.
facility_category_profile,facility_type_category,COMMISSARY,Food Protection,,category_rank_in_facility_type,3.0,3,1,4,0,0,0,400.0,0.0008,0.0006,100.0,Check whether facility-type patterns explain category-level burden.
facility_category_profile,facility_type_category,CONVENIENCE,Food Maintenance,,category_rank_in_facility_type,1.0,23,12,63,0,0,0,5100.0,0.012,0.0082,80.9524,Check whether facility-type patterns explain category-level burden.
facility_category_profile,facility_type_category,CONVENIENCE,Food Protection,,category_rank_in_facility_type,2.0,13,6,19,2,0,0,2400.0,0.0036,0.0038,126.3158,Check whether facility-type patterns explain category-level burden.
facility_category_profile,facility_type_category,CONVENIENCE,Insect and Rodent Control,,category_rank_in_facility_type,3.0,8,4,12,0,0,0,2250.0,0.0023,0.0036,187.5,Check whether facility-type patterns explain category-level burden.
facility_category_profile,facility_type_category,CULINARY ARTS SCHOOL,Food Protection,,category_rank_in_facility_type,1.0,7,1,10,2,0,0,1800.0,0.0019,0.0029,180.0,Check whether facility-type patterns explain category-level burden.
facility_category_profile,facility_type_category,CULINARY ARTS SCHOOL,Food Maintenance,,category_rank_in_facility_type,2.0,6,1,9,0,0,0,900.0,0.0017,0.0014,100.0,Check whether facility-type patterns explain category-level burden.
facility_category_profile,facility_type_category,CULINARY ARTS SCHOOL,Insect and Rodent Control,,category_rank_in_facility_type,3.0,4,1,4,0,0,0,1000.0,0.0008,0.0016,250.0,Check whether facility-type patterns explain category-level burden.
facility_category_profile,facility_type_category,Catering,Food Maintenance,,category_rank_in_facility_type,1.0,554,122,1510,0,0,0,132400.0,0.2875,0.212,87.6821,Check whether facility-type patterns explain category-level burden.
facility_category_profile,facility_type_category,Catering,Food Protection,,category_rank_in_facility_type,2.0,462,115,790,65,0,0,93900.0,0.1504,0.1503,118.8608,Check whether facility-type patterns explain category-level burden.
facility_category_profile,facility_type_category,Catering,Insect and Rodent Control,,category_rank_in_facility_type,3.0,146,48,165,0,0,0,25000.0,0.0314,0.04,151.5152,Check whether facility-type patterns explain category-level burden.
facility_category_profile,facility_type_category,DOLLAR & GROCERY STORE,Insect and Rodent Control,,category_rank_in_facility_type,1.0,2,1,4,0,0,0,500.0,0.0008,0.0008,125.0,Check whether facility-type patterns explain category-level burden.
facility_category_profile,facility_type_category,DOLLAR & GROCERY STORE,Food Maintenance,,category_rank_in_facility_type,2.0,2,1,2,0,0,0,200.0,0.0004,0.0003,100.0,Check whether facility-type patterns explain category-level burden.
facility_category_profile,facility_type_category,DOLLAR & GROCERY STORE,Food Protection,,category_rank_in_facility_type,3.0,2,1,2,2,0,0,500.0,0.0004,0.0008,250.0,Check whether facility-type patterns explain category-level burden.
facility_category_profile,facility_type_category,FAST FOOD/LIQUOR,Food Maintenance,,category_rank_in_facility_type,1.0,5,1,13,0,0,0,1200.0,0.0025,0.0019,92.3077,Check whether facility-type patterns explain category-level burden.
facility_category_profile,facility_type_category,FAST FOOD/LIQUOR,Food Protection,,category_rank_in_facility_type,2.0,5,1,8,2,0,0,1500.0,0.0015,0.0024,187.5,Check whether facility-type patterns explain category-level burden.
facility_category_profile,facility_type_category,FAST FOOD/LIQUOR,Insect and Rodent Control,,category_rank_in_facility_type,3.0,2,1,2,0,0,0,250.0,0.0004,0.0004,125.0,Check whether facility-type patterns explain category-level burden.
facility_category_profile,facility_type_category,GROCERY/BAKERY,Food Maintenance,,category_rank_in_facility_type,1.0,7,1,27,0,0,0,2700.0,0.0051,0.0043,100.0,Check whether facility-type patterns explain category-level burden.
facility_category_profile,facility_type_category,GROCERY/BAKERY,Food Protection,,category_rank_in_facility_type,2.0,6,1,8,0,0,0,800.0,0.0015,0.0013,100.0,Check whether facility-type patterns explain category-level burden.
facility_category_profile,facility_type_category,HOTEL,Food Maintenance,,category_rank_in_facility_type,1.0,6,3,18,0,0,0,1100.0,0.0034,0.0018,61.1111,Check whether facility-type patterns explain category-level burden.
facility_category_profile,facility_type_category,HOTEL,Food Protection,,category_rank_in_facility_type,2.0,5,2,10,0,0,0,850.0,0.0019,0.0014,85.0,Check whether facility-type patterns explain category-level burden.
facility_category_profile,facility_type_category,HOTEL,Insect and Rodent Control,,category_rank_in_facility_type,3.0,4,2,4,0,0,0,500.0,0.0008,0.0008,125.0,Check whether facility-type patterns explain category-level burden.
facility_category_profile,facility_type_category,MOBILE FROZEN DESSERTS VENDOR,Food Protection,,category_rank_in_facility_type,1.0,15,9,19,15,0,0,7900.0,0.0036,0.0126,415.7895,Check whether facility-type patterns explain category-level burden.
facility_category_profile,facility_type_category,Poultry Slaughter,Food Maintenance,,category_rank_in_facility_type,1.0,3,2,8,0,0,0,800.0,0.0015,0.0013,100.0,Check whether facility-type patterns explain category-level burden.
facility_category_profile,facility_type_category,Poultry Slaughter,Personnel,,category_rank_in_facility_type,2.0,2,1,2,0,0,0,500.0,0.0004,0.0008,250.0,Check whether facility-type patterns explain category-level burden.
facility_category_profile,facility_type_category,Poultry Slaughter,Food Protection,,category_rank_in_facility_type,3.0,1,1,1,0,0,0,100.0,0.0002,0.0002,100.0,Check whether facility-type patterns explain category-level burden.
facility_category_profile,facility_type_category,RESTAURANT/ GROCERY,Food Maintenance,,category_rank_in_facility_type,1.0,8,1,26,0,0,0,2200.0,0.0049,0.0035,84.6154,Check whether facility-type patterns explain category-level burden.
facility_category_profile,facility_type_category,RESTAURANT/ GROCERY,Food Protection,,category_rank_in_facility_type,2.0,10,1,23,4,0,0,3700.0,0.0044,0.0059,160.8696,Check whether facility-type patterns explain category-level burden.
facility_category_profile,facility_type_category,RESTAURANT/ GROCERY,Insect and Rodent Control,,category_rank_in_facility_type,3.0,4,1,4,0,0,0,500.0,0.0008,0.0008,125.0,Check whether facility-type patterns explain category-level burden.
facility_category_profile,facility_type_category,RESTAURANT/TAVERN,Food Maintenance,,category_rank_in_facility_type,1.0,5,2,19,0,0,0,1900.0,0.0036,0.003,100.0,Check whether facility-type patterns explain category-level burden.
facility_category_profile,facility_type_category,RESTAURANT/TAVERN,Food Protection,,category_rank_in_facility_type,2.0,4,1,6,0,0,0,600.0,0.0011,0.001,100.0,Check whether facility-type patterns explain category-level burden.
facility_category_profile,facility_type_category,SLAUGHTER HOUSE/ GROCERY,Food Maintenance,,category_rank_in_facility_type,1.0,10,1,32,0,0,0,2400.0,0.0061,0.0038,75.0,Check whether facility-type patterns explain category-level burden.
facility_category_profile,facility_type_category,SLAUGHTER HOUSE/ GROCERY,Insect and Rodent Control,,category_rank_in_facility_type,2.0,6,1,10,0,0,0,1250.0,0.0019,0.002,125.0,Check whether facility-type patterns explain category-level burden.
facility_category_profile,facility_type_category,SLAUGHTER HOUSE/ GROCERY,Food Protection,,category_rank_in_facility_type,3.0,7,1,9,1,0,0,1100.0,0.0017,0.0018,122.2222,Check whether facility-type patterns explain category-level burden.
facility_category_profile,facility_type_category,Shelter,Food Maintenance,,category_rank_in_facility_type,1.0,46,11,117,0,0,0,11200.0,0.0223,0.0179,95.7265,Check whether facility-type patterns explain category-level burden.
facility_category_profile,facility_type_category,Shelter,Food Protection,,category_rank_in_facility_type,2.0,38,10,60,4,0,0,7200.0,0.0114,0.0115,120.0,Check whether facility-type patterns explain category-level burden.
facility_category_profile,facility_type_category,Shelter,Insect and Rodent Control,,category_rank_in_facility_type,3.0,5,2,6,0,0,0,1250.0,0.0011,0.002,208.3333,Check whether facility-type patterns explain category-level burden.
facility_category_profile,facility_type_category,TEMPORARY KIOSK,Insect and Rodent Control,,category_rank_in_facility_type,1.0,1,1,1,0,0,0,250.0,0.0002,0.0004,250.0,Check whether facility-type patterns explain category-level burden.
facility_category_profile,facility_type_category,THEATRE,Food Maintenance,,category_rank_in_facility_type,1.0,9,5,23,0,0,0,1800.0,0.0044,0.0029,78.2609,Check whether facility-type patterns explain category-level burden.
facility_category_profile,facility_type_category,THEATRE,Food Protection,,category_rank_in_facility_type,2.0,6,3,6,0,0,0,500.0,0.0011,0.0008,83.3333,Check whether facility-type patterns explain category-level burden.
facility_category_profile,facility_type_category,THEATRE,Insect and Rodent Control,,category_rank_in_facility_type,3.0,4,2,6,0,0,0,750.0,0.0011,0.0012,125.0,Check whether facility-type patterns explain category-level burden.
facility_category_profile,facility_type_category,WAREHOUSE,Food Maintenance,,category_rank_in_facility_type,1.0,4,1,10,0,0,0,1000.0,0.0019,0.0016,100.0,Check whether facility-type patterns explain category-level burden.
facility_category_profile,facility_type_category,WAREHOUSE,Toilet and Hand Washing Facilities for Staff,,category_rank_in_facility_type,2.0,2,1,2,2,0,0,500.0,0.0004,0.0008,250.0,Check whether facility-type patterns explain category-level burden.
facility_category_profile,facility_type_category,WAREHOUSE,Food Protection,,category_rank_in_facility_type,3.0,1,1,1,0,0,0,100.0,0.0002,0.0002,100.0,Check whether facility-type patterns explain category-level burden.
facility_category_profile,facility_type_category,candy/gelato,Food Maintenance,,category_rank_in_facility_type,1.0,1,1,1,0,0,0,100.0,0.0002,0.0002,100.0,Check whether facility-type patterns explain category-level burden.
facility_category_profile,facility_type_category,candy/gelato,Personnel,,category_rank_in_facility_type,2.0,1,1,1,0,0,0,250.0,0.0002,0.0004,250.0,Check whether facility-type patterns explain category-level burden.
facility_category_profile,facility_type_category,grocery/butcher,Food Maintenance,,category_rank_in_facility_type,1.0,6,3,29,0,0,0,2600.0,0.0055,0.0042,89.6552,Check whether facility-type patterns explain category-level burden.
facility_category_profile,facility_type_category,grocery/butcher,Food Protection,,category_rank_in_facility_type,2.0,6,3,23,6,0,0,3600.0,0.0044,0.0058,156.5217,Check whether facility-type patterns explain category-level burden.
facility_category_profile,facility_type_category,grocery/butcher,Food Equipment and Utensil,,category_rank_in_facility_type,3.0,3,2,3,0,0,0,500.0,0.0006,0.0008,166.6667,Check whether facility-type patterns explain category-level burden.
facility_category_profile,facility_type_category,theater,Food Maintenance,,category_rank_in_facility_type,1.0,3,2,6,0,0,0,600.0,0.0011,0.001,100.0,Check whether facility-type patterns explain category-level burden.
facility_category_profile,facility_type_category,theater,Food Protection,,category_rank_in_facility_type,2.0,3,2,5,0,0,0,500.0,0.001,0.0008,100.0,Check whether facility-type patterns explain category-level burden.
facility_category_profile,facility_type_category,warehouse,Food Maintenance,,category_rank_in_facility_type,1.0,2,1,8,0,0,0,400.0,0.0015,0.0006,50.0,Check whether facility-type patterns explain category-level burden.
facility_category_profile,facility_type_category,warehouse,Insect and Rodent Control,,category_rank_in_facility_type,2.0,2,1,4,0,0,0,500.0,0.0008,0.0008,125.0,Check whether facility-type patterns explain category-level burden.
facility_category_profile,facility_type_category,warehouse,Food Protection,,category_rank_in_facility_type,3.0,2,1,2,0,0,0,100.0,0.0004,0.0002,50.0,Check whether facility-type patterns explain category-level burden.
facility_category_profile,facility_type_category,1023,Food Maintenance,,category_rank_in_facility_type,1.0,13,5,19,0,0,0,1900.0,0.0036,0.003,100.0,Check whether facility-type patterns explain category-level burden.
facility_category_profile,facility_type_category,1023,Food Protection,,category_rank_in_facility_type,2.0,4,4,6,0,0,0,600.0,0.0011,0.001,100.0,Check whether facility-type patterns explain category-level burden.
facility_category_profile,facility_type_category,1023,Food Equipment and Utensil,,category_rank_in_facility_type,3.0,3,2,3,0,0,0,500.0,0.0006,0.0008,166.6667,Check whether facility-type patterns explain category-level burden.
facility_category_profile,facility_type_category,BREWPUB,Food Maintenance,,category_rank_in_facility_type,1.0,4,1,12,0,0,0,600.0,0.0023,0.001,50.0,Check whether facility-type patterns explain category-level burden.
facility_category_profile,facility_type_category,BREWPUB,Food Protection,,category_rank_in_facility_type,2.0,4,1,9,3,0,0,1700.0,0.0017,0.0027,188.8889,Check whether facility-type patterns explain category-level burden.
facility_category_profile,facility_type_category,BREWPUB,Food Equipment and Utensil,,category_rank_in_facility_type,3.0,4,1,4,0,0,0,750.0,0.0008,0.0012,187.5,Check whether facility-type patterns explain category-level burden.
facility_category_profile,facility_type_category,CATERED EVENTS,Food Maintenance,,category_rank_in_facility_type,1.0,2,2,4,0,0,0,400.0,0.0008,0.0006,100.0,Check whether facility-type patterns explain category-level burden.
facility_category_profile,facility_type_category,CATERED EVENTS,Insect and Rodent Control,,category_rank_in_facility_type,2.0,2,2,4,0,0,0,1000.0,0.0008,0.0016,250.0,Check whether facility-type patterns explain category-level burden.
facility_category_profile,facility_type_category,CATERED EVENTS,Food Protection,,category_rank_in_facility_type,3.0,2,2,2,2,0,0,1000.0,0.0004,0.0016,500.0,Check whether facility-type patterns explain category-level burden.
facility_category_profile,facility_type_category,CHARTER SCHOOL CAFETERIA,Food Maintenance,,category_rank_in_facility_type,1.0,4,1,8,0,0,0,800.0,0.0015,0.0013,100.0,Check whether facility-type patterns explain category-level burden.
facility_category_profile,facility_type_category,CHARTER SCHOOL CAFETERIA,Food Protection,,category_rank_in_facility_type,2.0,3,1,7,0,0,0,600.0,0.0013,0.001,85.7143,Check whether facility-type patterns explain category-level burden.
facility_category_profile,facility_type_category,CHARTER SCHOOL CAFETERIA,Insect and Rodent Control,,category_rank_in_facility_type,3.0,2,1,4,0,0,0,500.0,0.0008,0.0008,125.0,Check whether facility-type patterns explain category-level burden.
facility_category_profile,facility_type_category,COLD/FROZEN FOOD STORAGE,Food Maintenance,,category_rank_in_facility_type,1.0,3,1,7,0,0,0,700.0,0.0013,0.0011,100.0,Check whether facility-type patterns explain category-level burden.
facility_category_profile,facility_type_category,COLD/FROZEN FOOD STORAGE,Food Protection,,category_rank_in_facility_type,2.0,3,1,5,0,0,0,500.0,0.001,0.0008,100.0,Check whether facility-type patterns explain category-level burden.
facility_category_profile,facility_type_category,COLD/FROZEN FOOD STORAGE,Compliance,,category_rank_in_facility_type,3.0,2,1,2,0,0,0,250.0,0.0004,0.0004,125.0,Check whether facility-type patterns explain category-level burden.
facility_category_profile,facility_type_category,DRUG/GROCERY STORE,Food Maintenance,,category_rank_in_facility_type,1.0,2,1,7,0,0,0,700.0,0.0013,0.0011,100.0,Check whether facility-type patterns explain category-level burden.
facility_category_profile,facility_type_category,DRUG/GROCERY STORE,Food Protection,,category_rank_in_facility_type,2.0,1,1,1,0,0,0,100.0,0.0002,0.0002,100.0,Check whether facility-type patterns explain category-level burden.
facility_category_profile,facility_type_category,GAS STATION/RESTAURANT,Food Maintenance,,category_rank_in_facility_type,1.0,11,2,31,0,0,0,2800.0,0.0059,0.0045,90.3226,Check whether facility-type patterns explain category-level burden.
facility_category_profile,facility_type_category,GAS STATION/RESTAURANT,Food Protection,,category_rank_in_facility_type,2.0,10,2,15,0,0,0,1450.0,0.0029,0.0023,96.6667,Check whether facility-type patterns explain category-level burden.
facility_category_profile,facility_type_category,GAS STATION/RESTAURANT,Insect and Rodent Control,,category_rank_in_facility_type,3.0,7,2,7,0,0,0,1000.0,0.0013,0.0016,142.8571,Check whether facility-type patterns explain category-level burden.
facility_category_profile,facility_type_category,GELATO SHOP,Food Maintenance,,category_rank_in_facility_type,1.0,2,1,4,0,0,0,400.0,0.0008,0.0006,100.0,Check whether facility-type patterns explain category-level burden.
facility_category_profile,facility_type_category,GOLF COURSE,Food Maintenance,,category_rank_in_facility_type,1.0,2,1,4,0,0,0,200.0,0.0008,0.0003,50.0,Check whether facility-type patterns explain category-level burden.
facility_category_profile,facility_type_category,GOLF COURSE,Food Equipment and Utensil,,category_rank_in_facility_type,2.0,2,1,2,0,0,0,250.0,0.0004,0.0004,125.0,Check whether facility-type patterns explain category-level burden.
facility_category_profile,facility_type_category,GOLF COURSE,Insect and Rodent Control,,category_rank_in_facility_type,3.0,2,1,2,0,0,0,250.0,0.0004,0.0004,125.0,Check whether facility-type patterns explain category-level burden.
facility_category_profile,facility_type_category,GOLF COURSE CONNCESSION STAND,Food Maintenance,,category_rank_in_facility_type,1.0,5,2,9,0,0,0,500.0,0.0017,0.0008,55.5556,Check whether facility-type patterns explain category-level burden.
facility_category_profile,facility_type_category,GOLF COURSE CONNCESSION STAND,Food Protection,,category_rank_in_facility_type,2.0,1,1,1,0,0,0,100.0,0.0002,0.0002,100.0,Check whether facility-type patterns explain category-level burden.
facility_category_profile,facility_type_category,GOLF COURSE CONNCESSION STAND,Personnel,,category_rank_in_facility_type,3.0,1,1,1,0,0,0,250.0,0.0002,0.0004,250.0,Check whether facility-type patterns explain category-level burden.
facility_category_profile,facility_type_category,Golden Diner,Food Maintenance,,category_rank_in_facility_type,1.0,298,60,545,0,0,0,49700.0,0.1038,0.0796,91.1927,Check whether facility-type patterns explain category-level burden.
facility_category_profile,facility_type_category,Golden Diner,Food Protection,,category_rank_in_facility_type,2.0,188,52,256,37,0,0,37600.0,0.0487,0.0602,146.875,Check whether facility-type patterns explain category-level burden.
facility_category_profile,facility_type_category,Golden Diner,Insect and Rodent Control,,category_rank_in_facility_type,3.0,99,37,112,0,0,0,19500.0,0.0213,0.0312,174.1071,Check whether facility-type patterns explain category-level burden.
facility_category_profile,facility_type_category,HEALTH/ JUICE BAR,Food Maintenance,,category_rank_in_facility_type,1.0,9,1,24,0,0,0,2100.0,0.0046,0.0034,87.5,Check whether facility-type patterns explain category-level burden.
facility_category_profile,facility_type_category,HEALTH/ JUICE BAR,Food Protection,,category_rank_in_facility_type,2.0,7,1,20,4,0,0,3550.0,0.0038,0.0057,177.5,Check whether facility-type patterns explain category-level burden.
facility_category_profile,facility_type_category,HEALTH/ JUICE BAR,Insect and Rodent Control,,category_rank_in_facility_type,3.0,4,1,4,0,0,0,1000.0,0.0008,0.0016,250.0,Check whether facility-type patterns explain category-level burden.
facility_category_profile,facility_type_category,HERBALIFE,Food Protection,,category_rank_in_facility_type,1.0,3,2,4,0,0,0,700.0,0.0008,0.0011,175.0,Check whether facility-type patterns explain category-level burden.
facility_category_profile,facility_type_category,HERBALIFE,Insect and Rodent Control,,category_rank_in_facility_type,2.0,2,1,4,0,0,0,1000.0,0.0008,0.0016,250.0,Check whether facility-type patterns explain category-level burden.
facility_category_profile,facility_type_category,HERBALIFE,Food Maintenance,,category_rank_in_facility_type,3.0,3,2,3,0,0,0,200.0,0.0006,0.0003,66.6667,Check whether facility-type patterns explain category-level burden.
facility_category_profile,facility_type_category,LIQUORE STORE/BAR,Food Maintenance,,category_rank_in_facility_type,1.0,2,1,8,0,0,0,400.0,0.0015,0.0006,50.0,Check whether facility-type patterns explain category-level burden.
facility_category_profile,facility_type_category,LIQUORE STORE/BAR,Food Protection,,category_rank_in_facility_type,2.0,2,1,2,0,0,0,100.0,0.0004,0.0002,50.0,Check whether facility-type patterns explain category-level burden.
facility_category_profile,facility_type_category,LIQUORE STORE/BAR,Insect and Rodent Control,,category_rank_in_facility_type,3.0,2,1,2,0,0,0,250.0,0.0004,0.0004,125.0,Check whether facility-type patterns explain category-level burden.
facility_category_profile,facility_type_category,Mobile Food Preparer,Food Protection,,category_rank_in_facility_type,1.0,153,67,259,72,0,0,40550.0,0.0493,0.0649,156.5637,Check whether facility-type patterns explain category-level burden.
facility_category_profile,facility_type_category,Mobile Food Preparer,Food Maintenance,,category_rank_in_facility_type,2.0,134,56,219,0,0,0,16400.0,0.0417,0.0263,74.8858,Check whether facility-type patterns explain category-level burden.
facility_category_profile,facility_type_category,Mobile Food Preparer,Insect and Rodent Control,,category_rank_in_facility_type,3.0,93,35,105,0,0,0,16500.0,0.02,0.0264,157.1429,Check whether facility-type patterns explain category-level burden.
facility_category_profile,facility_type_category,RESTAURANT/GAS STATION,Food Maintenance,,category_rank_in_facility_type,1.0,12,1,21,0,0,0,1400.0,0.004,0.0022,66.6667,Check whether facility-type patterns explain category-level burden.
facility_category_profile,facility_type_category,RESTAURANT/GAS STATION,Food Protection,,category_rank_in_facility_type,2.0,13,1,18,2,0,0,2600.0,0.0034,0.0042,144.4444,Check whether facility-type patterns explain category-level burden.
facility_category_profile,facility_type_category,RESTAURANT/GAS STATION,Insect and Rodent Control,,category_rank_in_facility_type,3.0,5,1,7,0,0,0,1000.0,0.0013,0.0016,142.8571,Check whether facility-type patterns explain category-level burden.
facility_category_profile,facility_type_category,ROOFTOP,Food Maintenance,,category_rank_in_facility_type,1.0,16,6,31,0,0,0,2600.0,0.0059,0.0042,83.871,Check whether facility-type patterns explain category-level burden.
facility_category_profile,facility_type_category,ROOFTOP,Food Protection,,category_rank_in_facility_type,2.0,15,6,19,3,0,0,2850.0,0.0036,0.0046,150.0,Check whether facility-type patterns explain category-level burden.
facility_category_profile,facility_type_category,ROOFTOP,Insect and Rodent Control,,category_rank_in_facility_type,3.0,2,1,2,0,0,0,250.0,0.0004,0.0004,125.0,Check whether facility-type patterns explain category-level burden.
facility_category_profile,facility_type_category,Reataurant/Bar,Food Maintenance,,category_rank_in_facility_type,1.0,1,1,2,0,0,0,200.0,0.0004,0.0003,100.0,Check whether facility-type patterns explain category-level burden.
facility_category_profile,facility_type_category,Reataurant/Bar,Food Protection,,category_rank_in_facility_type,2.0,2,2,2,0,0,0,200.0,0.0004,0.0003,100.0,Check whether facility-type patterns explain category-level burden.
facility_category_profile,facility_type_category,THEATER,Food Maintenance,,category_rank_in_facility_type,1.0,10,5,31,0,0,0,1700.0,0.0059,0.0027,54.8387,Check whether facility-type patterns explain category-level burden.
facility_category_profile,facility_type_category,THEATER,Insect and Rodent Control,,category_rank_in_facility_type,2.0,8,3,8,0,0,0,1000.0,0.0015,0.0016,125.0,Check whether facility-type patterns explain category-level burden.
facility_category_profile,facility_type_category,THEATER,Food Protection,,category_rank_in_facility_type,3.0,5,2,6,0,0,0,450.0,0.0011,0.0007,75.0,Check whether facility-type patterns explain category-level burden.
facility_category_profile,facility_type_category,convenience store,Food Maintenance,,category_rank_in_facility_type,1.0,15,7,22,0,0,0,2000.0,0.0042,0.0032,90.9091,Check whether facility-type patterns explain category-level burden.
facility_category_profile,facility_type_category,convenience store,Food Protection,,category_rank_in_facility_type,2.0,15,7,17,0,0,0,1400.0,0.0032,0.0022,82.3529,Check whether facility-type patterns explain category-level burden.
facility_category_profile,facility_type_category,convenience store,Insect and Rodent Control,,category_rank_in_facility_type,3.0,8,4,8,0,0,0,1000.0,0.0015,0.0016,125.0,Check whether facility-type patterns explain category-level burden.
facility_category_profile,facility_type_category,grocery/dollar store,Food Maintenance,,category_rank_in_facility_type,1.0,5,1,10,0,0,0,1000.0,0.0019,0.0016,100.0,Check whether facility-type patterns explain category-level burden.
facility_category_profile,facility_type_category,grocery/dollar store,Food Protection,,category_rank_in_facility_type,2.0,5,1,5,0,0,0,500.0,0.001,0.0008,100.0,Check whether facility-type patterns explain category-level burden.
facility_category_profile,facility_type_category,grocery/dollar store,Insect and Rodent Control,,category_rank_in_facility_type,3.0,2,1,2,0,0,0,250.0,0.0004,0.0004,125.0,Check whether facility-type patterns explain category-level burden.
facility_category_profile,facility_type_category,ice cream shop,Food Maintenance,,category_rank_in_facility_type,1.0,3,1,8,0,0,0,500.0,0.0015,0.0008,62.5,Check whether facility-type patterns explain category-level burden.
facility_category_profile,facility_type_category,ice cream shop,Food Protection,,category_rank_in_facility_type,2.0,2,1,2,0,0,0,250.0,0.0004,0.0004,125.0,Check whether facility-type patterns explain category-level burden.
facility_category_profile,facility_type_category,CATERING/CAFE,Food Maintenance,,category_rank_in_facility_type,1.0,5,1,19,0,0,0,1500.0,0.0036,0.0024,78.9474,Check whether facility-type patterns explain category-level burden.
facility_category_profile,facility_type_category,CATERING/CAFE,Food Protection,,category_rank_in_facility_type,2.0,5,1,11,0,0,0,900.0,0.0021,0.0014,81.8182,Check whether facility-type patterns explain category-level burden.
facility_category_profile,facility_type_category,COFFEE/TEA,Food Protection,,category_rank_in_facility_type,1.0,2,1,2,0,0,0,200.0,0.0004,0.0003,100.0,Check whether facility-type patterns explain category-level burden.
facility_category_profile,facility_type_category,COFFEE/TEA,Food Maintenance,,category_rank_in_facility_type,2.0,1,1,1,0,0,0,100.0,0.0002,0.0002,100.0,Check whether facility-type patterns explain category-level burden.
facility_category_profile,facility_type_category,Church Kitchen,Food Maintenance,,category_rank_in_facility_type,1.0,2,1,3,0,0,0,300.0,0.0006,0.0005,100.0,Check whether facility-type patterns explain category-level burden.
facility_category_profile,facility_type_category,Church Kitchen,Food Protection,,category_rank_in_facility_type,2.0,2,1,2,0,0,0,200.0,0.0004,0.0003,100.0,Check whether facility-type patterns explain category-level burden.
facility_category_profile,facility_type_category,Commissary,Food Maintenance,,category_rank_in_facility_type,1.0,2,1,8,0,0,0,800.0,0.0015,0.0013,100.0,Check whether facility-type patterns explain category-level burden.
facility_category_profile,facility_type_category,Commissary,Food Protection,,category_rank_in_facility_type,2.0,1,1,2,0,0,0,200.0,0.0004,0.0003,100.0,Check whether facility-type patterns explain category-level burden.
facility_category_profile,facility_type_category,Convenience Store,Food Maintenance,,category_rank_in_facility_type,1.0,1,1,2,0,0,0,200.0,0.0004,0.0003,100.0,Check whether facility-type patterns explain category-level burden.
facility_category_profile,facility_type_category,DAYCARE COMBO,Food Maintenance,,category_rank_in_facility_type,1.0,1,1,1,0,0,0,100.0,0.0002,0.0002,100.0,Check whether facility-type patterns explain category-level burden.
facility_category_profile,facility_type_category,GROCERY STORE/GAS STATION,Food Maintenance,,category_rank_in_facility_type,1.0,8,5,21,0,0,0,2000.0,0.004,0.0032,95.2381,Check whether facility-type patterns explain category-level burden.
facility_category_profile,facility_type_category,GROCERY STORE/GAS STATION,Food Protection,,category_rank_in_facility_type,2.0,4,2,4,0,0,0,300.0,0.0008,0.0005,75.0,Check whether facility-type patterns explain category-level burden.
facility_category_profile,facility_type_category,GROCERY STORE/GAS STATION,Insect and Rodent Control,,category_rank_in_facility_type,3.0,2,1,2,0,0,0,250.0,0.0004,0.0004,125.0,Check whether facility-type patterns explain category-level burden.
facility_category_profile,facility_type_category,GROCERY& RESTAURANT,Food Protection,,category_rank_in_facility_type,1.0,6,2,8,0,0,0,700.0,0.0015,0.0011,87.5,Check whether facility-type patterns explain category-level burden.
facility_category_profile,facility_type_category,GROCERY& RESTAURANT,Food Maintenance,,category_rank_in_facility_type,2.0,6,2,7,0,0,0,600.0,0.0013,0.001,85.7143,Check whether facility-type patterns explain category-level burden.
facility_category_profile,facility_type_category,GROCERY& RESTAURANT,Insect and Rodent Control,,category_rank_in_facility_type,3.0,2,1,2,0,0,0,250.0,0.0004,0.0004,125.0,Check whether facility-type patterns explain category-level burden.
facility_category_profile,facility_type_category,Gas station,Food Maintenance,,category_rank_in_facility_type,1.0,1,1,3,0,0,0,300.0,0.0006,0.0005,100.0,Check whether facility-type patterns explain category-level burden.
facility_category_profile,facility_type_category,Gas station,Food Protection,,category_rank_in_facility_type,2.0,1,1,1,0,0,0,100.0,0.0002,0.0002,100.0,Check whether facility-type patterns explain category-level burden.
facility_category_profile,facility_type_category,HOT DOG STATION,Food Maintenance,,category_rank_in_facility_type,1.0,4,1,9,0,0,0,900.0,0.0017,0.0014,100.0,Check whether facility-type patterns explain category-level burden.
facility_category_profile,facility_type_category,HOT DOG STATION,Food Protection,,category_rank_in_facility_type,2.0,5,1,7,2,0,0,1650.0,0.0013,0.0026,235.7143,Check whether facility-type patterns explain category-level burden.
facility_category_profile,facility_type_category,HOT DOG STATION,Personnel,,category_rank_in_facility_type,3.0,1,1,1,0,0,0,250.0,0.0002,0.0004,250.0,Check whether facility-type patterns explain category-level burden.
facility_category_profile,facility_type_category,MOBILE DESSERT CART,Food Protection,,category_rank_in_facility_type,1.0,1,1,2,1,0,0,600.0,0.0004,0.001,300.0,Check whether facility-type patterns explain category-level burden.
facility_category_profile,facility_type_category,MOBILE FOOD DESSERTS VENDOR,Food Protection,,category_rank_in_facility_type,1.0,1,1,1,1,0,0,500.0,0.0002,0.0008,500.0,Check whether facility-type patterns explain category-level burden.
facility_category_profile,facility_type_category,Mobile Food Dispenser,Food Protection,,category_rank_in_facility_type,1.0,215,116,330,117,0,0,58750.0,0.0628,0.0941,178.0303,Check whether facility-type patterns explain category-level burden.
facility_category_profile,facility_type_category,Mobile Food Dispenser,Food Maintenance,,category_rank_in_facility_type,2.0,163,86,228,0,0,0,15500.0,0.0434,0.0248,67.9825,Check whether facility-type patterns explain category-level burden.
facility_category_profile,facility_type_category,Mobile Food Dispenser,Wash and Waste Water Disposal,,category_rank_in_facility_type,3.0,102,52,126,126,0,0,39500.0,0.024,0.0632,313.4921,Check whether facility-type patterns explain category-level burden.
facility_category_profile,facility_type_category,NIGHT CLUB,Food Maintenance,,category_rank_in_facility_type,1.0,3,2,10,0,0,0,800.0,0.0019,0.0013,80.0,Check whether facility-type patterns explain category-level burden.
facility_category_profile,facility_type_category,NIGHT CLUB,Food Protection,,category_rank_in_facility_type,2.0,3,2,8,0,0,0,650.0,0.0015,0.001,81.25,Check whether facility-type patterns explain category-level burden.
facility_category_profile,facility_type_category,NIGHT CLUB,Insect and Rodent Control,,category_rank_in_facility_type,3.0,2,1,2,0,0,0,250.0,0.0004,0.0004,125.0,Check whether facility-type patterns explain category-level burden.
facility_category_profile,facility_type_category,Pool,Food Maintenance,,category_rank_in_facility_type,1.0,3,2,9,0,0,0,900.0,0.0017,0.0014,100.0,Check whether facility-type patterns explain category-level burden.
facility_category_profile,facility_type_category,Pool,Food Protection,,category_rank_in_facility_type,2.0,2,1,4,0,0,0,400.0,0.0008,0.0006,100.0,Check whether facility-type patterns explain category-level burden.
facility_category_profile,facility_type_category,Pool,Compliance,,category_rank_in_facility_type,3.0,2,1,2,1,0,0,750.0,0.0004,0.0012,375.0,Check whether facility-type patterns explain category-level burden.
facility_category_profile,facility_type_category,Tavern,Food Maintenance,,category_rank_in_facility_type,1.0,7,4,25,0,0,0,2500.0,0.0048,0.004,100.0,Check whether facility-type patterns explain category-level burden.
facility_category_profile,facility_type_category,Tavern,Food Protection,,category_rank_in_facility_type,2.0,9,3,16,2,0,0,2350.0,0.003,0.0038,146.875,Check whether facility-type patterns explain category-level burden.
facility_category_profile,facility_type_category,Tavern,Insect and Rodent Control,,category_rank_in_facility_type,3.0,4,1,4,0,0,0,500.0,0.0008,0.0008,125.0,Check whether facility-type patterns explain category-level burden.
facility_category_profile,facility_type_category,WINE TASTING BAR,Food Maintenance,,category_rank_in_facility_type,1.0,5,2,9,0,0,0,500.0,0.0017,0.0008,55.5556,Check whether facility-type patterns explain category-level burden.
facility_category_profile,facility_type_category,WINE TASTING BAR,Insect and Rodent Control,,category_rank_in_facility_type,2.0,4,2,4,0,0,0,500.0,0.0008,0.0008,125.0,Check whether facility-type patterns explain category-level burden.
facility_category_profile,facility_type_category,WINE TASTING BAR,Food Protection,,category_rank_in_facility_type,3.0,3,2,3,3,0,0,500.0,0.0006,0.0008,166.6667,Check whether facility-type patterns explain category-level burden.
facility_category_profile,facility_type_category,gas station,Food Maintenance,,category_rank_in_facility_type,1.0,7,5,14,0,0,0,1200.0,0.0027,0.0019,85.7143,Check whether facility-type patterns explain category-level burden.
facility_category_profile,facility_type_category,gas station,Food Protection,,category_rank_in_facility_type,2.0,6,5,7,0,0,0,700.0,0.0013,0.0011,100.0,Check whether facility-type patterns explain category-level burden.
facility_category_profile,facility_type_category,gas station,Compliance,,category_rank_in_facility_type,3.0,2,1,2,0,0,0,250.0,0.0004,0.0004,125.0,Check whether facility-type patterns explain category-level burden.
facility_category_profile,facility_type_category,smoothie bar,Food Maintenance,,category_rank_in_facility_type,1.0,1,1,1,0,0,0,100.0,0.0002,0.0002,100.0,Check whether facility-type patterns explain category-level burden.
facility_category_profile,facility_type_category,weight loss program,Food Protection,,category_rank_in_facility_type,1.0,1,1,2,0,0,0,200.0,0.0004,0.0003,100.0,Check whether facility-type patterns explain category-level burden.
facility_category_profile,facility_type_category,weight loss program,Food Maintenance,,category_rank_in_facility_type,2.0,1,1,1,0,0,0,100.0,0.0002,0.0002,100.0,Check whether facility-type patterns explain category-level burden.
facility_category_profile,facility_type_category,1023 CHILDREN'S SERVICES FACILITY,Food Maintenance,,category_rank_in_facility_type,1.0,2,1,3,0,0,0,300.0,0.0006,0.0005,100.0,Check whether facility-type patterns explain category-level burden.
facility_category_profile,facility_type_category,Adult Family Care Center,Food Maintenance,,category_rank_in_facility_type,1.0,2,1,10,0,0,0,1000.0,0.0019,0.0016,100.0,Check whether facility-type patterns explain category-level burden.
facility_category_profile,facility_type_category,Adult Family Care Center,Food Protection,,category_rank_in_facility_type,2.0,2,1,4,0,0,0,400.0,0.0008,0.0006,100.0,Check whether facility-type patterns explain category-level burden.
facility_category_profile,facility_type_category,Adult Family Care Center,Insect and Rodent Control,,category_rank_in_facility_type,3.0,2,1,2,0,0,0,500.0,0.0004,0.0008,250.0,Check whether facility-type patterns explain category-level burden.
facility_category_profile,facility_type_category,CAFE,Food Maintenance,,category_rank_in_facility_type,1.0,2,1,10,0,0,0,1000.0,0.0019,0.0016,100.0,Check whether facility-type patterns explain category-level burden.
facility_category_profile,facility_type_category,CAFE,Food Protection,,category_rank_in_facility_type,2.0,2,1,6,2,0,0,1600.0,0.0011,0.0026,266.6667,Check whether facility-type patterns explain category-level burden.
facility_category_profile,facility_type_category,CAFE,Insect and Rodent Control,,category_rank_in_facility_type,3.0,2,1,2,0,0,0,500.0,0.0004,0.0008,250.0,Check whether facility-type patterns explain category-level burden.
facility_category_profile,facility_type_category,CITY OF CHICAGO COLLEGE,Food Protection,,category_rank_in_facility_type,1.0,6,1,12,3,0,0,1800.0,0.0023,0.0029,150.0,Check whether facility-type patterns explain category-level burden.
facility_category_profile,facility_type_category,CITY OF CHICAGO COLLEGE,Food Maintenance,,category_rank_in_facility_type,2.0,5,1,10,0,0,0,1000.0,0.0019,0.0016,100.0,Check whether facility-type patterns explain category-level burden.
facility_category_profile,facility_type_category,CITY OF CHICAGO COLLEGE,Compliance,,category_rank_in_facility_type,3.0,2,1,2,0,0,0,250.0,0.0004,0.0004,125.0,Check whether facility-type patterns explain category-level burden.
facility_category_profile,facility_type_category,COFFEE KIOSK,Food Maintenance,,category_rank_in_facility_type,1.0,3,1,6,0,0,0,600.0,0.0011,0.001,100.0,Check whether facility-type patterns explain category-level burden.
facility_category_profile,facility_type_category,COFFEE KIOSK,Food Protection,,category_rank_in_facility_type,2.0,2,1,2,0,0,0,200.0,0.0004,0.0003,100.0,Check whether facility-type patterns explain category-level burden.
facility_category_profile,facility_type_category,GAS STATION/ GROCERY STORE,Food Maintenance,,category_rank_in_facility_type,1.0,1,1,2,0,0,0,200.0,0.0004,0.0003,100.0,Check whether facility-type patterns explain category-level burden.
facility_category_profile,facility_type_category,GAS STATION/ GROCERY STORE,Food Protection,,category_rank_in_facility_type,2.0,1,1,1,0,0,0,100.0,0.0002,0.0002,100.0,Check whether facility-type patterns explain category-level burden.
facility_category_profile,facility_type_category,GAS STATION/GROCERY,Food Maintenance,,category_rank_in_facility_type,1.0,2,1,4,0,0,0,400.0,0.0008,0.0006,100.0,Check whether facility-type patterns explain category-level burden.
facility_category_profile,facility_type_category,GAS STATION/GROCERY,Food Protection,,category_rank_in_facility_type,2.0,2,1,2,0,0,0,200.0,0.0004,0.0003,100.0,Check whether facility-type patterns explain category-level burden.
facility_category_profile,facility_type_category,GROCERY/CAFE,Food Maintenance,,category_rank_in_facility_type,1.0,4,2,16,0,0,0,800.0,0.003,0.0013,50.0,Check whether facility-type patterns explain category-level burden.
facility_category_profile,facility_type_category,GROCERY/CAFE,Insect and Rodent Control,,category_rank_in_facility_type,2.0,4,2,6,0,0,0,1000.0,0.0011,0.0016,166.6667,Check whether facility-type patterns explain category-level burden.
facility_category_profile,facility_type_category,GROCERY/CAFE,Toilet and Hand Washing Facilities for Staff,,category_rank_in_facility_type,3.0,2,1,2,2,0,0,500.0,0.0004,0.0008,250.0,Check whether facility-type patterns explain category-level burden.
facility_category_profile,facility_type_category,Grocery & Restaurant,Food Maintenance,,category_rank_in_facility_type,1.0,13,1,32,0,0,0,3200.0,0.0061,0.0051,100.0,Check whether facility-type patterns explain category-level burden.
facility_category_profile,facility_type_category,Grocery & Restaurant,Food Protection,,category_rank_in_facility_type,2.0,13,1,29,7,0,0,5750.0,0.0055,0.0092,198.2759,Check whether facility-type patterns explain category-level burden.
facility_category_profile,facility_type_category,Grocery & Restaurant,Insect and Rodent Control,,category_rank_in_facility_type,3.0,4,1,4,0,0,0,750.0,0.0008,0.0012,187.5,Check whether facility-type patterns explain category-level burden.
facility_category_profile,facility_type_category,Grocery(Sushi prep),Food Maintenance,,category_rank_in_facility_type,1.0,8,1,10,0,0,0,1000.0,0.0019,0.0016,100.0,Check whether facility-type patterns explain category-level burden.
facility_category_profile,facility_type_category,Grocery(Sushi prep),Food Protection,,category_rank_in_facility_type,2.0,6,1,8,2,0,0,1600.0,0.0015,0.0026,200.0,Check whether facility-type patterns explain category-level burden.
facility_category_profile,facility_type_category,LIQUOR CONSUMPTION ON PREMISES.,Food Maintenance,,category_rank_in_facility_type,1.0,2,1,2,0,0,0,100.0,0.0004,0.0002,50.0,Check whether facility-type patterns explain category-level burden.
facility_category_profile,facility_type_category,LIQUOR CONSUMPTION ON PREMISES.,Food Protection,,category_rank_in_facility_type,2.0,2,1,2,0,0,0,100.0,0.0004,0.0002,50.0,Check whether facility-type patterns explain category-level burden.
facility_category_profile,facility_type_category,LIQUOR CONSUMPTION ON PREMISES.,Insect and Rodent Control,,category_rank_in_facility_type,3.0,2,1,2,0,0,0,250.0,0.0004,0.0004,125.0,Check whether facility-type patterns explain category-level burden.
facility_category_profile,facility_type_category,MOBILE FOOD,Food Maintenance,,category_rank_in_facility_type,1.0,2,1,2,0,0,0,100.0,0.0004,0.0002,50.0,Check whether facility-type patterns explain category-level burden.
facility_category_profile,facility_type_category,Other,Food Maintenance,,category_rank_in_facility_type,1.0,3,1,9,0,0,0,500.0,0.0017,0.0008,55.5556,Check whether facility-type patterns explain category-level burden.
facility_category_profile,facility_type_category,Other,Food Protection,,category_rank_in_facility_type,2.0,2,1,4,0,0,0,450.0,0.0008,0.0007,112.5,Check whether facility-type patterns explain category-level burden.
facility_category_profile,facility_type_category,Other,Insect and Rodent Control,,category_rank_in_facility_type,3.0,2,1,2,0,0,0,250.0,0.0004,0.0004,125.0,Check whether facility-type patterns explain category-level burden.
facility_category_profile,facility_type_category,PRODUCE STAND,Food Maintenance,,category_rank_in_facility_type,1.0,2,1,8,0,0,0,400.0,0.0015,0.0006,50.0,Check whether facility-type patterns explain category-level burden.
facility_category_profile,facility_type_category,PRODUCE STAND,Insect and Rodent Control,,category_rank_in_facility_type,2.0,2,1,2,0,0,0,250.0,0.0004,0.0004,125.0,Check whether facility-type patterns explain category-level burden.
facility_category_profile,facility_type_category,RETAIL FOOD/GAS STATION,Food Protection,,category_rank_in_facility_type,1.0,4,1,7,0,0,0,500.0,0.0013,0.0008,71.4286,Check whether facility-type patterns explain category-level burden.
facility_category_profile,facility_type_category,RETAIL FOOD/GAS STATION,Food Maintenance,,category_rank_in_facility_type,2.0,4,1,5,0,0,0,400.0,0.001,0.0006,80.0,Check whether facility-type patterns explain category-level burden.
facility_category_profile,facility_type_category,TEACHING SCHOOL,Food Maintenance,,category_rank_in_facility_type,1.0,1,1,2,0,0,0,200.0,0.0004,0.0003,100.0,Check whether facility-type patterns explain category-level burden.
facility_category_profile,facility_type_category,TEACHING SCHOOL,Food Protection,,category_rank_in_facility_type,2.0,2,1,2,0,0,0,200.0,0.0004,0.0003,100.0,Check whether facility-type patterns explain category-level burden.
facility_category_profile,facility_type_category,THEATER/BAR,Food Maintenance,,category_rank_in_facility_type,1.0,2,1,8,0,0,0,800.0,0.0015,0.0013,100.0,Check whether facility-type patterns explain category-level burden.
facility_category_profile,facility_type_category,THEATER/BAR,Toilet and Hand Washing Facilities for Staff,,category_rank_in_facility_type,2.0,2,1,4,4,0,0,1000.0,0.0008,0.0016,250.0,Check whether facility-type patterns explain category-level burden.
facility_category_profile,facility_type_category,THEATER/BAR,Food Equipment and Utensil,,category_rank_in_facility_type,3.0,2,1,2,0,0,0,250.0,0.0004,0.0004,125.0,Check whether facility-type patterns explain category-level burden.
facility_category_profile,facility_type_category,WINE STORE,Insect and Rodent Control,,category_rank_in_facility_type,1.0,8,4,12,0,0,0,2000.0,0.0023,0.0032,166.6667,Check whether facility-type patterns explain category-level burden.
facility_category_profile,facility_type_category,WINE STORE,Food Maintenance,,category_rank_in_facility_type,2.0,5,2,7,0,0,0,500.0,0.0013,0.0008,71.4286,Check whether facility-type patterns explain category-level burden.
facility_category_profile,facility_type_category,WINE STORE,Food Protection,,category_rank_in_facility_type,3.0,4,2,4,2,0,0,600.0,0.0008,0.001,150.0,Check whether facility-type patterns explain category-level burden.
facility_category_profile,facility_type_category,donut shop,Food Maintenance,,category_rank_in_facility_type,1.0,7,1,11,0,0,0,1100.0,0.0021,0.0018,100.0,Check whether facility-type patterns explain category-level burden.
facility_category_profile,facility_type_category,donut shop,Food Protection,,category_rank_in_facility_type,2.0,3,1,4,0,0,0,400.0,0.0008,0.0006,100.0,Check whether facility-type patterns explain category-level burden.
facility_category_profile,facility_type_category,donut shop,Display of Inspection Report Summary,,category_rank_in_facility_type,3.0,1,1,1,0,0,0,250.0,0.0002,0.0004,250.0,Check whether facility-type patterns explain category-level burden.
facility_category_profile,facility_type_category,grocery,Food Maintenance,,category_rank_in_facility_type,1.0,5,2,9,0,0,0,900.0,0.0017,0.0014,100.0,Check whether facility-type patterns explain category-level burden.
facility_category_profile,facility_type_category,grocery,Food Protection,,category_rank_in_facility_type,2.0,4,2,6,0,0,0,600.0,0.0011,0.001,100.0,Check whether facility-type patterns explain category-level burden.
facility_category_profile,facility_type_category,grocery,Insect and Rodent Control,,category_rank_in_facility_type,3.0,2,1,2,0,0,0,250.0,0.0004,0.0004,125.0,Check whether facility-type patterns explain category-level burden.
facility_category_profile,facility_type_category,unknown,Food Maintenance,,category_rank_in_facility_type,1.0,81,41,170,0,0,0,14600.0,0.0324,0.0234,85.8824,Check whether facility-type patterns explain category-level burden.
facility_category_profile,facility_type_category,unknown,Food Protection,,category_rank_in_facility_type,2.0,62,33,84,13,0,0,11950.0,0.016,0.0191,142.2619,Check whether facility-type patterns explain category-level burden.
facility_category_profile,facility_type_category,unknown,Insect and Rodent Control,,category_rank_in_facility_type,3.0,26,12,28,0,0,0,4250.0,0.0053,0.0068,151.7857,Check whether facility-type patterns explain category-level burden.
facility_category_profile,facility_type_category,1005 NURSING HOME,Food Maintenance,,category_rank_in_facility_type,1.0,2,1,6,0,0,0,300.0,0.0011,0.0005,50.0,Check whether facility-type patterns explain category-level burden.
facility_category_profile,facility_type_category,1005 NURSING HOME,Insect and Rodent Control,,category_rank_in_facility_type,2.0,2,1,4,0,0,0,500.0,0.0008,0.0008,125.0,Check whether facility-type patterns explain category-level burden.
facility_category_profile,facility_type_category,1005 NURSING HOME,Food Equipment and Utensil,,category_rank_in_facility_type,3.0,2,1,2,0,0,0,250.0,0.0004,0.0004,125.0,Check whether facility-type patterns explain category-level burden.
facility_category_profile,facility_type_category,BEFORE AND AFTER SCHOOL PROGRAM,Food Maintenance,,category_rank_in_facility_type,1.0,6,1,19,0,0,0,1700.0,0.0036,0.0027,89.4737,Check whether facility-type patterns explain category-level burden.
facility_category_profile,facility_type_category,BEFORE AND AFTER SCHOOL PROGRAM,Food Protection,,category_rank_in_facility_type,2.0,4,1,4,1,0,0,700.0,0.0008,0.0011,175.0,Check whether facility-type patterns explain category-level burden.
facility_category_profile,facility_type_category,BEFORE AND AFTER SCHOOL PROGRAM,Personnel,,category_rank_in_facility_type,3.0,3,1,3,0,0,0,750.0,0.0006,0.0012,250.0,Check whether facility-type patterns explain category-level burden.
facility_category_profile,facility_type_category,Bakery,Food Maintenance,,category_rank_in_facility_type,1.0,1639,341,4775,0,0,0,411900.0,0.909,0.6594,86.2618,Check whether facility-type patterns explain category-level burden.
facility_category_profile,facility_type_category,Bakery,Food Protection,,category_rank_in_facility_type,2.0,1458,310,2662,164,0,0,303100.0,0.5068,0.4852,113.8618,Check whether facility-type patterns explain category-level burden.
facility_category_profile,facility_type_category,Bakery,Insect and Rodent Control,,category_rank_in_facility_type,3.0,497,157,532,0,0,0,80000.0,0.1013,0.1281,150.3759,Check whether facility-type patterns explain category-level burden.
facility_category_profile,facility_type_category,Banquet rooms,Food Maintenance,,category_rank_in_facility_type,1.0,6,2,9,0,0,0,900.0,0.0017,0.0014,100.0,Check whether facility-type patterns explain category-level burden.
facility_category_profile,facility_type_category,Banquet rooms,Food Protection,,category_rank_in_facility_type,2.0,4,1,6,0,0,0,750.0,0.0011,0.0012,125.0,Check whether facility-type patterns explain category-level burden.
facility_category_profile,facility_type_category,Banquet rooms,Toilet and Hand Washing Facilities for Staff,,category_rank_in_facility_type,3.0,2,1,2,2,0,0,500.0,0.0004,0.0008,250.0,Check whether facility-type patterns explain category-level burden.
facility_category_profile,facility_type_category,CELL PHONE STORE,Food Maintenance,,category_rank_in_facility_type,1.0,3,1,3,0,0,0,200.0,0.0006,0.0003,66.6667,Check whether facility-type patterns explain category-level burden.
facility_category_profile,facility_type_category,CELL PHONE STORE,Insect and Rodent Control,,category_rank_in_facility_type,2.0,3,1,3,0,0,0,500.0,0.0006,0.0008,166.6667,Check whether facility-type patterns explain category-level burden.
facility_category_profile,facility_type_category,CELL PHONE STORE,Wash and Waste Water Disposal,,category_rank_in_facility_type,3.0,2,1,2,2,0,0,500.0,0.0004,0.0008,250.0,Check whether facility-type patterns explain category-level burden.
facility_category_profile,facility_type_category,CHILDERN'S SERVICE FACILITY,Food Maintenance,,category_rank_in_facility_type,1.0,4,1,8,0,0,0,500.0,0.0015,0.0008,62.5,Check whether facility-type patterns explain category-level burden.
facility_category_profile,facility_type_category,CHILDERN'S SERVICE FACILITY,Food Protection,,category_rank_in_facility_type,2.0,1,1,2,0,0,0,200.0,0.0004,0.0003,100.0,Check whether facility-type patterns explain category-level burden.
facility_category_profile,facility_type_category,CHILDERN'S SERVICE FACILITY,Personnel,,category_rank_in_facility_type,3.0,2,1,2,0,0,0,250.0,0.0004,0.0004,125.0,Check whether facility-type patterns explain category-level burden.
facility_category_profile,facility_type_category,CHINESE HERBS,Food Protection,,category_rank_in_facility_type,1.0,2,1,2,0,0,0,200.0,0.0004,0.0003,100.0,Check whether facility-type patterns explain category-level burden.
facility_category_profile,facility_type_category,CHINESE HERBS,Food Maintenance,,category_rank_in_facility_type,2.0,1,1,1,0,0,0,100.0,0.0002,0.0002,100.0,Check whether facility-type patterns explain category-level burden.
facility_category_profile,facility_type_category,CONVNIENCE STORE,Food Maintenance,,category_rank_in_facility_type,1.0,1,1,1,0,0,0,100.0,0.0002,0.0002,100.0,Check whether facility-type patterns explain category-level burden.
facility_category_profile,facility_type_category,CONVNIENCE STORE,Food Protection,,category_rank_in_facility_type,2.0,1,1,1,0,0,0,100.0,0.0002,0.0002,100.0,Check whether facility-type patterns explain category-level burden.
facility_category_profile,facility_type_category,Candy,Food Protection,,category_rank_in_facility_type,1.0,3,1,6,3,0,0,1500.0,0.0011,0.0024,250.0,Check whether facility-type patterns explain category-level burden.
facility_category_profile,facility_type_category,Coffee shop,Food Maintenance,,category_rank_in_facility_type,1.0,5,1,10,0,0,0,1000.0,0.0019,0.0016,100.0,Check whether facility-type patterns explain category-level burden.
facility_category_profile,facility_type_category,Coffee shop,Food Protection,,category_rank_in_facility_type,2.0,3,1,4,0,0,0,400.0,0.0008,0.0006,100.0,Check whether facility-type patterns explain category-level burden.
facility_category_profile,facility_type_category,Coffee shop,Personnel,,category_rank_in_facility_type,3.0,2,1,2,0,0,0,500.0,0.0004,0.0008,250.0,Check whether facility-type patterns explain category-level burden.
facility_category_profile,facility_type_category,DOLLAR STORE SELLING GROCERY,Food Maintenance,,category_rank_in_facility_type,1.0,1,1,1,0,0,0,100.0,0.0002,0.0002,100.0,Check whether facility-type patterns explain category-level burden.
facility_category_profile,facility_type_category,DOLLAR STORE SELLING GROCERY,Food Protection,,category_rank_in_facility_type,2.0,1,1,1,0,0,0,100.0,0.0002,0.0002,100.0,Check whether facility-type patterns explain category-level burden.
facility_category_profile,facility_type_category,GAS STATION,Food Maintenance,,category_rank_in_facility_type,1.0,78,36,233,0,0,0,19700.0,0.0444,0.0315,84.5494,Check whether facility-type patterns explain category-level burden.
facility_category_profile,facility_type_category,GAS STATION,Food Protection,,category_rank_in_facility_type,2.0,67,32,118,16,0,0,16650.0,0.0225,0.0267,141.1017,Check whether facility-type patterns explain category-level burden.
facility_category_profile,facility_type_category,GAS STATION,Insect and Rodent Control,,category_rank_in_facility_type,3.0,31,14,39,0,0,0,7500.0,0.0074,0.012,192.3077,Check whether facility-type patterns explain category-level burden.
facility_category_profile,facility_type_category,GROCERY STORE/DELI,Food Maintenance,,category_rank_in_facility_type,1.0,4,1,14,0,0,0,1100.0,0.0027,0.0018,78.5714,Check whether facility-type patterns explain category-level burden.
facility_category_profile,facility_type_category,GROCERY STORE/DELI,Food Protection,,category_rank_in_facility_type,2.0,4,1,7,3,0,0,1300.0,0.0013,0.0021,185.7143,Check whether facility-type patterns explain category-level burden.
facility_category_profile,facility_type_category,GROCERY STORE/DELI,Food Equipment and Utensil,,category_rank_in_facility_type,3.0,3,1,3,0,0,0,500.0,0.0006,0.0008,166.6667,Check whether facility-type patterns explain category-level burden.
facility_category_profile,facility_type_category,O'Hare Kiosk,Food Maintenance,,category_rank_in_facility_type,1.0,8,1,18,0,0,0,1800.0,0.0034,0.0029,100.0,Check whether facility-type patterns explain category-level burden.
facility_category_profile,facility_type_category,O'Hare Kiosk,Food Protection,,category_rank_in_facility_type,2.0,5,1,6,1,0,0,1150.0,0.0011,0.0018,191.6667,Check whether facility-type patterns explain category-level burden.
facility_category_profile,facility_type_category,O'Hare Kiosk,Display of Inspection Report Summary,,category_rank_in_facility_type,3.0,1,1,1,0,0,0,250.0,0.0002,0.0004,250.0,Check whether facility-type patterns explain category-level burden.
facility_category_profile,facility_type_category,PRE PACKAGED,Food Maintenance,,category_rank_in_facility_type,1.0,3,2,8,0,0,0,500.0,0.0015,0.0008,62.5,Check whether facility-type patterns explain category-level burden.
facility_category_profile,facility_type_category,PRE PACKAGED,Food Protection,,category_rank_in_facility_type,2.0,2,1,2,0,0,0,100.0,0.0004,0.0002,50.0,Check whether facility-type patterns explain category-level burden.
facility_category_profile,facility_type_category,PRE PACKAGED,Insect and Rodent Control,,category_rank_in_facility_type,3.0,2,1,2,0,0,0,250.0,0.0004,0.0004,125.0,Check whether facility-type patterns explain category-level burden.
facility_category_profile,facility_type_category,RETAIL STORE,Food Maintenance,,category_rank_in_facility_type,1.0,2,1,2,0,0,0,100.0,0.0004,0.0002,50.0,Check whether facility-type patterns explain category-level burden.
facility_category_profile,facility_type_category,RETAIL STORE,Insect and Rodent Control,,category_rank_in_facility_type,2.0,2,1,2,0,0,0,250.0,0.0004,0.0004,125.0,Check whether facility-type patterns explain category-level burden.
facility_category_profile,facility_type_category,SPA,Insect and Rodent Control,,category_rank_in_facility_type,1.0,1,1,2,0,0,0,500.0,0.0004,0.0008,250.0,Check whether facility-type patterns explain category-level burden.
facility_category_profile,facility_type_category,SPA,Food Protection,,category_rank_in_facility_type,2.0,1,1,1,0,0,0,100.0,0.0002,0.0002,100.0,Check whether facility-type patterns explain category-level burden.
facility_category_profile,facility_type_category,SPA,Personnel,,category_rank_in_facility_type,3.0,1,1,1,0,0,0,250.0,0.0002,0.0004,250.0,Check whether facility-type patterns explain category-level burden.
facility_category_profile,facility_type_category,TAVERN,Food Maintenance,,category_rank_in_facility_type,1.0,135,69,429,0,0,0,34500.0,0.0817,0.0552,80.4196,Check whether facility-type patterns explain category-level burden.
facility_category_profile,facility_type_category,TAVERN,Food Protection,,category_rank_in_facility_type,2.0,101,50,166,9,0,0,16950.0,0.0316,0.0271,102.1084,Check whether facility-type patterns explain category-level burden.
facility_category_profile,facility_type_category,TAVERN,Insect and Rodent Control,,category_rank_in_facility_type,3.0,103,50,121,0,0,0,19250.0,0.023,0.0308,159.0909,Check whether facility-type patterns explain category-level burden.
facility_category_profile,facility_type_category,employee kitchen,Food Maintenance,,category_rank_in_facility_type,1.0,10,1,12,0,0,0,1200.0,0.0023,0.0019,100.0,Check whether facility-type patterns explain category-level burden.
facility_category_profile,facility_type_category,employee kitchen,Food Protection,,category_rank_in_facility_type,2.0,8,1,9,0,0,0,900.0,0.0017,0.0014,100.0,Check whether facility-type patterns explain category-level burden.
facility_category_profile,facility_type_category,employee kitchen,Toilet and Hand Washing Facilities for Staff,,category_rank_in_facility_type,3.0,1,1,1,1,0,0,500.0,0.0002,0.0008,500.0,Check whether facility-type patterns explain category-level burden.
facility_category_profile,facility_type_category,ART GALLERY W/WINE AND BEER,Insect and Rodent Control,,category_rank_in_facility_type,1.0,2,1,4,0,0,0,500.0,0.0008,0.0008,125.0,Check whether facility-type patterns explain category-level burden.
facility_category_profile,facility_type_category,ART GALLERY W/WINE AND BEER,Food Equipment and Utensil Sanitation,,category_rank_in_facility_type,2.0,2,1,2,2,0,0,500.0,0.0004,0.0008,250.0,Check whether facility-type patterns explain category-level burden.
facility_category_profile,facility_type_category,ART GALLERY W/WINE AND BEER,Food Maintenance,,category_rank_in_facility_type,3.0,2,1,2,0,0,0,100.0,0.0004,0.0002,50.0,Check whether facility-type patterns explain category-level burden.
facility_category_profile,facility_type_category,BAKERY/GROCERY,Food Maintenance,,category_rank_in_facility_type,1.0,2,1,4,0,0,0,300.0,0.0008,0.0005,75.0,Check whether facility-type patterns explain category-level burden.
facility_category_profile,facility_type_category,BAKERY/GROCERY,Toilet and Hand Washing Facilities for Staff,,category_rank_in_facility_type,2.0,2,1,2,2,0,0,1000.0,0.0004,0.0016,500.0,Check whether facility-type patterns explain category-level burden.
facility_category_profile,facility_type_category,BAR,Food Maintenance,,category_rank_in_facility_type,1.0,9,4,20,0,0,0,1900.0,0.0038,0.003,95.0,Check whether facility-type patterns explain category-level burden.
facility_category_profile,facility_type_category,BAR,Food Protection,,category_rank_in_facility_type,2.0,6,2,7,0,0,0,600.0,0.0013,0.001,85.7143,Check whether facility-type patterns explain category-level burden.
facility_category_profile,facility_type_category,BAR,Insect and Rodent Control,,category_rank_in_facility_type,3.0,6,2,6,0,0,0,1250.0,0.0011,0.002,208.3333,Check whether facility-type patterns explain category-level burden.
facility_category_profile,facility_type_category,Banquet,Food Maintenance,,category_rank_in_facility_type,1.0,4,2,9,0,0,0,900.0,0.0017,0.0014,100.0,Check whether facility-type patterns explain category-level burden.
facility_category_profile,facility_type_category,Banquet,Food Equipment and Utensil,,category_rank_in_facility_type,2.0,4,2,4,0,0,0,750.0,0.0008,0.0012,187.5,Check whether facility-type patterns explain category-level burden.
facility_category_profile,facility_type_category,Banquet,Food Protection,,category_rank_in_facility_type,3.0,2,1,2,0,0,0,200.0,0.0004,0.0003,100.0,Check whether facility-type patterns explain category-level burden.
facility_category_profile,facility_type_category,CAFETERIA,Food Maintenance,,category_rank_in_facility_type,1.0,24,5,70,0,0,0,6400.0,0.0133,0.0102,91.4286,Check whether facility-type patterns explain category-level burden.
facility_category_profile,facility_type_category,CAFETERIA,Food Protection,,category_rank_in_facility_type,2.0,23,5,45,6,0,0,6650.0,0.0086,0.0106,147.7778,Check whether facility-type patterns explain category-level burden.
facility_category_profile,facility_type_category,CAFETERIA,Insect and Rodent Control,,category_rank_in_facility_type,3.0,4,2,4,0,0,0,500.0,0.0008,0.0008,125.0,Check whether facility-type patterns explain category-level burden.
facility_category_profile,facility_type_category,CHILDERN'S SERVICES  FACILITY,Food Maintenance,,category_rank_in_facility_type,1.0,2,1,4,0,0,0,400.0,0.0008,0.0006,100.0,Check whether facility-type patterns explain category-level burden.
facility_category_profile,facility_type_category,CHILDERN'S SERVICES  FACILITY,Food Protection,,category_rank_in_facility_type,2.0,2,1,2,0,0,0,200.0,0.0004,0.0003,100.0,Check whether facility-type patterns explain category-level burden.
facility_category_profile,facility_type_category,CHILDERN'S SERVICES  FACILITY,Personnel,,category_rank_in_facility_type,3.0,2,1,2,0,0,0,250.0,0.0004,0.0004,125.0,Check whether facility-type patterns explain category-level burden.
facility_category_profile,facility_type_category,CHILDRENS SERVICES FACILITY,Food Maintenance,,category_rank_in_facility_type,1.0,7,2,9,0,0,0,800.0,0.0017,0.0013,88.8889,Check whether facility-type patterns explain category-level burden.
facility_category_profile,facility_type_category,CHILDRENS SERVICES FACILITY,Food Equipment and Utensil,,category_rank_in_facility_type,2.0,2,1,2,0,0,0,250.0,0.0004,0.0004,125.0,Check whether facility-type patterns explain category-level burden.
facility_category_profile,facility_type_category,CHILDRENS SERVICES FACILITY,Personnel,,category_rank_in_facility_type,3.0,2,1,2,0,0,0,250.0,0.0004,0.0004,125.0,Check whether facility-type patterns explain category-level burden.
facility_category_profile,facility_type_category,CONVENIENCE/GAS STATION,Food Maintenance,,category_rank_in_facility_type,1.0,1,1,1,0,0,0,100.0,0.0002,0.0002,100.0,Check whether facility-type patterns explain category-level burden.
facility_category_profile,facility_type_category,CUSTOM POULTRY SLAUGHTER,Food Maintenance,,category_rank_in_facility_type,1.0,5,2,12,0,0,0,700.0,0.0023,0.0011,58.3333,Check whether facility-type patterns explain category-level burden.
facility_category_profile,facility_type_category,CUSTOM POULTRY SLAUGHTER,Food Protection,,category_rank_in_facility_type,2.0,5,2,7,2,0,0,800.0,0.0013,0.0013,114.2857,Check whether facility-type patterns explain category-level burden.
facility_category_profile,facility_type_category,CUSTOM POULTRY SLAUGHTER,Insect and Rodent Control,,category_rank_in_facility_type,3.0,4,2,4,0,0,0,500.0,0.0008,0.0008,125.0,Check whether facility-type patterns explain category-level burden.
facility_category_profile,facility_type_category,DAYCARE 1586,Food Maintenance,,category_rank_in_facility_type,1.0,1,1,1,0,0,0,100.0,0.0002,0.0002,100.0,Check whether facility-type patterns explain category-level burden.
facility_category_profile,facility_type_category,DAYCARE 1586,Food Protection,,category_rank_in_facility_type,2.0,1,1,1,0,0,0,100.0,0.0002,0.0002,100.0,Check whether facility-type patterns explain category-level burden.
facility_category_profile,facility_type_category,GROCERY/GAS STATION,Food Maintenance,,category_rank_in_facility_type,1.0,4,3,12,0,0,0,1100.0,0.0023,0.0018,91.6667,Check whether facility-type patterns explain category-level burden.
facility_category_profile,facility_type_category,GROCERY/GAS STATION,Food Protection,,category_rank_in_facility_type,2.0,4,3,7,2,0,0,1000.0,0.0013,0.0016,142.8571,Check whether facility-type patterns explain category-level burden.
facility_category_profile,facility_type_category,JUICE AND SALAD BAR,Food Maintenance,,category_rank_in_facility_type,1.0,4,1,14,0,0,0,1100.0,0.0027,0.0018,78.5714,Check whether facility-type patterns explain category-level burden.
facility_category_profile,facility_type_category,JUICE AND SALAD BAR,Food Protection,,category_rank_in_facility_type,2.0,2,1,8,2,0,0,1400.0,0.0015,0.0022,175.0,Check whether facility-type patterns explain category-level burden.
facility_category_profile,facility_type_category,JUICE AND SALAD BAR,Insect and Rodent Control,,category_rank_in_facility_type,3.0,2,1,2,0,0,0,250.0,0.0004,0.0004,125.0,Check whether facility-type patterns explain category-level burden.
facility_category_profile,facility_type_category,KIOSK,Food Maintenance,,category_rank_in_facility_type,1.0,2,1,3,0,0,0,300.0,0.0006,0.0005,100.0,Check whether facility-type patterns explain category-level burden.
facility_category_profile,facility_type_category,LIQUOR STORE,Insect and Rodent Control,,category_rank_in_facility_type,1.0,3,2,3,0,0,0,500.0,0.0006,0.0008,166.6667,Check whether facility-type patterns explain category-level burden.
facility_category_profile,facility_type_category,LIQUOR STORE,Food Maintenance,,category_rank_in_facility_type,2.0,1,1,2,0,0,0,200.0,0.0004,0.0003,100.0,Check whether facility-type patterns explain category-level burden.
facility_category_profile,facility_type_category,LIQUOR STORE,Food Protection,,category_rank_in_facility_type,3.0,1,1,1,0,0,0,100.0,0.0002,0.0002,100.0,Check whether facility-type patterns explain category-level burden.
facility_category_profile,facility_type_category,LIVE POULTRY,Food Maintenance,,category_rank_in_facility_type,1.0,28,7,85,0,0,0,6800.0,0.0162,0.0109,80.0,Check whether facility-type patterns explain category-level burden.
facility_category_profile,facility_type_category,LIVE POULTRY,Food Protection,,category_rank_in_facility_type,2.0,27,8,36,3,0,0,4250.0,0.0069,0.0068,118.0556,Check whether facility-type patterns explain category-level burden.
facility_category_profile,facility_type_category,LIVE POULTRY,Insect and Rodent Control,,category_rank_in_facility_type,3.0,9,4,10,0,0,0,1750.0,0.0019,0.0028,175.0,Check whether facility-type patterns explain category-level burden.
facility_category_profile,facility_type_category,Long-Term Care,Food Maintenance,,category_rank_in_facility_type,1.0,2,1,6,0,0,0,200.0,0.0011,0.0003,33.3333,Check whether facility-type patterns explain category-level burden.
facility_category_profile,facility_type_category,Long-Term Care,Food Protection,,category_rank_in_facility_type,2.0,2,1,3,0,0,0,100.0,0.0006,0.0002,33.3333,Check whether facility-type patterns explain category-level burden.
facility_category_profile,facility_type_category,Long-Term Care,No Smoking Regulations,,category_rank_in_facility_type,3.0,1,1,1,0,0,0,0.0,0.0002,0.0,0.0,Check whether facility-type patterns explain category-level burden.
facility_category_profile,facility_type_category,MEXICAN CANDY STORE,Food Maintenance,,category_rank_in_facility_type,1.0,3,1,14,0,0,0,700.0,0.0027,0.0011,50.0,Check whether facility-type patterns explain category-level burden.
facility_category_profile,facility_type_category,MEXICAN CANDY STORE,Food Protection,,category_rank_in_facility_type,2.0,3,1,4,0,0,0,200.0,0.0008,0.0003,50.0,Check whether facility-type patterns explain category-level burden.
facility_category_profile,facility_type_category,MEXICAN CANDY STORE,Insect and Rodent Control,,category_rank_in_facility_type,3.0,2,1,4,0,0,0,500.0,0.0008,0.0008,125.0,Check whether facility-type patterns explain category-level burden.
facility_category_profile,facility_type_category,Private School,Food Maintenance,,category_rank_in_facility_type,1.0,11,2,23,0,0,0,2300.0,0.0044,0.0037,100.0,Check whether facility-type patterns explain category-level burden.
facility_category_profile,facility_type_category,Private School,Food Protection,,category_rank_in_facility_type,2.0,8,2,12,0,0,0,1200.0,0.0023,0.0019,100.0,Check whether facility-type patterns explain category-level burden.
facility_category_profile,facility_type_category,Private School,Insect and Rodent Control,,category_rank_in_facility_type,3.0,2,1,2,0,0,0,250.0,0.0004,0.0004,125.0,Check whether facility-type patterns explain category-level burden.
facility_category_profile,facility_type_category,RESTAURANT.BANQUET HALLS,Food Maintenance,,category_rank_in_facility_type,1.0,6,1,19,0,0,0,1800.0,0.0036,0.0029,94.7368,Check whether facility-type patterns explain category-level burden.
facility_category_profile,facility_type_category,RESTAURANT.BANQUET HALLS,Food Protection,,category_rank_in_facility_type,2.0,6,1,13,0,0,0,1600.0,0.0025,0.0026,123.0769,Check whether facility-type patterns explain category-level burden.
facility_category_profile,facility_type_category,RESTAURANT.BANQUET HALLS,Food Equipment and Utensil,,category_rank_in_facility_type,3.0,1,1,1,0,0,0,250.0,0.0002,0.0004,250.0,Check whether facility-type patterns explain category-level burden.
facility_category_profile,facility_type_category,cafeteria,Food Protection,,category_rank_in_facility_type,1.0,6,1,9,0,0,0,900.0,0.0017,0.0014,100.0,Check whether facility-type patterns explain category-level burden.
facility_category_profile,facility_type_category,cafeteria,Food Maintenance,,category_rank_in_facility_type,2.0,4,1,7,0,0,0,700.0,0.0013,0.0011,100.0,Check whether facility-type patterns explain category-level burden.
facility_category_profile,facility_type_category,cafeteria,Personnel,,category_rank_in_facility_type,3.0,1,1,1,0,0,0,250.0,0.0002,0.0004,250.0,Check whether facility-type patterns explain category-level burden.
facility_category_profile,facility_type_category,hooka lounge,Food Maintenance,,category_rank_in_facility_type,1.0,1,1,3,0,0,0,300.0,0.0006,0.0005,100.0,Check whether facility-type patterns explain category-level burden.
facility_category_profile,facility_type_category,hooka lounge,Food Equipment and Utensil,,category_rank_in_facility_type,2.0,1,1,1,0,0,0,250.0,0.0002,0.0004,250.0,Check whether facility-type patterns explain category-level burden.
facility_category_profile,facility_type_category,hooka lounge,Insect and Rodent Control,,category_rank_in_facility_type,3.0,1,1,1,0,0,0,250.0,0.0002,0.0004,250.0,Check whether facility-type patterns explain category-level burden.
facility_category_profile,facility_type_category,(gas station),Food Maintenance,,category_rank_in_facility_type,1.0,2,1,8,0,0,0,500.0,0.0015,0.0008,62.5,Check whether facility-type patterns explain category-level burden.
facility_category_profile,facility_type_category,(gas station),Food Protection,,category_rank_in_facility_type,2.0,1,1,2,2,0,0,1000.0,0.0004,0.0016,500.0,Check whether facility-type patterns explain category-level burden.
facility_category_profile,facility_type_category,(gas station),Insect and Rodent Control,,category_rank_in_facility_type,3.0,2,1,2,0,0,0,250.0,0.0004,0.0004,125.0,Check whether facility-type patterns explain category-level burden.
facility_category_profile,facility_type_category,1023 CHILDERN'S SERVICE S FACILITY,Food Maintenance,,category_rank_in_facility_type,1.0,1,1,3,0,0,0,300.0,0.0006,0.0005,100.0,Check whether facility-type patterns explain category-level burden.
facility_category_profile,facility_type_category,1023 CHILDERN'S SERVICE S FACILITY,Food Protection,,category_rank_in_facility_type,2.0,1,1,1,0,0,0,100.0,0.0002,0.0002,100.0,Check whether facility-type patterns explain category-level burden.
facility_category_profile,facility_type_category,BOWLING LANES/BANQUETS,Food Maintenance,,category_rank_in_facility_type,1.0,3,1,18,0,0,0,1800.0,0.0034,0.0029,100.0,Check whether facility-type patterns explain category-level burden.
facility_category_profile,facility_type_category,BOWLING LANES/BANQUETS,Food Protection,,category_rank_in_facility_type,2.0,3,1,11,0,0,0,1150.0,0.0021,0.0018,104.5455,Check whether facility-type patterns explain category-level burden.
facility_category_profile,facility_type_category,BOWLING LANES/BANQUETS,Personnel,,category_rank_in_facility_type,3.0,2,1,2,0,0,0,250.0,0.0004,0.0004,125.0,Check whether facility-type patterns explain category-level burden.
facility_category_profile,facility_type_category,DAYCARE 2 YRS TO 12 YRS,Insect and Rodent Control,,category_rank_in_facility_type,1.0,2,1,2,0,0,0,250.0,0.0004,0.0004,125.0,Check whether facility-type patterns explain category-level burden.
facility_category_profile,facility_type_category,DAYCARE 2 YRS TO 12 YRS,Personnel,,category_rank_in_facility_type,2.0,2,1,2,0,0,0,250.0,0.0004,0.0004,125.0,Check whether facility-type patterns explain category-level burden.
facility_category_profile,facility_type_category,DAYCARE 2 YRS TO 12 YRS,Food Maintenance,,category_rank_in_facility_type,3.0,1,1,1,0,0,0,100.0,0.0002,0.0002,100.0,Check whether facility-type patterns explain category-level burden.
facility_category_profile,facility_type_category,GENERAL STORE,Food Maintenance,,category_rank_in_facility_type,1.0,2,1,6,0,0,0,300.0,0.0011,0.0005,50.0,Check whether facility-type patterns explain category-level burden.
facility_category_profile,facility_type_category,GENERAL STORE,Insect and Rodent Control,,category_rank_in_facility_type,2.0,2,1,4,0,0,0,500.0,0.0008,0.0008,125.0,Check whether facility-type patterns explain category-level burden.
facility_category_profile,facility_type_category,GENERAL STORE,Food Equipment and Utensil,,category_rank_in_facility_type,3.0,2,1,2,0,0,0,250.0,0.0004,0.0004,125.0,Check whether facility-type patterns explain category-level burden.
facility_category_profile,facility_type_category,GROCERY STORE/ RESTAURANT,Food Maintenance,,category_rank_in_facility_type,1.0,7,1,23,0,0,0,2300.0,0.0044,0.0037,100.0,Check whether facility-type patterns explain category-level burden.
facility_category_profile,facility_type_category,GROCERY STORE/ RESTAURANT,Food Protection,,category_rank_in_facility_type,2.0,6,1,9,0,0,0,900.0,0.0017,0.0014,100.0,Check whether facility-type patterns explain category-level burden.
facility_category_profile,facility_type_category,GROCERY STORE/ RESTAURANT,Personnel,,category_rank_in_facility_type,3.0,2,1,2,0,0,0,500.0,0.0004,0.0008,250.0,Check whether facility-type patterns explain category-level burden.
facility_category_profile,facility_type_category,GROCERY/ RESTAURANT,Food Maintenance,,category_rank_in_facility_type,1.0,1,1,2,0,0,0,200.0,0.0004,0.0003,100.0,Check whether facility-type patterns explain category-level burden.
facility_category_profile,facility_type_category,HERBALCAL,Food Equipment and Utensil,,category_rank_in_facility_type,1.0,2,1,2,0,0,0,250.0,0.0004,0.0004,125.0,Check whether facility-type patterns explain category-level burden.
facility_category_profile,facility_type_category,HERBALCAL,Food Maintenance,,category_rank_in_facility_type,2.0,2,1,2,0,0,0,200.0,0.0004,0.0003,100.0,Check whether facility-type patterns explain category-level burden.
facility_category_profile,facility_type_category,HERBALCAL,Toilet and Hand Washing Facilities for Staff,,category_rank_in_facility_type,3.0,2,1,2,2,0,0,500.0,0.0004,0.0008,250.0,Check whether facility-type patterns explain category-level burden.
facility_category_profile,facility_type_category,Liquor,Food Maintenance,,category_rank_in_facility_type,1.0,408,211,1036,0,0,0,80300.0,0.1972,0.1285,77.5097,Check whether facility-type patterns explain category-level burden.
facility_category_profile,facility_type_category,Liquor,Food Protection,,category_rank_in_facility_type,2.0,292,143,455,39,0,0,50450.0,0.0866,0.0808,110.8791,Check whether facility-type patterns explain category-level burden.
facility_category_profile,facility_type_category,Liquor,Insect and Rodent Control,,category_rank_in_facility_type,3.0,274,129,306,0,0,0,50500.0,0.0583,0.0808,165.0327,Check whether facility-type patterns explain category-level burden.
facility_category_profile,facility_type_category,Long-Term Care Facility,Food Maintenance,,category_rank_in_facility_type,1.0,3,1,9,0,0,0,900.0,0.0017,0.0014,100.0,Check whether facility-type patterns explain category-level burden.
facility_category_profile,facility_type_category,Long-Term Care Facility,Food Protection,,category_rank_in_facility_type,2.0,2,1,3,0,0,0,300.0,0.0006,0.0005,100.0,Check whether facility-type patterns explain category-level burden.
facility_category_profile,facility_type_category,MOBILE DESSERTS VENDOR,Food Protection,,category_rank_in_facility_type,1.0,12,7,14,12,0,0,6200.0,0.0027,0.0099,442.8571,Check whether facility-type patterns explain category-level burden.
facility_category_profile,facility_type_category,REHAB CENTER,Food Maintenance,,category_rank_in_facility_type,1.0,4,1,7,0,0,0,700.0,0.0013,0.0011,100.0,Check whether facility-type patterns explain category-level burden.
facility_category_profile,facility_type_category,REHAB CENTER,Food Protection,,category_rank_in_facility_type,2.0,3,1,6,1,0,0,1000.0,0.0011,0.0016,166.6667,Check whether facility-type patterns explain category-level burden.
facility_category_profile,facility_type_category,REHAB CENTER,Personnel,,category_rank_in_facility_type,3.0,1,1,1,0,0,0,250.0,0.0002,0.0004,250.0,Check whether facility-type patterns explain category-level burden.
facility_category_profile,facility_type_category,RIVERWALK,Food Protection,,category_rank_in_facility_type,1.0,4,2,6,4,0,0,2200.0,0.0011,0.0035,366.6667,Check whether facility-type patterns explain category-level burden.
facility_category_profile,facility_type_category,RIVERWALK,Food Maintenance,,category_rank_in_facility_type,2.0,5,3,5,0,0,0,400.0,0.001,0.0006,80.0,Check whether facility-type patterns explain category-level burden.
facility_category_profile,facility_type_category,RIVERWALK,Toilet / Hand Washing Facilities For Customers,,category_rank_in_facility_type,3.0,2,1,2,0,0,0,250.0,0.0004,0.0004,125.0,Check whether facility-type patterns explain category-level burden.
facility_category_profile,facility_type_category,ROOFTOP/RESTAURANT,Food Maintenance,,category_rank_in_facility_type,1.0,2,1,4,0,0,0,400.0,0.0008,0.0006,100.0,Check whether facility-type patterns explain category-level burden.
facility_category_profile,facility_type_category,TEA BREWING,Food Maintenance,,category_rank_in_facility_type,1.0,1,1,2,0,0,0,200.0,0.0004,0.0003,100.0,Check whether facility-type patterns explain category-level burden.
facility_category_profile,facility_type_category,TEA BREWING,Food Protection,,category_rank_in_facility_type,2.0,1,1,1,0,0,0,100.0,0.0002,0.0002,100.0,Check whether facility-type patterns explain category-level burden.
facility_category_profile,facility_type_category,Theater & Restaurant,Food Maintenance,,category_rank_in_facility_type,1.0,1,1,1,0,0,0,100.0,0.0002,0.0002,100.0,Check whether facility-type patterns explain category-level burden.
facility_category_profile,facility_type_category,convenience,Food Maintenance,,category_rank_in_facility_type,1.0,10,6,18,0,0,0,1700.0,0.0034,0.0027,94.4444,Check whether facility-type patterns explain category-level burden.
facility_category_profile,facility_type_category,convenience,Food Protection,,category_rank_in_facility_type,2.0,5,4,6,0,0,0,600.0,0.0011,0.001,100.0,Check whether facility-type patterns explain category-level burden.
facility_category_profile,facility_type_category,convenience,Food Equipment and Utensil,,category_rank_in_facility_type,3.0,2,1,2,0,0,0,250.0,0.0004,0.0004,125.0,Check whether facility-type patterns explain category-level burden.
facility_category_profile,facility_type_category,drug treatment facility,Food Maintenance,,category_rank_in_facility_type,1.0,1,1,2,0,0,0,200.0,0.0004,0.0003,100.0,Check whether facility-type patterns explain category-level burden.
facility_category_profile,facility_type_category,drug treatment facility,Food Protection,,category_rank_in_facility_type,2.0,1,1,1,0,0,0,100.0,0.0002,0.0002,100.0,Check whether facility-type patterns explain category-level burden.
facility_category_profile,facility_type_category,Assisted Living,Food Maintenance,,category_rank_in_facility_type,1.0,6,2,8,0,0,0,800.0,0.0015,0.0013,100.0,Check whether facility-type patterns explain category-level burden.
facility_category_profile,facility_type_category,Assisted Living,Food Protection,,category_rank_in_facility_type,2.0,5,2,8,1,0,0,1200.0,0.0015,0.0019,150.0,Check whether facility-type patterns explain category-level burden.
facility_category_profile,facility_type_category,CHARITY AID KITCHEN,Food Protection,,category_rank_in_facility_type,1.0,5,1,5,0,0,0,500.0,0.001,0.0008,100.0,Check whether facility-type patterns explain category-level burden.
facility_category_profile,facility_type_category,CHARITY AID KITCHEN,Food Maintenance,,category_rank_in_facility_type,2.0,3,1,4,0,0,0,400.0,0.0008,0.0006,100.0,Check whether facility-type patterns explain category-level burden.
facility_category_profile,facility_type_category,COLLEGE,Food Maintenance,,category_rank_in_facility_type,1.0,9,1,37,0,0,0,3000.0,0.007,0.0048,81.0811,Check whether facility-type patterns explain category-level burden.
facility_category_profile,facility_type_category,COLLEGE,Food Protection,,category_rank_in_facility_type,2.0,9,1,19,1,0,0,2100.0,0.0036,0.0034,110.5263,Check whether facility-type patterns explain category-level burden.
facility_category_profile,facility_type_category,COLLEGE,Insect and Rodent Control,,category_rank_in_facility_type,3.0,6,1,8,0,0,0,1500.0,0.0015,0.0024,187.5,Check whether facility-type patterns explain category-level burden.
facility_category_profile,facility_type_category,Children's Services Facility,Food Maintenance,,category_rank_in_facility_type,1.0,1093,387,2610,0,0,0,229800.0,0.4969,0.3679,88.046,Check whether facility-type patterns explain category-level burden.
facility_category_profile,facility_type_category,Children's Services Facility,Food Protection,,category_rank_in_facility_type,2.0,655,298,896,115,0,0,112300.0,0.1706,0.1798,125.3348,Check whether facility-type patterns explain category-level burden.
facility_category_profile,facility_type_category,Children's Services Facility,Insect and Rodent Control,,category_rank_in_facility_type,3.0,277,125,324,0,0,0,48500.0,0.0617,0.0776,149.6914,Check whether facility-type patterns explain category-level burden.
facility_category_profile,facility_type_category,DAY CARE,Food Maintenance,,category_rank_in_facility_type,1.0,4,1,12,0,0,0,800.0,0.0023,0.0013,66.6667,Check whether facility-type patterns explain category-level burden.
facility_category_profile,facility_type_category,DAY CARE,Insect and Rodent Control,,category_rank_in_facility_type,2.0,2,1,4,0,0,0,500.0,0.0008,0.0008,125.0,Check whether facility-type patterns explain category-level burden.
facility_category_profile,facility_type_category,DAY CARE,Personnel,,category_rank_in_facility_type,3.0,2,1,2,0,0,0,250.0,0.0004,0.0004,125.0,Check whether facility-type patterns explain category-level burden.
facility_category_profile,facility_type_category,DAYCARE 6 WKS-5YRS,Food Maintenance,,category_rank_in_facility_type,1.0,2,1,4,0,0,0,400.0,0.0008,0.0006,100.0,Check whether facility-type patterns explain category-level burden.
facility_category_profile,facility_type_category,DAYCARE 6 WKS-5YRS,Food Protection,,category_rank_in_facility_type,2.0,1,1,1,0,0,0,100.0,0.0002,0.0002,100.0,Check whether facility-type patterns explain category-level burden.
facility_category_profile,facility_type_category,GAS STATION/MINI MART,Food Maintenance,,category_rank_in_facility_type,1.0,13,4,43,0,0,0,3500.0,0.0082,0.0056,81.3953,Check whether facility-type patterns explain category-level burden.
facility_category_profile,facility_type_category,GAS STATION/MINI MART,Food Protection,,category_rank_in_facility_type,2.0,13,4,20,2,0,0,2500.0,0.0038,0.004,125.0,Check whether facility-type patterns explain category-level burden.
facility_category_profile,facility_type_category,GAS STATION/MINI MART,Food Equipment and Utensil,,category_rank_in_facility_type,3.0,4,2,4,0,0,0,500.0,0.0008,0.0008,125.0,Check whether facility-type patterns explain category-level burden.
facility_category_profile,facility_type_category,GROCERY/TAVERN,Food Maintenance,,category_rank_in_facility_type,1.0,1,1,4,0,0,0,400.0,0.0008,0.0006,100.0,Check whether facility-type patterns explain category-level burden.
facility_category_profile,facility_type_category,GROCERY/TAVERN,Food Protection,,category_rank_in_facility_type,2.0,1,1,2,0,0,0,200.0,0.0004,0.0003,100.0,Check whether facility-type patterns explain category-level burden.
facility_category_profile,facility_type_category,MOBILE DESSERT VENDOR,Food Protection,,category_rank_in_facility_type,1.0,1,1,2,1,0,0,600.0,0.0004,0.001,300.0,Check whether facility-type patterns explain category-level burden.
facility_category_profile,facility_type_category,MOVIE THEATER,Food Maintenance,,category_rank_in_facility_type,1.0,3,1,11,0,0,0,700.0,0.0021,0.0011,63.6364,Check whether facility-type patterns explain category-level burden.
facility_category_profile,facility_type_category,MOVIE THEATER,Food Protection,,category_rank_in_facility_type,2.0,3,1,5,0,0,0,300.0,0.001,0.0005,60.0,Check whether facility-type patterns explain category-level burden.
facility_category_profile,facility_type_category,MOVIE THEATER,Personnel,,category_rank_in_facility_type,3.0,1,1,1,0,0,0,250.0,0.0002,0.0004,250.0,Check whether facility-type patterns explain category-level burden.
facility_category_profile,facility_type_category,NURSING HOME,Food Maintenance,,category_rank_in_facility_type,1.0,13,4,47,0,0,0,4700.0,0.0089,0.0075,100.0,Check whether facility-type patterns explain category-level burden.
facility_category_profile,facility_type_category,NURSING HOME,Food Protection,,category_rank_in_facility_type,2.0,12,4,20,6,0,0,4400.0,0.0038,0.007,220.0,Check whether facility-type patterns explain category-level burden.
facility_category_profile,facility_type_category,NURSING HOME,Insect and Rodent Control,,category_rank_in_facility_type,3.0,4,2,4,0,0,0,750.0,0.0008,0.0012,187.5,Check whether facility-type patterns explain category-level burden.
facility_category_profile,facility_type_category,PASTRY school,Food Maintenance,,category_rank_in_facility_type,1.0,8,1,20,0,0,0,2000.0,0.0038,0.0032,100.0,Check whether facility-type patterns explain category-level burden.
facility_category_profile,facility_type_category,PASTRY school,Food Protection,,category_rank_in_facility_type,2.0,5,1,5,0,0,0,500.0,0.001,0.0008,100.0,Check whether facility-type patterns explain category-level burden.
facility_category_profile,facility_type_category,PASTRY school,Insect and Rodent Control,,category_rank_in_facility_type,3.0,1,1,1,0,0,0,250.0,0.0002,0.0004,250.0,Check whether facility-type patterns explain category-level burden.
facility_category_profile,facility_type_category,PHARMACY,Insect and Rodent Control,,category_rank_in_facility_type,1.0,1,1,1,0,0,0,250.0,0.0002,0.0004,250.0,Check whether facility-type patterns explain category-level burden.
facility_category_profile,facility_type_category,REGULATED BUSINESS,Food Maintenance,,category_rank_in_facility_type,1.0,2,1,2,0,0,0,200.0,0.0004,0.0003,100.0,Check whether facility-type patterns explain category-level burden.
facility_category_profile,facility_type_category,REGULATED BUSINESS,Food Protection,,category_rank_in_facility_type,2.0,1,1,1,0,0,0,100.0,0.0002,0.0002,100.0,Check whether facility-type patterns explain category-level burden.
facility_category_profile,facility_type_category,RESTAURANT/GROCERY,Food Maintenance,,category_rank_in_facility_type,1.0,2,2,3,0,0,0,300.0,0.0006,0.0005,100.0,Check whether facility-type patterns explain category-level burden.
facility_category_profile,facility_type_category,RESTAURANT/GROCERY,Food Protection,,category_rank_in_facility_type,2.0,1,1,2,0,0,0,200.0,0.0004,0.0003,100.0,Check whether facility-type patterns explain category-level burden.
facility_category_profile,facility_type_category,Restaurant,Food Maintenance,,category_rank_in_facility_type,1.0,72432,13427,192945,0,0,0,17072600.0,36.7321,27.331,88.4843,Check whether facility-type patterns explain category-level burden.
facility_category_profile,facility_type_category,Restaurant,Food Protection,,category_rank_in_facility_type,2.0,63701,12654,119893,13017,0,0,15967650.0,22.8248,25.5621,133.1825,Check whether facility-type patterns explain category-level burden.
facility_category_profile,facility_type_category,Restaurant,Insect and Rodent Control,,category_rank_in_facility_type,3.0,18678,6035,20220,0,0,0,3268000.0,3.8494,5.2316,161.6222,Check whether facility-type patterns explain category-level burden.
facility_category_profile,facility_type_category,School Cafeteria,Food Maintenance,,category_rank_in_facility_type,1.0,1,1,2,0,0,0,200.0,0.0004,0.0003,100.0,Check whether facility-type patterns explain category-level burden.
facility_category_profile,facility_type_category,Shared Kitchen,Food Maintenance,,category_rank_in_facility_type,1.0,39,11,85,0,0,0,7600.0,0.0162,0.0122,89.4118,Check whether facility-type patterns explain category-level burden.
facility_category_profile,facility_type_category,Shared Kitchen,Food Protection,,category_rank_in_facility_type,2.0,30,10,40,0,0,0,3700.0,0.0076,0.0059,92.5,Check whether facility-type patterns explain category-level burden.
facility_category_profile,facility_type_category,Shared Kitchen,Insect and Rodent Control,,category_rank_in_facility_type,3.0,8,2,8,0,0,0,1500.0,0.0015,0.0024,187.5,Check whether facility-type patterns explain category-level burden.
facility_category_profile,facility_type_category,Supporting Living,Food Maintenance,,category_rank_in_facility_type,1.0,5,1,10,0,0,0,1000.0,0.0019,0.0016,100.0,Check whether facility-type patterns explain category-level burden.
facility_category_profile,facility_type_category,Supporting Living,Food Protection,,category_rank_in_facility_type,2.0,4,1,6,2,0,0,1400.0,0.0011,0.0022,233.3333,Check whether facility-type patterns explain category-level burden.
facility_category_profile,facility_type_category,Supporting Living,Display of Inspection Report Summary,,category_rank_in_facility_type,3.0,1,1,1,0,0,0,250.0,0.0002,0.0004,250.0,Check whether facility-type patterns explain category-level burden.
facility_category_profile,facility_type_category,Wrigley Roof Top,Food Maintenance,,category_rank_in_facility_type,1.0,8,2,14,0,0,0,1400.0,0.0027,0.0022,100.0,Check whether facility-type patterns explain category-level burden.
facility_category_profile,facility_type_category,Wrigley Roof Top,Food Protection,,category_rank_in_facility_type,2.0,9,2,14,5,0,0,3450.0,0.0027,0.0055,246.4286,Check whether facility-type patterns explain category-level burden.
facility_category_profile,facility_type_category,Wrigley Roof Top,Insect and Rodent Control,,category_rank_in_facility_type,3.0,2,1,2,0,0,0,250.0,0.0004,0.0004,125.0,Check whether facility-type patterns explain category-level burden.
facility_category_profile,facility_type_category,BANQUET,Food Maintenance,,category_rank_in_facility_type,1.0,22,5,62,0,0,0,6200.0,0.0118,0.0099,100.0,Check whether facility-type patterns explain category-level burden.
facility_category_profile,facility_type_category,BANQUET,Food Protection,,category_rank_in_facility_type,2.0,20,4,36,0,0,0,3600.0,0.0069,0.0058,100.0,Check whether facility-type patterns explain category-level burden.
facility_category_profile,facility_type_category,BANQUET,Compliance,,category_rank_in_facility_type,3.0,3,1,5,2,0,0,500.0,0.001,0.0008,100.0,Check whether facility-type patterns explain category-level burden.
facility_category_profile,facility_type_category,GAS,Food Maintenance,,category_rank_in_facility_type,1.0,3,1,5,0,0,0,300.0,0.001,0.0005,60.0,Check whether facility-type patterns explain category-level burden.
facility_category_profile,facility_type_category,GAS,Food Protection,,category_rank_in_facility_type,2.0,2,1,2,0,0,0,100.0,0.0004,0.0002,50.0,Check whether facility-type patterns explain category-level burden.
facility_category_profile,facility_type_category,GAS,Toilet / Hand Washing Facilities For Customers,,category_rank_in_facility_type,3.0,2,1,2,0,0,0,250.0,0.0004,0.0004,125.0,Check whether facility-type patterns explain category-level burden.
facility_category_profile,facility_type_category,GIFT/CARD SHOP WITH CANDY,Food Maintenance,,category_rank_in_facility_type,1.0,1,1,2,0,0,0,200.0,0.0004,0.0003,100.0,Check whether facility-type patterns explain category-level burden.
facility_category_profile,facility_type_category,GROCERY STORE/COOKING SCHOOL,Food Maintenance,,category_rank_in_facility_type,1.0,7,1,28,0,0,0,2600.0,0.0053,0.0042,92.8571,Check whether facility-type patterns explain category-level burden.
facility_category_profile,facility_type_category,GROCERY STORE/COOKING SCHOOL,Food Protection,,category_rank_in_facility_type,2.0,3,1,8,0,0,0,800.0,0.0015,0.0013,100.0,Check whether facility-type patterns explain category-level burden.
facility_category_profile,facility_type_category,GROCERY STORE/COOKING SCHOOL,Food Equipment and Utensil Sanitation,,category_rank_in_facility_type,3.0,1,1,1,1,0,0,500.0,0.0002,0.0008,500.0,Check whether facility-type patterns explain category-level burden.
facility_category_profile,facility_type_category,HEALTH CENTER,Food Maintenance,,category_rank_in_facility_type,1.0,1,1,2,0,0,0,200.0,0.0004,0.0003,100.0,Check whether facility-type patterns explain category-level burden.
facility_category_profile,facility_type_category,HEALTH CENTER,Food Protection,,category_rank_in_facility_type,2.0,1,1,1,0,0,0,100.0,0.0002,0.0002,100.0,Check whether facility-type patterns explain category-level burden.
facility_category_profile,facility_type_category,ICE CREAM PARLOR,Food Maintenance,,category_rank_in_facility_type,1.0,2,1,6,0,0,0,300.0,0.0011,0.0005,50.0,Check whether facility-type patterns explain category-level burden.
facility_category_profile,facility_type_category,MOBILPREPARED FOOD VENDOR,Food Protection,,category_rank_in_facility_type,1.0,2,1,2,2,0,0,500.0,0.0004,0.0008,250.0,Check whether facility-type patterns explain category-level burden.
facility_category_profile,facility_type_category,Navy Pier Kiosk,Food Maintenance,,category_rank_in_facility_type,1.0,5,4,5,0,0,0,500.0,0.001,0.0008,100.0,Check whether facility-type patterns explain category-level burden.
facility_category_profile,facility_type_category,Navy Pier Kiosk,Food Protection,,category_rank_in_facility_type,2.0,4,3,5,1,0,0,900.0,0.001,0.0014,180.0,Check whether facility-type patterns explain category-level burden.
facility_category_profile,facility_type_category,Navy Pier Kiosk,Toilet and Hand Washing Facilities for Staff,,category_rank_in_facility_type,3.0,3,2,3,3,0,0,1000.0,0.0006,0.0016,333.3333,Check whether facility-type patterns explain category-level burden.
facility_category_profile,facility_type_category,RESEARCH KITCHEN,Food Maintenance,,category_rank_in_facility_type,1.0,4,1,11,0,0,0,1100.0,0.0021,0.0018,100.0,Check whether facility-type patterns explain category-level burden.
facility_category_profile,facility_type_category,RESEARCH KITCHEN,Food Protection,,category_rank_in_facility_type,2.0,2,1,3,0,0,0,300.0,0.0006,0.0005,100.0,Check whether facility-type patterns explain category-level burden.
facility_category_profile,facility_type_category,REST/GROCERY,Food Maintenance,,category_rank_in_facility_type,1.0,11,2,29,0,0,0,2900.0,0.0055,0.0046,100.0,Check whether facility-type patterns explain category-level burden.
facility_category_profile,facility_type_category,REST/GROCERY,Food Protection,,category_rank_in_facility_type,2.0,11,2,21,3,0,0,3300.0,0.004,0.0053,157.1429,Check whether facility-type patterns explain category-level burden.
facility_category_profile,facility_type_category,REST/GROCERY,Display of Inspection Report Summary,,category_rank_in_facility_type,3.0,1,1,1,0,0,0,250.0,0.0002,0.0004,250.0,Check whether facility-type patterns explain category-level burden.
facility_category_profile,facility_type_category,SUPPORTIVE LIVING FACILITY,Food Maintenance,,category_rank_in_facility_type,1.0,5,1,14,0,0,0,1100.0,0.0027,0.0018,78.5714,Check whether facility-type patterns explain category-level burden.
facility_category_profile,facility_type_category,SUPPORTIVE LIVING FACILITY,Food Protection,,category_rank_in_facility_type,2.0,5,1,10,0,0,0,1050.0,0.0019,0.0017,105.0,Check whether facility-type patterns explain category-level burden.
facility_category_profile,facility_type_category,SUPPORTIVE LIVING FACILITY,Insect and Rodent Control,,category_rank_in_facility_type,3.0,2,1,2,0,0,0,250.0,0.0004,0.0004,125.0,Check whether facility-type patterns explain category-level burden.
facility_category_profile,facility_type_category,TAVERN/LIQUOR,Food Maintenance,,category_rank_in_facility_type,1.0,1,1,3,0,0,0,0.0,0.0006,0.0,0.0,Check whether facility-type patterns explain category-level burden.
facility_category_profile,facility_type_category,TAVERN/LIQUOR,Insect and Rodent Control,,category_rank_in_facility_type,2.0,1,1,1,0,0,0,0.0,0.0002,0.0,0.0,Check whether facility-type patterns explain category-level burden.
facility_category_profile,facility_type_category,TAVERN/LIQUOR,Toilet and Hand Washing Facilities for Staff,,category_rank_in_facility_type,3.0,1,1,1,1,0,0,0.0,0.0002,0.0,0.0,Check whether facility-type patterns explain category-level burden.
facility_category_profile,facility_type_category,fitness center,Food Maintenance,,category_rank_in_facility_type,1.0,1,1,2,0,0,0,200.0,0.0004,0.0003,100.0,Check whether facility-type patterns explain category-level burden.
facility_category_profile,facility_type_category,fitness center,Food Protection,,category_rank_in_facility_type,2.0,1,1,1,0,0,0,100.0,0.0002,0.0002,100.0,Check whether facility-type patterns explain category-level burden.
facility_category_profile,facility_type_category,fitness center,Personnel,,category_rank_in_facility_type,3.0,1,1,1,0,0,0,250.0,0.0002,0.0004,250.0,Check whether facility-type patterns explain category-level burden.
facility_category_profile,facility_type_category,snack shop,Food Maintenance,,category_rank_in_facility_type,1.0,3,1,4,0,0,0,400.0,0.0008,0.0006,100.0,Check whether facility-type patterns explain category-level burden.
facility_category_profile,facility_type_category,snack shop,Food Protection,,category_rank_in_facility_type,2.0,2,1,2,0,0,0,200.0,0.0004,0.0003,100.0,Check whether facility-type patterns explain category-level burden.
facility_category_profile,facility_type_category,watermelon house,Food Maintenance,,category_rank_in_facility_type,1.0,3,1,5,0,0,0,400.0,0.001,0.0006,80.0,Check whether facility-type patterns explain category-level burden.
facility_category_profile,facility_type_category,watermelon house,Insect and Rodent Control,,category_rank_in_facility_type,2.0,2,1,2,0,0,0,500.0,0.0004,0.0008,250.0,Check whether facility-type patterns explain category-level burden.
facility_category_profile,facility_type_category,watermelon house,Food Protection,,category_rank_in_facility_type,3.0,1,1,1,0,0,0,250.0,0.0002,0.0004,250.0,Check whether facility-type patterns explain category-level burden.
facility_category_profile,facility_type_category,1023 CHILDERN'S SERVICE FACILITY,Food Maintenance,,category_rank_in_facility_type,1.0,5,2,12,0,0,0,700.0,0.0023,0.0011,58.3333,Check whether facility-type patterns explain category-level burden.
facility_category_profile,facility_type_category,1023 CHILDERN'S SERVICE FACILITY,Food Protection,,category_rank_in_facility_type,2.0,4,2,6,0,0,0,400.0,0.0011,0.0006,66.6667,Check whether facility-type patterns explain category-level burden.
facility_category_profile,facility_type_category,1023 CHILDERN'S SERVICE FACILITY,Insect and Rodent Control,,category_rank_in_facility_type,3.0,4,2,4,0,0,0,500.0,0.0008,0.0008,125.0,Check whether facility-type patterns explain category-level burden.
facility_category_profile,facility_type_category,1023-CHILDREN'S SERVICES FACILITY,Food Maintenance,,category_rank_in_facility_type,1.0,18,5,36,0,0,0,3600.0,0.0069,0.0058,100.0,Check whether facility-type patterns explain category-level burden.
facility_category_profile,facility_type_category,1023-CHILDREN'S SERVICES FACILITY,Food Protection,,category_rank_in_facility_type,2.0,14,5,18,4,0,0,3400.0,0.0034,0.0054,188.8889,Check whether facility-type patterns explain category-level burden.
facility_category_profile,facility_type_category,1023-CHILDREN'S SERVICES FACILITY,Insect and Rodent Control,,category_rank_in_facility_type,3.0,4,2,4,0,0,0,1000.0,0.0008,0.0016,250.0,Check whether facility-type patterns explain category-level burden.
facility_category_profile,facility_type_category,AFTER SCHOOL PROGRAM,Food Maintenance,,category_rank_in_facility_type,1.0,4,1,10,0,0,0,800.0,0.0019,0.0013,80.0,Check whether facility-type patterns explain category-level burden.
facility_category_profile,facility_type_category,AFTER SCHOOL PROGRAM,Food Equipment and Utensil,,category_rank_in_facility_type,2.0,2,1,2,0,0,0,250.0,0.0004,0.0004,125.0,Check whether facility-type patterns explain category-level burden.
facility_category_profile,facility_type_category,AFTER SCHOOL PROGRAM,Insect and Rodent Control,,category_rank_in_facility_type,3.0,2,1,2,0,0,0,250.0,0.0004,0.0004,125.0,Check whether facility-type patterns explain category-level burden.
facility_category_profile,facility_type_category,BUTCHER,Food Maintenance,,category_rank_in_facility_type,1.0,12,1,39,0,0,0,3100.0,0.0074,0.005,79.4872,Check whether facility-type patterns explain category-level burden.
facility_category_profile,facility_type_category,BUTCHER,Food Protection,,category_rank_in_facility_type,2.0,8,1,10,1,0,0,1400.0,0.0019,0.0022,140.0,Check whether facility-type patterns explain category-level burden.
facility_category_profile,facility_type_category,BUTCHER,Insect and Rodent Control,,category_rank_in_facility_type,3.0,9,1,9,0,0,0,1500.0,0.0017,0.0024,166.6667,Check whether facility-type patterns explain category-level burden.
facility_category_profile,facility_type_category,CANDY STORE,Food Maintenance,,category_rank_in_facility_type,1.0,4,1,6,0,0,0,600.0,0.0011,0.001,100.0,Check whether facility-type patterns explain category-level burden.
facility_category_profile,facility_type_category,CANDY STORE,Insect and Rodent Control,,category_rank_in_facility_type,2.0,4,1,4,0,0,0,750.0,0.0008,0.0012,187.5,Check whether facility-type patterns explain category-level burden.
facility_category_profile,facility_type_category,CANDY/GELATO,Food Maintenance,,category_rank_in_facility_type,1.0,6,1,7,0,0,0,700.0,0.0013,0.0011,100.0,Check whether facility-type patterns explain category-level burden.
facility_category_profile,facility_type_category,CANDY/GELATO,Food Protection,,category_rank_in_facility_type,2.0,1,1,1,0,0,0,100.0,0.0002,0.0002,100.0,Check whether facility-type patterns explain category-level burden.
facility_category_profile,facility_type_category,CHARTER SCHOOL,Food Maintenance,,category_rank_in_facility_type,1.0,6,1,19,0,0,0,1900.0,0.0036,0.003,100.0,Check whether facility-type patterns explain category-level burden.
facility_category_profile,facility_type_category,CHARTER SCHOOL,Food Protection,,category_rank_in_facility_type,2.0,4,1,6,0,0,0,600.0,0.0011,0.001,100.0,Check whether facility-type patterns explain category-level burden.
facility_category_profile,facility_type_category,CHARTER SCHOOL,Compliance,,category_rank_in_facility_type,3.0,2,1,2,0,0,0,250.0,0.0004,0.0004,125.0,Check whether facility-type patterns explain category-level burden.
facility_category_profile,facility_type_category,COFFEE ROASTER,Food Maintenance,,category_rank_in_facility_type,1.0,1,1,1,0,0,0,100.0,0.0002,0.0002,100.0,Check whether facility-type patterns explain category-level burden.
facility_category_profile,facility_type_category,DAYCARE,Food Maintenance,,category_rank_in_facility_type,1.0,25,14,45,0,0,0,4500.0,0.0086,0.0072,100.0,Check whether facility-type patterns explain category-level burden.
facility_category_profile,facility_type_category,DAYCARE,Food Protection,,category_rank_in_facility_type,2.0,9,6,9,0,0,0,900.0,0.0017,0.0014,100.0,Check whether facility-type patterns explain category-level burden.
facility_category_profile,facility_type_category,DAYCARE,Personnel,,category_rank_in_facility_type,3.0,3,2,3,0,0,0,750.0,0.0006,0.0012,250.0,Check whether facility-type patterns explain category-level burden.
facility_category_profile,facility_type_category,DOLLAR STORE,Food Maintenance,,category_rank_in_facility_type,1.0,2,1,6,0,0,0,600.0,0.0011,0.001,100.0,Check whether facility-type patterns explain category-level burden.
facility_category_profile,facility_type_category,DOLLAR STORE,Food Protection,,category_rank_in_facility_type,2.0,2,1,2,0,0,0,200.0,0.0004,0.0003,100.0,Check whether facility-type patterns explain category-level burden.
facility_category_profile,facility_type_category,DOLLAR STORE,Insect and Rodent Control,,category_rank_in_facility_type,3.0,2,1,2,0,0,0,500.0,0.0004,0.0008,250.0,Check whether facility-type patterns explain category-level burden.
facility_category_profile,facility_type_category,Daycare Combo 1586,Food Maintenance,,category_rank_in_facility_type,1.0,551,185,1414,0,0,0,120500.0,0.2692,0.1929,85.2192,Check whether facility-type patterns explain category-level burden.
facility_category_profile,facility_type_category,Daycare Combo 1586,Food Protection,,category_rank_in_facility_type,2.0,332,141,483,70,0,0,61650.0,0.092,0.0987,127.6398,Check whether facility-type patterns explain category-level burden.
facility_category_profile,facility_type_category,Daycare Combo 1586,Insect and Rodent Control,,category_rank_in_facility_type,3.0,218,82,257,0,0,0,39750.0,0.0489,0.0636,154.6693,Check whether facility-type patterns explain category-level burden.
facility_category_profile,facility_type_category,FROZEN DESSERT PUSHCARTS,Food Protection,,category_rank_in_facility_type,1.0,2,1,3,2,0,0,1100.0,0.0006,0.0018,366.6667,Check whether facility-type patterns explain category-level burden.
facility_category_profile,facility_type_category,GROCERY STORE/RESTAURANT,Food Maintenance,,category_rank_in_facility_type,1.0,3,1,6,0,0,0,600.0,0.0011,0.001,100.0,Check whether facility-type patterns explain category-level burden.
facility_category_profile,facility_type_category,GROCERY STORE/RESTAURANT,Food Protection,,category_rank_in_facility_type,2.0,3,1,4,1,0,0,800.0,0.0008,0.0013,200.0,Check whether facility-type patterns explain category-level burden.
facility_category_profile,facility_type_category,GROCERY STORE/RESTAURANT,Insect and Rodent Control,,category_rank_in_facility_type,3.0,2,1,2,0,0,0,250.0,0.0004,0.0004,125.0,Check whether facility-type patterns explain category-level burden.
facility_category_profile,facility_type_category,GROCERY STORE/TAQUERIA,Food Maintenance,,category_rank_in_facility_type,1.0,10,2,38,0,0,0,2900.0,0.0072,0.0046,76.3158,Check whether facility-type patterns explain category-level burden.
facility_category_profile,facility_type_category,GROCERY STORE/TAQUERIA,Food Protection,,category_rank_in_facility_type,2.0,10,2,18,1,0,0,1700.0,0.0034,0.0027,94.4444,Check whether facility-type patterns explain category-level burden.
facility_category_profile,facility_type_category,GROCERY STORE/TAQUERIA,Insect and Rodent Control,,category_rank_in_facility_type,3.0,2,1,4,0,0,0,500.0,0.0008,0.0008,125.0,Check whether facility-type patterns explain category-level burden.
facility_category_profile,facility_type_category,Grocery Store,Food Maintenance,,category_rank_in_facility_type,1.0,14916,4271,44619,0,0,0,3844100.0,8.4944,6.1539,86.1539,Check whether facility-type patterns explain category-level burden.
facility_category_profile,facility_type_category,Grocery Store,Food Protection,,category_rank_in_facility_type,2.0,11907,3452,20640,2437,0,0,2703900.0,3.9294,4.3286,131.0029,Check whether facility-type patterns explain category-level burden.
facility_category_profile,facility_type_category,Grocery Store,Insect and Rodent Control,,category_rank_in_facility_type,3.0,5511,1974,6317,0,0,0,1014750.0,1.2026,1.6245,160.638,Check whether facility-type patterns explain category-level burden.
facility_category_profile,facility_type_category,HERBAL STORE,Food Maintenance,,category_rank_in_facility_type,1.0,1,1,1,0,0,0,100.0,0.0002,0.0002,100.0,Check whether facility-type patterns explain category-level burden.
facility_category_profile,facility_type_category,SMOKEHOUSE,Food Maintenance,,category_rank_in_facility_type,1.0,3,1,7,0,0,0,700.0,0.0013,0.0011,100.0,Check whether facility-type patterns explain category-level burden.
facility_category_profile,facility_type_category,SMOKEHOUSE,Food Protection,,category_rank_in_facility_type,2.0,3,1,3,0,0,0,300.0,0.0006,0.0005,100.0,Check whether facility-type patterns explain category-level burden.
facility_category_profile,facility_type_category,dollar store,Food Maintenance,,category_rank_in_facility_type,1.0,8,4,12,0,0,0,1200.0,0.0023,0.0019,100.0,Check whether facility-type patterns explain category-level burden.
facility_category_profile,facility_type_category,dollar store,Food Protection,,category_rank_in_facility_type,2.0,5,3,7,0,0,0,700.0,0.0013,0.0011,100.0,Check whether facility-type patterns explain category-level burden.
facility_category_profile,facility_type_category,dollar store,Insect and Rodent Control,,category_rank_in_facility_type,3.0,6,2,6,0,0,0,1250.0,0.0011,0.002,208.3333,Check whether facility-type patterns explain category-level burden.
facility_category_profile,facility_type_category,night club,Food Protection,,category_rank_in_facility_type,1.0,1,1,2,0,0,0,200.0,0.0004,0.0003,100.0,Check whether facility-type patterns explain category-level burden.
facility_category_profile,facility_type_category,tavern,Food Maintenance,,category_rank_in_facility_type,1.0,15,6,45,0,0,0,4000.0,0.0086,0.0064,88.8889,Check whether facility-type patterns explain category-level burden.
facility_category_profile,facility_type_category,tavern,Food Protection,,category_rank_in_facility_type,2.0,12,5,22,0,0,0,2250.0,0.0042,0.0036,102.2727,Check whether facility-type patterns explain category-level burden.
facility_category_profile,facility_type_category,tavern,Insect and Rodent Control,,category_rank_in_facility_type,3.0,9,4,9,0,0,0,1750.0,0.0017,0.0028,194.4444,Check whether facility-type patterns explain category-level burden.
facility_category_profile,facility_type_category,tavern/restaurant,Food Maintenance,,category_rank_in_facility_type,1.0,2,1,8,0,0,0,400.0,0.0015,0.0006,50.0,Check whether facility-type patterns explain category-level burden.
facility_category_profile,facility_type_category,tavern/restaurant,Food Protection,,category_rank_in_facility_type,2.0,2,1,4,0,0,0,200.0,0.0008,0.0003,50.0,Check whether facility-type patterns explain category-level burden.
facility_category_profile,facility_type_category,tavern/restaurant,Insect and Rodent Control,,category_rank_in_facility_type,3.0,2,1,2,0,0,0,250.0,0.0004,0.0004,125.0,Check whether facility-type patterns explain category-level burden.
facility_category_profile,facility_type_category,1584-DAY CARE ABOVE 2 YEARS,Food Maintenance,,category_rank_in_facility_type,1.0,1,1,2,0,0,0,200.0,0.0004,0.0003,100.0,Check whether facility-type patterns explain category-level burden.
facility_category_profile,facility_type_category,1584-DAY CARE ABOVE 2 YEARS,Food Protection,,category_rank_in_facility_type,2.0,1,1,1,1,0,0,500.0,0.0002,0.0008,500.0,Check whether facility-type patterns explain category-level burden.
facility_category_profile,facility_type_category,1584-DAY CARE ABOVE 2 YEARS,Insect and Rodent Control,,category_rank_in_facility_type,3.0,1,1,1,0,0,0,250.0,0.0002,0.0004,250.0,Check whether facility-type patterns explain category-level burden.
facility_category_profile,facility_type_category,ART GALLERY,Food Maintenance,,category_rank_in_facility_type,1.0,1,1,1,0,0,0,100.0,0.0002,0.0002,100.0,Check whether facility-type patterns explain category-level burden.
facility_category_profile,facility_type_category,ART GALLERY,Insect and Rodent Control,,category_rank_in_facility_type,2.0,1,1,1,0,0,0,250.0,0.0002,0.0004,250.0,Check whether facility-type patterns explain category-level burden.
facility_category_profile,facility_type_category,ART GALLERY,Toilet and Hand Washing Facilities for Staff,,category_rank_in_facility_type,3.0,1,1,1,1,0,0,500.0,0.0002,0.0008,500.0,Check whether facility-type patterns explain category-level burden.
facility_category_profile,facility_type_category,COOKING SCHOOL,Food Maintenance,,category_rank_in_facility_type,1.0,4,2,14,0,0,0,900.0,0.0027,0.0014,64.2857,Check whether facility-type patterns explain category-level burden.
facility_category_profile,facility_type_category,COOKING SCHOOL,Food Protection,,category_rank_in_facility_type,2.0,2,1,4,0,0,0,350.0,0.0008,0.0006,87.5,Check whether facility-type patterns explain category-level burden.
facility_category_profile,facility_type_category,COOKING SCHOOL,Toilet and Hand Washing Facilities for Staff,,category_rank_in_facility_type,3.0,2,1,2,2,0,0,500.0,0.0004,0.0008,250.0,Check whether facility-type patterns explain category-level burden.
facility_category_profile,facility_type_category,DRUG/FOOD STORE,Food Maintenance,,category_rank_in_facility_type,1.0,5,1,10,0,0,0,1000.0,0.0019,0.0016,100.0,Check whether facility-type patterns explain category-level burden.
facility_category_profile,facility_type_category,DRUG/FOOD STORE,Food Protection,,category_rank_in_facility_type,2.0,4,2,7,0,0,0,500.0,0.0013,0.0008,71.4286,Check whether facility-type patterns explain category-level burden.
facility_category_profile,facility_type_category,DRUG/FOOD STORE,Food Equipment and Utensil Sanitation,,category_rank_in_facility_type,3.0,1,1,1,1,0,0,500.0,0.0002,0.0008,500.0,Check whether facility-type patterns explain category-level burden.
facility_category_profile,facility_type_category,Daycare (Under 2 Years),Food Maintenance,,category_rank_in_facility_type,1.0,135,48,349,0,0,0,31400.0,0.0664,0.0503,89.9713,Check whether facility-type patterns explain category-level burden.
facility_category_profile,facility_type_category,Daycare (Under 2 Years),Food Protection,,category_rank_in_facility_type,2.0,79,33,131,20,0,0,17800.0,0.0249,0.0285,135.8779,Check whether facility-type patterns explain category-level burden.
facility_category_profile,facility_type_category,Daycare (Under 2 Years),Insect and Rodent Control,,category_rank_in_facility_type,3.0,31,13,33,0,0,0,5000.0,0.0063,0.008,151.5152,Check whether facility-type patterns explain category-level burden.
facility_category_profile,facility_type_category,Deli,Food Maintenance,,category_rank_in_facility_type,1.0,3,1,5,0,0,0,500.0,0.001,0.0008,100.0,Check whether facility-type patterns explain category-level burden.
facility_category_profile,facility_type_category,Deli,Food Protection,,category_rank_in_facility_type,2.0,3,1,3,0,0,0,300.0,0.0006,0.0005,100.0,Check whether facility-type patterns explain category-level burden.
facility_category_profile,facility_type_category,HOOKA BAR,Food Maintenance,,category_rank_in_facility_type,1.0,1,1,1,0,0,0,100.0,0.0002,0.0002,100.0,Check whether facility-type patterns explain category-level burden.
facility_category_profile,facility_type_category,Hospital,Food Maintenance,,category_rank_in_facility_type,1.0,268,71,695,0,0,0,61500.0,0.1323,0.0985,88.4892,Check whether facility-type patterns explain category-level burden.
facility_category_profile,facility_type_category,Hospital,Food Protection,,category_rank_in_facility_type,2.0,246,67,416,53,0,0,57800.0,0.0792,0.0925,138.9423,Check whether facility-type patterns explain category-level burden.
facility_category_profile,facility_type_category,Hospital,Insect and Rodent Control,,category_rank_in_facility_type,3.0,87,30,89,0,0,0,14250.0,0.0169,0.0228,160.1124,Check whether facility-type patterns explain category-level burden.
facility_category_profile,facility_type_category,Live Poultry,Food Maintenance,,category_rank_in_facility_type,1.0,12,1,35,0,0,0,3300.0,0.0067,0.0053,94.2857,Check whether facility-type patterns explain category-level burden.
facility_category_profile,facility_type_category,Live Poultry,Food Protection,,category_rank_in_facility_type,2.0,11,1,19,0,0,0,1900.0,0.0036,0.003,100.0,Check whether facility-type patterns explain category-level burden.
facility_category_profile,facility_type_category,Live Poultry,Insect and Rodent Control,,category_rank_in_facility_type,3.0,7,1,7,0,0,0,1000.0,0.0013,0.0016,142.8571,Check whether facility-type patterns explain category-level burden.
facility_category_profile,facility_type_category,MOBILE FOOD TRUCK,Food Protection,,category_rank_in_facility_type,1.0,11,2,17,6,0,0,2600.0,0.0032,0.0042,152.9412,Check whether facility-type patterns explain category-level burden.
facility_category_profile,facility_type_category,MOBILE FOOD TRUCK,Food Maintenance,,category_rank_in_facility_type,2.0,6,1,7,0,0,0,500.0,0.0013,0.0008,71.4286,Check whether facility-type patterns explain category-level burden.
facility_category_profile,facility_type_category,MOBILE FOOD TRUCK,Insect and Rodent Control,,category_rank_in_facility_type,3.0,7,1,7,0,0,0,1250.0,0.0013,0.002,178.5714,Check whether facility-type patterns explain category-level burden.
facility_category_profile,facility_type_category,Nutrition Store,Food Maintenance,,category_rank_in_facility_type,1.0,1,1,2,0,0,0,200.0,0.0004,0.0003,100.0,Check whether facility-type patterns explain category-level burden.
facility_category_profile,facility_type_category,Nutrition Store,Food Protection,,category_rank_in_facility_type,2.0,1,1,1,0,0,0,100.0,0.0002,0.0002,100.0,Check whether facility-type patterns explain category-level burden.
facility_category_profile,facility_type_category,PANTRY,Food Maintenance,,category_rank_in_facility_type,1.0,6,1,13,0,0,0,1300.0,0.0025,0.0021,100.0,Check whether facility-type patterns explain category-level burden.
facility_category_profile,facility_type_category,PANTRY,Food Protection,,category_rank_in_facility_type,2.0,5,1,5,1,0,0,900.0,0.001,0.0014,180.0,Check whether facility-type patterns explain category-level burden.
facility_category_profile,facility_type_category,PANTRY,Insect and Rodent Control,,category_rank_in_facility_type,3.0,1,1,1,0,0,0,250.0,0.0002,0.0004,250.0,Check whether facility-type patterns explain category-level burden.
facility_category_profile,facility_type_category,RESTUARANT AND BAR,Food Maintenance,,category_rank_in_facility_type,1.0,6,2,25,0,0,0,2100.0,0.0048,0.0034,84.0,Check whether facility-type patterns explain category-level burden.
facility_category_profile,facility_type_category,RESTUARANT AND BAR,Food Protection,,category_rank_in_facility_type,2.0,6,2,10,0,0,0,800.0,0.0019,0.0013,80.0,Check whether facility-type patterns explain category-level burden.
facility_category_profile,facility_type_category,RESTUARANT AND BAR,Insect and Rodent Control,,category_rank_in_facility_type,3.0,2,1,4,0,0,0,1000.0,0.0008,0.0016,250.0,Check whether facility-type patterns explain category-level burden.
facility_category_profile,facility_type_category,RIVERWALK CAFE,Food Maintenance,,category_rank_in_facility_type,1.0,3,1,5,0,0,0,400.0,0.001,0.0006,80.0,Check whether facility-type patterns explain category-level burden.
facility_category_profile,facility_type_category,RIVERWALK CAFE,Food Protection,,category_rank_in_facility_type,2.0,3,1,4,3,0,0,1100.0,0.0008,0.0018,275.0,Check whether facility-type patterns explain category-level burden.
facility_category_profile,facility_type_category,RIVERWALK CAFE,Personnel,,category_rank_in_facility_type,3.0,3,1,3,0,0,0,500.0,0.0006,0.0008,166.6667,Check whether facility-type patterns explain category-level burden.
facility_category_profile,facility_type_category,ROOFTOP PATIO,Food Maintenance,,category_rank_in_facility_type,1.0,2,1,6,0,0,0,600.0,0.0011,0.001,100.0,Check whether facility-type patterns explain category-level burden.
facility_category_profile,facility_type_category,ROOFTOP PATIO,Food Protection,,category_rank_in_facility_type,2.0,1,1,2,0,0,0,200.0,0.0004,0.0003,100.0,Check whether facility-type patterns explain category-level burden.
facility_category_profile,facility_type_category,SERVICE BAR/THEATRE,Food Maintenance,,category_rank_in_facility_type,1.0,1,1,1,0,0,0,100.0,0.0002,0.0002,100.0,Check whether facility-type patterns explain category-level burden.
facility_category_profile,facility_type_category,butcher shop,Food Maintenance,,category_rank_in_facility_type,1.0,5,1,9,0,0,0,900.0,0.0017,0.0014,100.0,Check whether facility-type patterns explain category-level burden.
facility_category_profile,facility_type_category,butcher shop,Food Protection,,category_rank_in_facility_type,2.0,6,1,8,0,0,0,800.0,0.0015,0.0013,100.0,Check whether facility-type patterns explain category-level burden.
facility_category_profile,facility_type_category,butcher shop,Personnel,,category_rank_in_facility_type,3.0,1,1,1,0,0,0,250.0,0.0002,0.0004,250.0,Check whether facility-type patterns explain category-level burden.
facility_category_profile,facility_type_category,coffee shop,Food Maintenance,,category_rank_in_facility_type,1.0,14,3,28,0,0,0,2200.0,0.0053,0.0035,78.5714,Check whether facility-type patterns explain category-level burden.
facility_category_profile,facility_type_category,coffee shop,Food Protection,,category_rank_in_facility_type,2.0,11,3,13,0,0,0,1100.0,0.0025,0.0018,84.6154,Check whether facility-type patterns explain category-level burden.
facility_category_profile,facility_type_category,coffee shop,Insect and Rodent Control,,category_rank_in_facility_type,3.0,8,3,8,0,0,0,1000.0,0.0015,0.0016,125.0,Check whether facility-type patterns explain category-level burden.
facility_category_profile,facility_type_category,convenience/drug store,Food Maintenance,,category_rank_in_facility_type,1.0,6,1,15,0,0,0,1300.0,0.0029,0.0021,86.6667,Check whether facility-type patterns explain category-level burden.
facility_category_profile,facility_type_category,convenience/drug store,Compliance,,category_rank_in_facility_type,2.0,2,1,2,0,0,0,250.0,0.0004,0.0004,125.0,Check whether facility-type patterns explain category-level burden.
facility_category_profile,facility_type_category,convenience/drug store,Food Protection,,category_rank_in_facility_type,3.0,1,1,1,0,0,0,100.0,0.0002,0.0002,100.0,Check whether facility-type patterns explain category-level burden.
facility_category_profile,facility_type_category,video store,Food Maintenance,,category_rank_in_facility_type,1.0,2,2,5,0,0,0,500.0,0.001,0.0008,100.0,Check whether facility-type patterns explain category-level burden.
facility_category_profile,facility_type_category,6 MONTHS TO 6 YRS. OLD,Food Maintenance,,category_rank_in_facility_type,1.0,1,1,2,0,0,0,200.0,0.0004,0.0003,100.0,Check whether facility-type patterns explain category-level burden.
facility_category_profile,facility_type_category,BREWERY,Food Maintenance,,category_rank_in_facility_type,1.0,3,3,5,0,0,0,500.0,0.001,0.0008,100.0,Check whether facility-type patterns explain category-level burden.
facility_category_profile,facility_type_category,BREWERY,Food Equipment and Utensil,,category_rank_in_facility_type,2.0,2,1,4,0,0,0,1000.0,0.0008,0.0016,250.0,Check whether facility-type patterns explain category-level burden.
facility_category_profile,facility_type_category,BREWERY,Insect and Rodent Control,,category_rank_in_facility_type,3.0,4,2,4,0,0,0,1000.0,0.0008,0.0016,250.0,Check whether facility-type patterns explain category-level burden.
facility_category_profile,facility_type_category,Banquet/kitchen,Food Maintenance,,category_rank_in_facility_type,1.0,1,1,2,0,0,0,200.0,0.0004,0.0003,100.0,Check whether facility-type patterns explain category-level burden.
facility_category_profile,facility_type_category,CAFE/STORE,Food Maintenance,,category_rank_in_facility_type,1.0,2,2,7,0,0,0,700.0,0.0013,0.0011,100.0,Check whether facility-type patterns explain category-level burden.
facility_category_profile,facility_type_category,CAFE/STORE,Food Protection,,category_rank_in_facility_type,2.0,3,2,4,0,0,0,400.0,0.0008,0.0006,100.0,Check whether facility-type patterns explain category-level burden.
facility_category_profile,facility_type_category,COFFEE SHOP,Food Maintenance,,category_rank_in_facility_type,1.0,3,3,6,0,0,0,600.0,0.0011,0.001,100.0,Check whether facility-type patterns explain category-level burden.
facility_category_profile,facility_type_category,COFFEE SHOP,Food Protection,,category_rank_in_facility_type,2.0,3,3,4,0,0,0,400.0,0.0008,0.0006,100.0,Check whether facility-type patterns explain category-level burden.
facility_category_profile,facility_type_category,COFFEE SHOP,Display of Inspection Report Summary,,category_rank_in_facility_type,3.0,1,1,1,0,0,0,250.0,0.0002,0.0004,250.0,Check whether facility-type patterns explain category-level burden.
facility_category_profile,facility_type_category,Cafeteria,Food Maintenance,,category_rank_in_facility_type,1.0,7,1,16,0,0,0,1600.0,0.003,0.0026,100.0,Check whether facility-type patterns explain category-level burden.
facility_category_profile,facility_type_category,Cafeteria,Food Protection,,category_rank_in_facility_type,2.0,8,1,13,0,0,0,1300.0,0.0025,0.0021,100.0,Check whether facility-type patterns explain category-level burden.
facility_category_profile,facility_type_category,Daycare Night,Food Maintenance,,category_rank_in_facility_type,1.0,9,2,21,0,0,0,1600.0,0.004,0.0026,76.1905,Check whether facility-type patterns explain category-level burden.
facility_category_profile,facility_type_category,Daycare Night,Food Protection,,category_rank_in_facility_type,2.0,5,2,5,0,0,0,400.0,0.001,0.0006,80.0,Check whether facility-type patterns explain category-level burden.
facility_category_profile,facility_type_category,Daycare Night,Compliance,,category_rank_in_facility_type,3.0,4,1,4,0,0,0,500.0,0.0008,0.0008,125.0,Check whether facility-type patterns explain category-level burden.
facility_category_profile,facility_type_category,Dollar store,Food Maintenance,,category_rank_in_facility_type,1.0,1,1,3,0,0,0,300.0,0.0006,0.0005,100.0,Check whether facility-type patterns explain category-level burden.
facility_category_profile,facility_type_category,GROCERY,Food Maintenance,,category_rank_in_facility_type,1.0,14,3,42,0,0,0,3400.0,0.008,0.0054,80.9524,Check whether facility-type patterns explain category-level burden.
facility_category_profile,facility_type_category,GROCERY,Food Protection,,category_rank_in_facility_type,2.0,11,2,20,2,0,0,2650.0,0.0038,0.0042,132.5,Check whether facility-type patterns explain category-level burden.
facility_category_profile,facility_type_category,GROCERY,Insect and Rodent Control,,category_rank_in_facility_type,3.0,6,2,6,0,0,0,1000.0,0.0011,0.0016,166.6667,Check whether facility-type patterns explain category-level burden.
facility_category_profile,facility_type_category,GROCERY/LIQUOR STORE,Food Maintenance,,category_rank_in_facility_type,1.0,1,1,2,0,0,0,200.0,0.0004,0.0003,100.0,Check whether facility-type patterns explain category-level burden.
facility_category_profile,facility_type_category,GROCERY/LIQUOR STORE,Food Protection,,category_rank_in_facility_type,2.0,1,1,1,0,0,0,100.0,0.0002,0.0002,100.0,Check whether facility-type patterns explain category-level burden.
facility_category_profile,facility_type_category,GROCERY/TAQUERIA,Food Maintenance,,category_rank_in_facility_type,1.0,10,2,31,0,0,0,2700.0,0.0059,0.0043,87.0968,Check whether facility-type patterns explain category-level burden.
facility_category_profile,facility_type_category,GROCERY/TAQUERIA,Food Protection,,category_rank_in_facility_type,2.0,10,2,21,1,0,0,2400.0,0.004,0.0038,114.2857,Check whether facility-type patterns explain category-level burden.
facility_category_profile,facility_type_category,GROCERY/TAQUERIA,Food Equipment and Utensil Sanitation,,category_rank_in_facility_type,3.0,1,1,1,1,0,0,500.0,0.0002,0.0008,500.0,Check whether facility-type patterns explain category-level burden.
facility_category_profile,facility_type_category,HERBAL LIFE,Food Maintenance,,category_rank_in_facility_type,1.0,1,1,1,0,0,0,100.0,0.0002,0.0002,100.0,Check whether facility-type patterns explain category-level burden.
facility_category_profile,facility_type_category,HERBAL LIFE,Food Protection,,category_rank_in_facility_type,2.0,1,1,1,0,0,0,100.0,0.0002,0.0002,100.0,Check whether facility-type patterns explain category-level burden.
facility_category_profile,facility_type_category,HERBAL LIFE SHOP,Food Maintenance,,category_rank_in_facility_type,1.0,1,1,3,0,0,0,300.0,0.0006,0.0005,100.0,Check whether facility-type patterns explain category-level burden.
facility_category_profile,facility_type_category,Ice cream,Compliance,,category_rank_in_facility_type,1.0,2,1,3,1,0,0,750.0,0.0006,0.0012,250.0,Check whether facility-type patterns explain category-level burden.
facility_category_profile,facility_type_category,Ice cream,Food Protection,,category_rank_in_facility_type,2.0,3,1,3,0,0,0,300.0,0.0006,0.0005,100.0,Check whether facility-type patterns explain category-level burden.
facility_category_profile,facility_type_category,Ice cream,Food Maintenance,,category_rank_in_facility_type,3.0,1,1,1,0,0,0,100.0,0.0002,0.0002,100.0,Check whether facility-type patterns explain category-level burden.
facility_category_profile,facility_type_category,KITCHEN DEMO,Food Maintenance,,category_rank_in_facility_type,1.0,2,1,3,0,0,0,300.0,0.0006,0.0005,100.0,Check whether facility-type patterns explain category-level burden.
facility_category_profile,facility_type_category,KITCHEN DEMO,Personnel,,category_rank_in_facility_type,2.0,1,1,1,0,0,0,250.0,0.0002,0.0004,250.0,Check whether facility-type patterns explain category-level burden.
facility_category_profile,facility_type_category,MASSAGE BAR,Toilet and Hand Washing Facilities for Staff,,category_rank_in_facility_type,1.0,2,1,2,2,0,0,500.0,0.0004,0.0008,250.0,Check whether facility-type patterns explain category-level burden.
facility_category_profile,facility_type_category,Mobile frozen dessert vendor,Food Protection,,category_rank_in_facility_type,1.0,1,1,2,1,0,0,600.0,0.0004,0.001,300.0,Check whether facility-type patterns explain category-level burden.
facility_category_profile,facility_type_category,PUBLIC SHCOOL,Food Maintenance,,category_rank_in_facility_type,1.0,6,1,21,0,0,0,2100.0,0.004,0.0034,100.0,Check whether facility-type patterns explain category-level burden.
facility_category_profile,facility_type_category,PUBLIC SHCOOL,Food Protection,,category_rank_in_facility_type,2.0,4,1,7,0,0,0,700.0,0.0013,0.0011,100.0,Check whether facility-type patterns explain category-level burden.
facility_category_profile,facility_type_category,PUBLIC SHCOOL,Food Equipment and Utensil Sanitation,,category_rank_in_facility_type,3.0,2,1,2,2,0,0,1000.0,0.0004,0.0016,500.0,Check whether facility-type patterns explain category-level burden.
facility_category_profile,facility_type_category,REST/ROOFTOP,Food Maintenance,,category_rank_in_facility_type,1.0,3,1,5,0,0,0,500.0,0.001,0.0008,100.0,Check whether facility-type patterns explain category-level burden.
facility_category_profile,facility_type_category,REST/ROOFTOP,Food Protection,,category_rank_in_facility_type,2.0,1,1,1,0,0,0,100.0,0.0002,0.0002,100.0,Check whether facility-type patterns explain category-level burden.
facility_category_profile,facility_type_category,RESTAURANT/BAR,Food Maintenance,,category_rank_in_facility_type,1.0,25,6,64,0,0,0,5900.0,0.0122,0.0094,92.1875,Check whether facility-type patterns explain category-level burden.
facility_category_profile,facility_type_category,RESTAURANT/BAR,Food Protection,,category_rank_in_facility_type,2.0,21,5,40,7,0,0,6600.0,0.0076,0.0106,165.0,Check whether facility-type patterns explain category-level burden.
facility_category_profile,facility_type_category,RESTAURANT/BAR,Food Equipment and Utensil Sanitation,,category_rank_in_facility_type,3.0,9,4,9,9,0,0,4500.0,0.0017,0.0072,500.0,Check whether facility-type patterns explain category-level burden.
facility_category_profile,facility_type_category,Restaurant(protein shake bar),Food Maintenance,,category_rank_in_facility_type,1.0,8,1,16,0,0,0,1300.0,0.003,0.0021,81.25,Check whether facility-type patterns explain category-level burden.
facility_category_profile,facility_type_category,Restaurant(protein shake bar),Food Protection,,category_rank_in_facility_type,2.0,5,1,5,0,0,0,550.0,0.001,0.0009,110.0,Check whether facility-type patterns explain category-level burden.
facility_category_profile,facility_type_category,Restaurant(protein shake bar),Personnel,,category_rank_in_facility_type,3.0,3,1,3,0,0,0,750.0,0.0006,0.0012,250.0,Check whether facility-type patterns explain category-level burden.
facility_category_profile,facility_type_category,TRUCK,Food Protection,,category_rank_in_facility_type,1.0,4,3,5,4,0,0,2100.0,0.001,0.0034,420.0,Check whether facility-type patterns explain category-level burden.
facility_category_profile,facility_type_category,TRUCK,Insect and Rodent Control,,category_rank_in_facility_type,2.0,2,1,2,0,0,0,250.0,0.0004,0.0004,125.0,Check whether facility-type patterns explain category-level burden.
facility_category_profile,facility_type_category,Tavern/Bar,Food Maintenance,,category_rank_in_facility_type,1.0,2,1,8,0,0,0,800.0,0.0015,0.0013,100.0,Check whether facility-type patterns explain category-level burden.
facility_category_profile,facility_type_category,Tavern/Bar,Food Protection,,category_rank_in_facility_type,2.0,2,1,4,0,0,0,400.0,0.0008,0.0006,100.0,Check whether facility-type patterns explain category-level burden.
facility_category_profile,facility_type_category,Tavern/Bar,Insect and Rodent Control,,category_rank_in_facility_type,3.0,2,1,2,0,0,0,250.0,0.0004,0.0004,125.0,Check whether facility-type patterns explain category-level burden.
facility_category_profile,facility_type_category,cooking school,Food Protection,,category_rank_in_facility_type,1.0,10,1,14,0,0,0,1250.0,0.0027,0.002,89.2857,Check whether facility-type patterns explain category-level burden.
facility_category_profile,facility_type_category,cooking school,Food Maintenance,,category_rank_in_facility_type,2.0,7,1,10,0,0,0,800.0,0.0019,0.0013,80.0,Check whether facility-type patterns explain category-level burden.
facility_category_profile,facility_type_category,cooking school,Insect and Rodent Control,,category_rank_in_facility_type,3.0,4,1,4,0,0,0,750.0,0.0008,0.0012,187.5,Check whether facility-type patterns explain category-level burden.
facility_category_profile,facility_type_category,live butcher,Food Maintenance,,category_rank_in_facility_type,1.0,2,1,8,0,0,0,800.0,0.0015,0.0013,100.0,Check whether facility-type patterns explain category-level burden.
facility_category_profile,facility_type_category,live butcher,Food Protection,,category_rank_in_facility_type,2.0,2,1,2,0,0,0,200.0,0.0004,0.0003,100.0,Check whether facility-type patterns explain category-level burden.
facility_category_profile,facility_type_category,ASSISSTED LIVING,Food Maintenance,,category_rank_in_facility_type,1.0,2,1,9,0,0,0,900.0,0.0017,0.0014,100.0,Check whether facility-type patterns explain category-level burden.
facility_category_profile,facility_type_category,ASSISSTED LIVING,Food Protection,,category_rank_in_facility_type,2.0,2,1,3,0,0,0,300.0,0.0006,0.0005,100.0,Check whether facility-type patterns explain category-level burden.
facility_category_profile,facility_type_category,BAKERY/RESTAURANT,Food Maintenance,,category_rank_in_facility_type,1.0,1,1,1,0,0,0,100.0,0.0002,0.0002,100.0,Check whether facility-type patterns explain category-level burden.
facility_category_profile,facility_type_category,BAKERY/RESTAURANT,Insect and Rodent Control,,category_rank_in_facility_type,2.0,1,1,1,0,0,0,250.0,0.0002,0.0004,250.0,Check whether facility-type patterns explain category-level burden.
facility_category_profile,facility_type_category,BANQUET ROOM,Food Maintenance,,category_rank_in_facility_type,1.0,3,1,5,0,0,0,400.0,0.001,0.0006,80.0,Check whether facility-type patterns explain category-level burden.
facility_category_profile,facility_type_category,BANQUET ROOM,Insect and Rodent Control,,category_rank_in_facility_type,2.0,2,1,4,0,0,0,500.0,0.0008,0.0008,125.0,Check whether facility-type patterns explain category-level burden.
facility_category_profile,facility_type_category,BANQUET ROOM,Food Protection,,category_rank_in_facility_type,3.0,2,1,2,2,0,0,500.0,0.0004,0.0008,250.0,Check whether facility-type patterns explain category-level burden.
facility_category_profile,facility_type_category,Banquet Dining,Food Maintenance,,category_rank_in_facility_type,1.0,9,1,12,0,0,0,1100.0,0.0023,0.0018,91.6667,Check whether facility-type patterns explain category-level burden.
facility_category_profile,facility_type_category,Banquet Dining,Food Protection,,category_rank_in_facility_type,2.0,3,1,4,0,0,0,400.0,0.0008,0.0006,100.0,Check whether facility-type patterns explain category-level burden.
facility_category_profile,facility_type_category,Banquet Dining,Toilet / Hand Washing Facilities For Customers,,category_rank_in_facility_type,3.0,2,1,2,0,0,0,250.0,0.0004,0.0004,125.0,Check whether facility-type patterns explain category-level burden.
facility_category_profile,facility_type_category,DAY CARE 2-14,Food Maintenance,,category_rank_in_facility_type,1.0,4,1,6,0,0,0,500.0,0.0011,0.0008,83.3333,Check whether facility-type patterns explain category-level burden.
facility_category_profile,facility_type_category,DAY CARE 2-14,Food Protection,,category_rank_in_facility_type,2.0,4,1,6,2,0,0,900.0,0.0011,0.0014,150.0,Check whether facility-type patterns explain category-level burden.
facility_category_profile,facility_type_category,DAY CARE 2-14,Insect and Rodent Control,,category_rank_in_facility_type,3.0,2,1,2,0,0,0,250.0,0.0004,0.0004,125.0,Check whether facility-type patterns explain category-level burden.
facility_category_profile,facility_type_category,DAYCARE 1023,Food Maintenance,,category_rank_in_facility_type,1.0,10,4,18,0,0,0,1700.0,0.0034,0.0027,94.4444,Check whether facility-type patterns explain category-level burden.
facility_category_profile,facility_type_category,DAYCARE 1023,Food Protection,,category_rank_in_facility_type,2.0,3,2,3,0,0,0,300.0,0.0006,0.0005,100.0,Check whether facility-type patterns explain category-level burden.
facility_category_profile,facility_type_category,DAYCARE 1023,Personnel,,category_rank_in_facility_type,3.0,2,1,2,0,0,0,250.0,0.0004,0.0004,125.0,Check whether facility-type patterns explain category-level burden.
facility_category_profile,facility_type_category,GAS STATION /GROCERY,Food Maintenance,,category_rank_in_facility_type,1.0,4,1,8,0,0,0,400.0,0.0015,0.0006,50.0,Check whether facility-type patterns explain category-level burden.
facility_category_profile,facility_type_category,GAS STATION /GROCERY,Food Protection,,category_rank_in_facility_type,2.0,2,1,4,0,0,0,200.0,0.0008,0.0003,50.0,Check whether facility-type patterns explain category-level burden.
facility_category_profile,facility_type_category,GAS STATION /GROCERY,Insect and Rodent Control,,category_rank_in_facility_type,3.0,2,1,2,0,0,0,250.0,0.0004,0.0004,125.0,Check whether facility-type patterns explain category-level burden.
facility_category_profile,facility_type_category,GAS STATION/STORE GROCERY,Food Maintenance,,category_rank_in_facility_type,1.0,4,1,18,0,0,0,1100.0,0.0034,0.0018,61.1111,Check whether facility-type patterns explain category-level burden.
facility_category_profile,facility_type_category,GAS STATION/STORE GROCERY,Food Protection,,category_rank_in_facility_type,2.0,4,1,8,0,0,0,600.0,0.0015,0.001,75.0,Check whether facility-type patterns explain category-level burden.
facility_category_profile,facility_type_category,GAS STATION/STORE GROCERY,Toilet / Hand Washing Facilities For Customers,,category_rank_in_facility_type,3.0,2,1,2,0,0,0,250.0,0.0004,0.0004,125.0,Check whether facility-type patterns explain category-level burden.
facility_category_profile,facility_type_category,GROCERY STORE / GAS STATION,Food Maintenance,,category_rank_in_facility_type,1.0,4,1,11,0,0,0,1000.0,0.0021,0.0016,90.9091,Check whether facility-type patterns explain category-level burden.
facility_category_profile,facility_type_category,GROCERY STORE / GAS STATION,Insect and Rodent Control,,category_rank_in_facility_type,2.0,4,1,6,0,0,0,750.0,0.0011,0.0012,125.0,Check whether facility-type patterns explain category-level burden.
facility_category_profile,facility_type_category,GROCERY STORE / GAS STATION,Food Protection,,category_rank_in_facility_type,3.0,4,1,5,0,0,0,400.0,0.001,0.0006,80.0,Check whether facility-type patterns explain category-level burden.
facility_category_profile,facility_type_category,HERBALIFE/ZUMBA,Food Maintenance,,category_rank_in_facility_type,1.0,2,1,5,0,0,0,500.0,0.001,0.0008,100.0,Check whether facility-type patterns explain category-level burden.
facility_category_profile,facility_type_category,HERBALIFE/ZUMBA,Food Protection,,category_rank_in_facility_type,2.0,1,1,1,0,0,0,100.0,0.0002,0.0002,100.0,Check whether facility-type patterns explain category-level burden.
facility_category_profile,facility_type_category,ICE CREAM SHOP,Food Maintenance,,category_rank_in_facility_type,1.0,10,2,25,0,0,0,2100.0,0.0048,0.0034,84.0,Check whether facility-type patterns explain category-level burden.
facility_category_profile,facility_type_category,ICE CREAM SHOP,Food Protection,,category_rank_in_facility_type,2.0,7,2,10,0,0,0,900.0,0.0019,0.0014,90.0,Check whether facility-type patterns explain category-level burden.
facility_category_profile,facility_type_category,ICE CREAM SHOP,Wash and Waste Water Disposal,,category_rank_in_facility_type,3.0,2,1,2,2,0,0,500.0,0.0004,0.0008,250.0,Check whether facility-type patterns explain category-level burden.
facility_category_profile,facility_type_category,JUICE BAR,Food Maintenance,,category_rank_in_facility_type,1.0,10,2,19,0,0,0,1600.0,0.0036,0.0026,84.2105,Check whether facility-type patterns explain category-level burden.
facility_category_profile,facility_type_category,JUICE BAR,Food Protection,,category_rank_in_facility_type,2.0,8,2,12,4,0,0,2300.0,0.0023,0.0037,191.6667,Check whether facility-type patterns explain category-level burden.
facility_category_profile,facility_type_category,JUICE BAR,Insect and Rodent Control,,category_rank_in_facility_type,3.0,4,1,6,0,0,0,1000.0,0.0011,0.0016,166.6667,Check whether facility-type patterns explain category-level burden.
facility_category_profile,facility_type_category,LINITED BUSINESS,Food Maintenance,,category_rank_in_facility_type,1.0,2,1,2,0,0,0,200.0,0.0004,0.0003,100.0,Check whether facility-type patterns explain category-level burden.
facility_category_profile,facility_type_category,LINITED BUSINESS,Insect and Rodent Control,,category_rank_in_facility_type,2.0,2,1,2,0,0,0,250.0,0.0004,0.0004,125.0,Check whether facility-type patterns explain category-level burden.
facility_category_profile,facility_type_category,LOUNGE/BANQUET HALL,Food Maintenance,,category_rank_in_facility_type,1.0,5,1,19,0,0,0,1900.0,0.0036,0.003,100.0,Check whether facility-type patterns explain category-level burden.
facility_category_profile,facility_type_category,LOUNGE/BANQUET HALL,Food Protection,,category_rank_in_facility_type,2.0,3,1,5,0,0,0,500.0,0.001,0.0008,100.0,Check whether facility-type patterns explain category-level burden.
facility_category_profile,facility_type_category,LOUNGE/BANQUET HALL,Insect and Rodent Control,,category_rank_in_facility_type,3.0,2,1,2,0,0,0,500.0,0.0004,0.0008,250.0,Check whether facility-type patterns explain category-level burden.
facility_category_profile,facility_type_category,MOBILE FROZEN DESSERT VENDOR,Food Protection,,category_rank_in_facility_type,1.0,3,2,5,3,0,0,1700.0,0.001,0.0027,340.0,Check whether facility-type patterns explain category-level burden.
facility_category_profile,facility_type_category,POPCORN SHOP,Food Maintenance,,category_rank_in_facility_type,1.0,1,1,2,0,0,0,200.0,0.0004,0.0003,100.0,Check whether facility-type patterns explain category-level burden.
facility_category_profile,facility_type_category,RESTAURANT/BAKERY,Food Maintenance,,category_rank_in_facility_type,1.0,6,1,25,0,0,0,2200.0,0.0048,0.0035,88.0,Check whether facility-type patterns explain category-level burden.
facility_category_profile,facility_type_category,RESTAURANT/BAKERY,Food Protection,,category_rank_in_facility_type,2.0,4,1,14,3,0,0,2600.0,0.0027,0.0042,185.7143,Check whether facility-type patterns explain category-level burden.
facility_category_profile,facility_type_category,RESTAURANT/BAKERY,Personnel,,category_rank_in_facility_type,3.0,3,1,3,0,0,0,750.0,0.0006,0.0012,250.0,Check whether facility-type patterns explain category-level burden.
facility_category_profile,facility_type_category,TAP room/tavern/liquor store,Food Maintenance,,category_rank_in_facility_type,1.0,1,1,2,0,0,0,200.0,0.0004,0.0003,100.0,Check whether facility-type patterns explain category-level burden.
facility_category_profile,facility_type_category,VFW HALL,Food Maintenance,,category_rank_in_facility_type,1.0,1,1,3,0,0,0,300.0,0.0006,0.0005,100.0,Check whether facility-type patterns explain category-level burden.
facility_category_profile,facility_type_category,WRIGLEY ROOFTOP,Food Maintenance,,category_rank_in_facility_type,1.0,9,1,18,0,0,0,1400.0,0.0034,0.0022,77.7778,Check whether facility-type patterns explain category-level burden.
facility_category_profile,facility_type_category,WRIGLEY ROOFTOP,Food Protection,,category_rank_in_facility_type,2.0,3,1,5,1,0,0,1050.0,0.001,0.0017,210.0,Check whether facility-type patterns explain category-level burden.
facility_category_profile,facility_type_category,WRIGLEY ROOFTOP,Insect and Rodent Control,,category_rank_in_facility_type,3.0,4,1,4,0,0,0,500.0,0.0008,0.0008,125.0,Check whether facility-type patterns explain category-level burden.
facility_category_profile,facility_type_category,banquets,Food Maintenance,,category_rank_in_facility_type,1.0,4,1,7,0,0,0,700.0,0.0013,0.0011,100.0,Check whether facility-type patterns explain category-level burden.
facility_category_profile,facility_type_category,banquets,Food Protection,,category_rank_in_facility_type,2.0,4,1,5,0,0,0,500.0,0.001,0.0008,100.0,Check whether facility-type patterns explain category-level burden.
facility_category_profile,facility_type_category,bar,Food Maintenance,,category_rank_in_facility_type,1.0,7,5,13,0,0,0,1300.0,0.0025,0.0021,100.0,Check whether facility-type patterns explain category-level burden.
facility_category_profile,facility_type_category,bar,Food Protection,,category_rank_in_facility_type,2.0,5,2,7,0,0,0,700.0,0.0013,0.0011,100.0,Check whether facility-type patterns explain category-level burden.
facility_category_profile,facility_type_category,bar,Insect and Rodent Control,,category_rank_in_facility_type,3.0,2,1,2,0,0,0,250.0,0.0004,0.0004,125.0,Check whether facility-type patterns explain category-level burden.
facility_category_profile,facility_type_category,blockbuster video,Food Maintenance,,category_rank_in_facility_type,1.0,2,1,4,0,0,0,400.0,0.0008,0.0006,100.0,Check whether facility-type patterns explain category-level burden.
facility_category_profile,facility_type_category,blockbuster video,Food Protection,,category_rank_in_facility_type,2.0,2,1,2,0,0,0,200.0,0.0004,0.0003,100.0,Check whether facility-type patterns explain category-level burden.
facility_category_profile,facility_type_category,blockbuster video,Insect and Rodent Control,,category_rank_in_facility_type,3.0,1,1,1,0,0,0,250.0,0.0002,0.0004,250.0,Check whether facility-type patterns explain category-level burden.
