evidence_block,grain,item,item_2,item_3,rank_label,rank_value,inspections,establishments,violations,critical_violations,serious_violations,minor_violations,total_fine,pass_count,conditional_count,fail_count,issue_rate_pct,avg_violations_per_inspection,avg_fine_per_inspection,notes
city_baseline,city,CHICAGO,,,inspection_volume_rank,1.0,143205,31498,524020,33341,67451,423228,62315550.0,84380,13537,27706,28.8,3.6592,435.1493,Start with city-level exposure and outcome differences.
city_baseline,city,Chicago,,,inspection_volume_rank,2.0,244,52,708,44,83,581,85750.0,153,17,39,22.9508,2.9016,351.4344,Start with city-level exposure and outcome differences.
city_baseline,city,unknown,,,inspection_volume_rank,3.0,115,49,270,24,48,198,29700.0,62,2,36,33.0435,2.3478,258.2609,Start with city-level exposure and outcome differences.
city_baseline,city,chicago,,,inspection_volume_rank,4.0,73,12,211,5,25,181,22900.0,56,2,11,17.8082,2.8904,313.6986,Start with city-level exposure and outcome differences.
city_baseline,city,MAYWOOD,,,inspection_volume_rank,5.0,12,11,4,2,0,2,600.0,9,0,1,8.3333,0.3333,50.0,Start with city-level exposure and outcome differences.
city_baseline,city,CHicago,,,inspection_volume_rank,6.0,10,1,25,3,6,16,4000.0,6,1,3,40.0,2.5,400.0,Start with city-level exposure and outcome differences.
city_baseline,city,SKOKIE ,,,inspection_volume_rank,7.0,8,3,17,2,4,11,1950.0,4,0,2,25.0,2.125,243.75,Start with city-level exposure and outcome differences.
city_baseline,city,CICERO ,,,inspection_volume_rank,8.0,6,5,2,1,0,1,600.0,4,1,1,33.3333,0.3333,100.0,Start with city-level exposure and outcome differences.
city_baseline,city,WORTH  ,,,inspection_volume_rank,9.0,5,1,4,4,0,0,2000.0,1,0,4,80.0,0.8,400.0,Start with city-level exposure and outcome differences.
city_baseline,city,SUMMIT ,,,inspection_volume_rank,10.0,4,2,5,3,1,1,1350.0,1,0,3,75.0,1.25,337.5,Start with city-level exposure and outcome differences.
city_baseline,city,ALSIP  ,,,inspection_volume_rank,11.0,3,2,0,0,0,0,0.0,2,0,1,33.3333,0.0,0.0,Start with city-level exposure and outcome differences.
city_baseline,city,BERWYN ,,,inspection_volume_rank,12.0,2,1,6,4,0,2,1100.0,1,0,1,50.0,3.0,550.0,Start with city-level exposure and outcome differences.
city_baseline,city,BURNHAM,,,inspection_volume_rank,13.0,1,1,0,0,0,0,0.0,1,0,0,0.0,0.0,0.0,Start with city-level exposure and outcome differences.
city_baseline,city,GLENCOE,,,inspection_volume_rank,14.0,1,1,0,0,0,0,0.0,1,0,0,0.0,0.0,0.0,Start with city-level exposure and outcome differences.
city_baseline,city,JUSTICE,,,inspection_volume_rank,15.0,1,1,0,0,0,0,0.0,1,0,0,0.0,0.0,0.0,Start with city-level exposure and outcome differences.
city_baseline,city,LOMBARD,,,inspection_volume_rank,16.0,1,1,0,0,0,0,0.0,1,0,0,0.0,0.0,0.0,Start with city-level exposure and outcome differences.
city_baseline,city,Maywood,,,inspection_volume_rank,17.0,1,1,4,1,0,3,600.0,0,0,1,100.0,4.0,600.0,Start with city-level exposure and outcome differences.
zip_baseline,zip_code,60614,,,inspection_volume_rank,1.0,5329,1138,22095,1819,3101,17175,2766100.0,2697,808,1104,35.8792,4.1462,519.0655,Use zip-level rows to detect within-city concentration.
zip_baseline,zip_code,60647,,,inspection_volume_rank,2.0,5065,1257,17796,967,2399,14430,2005600.0,2864,441,929,27.0484,3.5135,395.9724,Use zip-level rows to detect within-city concentration.
zip_baseline,zip_code,60657,,,inspection_volume_rank,3.0,4903,1132,17628,1348,2492,13788,2159350.0,2677,525,978,30.6547,3.5953,440.414,Use zip-level rows to detect within-city concentration.
zip_baseline,zip_code,60622,,,inspection_volume_rank,4.0,4630,916,17770,1153,2617,14000,2121000.0,2646,362,1073,30.9935,3.838,458.0994,Use zip-level rows to detect within-city concentration.
zip_baseline,zip_code,60611,,,inspection_volume_rank,5.0,4598,997,13404,1023,1595,10786,1723300.0,2944,565,750,28.5994,2.9152,374.7934,Use zip-level rows to detect within-city concentration.
zip_baseline,zip_code,60618,,,inspection_volume_rank,6.0,4440,1108,16167,892,1631,13644,1807750.0,2688,362,655,22.9054,3.6412,407.1509,Use zip-level rows to detect within-city concentration.
zip_baseline,zip_code,60608,,,inspection_volume_rank,7.0,4261,1095,15392,915,2121,12356,1772950.0,2476,303,877,27.693,3.6123,416.0878,Use zip-level rows to detect within-city concentration.
zip_baseline,zip_code,60625,,,inspection_volume_rank,8.0,3834,1030,15652,897,1702,13053,1744100.0,2138,316,689,26.2128,4.0824,454.9035,Use zip-level rows to detect within-city concentration.
zip_baseline,zip_code,60639,,,inspection_volume_rank,9.0,3767,877,14589,808,1797,11984,1634300.0,2195,310,754,28.2453,3.8728,433.8466,Use zip-level rows to detect within-city concentration.
zip_baseline,zip_code,60623,,,inspection_volume_rank,10.0,3645,883,16313,952,1992,13369,1888150.0,2048,303,790,29.9863,4.4754,518.011,Use zip-level rows to detect within-city concentration.
zip_baseline,zip_code,60640,,,inspection_volume_rank,11.0,3636,825,13848,1139,1842,10867,1672000.0,1933,415,825,34.1034,3.8086,459.846,Use zip-level rows to detect within-city concentration.
zip_baseline,zip_code,60607,,,inspection_volume_rank,12.0,3532,728,13475,1004,1782,10689,1721250.0,2139,392,695,30.7758,3.8151,487.3301,Use zip-level rows to detect within-city concentration.
zip_baseline,zip_code,60632,,,inspection_volume_rank,13.0,3512,730,13275,849,1829,10597,1582550.0,2051,380,732,31.6629,3.7799,450.6122,Use zip-level rows to detect within-city concentration.
zip_baseline,zip_code,60616,,,inspection_volume_rank,14.0,3477,645,13564,935,1646,10983,1565250.0,2130,310,718,29.5657,3.9011,450.1726,Use zip-level rows to detect within-city concentration.
zip_baseline,zip_code,60609,,,inspection_volume_rank,15.0,3217,770,10028,581,1365,8082,1179250.0,1971,218,614,25.8626,3.1172,366.5682,Use zip-level rows to detect within-city concentration.
zip_baseline,zip_code,60610,,,inspection_volume_rank,16.0,3136,627,10713,958,1625,8130,1463550.0,1652,497,628,35.8737,3.4161,466.6932,Use zip-level rows to detect within-city concentration.
zip_baseline,zip_code,60613,,,inspection_volume_rank,17.0,3072,638,9648,876,1281,7491,1213050.0,1742,369,530,29.2643,3.1406,394.873,Use zip-level rows to detect within-city concentration.
zip_baseline,zip_code,60659,,,inspection_volume_rank,18.0,3056,681,13385,841,1533,11011,1480000.0,1701,222,646,28.4031,4.3799,484.2932,Use zip-level rows to detect within-city concentration.
zip_baseline,zip_code,60619,,,inspection_volume_rank,19.0,3048,684,13183,835,1984,10364,1597900.0,1548,284,792,35.3018,4.3251,524.2454,Use zip-level rows to detect within-city concentration.
zip_baseline,zip_code,60634,,,inspection_volume_rank,20.0,2868,589,10650,395,988,9267,1153900.0,1865,200,418,21.5481,3.7134,402.3361,Use zip-level rows to detect within-city concentration.
zip_baseline,zip_code,60617,,,inspection_volume_rank,21.0,2802,600,9531,589,1271,7671,1158600.0,1732,258,533,28.2298,3.4015,413.4904,Use zip-level rows to detect within-city concentration.
zip_baseline,zip_code,60629,,,inspection_volume_rank,22.0,2758,679,8370,446,1073,6851,934550.0,1781,142,448,21.3923,3.0348,338.8506,Use zip-level rows to detect within-city concentration.
zip_baseline,zip_code,60641,,,inspection_volume_rank,23.0,2747,554,9949,506,1034,8409,1139100.0,1671,244,434,24.6815,3.6218,414.6705,Use zip-level rows to detect within-city concentration.
zip_baseline,zip_code,60620,,,inspection_volume_rank,24.0,2703,610,9962,588,1392,7982,1236450.0,1537,259,595,31.5945,3.6855,457.4362,Use zip-level rows to detect within-city concentration.
zip_baseline,zip_code,60654,,,inspection_volume_rank,25.0,2702,557,8360,743,946,6671,1099150.0,1601,446,406,31.5322,3.094,406.7913,Use zip-level rows to detect within-city concentration.
zip_baseline,zip_code,60628,,,inspection_volume_rank,26.0,2674,592,11624,661,1787,9176,1477450.0,1432,253,656,33.994,4.347,552.5243,Use zip-level rows to detect within-city concentration.
zip_baseline,zip_code,60601,,,inspection_volume_rank,27.0,2410,497,6431,398,612,5421,789400.0,1673,236,312,22.7386,2.6685,327.5519,Use zip-level rows to detect within-city concentration.
zip_baseline,zip_code,60606,,,inspection_volume_rank,28.0,2387,459,7165,590,683,5892,911550.0,1578,322,299,26.0159,3.0017,381.881,Use zip-level rows to detect within-city concentration.
zip_baseline,zip_code,60612,,,inspection_volume_rank,29.0,2283,592,7279,597,1033,5649,913550.0,1430,139,432,25.011,3.1883,400.1533,Use zip-level rows to detect within-city concentration.
zip_baseline,zip_code,60605,,,inspection_volume_rank,30.0,2250,424,5905,468,747,4690,730100.0,1440,230,313,24.1333,2.6244,324.4889,Use zip-level rows to detect within-city concentration.
zip_baseline,zip_code,60651,,,inspection_volume_rank,31.0,2234,565,8803,487,1348,6968,979500.0,1211,132,565,31.1996,3.9405,438.4512,Use zip-level rows to detect within-city concentration.
zip_baseline,zip_code,60626,,,inspection_volume_rank,32.0,2179,488,9326,484,1236,7606,1057950.0,1200,194,504,32.033,4.2799,485.5209,Use zip-level rows to detect within-city concentration.
zip_baseline,zip_code,60660,,,inspection_volume_rank,33.0,2048,420,7385,493,880,6012,893200.0,1198,197,404,29.3457,3.606,436.1328,Use zip-level rows to detect within-city concentration.
zip_baseline,zip_code,60643,,,inspection_volume_rank,34.0,1981,393,7915,369,984,6562,976550.0,1232,170,383,27.9152,3.9955,492.9581,Use zip-level rows to detect within-city concentration.
zip_baseline,zip_code,60630,,,inspection_volume_rank,35.0,1948,405,7443,386,784,6273,825350.0,1255,140,348,25.0513,3.8208,423.691,Use zip-level rows to detect within-city concentration.
zip_baseline,zip_code,60636,,,inspection_volume_rank,36.0,1928,466,7500,401,1135,5964,920650.0,1034,123,466,30.5498,3.89,477.5156,Use zip-level rows to detect within-city concentration.
zip_baseline,zip_code,60661,,,inspection_volume_rank,37.0,1921,391,6153,505,820,4828,791300.0,1231,224,317,28.1624,3.203,411.9209,Use zip-level rows to detect within-city concentration.
zip_baseline,zip_code,60644,,,inspection_volume_rank,38.0,1902,419,7825,475,1154,6196,869950.0,1058,151,478,33.0705,4.1141,457.387,Use zip-level rows to detect within-city concentration.
zip_baseline,zip_code,60637,,,inspection_volume_rank,39.0,1797,348,8064,519,1206,6339,936500.0,1001,129,499,34.9471,4.4875,521.1464,Use zip-level rows to detect within-city concentration.
zip_baseline,zip_code,60649,,,inspection_volume_rank,40.0,1791,404,6629,419,970,5240,817650.0,1001,169,404,31.9933,3.7013,456.5327,Use zip-level rows to detect within-city concentration.
ward_facility_type_interaction,ward_facility_type,10,Restaurant,,facility_rank_within_ward,1.0,986,191,3582,221,471,2890,435750.0,554,103,183,29.0061,3.6329,441.9371,Test whether geography is really a facility-format interaction.
ward_facility_type_interaction,ward_facility_type,10,Grocery Store,,facility_rank_within_ward,2.0,301,70,1208,76,169,963,149600.0,184,35,58,30.897,4.0133,497.01,Test whether geography is really a facility-format interaction.
ward_facility_type_interaction,ward_facility_type,10,School,,facility_rank_within_ward,3.0,201,28,634,25,84,525,74650.0,148,12,34,22.8856,3.1542,371.393,Test whether geography is really a facility-format interaction.
ward_facility_type_interaction,ward_facility_type,10,Daycare Above and Under 2 Years,,facility_rank_within_ward,4.0,68,21,239,20,34,185,26650.0,47,7,12,27.9412,3.5147,391.9118,Test whether geography is really a facility-format interaction.
ward_facility_type_interaction,ward_facility_type,10,unknown,,facility_rank_within_ward,5.0,37,32,0,0,0,0,0.0,0,0,8,21.6216,0.0,0.0,Test whether geography is really a facility-format interaction.
ward_facility_type_interaction,ward_facility_type,10,Daycare (2 - 6 Years),,facility_rank_within_ward,6.0,35,10,100,5,8,87,9900.0,22,0,10,28.5714,2.8571,282.8571,Test whether geography is really a facility-format interaction.
ward_facility_type_interaction,ward_facility_type,10,Bakery,,facility_rank_within_ward,7.0,30,9,114,5,19,90,12850.0,15,2,8,33.3333,3.8,428.3333,Test whether geography is really a facility-format interaction.
ward_facility_type_interaction,ward_facility_type,10,Mobile Food Dispenser,,facility_rank_within_ward,8.0,21,14,7,3,2,2,2200.0,13,1,7,38.0952,0.3333,104.7619,Test whether geography is really a facility-format interaction.
ward_facility_type_interaction,ward_facility_type,25,Restaurant,,facility_rank_within_ward,1.0,3325,564,14141,885,1876,11380,1659300.0,1958,307,726,31.0677,4.2529,499.0376,Test whether geography is really a facility-format interaction.
ward_facility_type_interaction,ward_facility_type,25,Grocery Store,,facility_rank_within_ward,2.0,452,122,1843,120,267,1456,207800.0,282,31,105,30.0885,4.0774,459.7345,Test whether geography is really a facility-format interaction.
ward_facility_type_interaction,ward_facility_type,25,School,,facility_rank_within_ward,3.0,273,36,987,31,123,833,106650.0,195,16,54,25.641,3.6154,390.6593,Test whether geography is really a facility-format interaction.
ward_facility_type_interaction,ward_facility_type,25,Mobile Food Preparer,,facility_rank_within_ward,4.0,128,43,307,60,70,177,46450.0,72,3,40,33.5938,2.3984,362.8906,Test whether geography is really a facility-format interaction.
ward_facility_type_interaction,ward_facility_type,25,Bakery,,facility_rank_within_ward,5.0,126,23,644,33,111,500,69350.0,69,7,38,35.7143,5.1111,550.3968,Test whether geography is really a facility-format interaction.
ward_facility_type_interaction,ward_facility_type,25,unknown,,facility_rank_within_ward,6.0,118,114,0,0,0,0,0.0,1,0,15,12.7119,0.0,0.0,Test whether geography is really a facility-format interaction.
ward_facility_type_interaction,ward_facility_type,25,Wholesale,,facility_rank_within_ward,7.0,92,47,254,19,44,191,26200.0,48,0,36,39.1304,2.7609,284.7826,Test whether geography is really a facility-format interaction.
ward_facility_type_interaction,ward_facility_type,25,Catering,,facility_rank_within_ward,8.0,69,10,229,7,25,197,24250.0,49,2,12,20.2899,3.3188,351.4493,Test whether geography is really a facility-format interaction.
ward_facility_type_interaction,ward_facility_type,33,Restaurant,,facility_rank_within_ward,1.0,1719,326,7310,456,798,6056,815700.0,1001,154,318,27.4578,4.2525,474.5201,Test whether geography is really a facility-format interaction.
ward_facility_type_interaction,ward_facility_type,33,Grocery Store,,facility_rank_within_ward,2.0,412,131,1593,113,144,1336,178050.0,258,24,79,25.0,3.8665,432.1602,Test whether geography is really a facility-format interaction.
ward_facility_type_interaction,ward_facility_type,33,unknown,,facility_rank_within_ward,3.0,198,191,4,0,0,4,400.0,1,1,3,2.0202,0.0202,2.0202,Test whether geography is really a facility-format interaction.
ward_facility_type_interaction,ward_facility_type,33,Bakery,,facility_rank_within_ward,4.0,141,27,615,21,55,539,64900.0,82,15,26,29.078,4.3617,460.2837,Test whether geography is really a facility-format interaction.
ward_facility_type_interaction,ward_facility_type,33,School,,facility_rank_within_ward,5.0,111,13,364,6,23,335,37300.0,92,6,8,12.6126,3.2793,336.036,Test whether geography is really a facility-format interaction.
ward_facility_type_interaction,ward_facility_type,33,Children's Services Facility,,facility_rank_within_ward,6.0,72,21,222,0,17,205,21600.0,64,3,5,11.1111,3.0833,300.0,Test whether geography is really a facility-format interaction.
ward_facility_type_interaction,ward_facility_type,33,Long Term Care,,facility_rank_within_ward,7.0,12,4,64,1,7,56,6200.0,10,0,2,16.6667,5.3333,516.6667,Test whether geography is really a facility-format interaction.
ward_facility_type_interaction,ward_facility_type,33,MOBILE FOOD TRUCK,,facility_rank_within_ward,8.0,11,1,33,9,8,16,6000.0,4,0,5,45.4545,3.0,545.4545,Test whether geography is really a facility-format interaction.
ward_facility_type_interaction,ward_facility_type,14,Restaurant,,facility_rank_within_ward,1.0,1555,267,5965,362,808,4795,711650.0,920,180,301,30.9325,3.836,457.6527,Test whether geography is really a facility-format interaction.
ward_facility_type_interaction,ward_facility_type,14,Grocery Store,,facility_rank_within_ward,2.0,271,80,1115,72,142,901,128750.0,158,25,65,33.2103,4.1144,475.0923,Test whether geography is really a facility-format interaction.
ward_facility_type_interaction,ward_facility_type,14,School,,facility_rank_within_ward,3.0,221,26,659,33,64,562,73350.0,170,16,33,22.1719,2.9819,331.9005,Test whether geography is really a facility-format interaction.
ward_facility_type_interaction,ward_facility_type,14,Wholesale,,facility_rank_within_ward,4.0,45,22,176,21,40,115,23150.0,24,2,17,42.2222,3.9111,514.4444,Test whether geography is really a facility-format interaction.
ward_facility_type_interaction,ward_facility_type,14,Bakery,,facility_rank_within_ward,5.0,41,9,162,8,22,132,17400.0,27,4,7,26.8293,3.9512,424.3902,Test whether geography is really a facility-format interaction.
ward_facility_type_interaction,ward_facility_type,14,Children's Services Facility,,facility_rank_within_ward,6.0,41,10,115,4,11,100,11650.0,32,4,4,19.5122,2.8049,284.1463,Test whether geography is really a facility-format interaction.
ward_facility_type_interaction,ward_facility_type,14,unknown,,facility_rank_within_ward,7.0,34,33,10,0,0,10,1000.0,3,0,0,0.0,0.2941,29.4118,Test whether geography is really a facility-format interaction.
ward_facility_type_interaction,ward_facility_type,14,Daycare Above and Under 2 Years,,facility_rank_within_ward,8.0,16,5,23,4,4,15,3000.0,14,0,2,12.5,1.4375,187.5,Test whether geography is really a facility-format interaction.
ward_facility_type_interaction,ward_facility_type,28,Restaurant,,facility_rank_within_ward,1.0,1921,313,8017,459,1112,6446,940250.0,1100,169,431,31.2337,4.1733,489.4586,Test whether geography is really a facility-format interaction.
ward_facility_type_interaction,ward_facility_type,28,Grocery Store,,facility_rank_within_ward,2.0,702,173,3135,210,546,2379,368650.0,367,58,207,37.7493,4.4658,525.1425,Test whether geography is really a facility-format interaction.
ward_facility_type_interaction,ward_facility_type,28,School,,facility_rank_within_ward,3.0,328,50,1169,39,131,999,137050.0,235,21,52,22.2561,3.564,417.8354,Test whether geography is really a facility-format interaction.
ward_facility_type_interaction,ward_facility_type,28,unknown,,facility_rank_within_ward,4.0,91,86,0,0,0,0,0.0,5,0,4,4.3956,0.0,0.0,Test whether geography is really a facility-format interaction.
ward_facility_type_interaction,ward_facility_type,28,Daycare Above and Under 2 Years,,facility_rank_within_ward,5.0,49,12,181,19,27,135,22550.0,27,4,14,36.7347,3.6939,460.2041,Test whether geography is really a facility-format interaction.
ward_facility_type_interaction,ward_facility_type,28,Children's Services Facility,,facility_rank_within_ward,6.0,48,14,128,7,12,109,13800.0,40,1,5,12.5,2.6667,287.5,Test whether geography is really a facility-format interaction.
ward_facility_type_interaction,ward_facility_type,28,Daycare (2 - 6 Years),,facility_rank_within_ward,7.0,42,12,170,6,24,140,16400.0,28,0,8,19.0476,4.0476,390.4762,Test whether geography is really a facility-format interaction.
ward_facility_type_interaction,ward_facility_type,28,Hospital,,facility_rank_within_ward,8.0,35,8,140,12,16,112,17950.0,23,4,7,31.4286,4.0,512.8571,Test whether geography is really a facility-format interaction.
ward_facility_type_interaction,ward_facility_type,29,Restaurant,,facility_rank_within_ward,1.0,1359,233,5540,283,683,4574,620450.0,772,133,257,28.6976,4.0765,456.5489,Test whether geography is really a facility-format interaction.
ward_facility_type_interaction,ward_facility_type,29,Grocery Store,,facility_rank_within_ward,2.0,466,122,2091,148,345,1598,224650.0,237,20,143,34.9785,4.4871,482.0815,Test whether geography is really a facility-format interaction.
ward_facility_type_interaction,ward_facility_type,29,School,,facility_rank_within_ward,3.0,182,25,574,28,72,474,66150.0,124,16,35,28.022,3.1538,363.4615,Test whether geography is really a facility-format interaction.
ward_facility_type_interaction,ward_facility_type,29,Children's Services Facility,,facility_rank_within_ward,4.0,84,24,310,24,44,242,36050.0,63,4,15,22.619,3.6905,429.1667,Test whether geography is really a facility-format interaction.
ward_facility_type_interaction,ward_facility_type,29,unknown,,facility_rank_within_ward,5.0,72,70,0,0,0,0,0.0,0,0,8,11.1111,0.0,0.0,Test whether geography is really a facility-format interaction.
ward_facility_type_interaction,ward_facility_type,29,Daycare (2 - 6 Years),,facility_rank_within_ward,6.0,58,15,188,17,16,155,20350.0,39,2,14,27.5862,3.2414,350.8621,Test whether geography is really a facility-format interaction.
ward_facility_type_interaction,ward_facility_type,29,Hospital,,facility_rank_within_ward,7.0,47,8,131,0,17,114,12450.0,38,1,8,19.1489,2.7872,264.8936,Test whether geography is really a facility-format interaction.
ward_facility_type_interaction,ward_facility_type,29,Mobile Food Dispenser,,facility_rank_within_ward,8.0,45,22,51,8,2,41,5250.0,25,0,18,40.0,1.1333,116.6667,Test whether geography is really a facility-format interaction.
ward_facility_type_interaction,ward_facility_type,3,Restaurant,,facility_rank_within_ward,1.0,1613,276,6352,458,912,4982,765300.0,926,183,332,31.9281,3.938,474.4575,Test whether geography is really a facility-format interaction.
ward_facility_type_interaction,ward_facility_type,3,Grocery Store,,facility_rank_within_ward,2.0,383,89,1756,118,259,1379,207300.0,189,53,103,40.7311,4.5849,541.2533,Test whether geography is really a facility-format interaction.
ward_facility_type_interaction,ward_facility_type,3,School,,facility_rank_within_ward,3.0,251,34,893,34,75,784,95700.0,194,11,35,18.3267,3.5578,381.2749,Test whether geography is really a facility-format interaction.
ward_facility_type_interaction,ward_facility_type,3,Daycare Above and Under 2 Years,,facility_rank_within_ward,4.0,86,24,276,23,11,242,33450.0,62,2,19,24.4186,3.2093,388.9535,Test whether geography is really a facility-format interaction.
ward_facility_type_interaction,ward_facility_type,3,Long Term Care,,facility_rank_within_ward,5.0,55,16,254,27,25,202,33550.0,31,6,14,36.3636,4.6182,610.0,Test whether geography is really a facility-format interaction.
ward_facility_type_interaction,ward_facility_type,3,unknown,,facility_rank_within_ward,6.0,54,48,0,0,0,0,0.0,0,0,8,14.8148,0.0,0.0,Test whether geography is really a facility-format interaction.
ward_facility_type_interaction,ward_facility_type,3,Children's Services Facility,,facility_rank_within_ward,7.0,51,14,183,12,24,147,19250.0,33,3,14,33.3333,3.5882,377.451,Test whether geography is really a facility-format interaction.
ward_facility_type_interaction,ward_facility_type,3,Daycare (2 - 6 Years),,facility_rank_within_ward,8.0,51,13,169,6,43,120,18800.0,28,0,19,37.2549,3.3137,368.6275,Test whether geography is really a facility-format interaction.
ward_facility_type_interaction,ward_facility_type,4,Restaurant,,facility_rank_within_ward,1.0,2585,395,8401,563,951,6887,1024150.0,1641,287,416,27.1954,3.2499,396.1896,Test whether geography is really a facility-format interaction.
ward_facility_type_interaction,ward_facility_type,4,Grocery Store,,facility_rank_within_ward,2.0,260,54,1038,53,144,841,120150.0,169,23,59,31.5385,3.9923,462.1154,Test whether geography is really a facility-format interaction.
ward_facility_type_interaction,ward_facility_type,4,School,,facility_rank_within_ward,3.0,248,32,1002,32,128,842,112250.0,169,19,50,27.8226,4.0403,452.621,Test whether geography is really a facility-format interaction.
ward_facility_type_interaction,ward_facility_type,4,unknown,,facility_rank_within_ward,4.0,52,47,10,1,4,5,2000.0,2,3,6,17.3077,0.1923,38.4615,Test whether geography is really a facility-format interaction.
ward_facility_type_interaction,ward_facility_type,4,Daycare Above and Under 2 Years,,facility_rank_within_ward,5.0,44,10,124,5,10,109,14200.0,35,4,5,20.4545,2.8182,322.7273,Test whether geography is really a facility-format interaction.
ward_facility_type_interaction,ward_facility_type,4,Daycare (2 - 6 Years),,facility_rank_within_ward,6.0,39,8,124,8,22,94,14500.0,18,3,12,38.4615,3.1795,371.7949,Test whether geography is really a facility-format interaction.
ward_facility_type_interaction,ward_facility_type,4,PANTRY,,facility_rank_within_ward,7.0,26,1,20,1,2,17,2700.0,6,1,1,7.6923,0.7692,103.8462,Test whether geography is really a facility-format interaction.
ward_facility_type_interaction,ward_facility_type,4,Special Event,,facility_rank_within_ward,8.0,26,9,66,19,10,37,9750.0,10,1,7,30.7692,2.5385,375.0,Test whether geography is really a facility-format interaction.
ward_facility_type_interaction,ward_facility_type,49,Restaurant,,facility_rank_within_ward,1.0,1458,258,6458,352,842,5264,735600.0,802,138,332,32.2359,4.4294,504.5267,Test whether geography is really a facility-format interaction.
ward_facility_type_interaction,ward_facility_type,49,Grocery Store,,facility_rank_within_ward,2.0,379,98,1621,83,208,1330,183950.0,224,33,87,31.6623,4.277,485.3562,Test whether geography is really a facility-format interaction.
ward_facility_type_interaction,ward_facility_type,49,School,,facility_rank_within_ward,3.0,134,14,519,11,69,439,54800.0,96,5,28,24.6269,3.8731,408.9552,Test whether geography is really a facility-format interaction.
ward_facility_type_interaction,ward_facility_type,49,Long Term Care,,facility_rank_within_ward,4.0,85,23,490,35,50,405,56800.0,37,17,23,47.0588,5.7647,668.2353,Test whether geography is really a facility-format interaction.
ward_facility_type_interaction,ward_facility_type,49,unknown,,facility_rank_within_ward,5.0,71,70,0,0,0,0,0.0,0,0,1,1.4085,0.0,0.0,Test whether geography is really a facility-format interaction.
ward_facility_type_interaction,ward_facility_type,49,Daycare (2 - 6 Years),,facility_rank_within_ward,6.0,55,13,206,10,21,175,20900.0,34,4,13,30.9091,3.7455,380.0,Test whether geography is really a facility-format interaction.
ward_facility_type_interaction,ward_facility_type,49,Bakery,,facility_rank_within_ward,7.0,26,3,149,2,22,125,14200.0,16,1,9,38.4615,5.7308,546.1538,Test whether geography is really a facility-format interaction.
ward_facility_type_interaction,ward_facility_type,49,Daycare Combo 1586,,facility_rank_within_ward,8.0,25,7,110,11,17,82,11550.0,18,1,5,24.0,4.4,462.0,Test whether geography is really a facility-format interaction.
ward_facility_type_interaction,ward_facility_type,50,Restaurant,,facility_rank_within_ward,1.0,1717,272,8533,597,1088,6848,968350.0,923,165,414,33.7216,4.9697,563.9779,Test whether geography is really a facility-format interaction.
ward_facility_type_interaction,ward_facility_type,50,Grocery Store,,facility_rank_within_ward,2.0,494,126,2377,121,308,1948,246050.0,276,33,136,34.2105,4.8117,498.0769,Test whether geography is really a facility-format interaction.
ward_facility_type_interaction,ward_facility_type,50,unknown,,facility_rank_within_ward,3.0,170,164,2,0,0,2,200.0,1,0,7,4.1176,0.0118,1.1765,Test whether geography is really a facility-format interaction.
ward_facility_type_interaction,ward_facility_type,50,School,,facility_rank_within_ward,4.0,103,14,357,10,31,316,36350.0,80,2,17,18.4466,3.466,352.9126,Test whether geography is really a facility-format interaction.
ward_facility_type_interaction,ward_facility_type,50,Bakery,,facility_rank_within_ward,5.0,91,14,493,16,65,412,49800.0,56,4,23,29.6703,5.4176,547.2527,Test whether geography is really a facility-format interaction.
ward_facility_type_interaction,ward_facility_type,50,Daycare (2 - 6 Years),,facility_rank_within_ward,6.0,66,18,228,13,26,189,24950.0,49,2,11,19.697,3.4545,378.0303,Test whether geography is really a facility-format interaction.
ward_facility_type_interaction,ward_facility_type,50,Long Term Care,,facility_rank_within_ward,7.0,42,12,256,9,48,199,27550.0,21,10,10,47.619,6.0952,655.9524,Test whether geography is really a facility-format interaction.
ward_facility_type_interaction,ward_facility_type,50,Daycare Above and Under 2 Years,,facility_rank_within_ward,8.0,20,5,77,6,4,67,8550.0,15,1,4,25.0,3.85,427.5,Test whether geography is really a facility-format interaction.
ward_facility_type_interaction,ward_facility_type,2,Restaurant,,facility_rank_within_ward,1.0,3608,633,13039,1036,1881,10122,1686200.0,2000,502,718,33.8137,3.6139,467.3503,Test whether geography is really a facility-format interaction.
ward_facility_type_interaction,ward_facility_type,2,Grocery Store,,facility_rank_within_ward,2.0,395,102,1316,105,195,1016,173900.0,232,50,83,33.6709,3.3316,440.2532,Test whether geography is really a facility-format interaction.
ward_facility_type_interaction,ward_facility_type,2,unknown,,facility_rank_within_ward,3.0,90,78,38,6,7,25,5050.0,16,2,4,6.6667,0.4222,56.1111,Test whether geography is really a facility-format interaction.
ward_facility_type_interaction,ward_facility_type,2,School,,facility_rank_within_ward,4.0,87,15,243,6,29,208,25550.0,70,0,11,12.6437,2.7931,293.6782,Test whether geography is really a facility-format interaction.
ward_facility_type_interaction,ward_facility_type,2,Daycare (2 - 6 Years),,facility_rank_within_ward,5.0,51,16,65,5,8,52,8300.0,36,1,8,17.6471,1.2745,162.7451,Test whether geography is really a facility-format interaction.
ward_facility_type_interaction,ward_facility_type,2,Bakery,,facility_rank_within_ward,6.0,36,6,162,7,17,138,17550.0,20,3,9,33.3333,4.5,487.5,Test whether geography is really a facility-format interaction.
ward_facility_type_interaction,ward_facility_type,2,Liquor,,facility_rank_within_ward,7.0,34,15,101,3,25,73,13500.0,19,1,14,44.1176,2.9706,397.0588,Test whether geography is really a facility-format interaction.
ward_facility_type_interaction,ward_facility_type,2,Daycare Combo 1586,,facility_rank_within_ward,8.0,24,7,54,3,5,46,6600.0,18,3,2,20.8333,2.25,275.0,Test whether geography is really a facility-format interaction.
ward_facility_type_interaction,ward_facility_type,27,Restaurant,,facility_rank_within_ward,1.0,4053,754,15848,1172,2212,12464,2011350.0,2273,512,859,33.8268,3.9102,496.262,Test whether geography is really a facility-format interaction.
ward_facility_type_interaction,ward_facility_type,27,Grocery Store,,facility_rank_within_ward,2.0,674,180,2610,212,463,1935,327000.0,359,57,166,33.0861,3.8724,485.1632,Test whether geography is really a facility-format interaction.
ward_facility_type_interaction,ward_facility_type,27,School,,facility_rank_within_ward,3.0,369,51,1137,52,147,938,132400.0,265,22,66,23.8482,3.0813,358.8076,Test whether geography is really a facility-format interaction.
ward_facility_type_interaction,ward_facility_type,27,Catering,,facility_rank_within_ward,4.0,227,61,708,51,71,586,80250.0,144,17,33,22.0264,3.1189,353.5242,Test whether geography is really a facility-format interaction.
ward_facility_type_interaction,ward_facility_type,27,unknown,,facility_rank_within_ward,5.0,123,113,0,0,0,0,0.0,12,0,8,6.5041,0.0,0.0,Test whether geography is really a facility-format interaction.
ward_facility_type_interaction,ward_facility_type,27,Mobile Food Preparer,,facility_rank_within_ward,6.0,120,35,272,72,80,120,43450.0,56,1,44,37.5,2.2667,362.0833,Test whether geography is really a facility-format interaction.
ward_facility_type_interaction,ward_facility_type,27,Wholesale,,facility_rank_within_ward,7.0,87,54,201,18,27,156,28100.0,59,1,20,24.1379,2.3103,322.9885,Test whether geography is really a facility-format interaction.
ward_facility_type_interaction,ward_facility_type,27,Liquor,,facility_rank_within_ward,8.0,78,28,183,35,36,112,25850.0,49,3,19,28.2051,2.3462,331.4103,Test whether geography is really a facility-format interaction.
ward_facility_type_interaction,ward_facility_type,30,Restaurant,,facility_rank_within_ward,1.0,1358,240,5158,278,526,4354,574200.0,798,128,226,26.0677,3.7982,422.8277,Test whether geography is really a facility-format interaction.
ward_facility_type_interaction,ward_facility_type,30,Grocery Store,,facility_rank_within_ward,2.0,362,95,1490,80,175,1235,171050.0,223,32,63,26.2431,4.116,472.5138,Test whether geography is really a facility-format interaction.
ward_facility_type_interaction,ward_facility_type,30,School,,facility_rank_within_ward,3.0,144,22,424,12,32,380,46800.0,121,3,13,11.1111,2.9444,325.0,Test whether geography is really a facility-format interaction.
ward_facility_type_interaction,ward_facility_type,30,unknown,,facility_rank_within_ward,4.0,79,76,0,0,0,0,0.0,6,0,7,8.8608,0.0,0.0,Test whether geography is really a facility-format interaction.
ward_facility_type_interaction,ward_facility_type,30,Bakery,,facility_rank_within_ward,5.0,70,13,270,13,38,219,31900.0,38,8,16,34.2857,3.8571,455.7143,Test whether geography is really a facility-format interaction.
ward_facility_type_interaction,ward_facility_type,30,Children's Services Facility,,facility_rank_within_ward,6.0,49,16,146,3,21,122,16500.0,40,2,5,14.2857,2.9796,336.7347,Test whether geography is really a facility-format interaction.
ward_facility_type_interaction,ward_facility_type,30,Daycare (2 - 6 Years),,facility_rank_within_ward,7.0,32,8,71,0,5,66,7350.0,27,0,3,9.375,2.2188,229.6875,Test whether geography is really a facility-format interaction.
ward_facility_type_interaction,ward_facility_type,30,GROCERY/RESTAURANT,,facility_rank_within_ward,8.0,28,3,125,10,6,109,15950.0,18,6,3,32.1429,4.4643,569.6429,Test whether geography is really a facility-format interaction.
ward_facility_type_interaction,ward_facility_type,31,Restaurant,,facility_rank_within_ward,1.0,1133,193,4469,200,480,3789,496250.0,707,95,198,25.8605,3.9444,437.9965,Test whether geography is really a facility-format interaction.
ward_facility_type_interaction,ward_facility_type,31,Grocery Store,,facility_rank_within_ward,2.0,387,101,1610,79,178,1353,179200.0,233,33,70,26.615,4.1602,463.0491,Test whether geography is really a facility-format interaction.
ward_facility_type_interaction,ward_facility_type,31,School,,facility_rank_within_ward,3.0,86,9,293,8,30,255,31650.0,65,7,12,22.093,3.407,368.0233,Test whether geography is really a facility-format interaction.
ward_facility_type_interaction,ward_facility_type,31,unknown,,facility_rank_within_ward,4.0,60,59,0,0,0,0,0.0,2,0,5,8.3333,0.0,0.0,Test whether geography is really a facility-format interaction.
ward_facility_type_interaction,ward_facility_type,31,Bakery,,facility_rank_within_ward,5.0,57,11,247,3,38,206,25750.0,40,1,12,22.807,4.3333,451.7544,Test whether geography is really a facility-format interaction.
ward_facility_type_interaction,ward_facility_type,31,Children's Services Facility,,facility_rank_within_ward,6.0,34,12,78,3,7,68,8700.0,29,2,3,14.7059,2.2941,255.8824,Test whether geography is really a facility-format interaction.
ward_facility_type_interaction,ward_facility_type,31,Daycare Combo 1586,,facility_rank_within_ward,7.0,16,4,64,2,12,50,5300.0,11,0,5,31.25,4.0,331.25,Test whether geography is really a facility-format interaction.
ward_facility_type_interaction,ward_facility_type,31,Daycare (2 - 6 Years),,facility_rank_within_ward,8.0,14,5,23,0,2,21,1850.0,11,0,1,7.1429,1.6429,132.1429,Test whether geography is really a facility-format interaction.
ward_facility_type_interaction,ward_facility_type,unknown,School,,facility_rank_within_ward,1.0,169,20,619,28,74,517,70400.0,125,6,34,23.6686,3.6627,416.568,Test whether geography is really a facility-format interaction.
ward_facility_type_interaction,ward_facility_type,unknown,Restaurant,,facility_rank_within_ward,2.0,111,18,364,13,36,315,42500.0,72,21,9,27.027,3.2793,382.8829,Test whether geography is really a facility-format interaction.
ward_facility_type_interaction,ward_facility_type,unknown,Grocery Store,,facility_rank_within_ward,3.0,38,10,201,22,28,151,26500.0,17,6,14,52.6316,5.2895,697.3684,Test whether geography is really a facility-format interaction.
ward_facility_type_interaction,ward_facility_type,unknown,Mobile Food Dispenser,,facility_rank_within_ward,4.0,27,18,25,13,2,10,5250.0,16,0,9,33.3333,0.9259,194.4444,Test whether geography is really a facility-format interaction.
ward_facility_type_interaction,ward_facility_type,unknown,Golden Diner,,facility_rank_within_ward,5.0,9,2,5,0,2,3,800.0,6,0,1,11.1111,0.5556,88.8889,Test whether geography is really a facility-format interaction.
ward_facility_type_interaction,ward_facility_type,unknown,unknown,,facility_rank_within_ward,6.0,8,8,0,0,0,0,0.0,1,0,0,0.0,0.0,0.0,Test whether geography is really a facility-format interaction.
ward_facility_type_interaction,ward_facility_type,unknown,Hospital,,facility_rank_within_ward,7.0,7,2,13,0,2,11,1050.0,5,0,1,14.2857,1.8571,150.0,Test whether geography is really a facility-format interaction.
ward_facility_type_interaction,ward_facility_type,unknown,Long Term Care,,facility_rank_within_ward,8.0,7,2,26,1,1,24,3150.0,4,2,0,28.5714,3.7143,450.0,Test whether geography is really a facility-format interaction.
ward_facility_type_interaction,ward_facility_type,24,Restaurant,,facility_rank_within_ward,1.0,682,119,2938,123,411,2404,338500.0,383,70,137,30.3519,4.3079,496.3343,Test whether geography is really a facility-format interaction.
ward_facility_type_interaction,ward_facility_type,24,Grocery Store,,facility_rank_within_ward,2.0,517,142,2313,168,362,1783,268200.0,263,30,137,32.3017,4.4739,518.7621,Test whether geography is really a facility-format interaction.
ward_facility_type_interaction,ward_facility_type,24,School,,facility_rank_within_ward,3.0,288,32,1376,60,141,1175,154950.0,199,18,65,28.8194,4.7778,538.0208,Test whether geography is really a facility-format interaction.
ward_facility_type_interaction,ward_facility_type,24,unknown,,facility_rank_within_ward,4.0,99,97,0,0,0,0,0.0,3,0,3,3.0303,0.0,0.0,Test whether geography is really a facility-format interaction.
ward_facility_type_interaction,ward_facility_type,24,Daycare (2 - 6 Years),,facility_rank_within_ward,5.0,47,10,176,2,16,158,17900.0,34,0,9,19.1489,3.7447,380.8511,Test whether geography is really a facility-format interaction.
ward_facility_type_interaction,ward_facility_type,24,Daycare (Under 2 Years),,facility_rank_within_ward,6.0,28,6,145,2,12,131,14250.0,21,0,6,21.4286,5.1786,508.9286,Test whether geography is really a facility-format interaction.
ward_facility_type_interaction,ward_facility_type,24,Daycare Combo 1586,,facility_rank_within_ward,7.0,17,4,98,8,10,80,10150.0,13,0,4,23.5294,5.7647,597.0588,Test whether geography is really a facility-format interaction.
ward_facility_type_interaction,ward_facility_type,24,Daycare Above and Under 2 Years,,facility_rank_within_ward,8.0,15,4,49,1,4,44,5650.0,11,0,2,13.3333,3.2667,376.6667,Test whether geography is really a facility-format interaction.
ward_facility_type_interaction,ward_facility_type,35,Restaurant,,facility_rank_within_ward,1.0,1476,270,6107,387,743,4977,687050.0,848,137,285,28.5908,4.1375,465.481,Test whether geography is really a facility-format interaction.
ward_facility_type_interaction,ward_facility_type,35,Grocery Store,,facility_rank_within_ward,2.0,414,118,1689,107,201,1381,183200.0,246,25,90,27.7778,4.0797,442.5121,Test whether geography is really a facility-format interaction.
ward_facility_type_interaction,ward_facility_type,35,unknown,,facility_rank_within_ward,3.0,137,132,0,0,0,0,0.0,3,0,4,2.9197,0.0,0.0,Test whether geography is really a facility-format interaction.
ward_facility_type_interaction,ward_facility_type,35,School,,facility_rank_within_ward,4.0,121,13,464,27,39,398,52750.0,89,8,21,23.9669,3.8347,435.9504,Test whether geography is really a facility-format interaction.
ward_facility_type_interaction,ward_facility_type,35,Bakery,,facility_rank_within_ward,5.0,74,10,387,17,49,321,40950.0,48,1,18,25.6757,5.2297,553.3784,Test whether geography is really a facility-format interaction.
ward_facility_type_interaction,ward_facility_type,35,Daycare (2 - 6 Years),,facility_rank_within_ward,6.0,34,12,84,2,5,77,8250.0,27,1,3,11.7647,2.4706,242.6471,Test whether geography is really a facility-format interaction.
ward_facility_type_interaction,ward_facility_type,35,Children's Services Facility,,facility_rank_within_ward,7.0,23,7,55,3,0,52,6500.0,20,2,0,8.6957,2.3913,282.6087,Test whether geography is really a facility-format interaction.
ward_facility_type_interaction,ward_facility_type,35,Mobile Food Dispenser,,facility_rank_within_ward,8.0,23,7,67,42,0,25,11800.0,7,0,15,65.2174,2.913,513.0435,Test whether geography is really a facility-format interaction.
ward_facility_type_interaction,ward_facility_type,37,Restaurant,,facility_rank_within_ward,1.0,717,128,3126,186,428,2512,351850.0,403,58,163,30.8229,4.3598,490.7252,Test whether geography is really a facility-format interaction.
ward_facility_type_interaction,ward_facility_type,37,Grocery Store,,facility_rank_within_ward,2.0,531,152,2322,114,380,1828,249900.0,274,36,148,34.6516,4.3729,470.6215,Test whether geography is really a facility-format interaction.
ward_facility_type_interaction,ward_facility_type,37,School,,facility_rank_within_ward,3.0,137,19,492,20,67,405,55150.0,94,12,27,28.4672,3.5912,402.5547,Test whether geography is really a facility-format interaction.
ward_facility_type_interaction,ward_facility_type,37,Daycare (2 - 6 Years),,facility_rank_within_ward,4.0,59,17,128,10,20,98,14650.0,40,1,13,23.7288,2.1695,248.3051,Test whether geography is really a facility-format interaction.
ward_facility_type_interaction,ward_facility_type,37,unknown,,facility_rank_within_ward,5.0,53,53,0,0,0,0,0.0,2,0,7,13.2075,0.0,0.0,Test whether geography is really a facility-format interaction.
ward_facility_type_interaction,ward_facility_type,37,Children's Services Facility,,facility_rank_within_ward,6.0,31,10,115,1,6,108,10750.0,26,1,4,16.129,3.7097,346.7742,Test whether geography is really a facility-format interaction.
ward_facility_type_interaction,ward_facility_type,37,Daycare Combo 1586,,facility_rank_within_ward,7.0,25,6,74,2,16,56,7550.0,18,0,7,28.0,2.96,302.0,Test whether geography is really a facility-format interaction.
ward_facility_type_interaction,ward_facility_type,37,Long Term Care,,facility_rank_within_ward,8.0,20,2,94,5,8,81,10300.0,17,1,2,15.0,4.7,515.0,Test whether geography is really a facility-format interaction.
ward_facility_type_interaction,ward_facility_type,12,Restaurant,,facility_rank_within_ward,1.0,1540,247,6475,371,793,5311,759750.0,927,148,303,29.2857,4.2045,493.3442,Test whether geography is really a facility-format interaction.
ward_facility_type_interaction,ward_facility_type,12,Grocery Store,,facility_rank_within_ward,2.0,513,121,2313,159,320,1834,265550.0,293,35,138,33.7232,4.5088,517.6413,Test whether geography is really a facility-format interaction.
ward_facility_type_interaction,ward_facility_type,12,School,,facility_rank_within_ward,3.0,179,20,640,19,68,553,67850.0,137,10,30,22.3464,3.5754,379.0503,Test whether geography is really a facility-format interaction.
ward_facility_type_interaction,ward_facility_type,12,unknown,,facility_rank_within_ward,4.0,85,84,6,0,1,5,500.0,3,0,16,18.8235,0.0706,5.8824,Test whether geography is really a facility-format interaction.
ward_facility_type_interaction,ward_facility_type,12,Bakery,,facility_rank_within_ward,5.0,74,11,360,27,61,272,41750.0,33,6,26,43.2432,4.8649,564.1892,Test whether geography is really a facility-format interaction.
ward_facility_type_interaction,ward_facility_type,12,Mobile Food Dispenser,,facility_rank_within_ward,6.0,30,25,23,10,0,13,3700.0,24,2,3,16.6667,0.7667,123.3333,Test whether geography is really a facility-format interaction.
ward_facility_type_interaction,ward_facility_type,12,Daycare (2 - 6 Years),,facility_rank_within_ward,7.0,20,5,59,2,4,53,6300.0,16,2,1,15.0,2.95,315.0,Test whether geography is really a facility-format interaction.
ward_facility_type_interaction,ward_facility_type,12,Wholesale,,facility_rank_within_ward,8.0,20,9,86,10,20,56,10050.0,8,0,11,55.0,4.3,502.5,Test whether geography is really a facility-format interaction.
ward_facility_type_interaction,ward_facility_type,11,Restaurant,,facility_rank_within_ward,1.0,1747,253,6577,424,755,5398,784400.0,1120,187,297,27.7046,3.7647,448.9983,Test whether geography is really a facility-format interaction.
ward_facility_type_interaction,ward_facility_type,11,Grocery Store,,facility_rank_within_ward,2.0,218,49,778,50,63,665,87750.0,137,20,38,26.6055,3.5688,402.5229,Test whether geography is really a facility-format interaction.
ward_facility_type_interaction,ward_facility_type,11,School,,facility_rank_within_ward,3.0,173,22,495,3,57,435,52450.0,140,6,23,16.763,2.8613,303.1792,Test whether geography is really a facility-format interaction.
ward_facility_type_interaction,ward_facility_type,11,Mobile Food Dispenser,,facility_rank_within_ward,4.0,160,107,74,39,10,25,19700.0,113,5,35,25.0,0.4625,123.125,Test whether geography is really a facility-format interaction.
ward_facility_type_interaction,ward_facility_type,11,unknown,,facility_rank_within_ward,5.0,75,71,0,0,0,0,0.0,4,0,8,10.6667,0.0,0.0,Test whether geography is really a facility-format interaction.
ward_facility_type_interaction,ward_facility_type,11,Wholesale,,facility_rank_within_ward,6.0,66,29,286,18,58,210,33950.0,36,3,25,42.4242,4.3333,514.3939,Test whether geography is really a facility-format interaction.
ward_facility_type_interaction,ward_facility_type,11,Bakery,,facility_rank_within_ward,7.0,34,9,117,6,25,86,12650.0,22,0,6,17.6471,3.4412,372.0588,Test whether geography is really a facility-format interaction.
ward_facility_type_interaction,ward_facility_type,11,Daycare (2 - 6 Years),,facility_rank_within_ward,8.0,22,7,48,0,4,44,4000.0,19,0,3,13.6364,2.1818,181.8182,Test whether geography is really a facility-format interaction.
ward_facility_type_interaction,ward_facility_type,45,Restaurant,,facility_rank_within_ward,1.0,1609,235,6520,338,589,5593,727400.0,1052,143,241,23.8658,4.0522,452.082,Test whether geography is really a facility-format interaction.
ward_facility_type_interaction,ward_facility_type,45,Grocery Store,,facility_rank_within_ward,2.0,285,79,1078,61,110,907,126950.0,184,25,50,26.3158,3.7825,445.4386,Test whether geography is really a facility-format interaction.
ward_facility_type_interaction,ward_facility_type,45,Bakery,,facility_rank_within_ward,3.0,152,20,671,27,55,589,72650.0,108,14,21,23.0263,4.4145,477.9605,Test whether geography is really a facility-format interaction.
ward_facility_type_interaction,ward_facility_type,45,School,,facility_rank_within_ward,4.0,139,16,472,5,68,399,48500.0,109,6,21,19.4245,3.3957,348.9209,Test whether geography is really a facility-format interaction.
ward_facility_type_interaction,ward_facility_type,45,unknown,,facility_rank_within_ward,5.0,97,93,0,0,0,0,0.0,16,0,8,8.2474,0.0,0.0,Test whether geography is really a facility-format interaction.
ward_facility_type_interaction,ward_facility_type,45,Daycare (2 - 6 Years),,facility_rank_within_ward,6.0,62,14,226,3,23,200,24850.0,54,0,7,11.2903,3.6452,400.8065,Test whether geography is really a facility-format interaction.
ward_facility_type_interaction,ward_facility_type,45,Catering,,facility_rank_within_ward,7.0,35,4,100,1,5,94,10850.0,20,3,2,14.2857,2.8571,310.0,Test whether geography is really a facility-format interaction.
ward_facility_type_interaction,ward_facility_type,45,Children's Services Facility,,facility_rank_within_ward,8.0,17,4,57,7,10,40,7250.0,11,0,4,23.5294,3.3529,426.4706,Test whether geography is really a facility-format interaction.
ward_facility_type_interaction,ward_facility_type,36,Restaurant,,facility_rank_within_ward,1.0,889,142,3636,168,461,3007,415400.0,533,103,159,29.4713,4.09,467.2666,Test whether geography is really a facility-format interaction.
ward_facility_type_interaction,ward_facility_type,36,Grocery Store,,facility_rank_within_ward,2.0,227,66,978,50,118,810,107700.0,147,21,43,28.1938,4.3084,474.4493,Test whether geography is really a facility-format interaction.
ward_facility_type_interaction,ward_facility_type,36,School,,facility_rank_within_ward,3.0,134,14,527,25,45,457,57450.0,102,7,24,23.1343,3.9328,428.7313,Test whether geography is really a facility-format interaction.
ward_facility_type_interaction,ward_facility_type,36,unknown,,facility_rank_within_ward,4.0,44,43,0,0,0,0,0.0,4,0,1,2.2727,0.0,0.0,Test whether geography is really a facility-format interaction.
ward_facility_type_interaction,ward_facility_type,36,BANQUET HALL,,facility_rank_within_ward,5.0,37,5,107,1,16,90,10050.0,13,0,12,32.4324,2.8919,271.6216,Test whether geography is really a facility-format interaction.
ward_facility_type_interaction,ward_facility_type,36,Bakery,,facility_rank_within_ward,6.0,36,4,219,9,37,173,21900.0,22,3,11,38.8889,6.0833,608.3333,Test whether geography is really a facility-format interaction.
ward_facility_type_interaction,ward_facility_type,36,Children's Services Facility,,facility_rank_within_ward,7.0,26,7,51,3,9,39,6650.0,17,2,5,26.9231,1.9615,255.7692,Test whether geography is really a facility-format interaction.
ward_facility_type_interaction,ward_facility_type,36,Daycare Above and Under 2 Years,,facility_rank_within_ward,8.0,21,6,45,0,0,45,4500.0,17,0,1,4.7619,2.1429,214.2857,Test whether geography is really a facility-format interaction.
ward_facility_type_interaction,ward_facility_type,39,Restaurant,,facility_rank_within_ward,1.0,1496,221,6245,304,658,5283,699250.0,947,135,267,26.8717,4.1745,467.4131,Test whether geography is really a facility-format interaction.
ward_facility_type_interaction,ward_facility_type,39,Grocery Store,,facility_rank_within_ward,2.0,340,92,1298,82,128,1088,149750.0,214,17,69,25.2941,3.8176,440.4412,Test whether geography is really a facility-format interaction.
ward_facility_type_interaction,ward_facility_type,39,School,,facility_rank_within_ward,3.0,123,12,510,22,87,401,58900.0,88,8,26,27.6423,4.1463,478.8618,Test whether geography is really a facility-format interaction.
ward_facility_type_interaction,ward_facility_type,39,unknown,,facility_rank_within_ward,4.0,81,76,0,0,0,0,0.0,7,0,3,3.7037,0.0,0.0,Test whether geography is really a facility-format interaction.
ward_facility_type_interaction,ward_facility_type,39,Daycare (2 - 6 Years),,facility_rank_within_ward,5.0,61,15,177,7,21,149,19250.0,47,4,7,18.0328,2.9016,315.5738,Test whether geography is really a facility-format interaction.
ward_facility_type_interaction,ward_facility_type,39,Children's Services Facility,,facility_rank_within_ward,6.0,37,12,99,2,11,86,9300.0,27,0,7,18.9189,2.6757,251.3514,Test whether geography is really a facility-format interaction.
ward_facility_type_interaction,ward_facility_type,39,Long Term Care,,facility_rank_within_ward,7.0,25,8,117,2,20,95,11250.0,15,5,5,40.0,4.68,450.0,Test whether geography is really a facility-format interaction.
ward_facility_type_interaction,ward_facility_type,39,Liquor,,facility_rank_within_ward,8.0,18,8,78,5,14,59,8300.0,10,0,8,44.4444,4.3333,461.1111,Test whether geography is really a facility-format interaction.
ward_facility_type_interaction,ward_facility_type,6,Restaurant,,facility_rank_within_ward,1.0,1202,207,5264,354,716,4194,648350.0,631,144,278,35.1082,4.3794,539.3927,Test whether geography is really a facility-format interaction.
ward_facility_type_interaction,ward_facility_type,6,Grocery Store,,facility_rank_within_ward,2.0,548,150,2662,151,460,2051,310700.0,276,40,172,38.6861,4.8577,566.9708,Test whether geography is really a facility-format interaction.
ward_facility_type_interaction,ward_facility_type,6,School,,facility_rank_within_ward,3.0,254,29,924,34,143,747,106500.0,164,9,61,27.5591,3.6378,419.2913,Test whether geography is really a facility-format interaction.
ward_facility_type_interaction,ward_facility_type,6,unknown,,facility_rank_within_ward,4.0,90,85,14,2,2,10,1550.0,1,0,14,15.5556,0.1556,17.2222,Test whether geography is really a facility-format interaction.
ward_facility_type_interaction,ward_facility_type,6,Daycare (2 - 6 Years),,facility_rank_within_ward,5.0,61,13,217,7,39,171,22400.0,36,2,20,36.0656,3.5574,367.2131,Test whether geography is really a facility-format interaction.
ward_facility_type_interaction,ward_facility_type,6,Daycare Above and Under 2 Years,,facility_rank_within_ward,6.0,55,15,169,4,26,139,20900.0,40,2,8,18.1818,3.0727,380.0,Test whether geography is really a facility-format interaction.
ward_facility_type_interaction,ward_facility_type,6,Children's Services Facility,,facility_rank_within_ward,7.0,52,14,200,14,29,157,22700.0,37,2,12,26.9231,3.8462,436.5385,Test whether geography is really a facility-format interaction.
ward_facility_type_interaction,ward_facility_type,6,Daycare Combo 1586,,facility_rank_within_ward,8.0,41,12,114,4,34,76,12500.0,28,0,10,24.3902,2.7805,304.878,Test whether geography is really a facility-format interaction.
ward_facility_type_interaction,ward_facility_type,5,Restaurant,,facility_rank_within_ward,1.0,1219,190,5467,368,684,4415,681500.0,714,134,283,34.2084,4.4848,559.0648,Test whether geography is really a facility-format interaction.
ward_facility_type_interaction,ward_facility_type,5,Grocery Store,,facility_rank_within_ward,2.0,304,73,1345,104,223,1018,162100.0,152,22,97,39.1447,4.4243,533.2237,Test whether geography is really a facility-format interaction.
ward_facility_type_interaction,ward_facility_type,5,School,,facility_rank_within_ward,3.0,142,19,613,26,101,486,70300.0,92,4,42,32.3944,4.3169,495.0704,Test whether geography is really a facility-format interaction.
ward_facility_type_interaction,ward_facility_type,5,Daycare (2 - 6 Years),,facility_rank_within_ward,4.0,58,14,163,11,21,131,19250.0,39,4,9,22.4138,2.8103,331.8966,Test whether geography is really a facility-format interaction.
ward_facility_type_interaction,ward_facility_type,5,unknown,,facility_rank_within_ward,5.0,37,34,0,0,0,0,0.0,0,0,11,29.7297,0.0,0.0,Test whether geography is really a facility-format interaction.
ward_facility_type_interaction,ward_facility_type,5,Hospital,,facility_rank_within_ward,6.0,28,9,81,4,5,72,9150.0,18,4,2,21.4286,2.8929,326.7857,Test whether geography is really a facility-format interaction.
ward_facility_type_interaction,ward_facility_type,5,Catering,,facility_rank_within_ward,7.0,26,3,134,11,24,99,17600.0,12,5,6,42.3077,5.1538,676.9231,Test whether geography is really a facility-format interaction.
ward_facility_type_interaction,ward_facility_type,5,Daycare Above and Under 2 Years,,facility_rank_within_ward,8.0,24,8,88,6,12,70,10250.0,19,0,4,16.6667,3.6667,427.0833,Test whether geography is really a facility-format interaction.
ward_facility_type_interaction,ward_facility_type,7,Restaurant,,facility_rank_within_ward,1.0,527,78,1957,109,226,1622,242100.0,315,69,85,29.222,3.7135,459.3928,Test whether geography is really a facility-format interaction.
ward_facility_type_interaction,ward_facility_type,7,Grocery Store,,facility_rank_within_ward,2.0,340,89,1424,111,268,1045,177900.0,178,27,104,38.5294,4.1882,523.2353,Test whether geography is really a facility-format interaction.
ward_facility_type_interaction,ward_facility_type,7,School,,facility_rank_within_ward,3.0,157,23,497,14,70,413,57700.0,115,7,27,21.6561,3.1656,367.5159,Test whether geography is really a facility-format interaction.
ward_facility_type_interaction,ward_facility_type,7,Daycare (2 - 6 Years),,facility_rank_within_ward,4.0,112,31,346,16,49,281,37150.0,74,3,24,24.1071,3.0893,331.6964,Test whether geography is really a facility-format interaction.
ward_facility_type_interaction,ward_facility_type,7,Daycare Above and Under 2 Years,,facility_rank_within_ward,5.0,74,19,245,11,28,206,27200.0,51,4,18,29.7297,3.3108,367.5676,Test whether geography is really a facility-format interaction.
ward_facility_type_interaction,ward_facility_type,7,Long Term Care,,facility_rank_within_ward,6.0,36,11,106,4,10,92,11700.0,22,5,5,27.7778,2.9444,325.0,Test whether geography is really a facility-format interaction.
ward_facility_type_interaction,ward_facility_type,7,unknown,,facility_rank_within_ward,7.0,23,20,0,0,0,0,0.0,0,0,6,26.087,0.0,0.0,Test whether geography is really a facility-format interaction.
ward_facility_type_interaction,ward_facility_type,7,Hospital,,facility_rank_within_ward,8.0,13,3,34,0,4,30,3750.0,10,2,1,23.0769,2.6154,288.4615,Test whether geography is really a facility-format interaction.
ward_facility_type_interaction,ward_facility_type,9,Restaurant,,facility_rank_within_ward,1.0,571,92,2706,153,377,2176,350550.0,316,66,129,34.1506,4.7391,613.9229,Test whether geography is really a facility-format interaction.
ward_facility_type_interaction,ward_facility_type,9,Grocery Store,,facility_rank_within_ward,2.0,389,97,1888,131,340,1417,241400.0,188,47,107,39.5887,4.8535,620.5656,Test whether geography is really a facility-format interaction.
ward_facility_type_interaction,ward_facility_type,9,School,,facility_rank_within_ward,3.0,254,28,919,45,162,712,113650.0,162,15,70,33.4646,3.6181,447.4409,Test whether geography is really a facility-format interaction.
ward_facility_type_interaction,ward_facility_type,9,Daycare (2 - 6 Years),,facility_rank_within_ward,4.0,71,19,193,8,32,153,22500.0,48,1,17,25.3521,2.7183,316.9014,Test whether geography is really a facility-format interaction.
ward_facility_type_interaction,ward_facility_type,9,Daycare Above and Under 2 Years,,facility_rank_within_ward,5.0,70,19,278,8,39,231,33700.0,48,3,15,25.7143,3.9714,481.4286,Test whether geography is really a facility-format interaction.
ward_facility_type_interaction,ward_facility_type,9,unknown,,facility_rank_within_ward,6.0,50,48,0,0,0,0,0.0,0,0,3,6.0,0.0,0.0,Test whether geography is really a facility-format interaction.
ward_facility_type_interaction,ward_facility_type,9,Daycare Combo 1586,,facility_rank_within_ward,7.0,20,5,89,9,15,65,11550.0,9,0,9,45.0,4.45,577.5,Test whether geography is really a facility-format interaction.
ward_facility_type_interaction,ward_facility_type,9,Golden Diner,,facility_rank_within_ward,8.0,14,3,28,0,8,20,4000.0,11,0,2,14.2857,2.0,285.7143,Test whether geography is really a facility-format interaction.
ward_facility_type_interaction,ward_facility_type,1,Restaurant,,facility_rank_within_ward,1.0,3710,649,14941,1003,2100,11838,1768150.0,2107,352,821,31.6173,4.0272,476.5903,Test whether geography is really a facility-format interaction.
ward_facility_type_interaction,ward_facility_type,1,Grocery Store,,facility_rank_within_ward,2.0,468,132,1799,135,253,1411,217900.0,266,49,102,32.265,3.844,465.5983,Test whether geography is really a facility-format interaction.
ward_facility_type_interaction,ward_facility_type,1,School,,facility_rank_within_ward,3.0,230,32,912,27,114,771,98500.0,165,11,44,23.913,3.9652,428.2609,Test whether geography is really a facility-format interaction.
ward_facility_type_interaction,ward_facility_type,1,unknown,,facility_rank_within_ward,4.0,122,112,0,0,0,0,0.0,9,0,10,8.1967,0.0,0.0,Test whether geography is really a facility-format interaction.
ward_facility_type_interaction,ward_facility_type,1,Bakery,,facility_rank_within_ward,5.0,103,29,253,2,31,220,26850.0,65,3,13,15.534,2.4563,260.6796,Test whether geography is really a facility-format interaction.
ward_facility_type_interaction,ward_facility_type,1,Liquor,,facility_rank_within_ward,6.0,54,22,168,10,32,126,18100.0,29,0,18,33.3333,3.1111,335.1852,Test whether geography is really a facility-format interaction.
ward_facility_type_interaction,ward_facility_type,1,Catering,,facility_rank_within_ward,7.0,41,11,88,4,14,70,10250.0,23,2,8,24.3902,2.1463,250.0,Test whether geography is really a facility-format interaction.
ward_facility_type_interaction,ward_facility_type,1,Daycare (2 - 6 Years),,facility_rank_within_ward,8.0,32,10,82,4,12,66,9050.0,23,2,4,18.75,2.5625,282.8125,Test whether geography is really a facility-format interaction.
ward_facility_type_interaction,ward_facility_type,18,Restaurant,,facility_rank_within_ward,1.0,1069,190,3723,211,379,3133,438750.0,691,109,156,24.7895,3.4827,410.4303,Test whether geography is really a facility-format interaction.
ward_facility_type_interaction,ward_facility_type,18,Grocery Store,,facility_rank_within_ward,2.0,183,58,626,32,92,502,76200.0,111,11,41,28.4153,3.4208,416.3934,Test whether geography is really a facility-format interaction.
ward_facility_type_interaction,ward_facility_type,18,School,,facility_rank_within_ward,3.0,111,16,306,13,43,250,36050.0,86,5,18,20.7207,2.7568,324.7748,Test whether geography is really a facility-format interaction.
ward_facility_type_interaction,ward_facility_type,18,Daycare Above and Under 2 Years,,facility_rank_within_ward,4.0,70,19,115,2,6,107,12950.0,54,0,3,4.2857,1.6429,185.0,Test whether geography is really a facility-format interaction.
ward_facility_type_interaction,ward_facility_type,18,Children's Services Facility,,facility_rank_within_ward,5.0,61,19,97,4,16,77,11200.0,45,3,8,18.0328,1.5902,183.6066,Test whether geography is really a facility-format interaction.
ward_facility_type_interaction,ward_facility_type,18,Daycare (2 - 6 Years),,facility_rank_within_ward,6.0,56,13,134,2,13,119,13300.0,36,1,10,19.6429,2.3929,237.5,Test whether geography is really a facility-format interaction.
ward_facility_type_interaction,ward_facility_type,18,Daycare Combo 1586,,facility_rank_within_ward,7.0,55,13,169,7,28,134,20850.0,37,3,9,21.8182,3.0727,379.0909,Test whether geography is really a facility-format interaction.
ward_facility_type_interaction,ward_facility_type,18,unknown,,facility_rank_within_ward,8.0,51,50,0,0,0,0,0.0,0,0,3,5.8824,0.0,0.0,Test whether geography is really a facility-format interaction.
ward_facility_type_interaction,ward_facility_type,22,Restaurant,,facility_rank_within_ward,1.0,919,175,4130,238,425,3467,489850.0,562,87,168,27.7476,4.494,533.025,Test whether geography is really a facility-format interaction.
ward_facility_type_interaction,ward_facility_type,22,Grocery Store,,facility_rank_within_ward,2.0,483,138,2174,108,291,1775,239150.0,279,36,113,30.8489,4.501,495.1346,Test whether geography is really a facility-format interaction.
ward_facility_type_interaction,ward_facility_type,22,School,,facility_rank_within_ward,3.0,231,25,926,29,108,789,104950.0,171,15,42,24.6753,4.0087,454.329,Test whether geography is really a facility-format interaction.
ward_facility_type_interaction,ward_facility_type,22,Bakery,,facility_rank_within_ward,4.0,82,10,481,36,45,400,54750.0,45,7,28,42.6829,5.8659,667.6829,Test whether geography is really a facility-format interaction.
ward_facility_type_interaction,ward_facility_type,22,unknown,,facility_rank_within_ward,5.0,80,75,0,0,0,0,0.0,0,1,1,2.5,0.0,0.0,Test whether geography is really a facility-format interaction.
ward_facility_type_interaction,ward_facility_type,22,Long Term Care,,facility_rank_within_ward,6.0,25,6,116,6,18,92,14150.0,12,2,8,40.0,4.64,566.0,Test whether geography is really a facility-format interaction.
ward_facility_type_interaction,ward_facility_type,22,Liquor,,facility_rank_within_ward,7.0,15,6,78,12,21,45,12950.0,7,0,8,53.3333,5.2,863.3333,Test whether geography is really a facility-format interaction.
ward_facility_type_interaction,ward_facility_type,22,Daycare (2 - 6 Years),,facility_rank_within_ward,8.0,14,4,38,0,7,31,4500.0,6,1,5,42.8571,2.7143,321.4286,Test whether geography is really a facility-format interaction.
ward_facility_type_interaction,ward_facility_type,42,Restaurant,,facility_rank_within_ward,1.0,14432,2574,43979,3401,4802,35776,5617050.0,9453,1900,2112,27.7993,3.0473,389.208,Test whether geography is really a facility-format interaction.
ward_facility_type_interaction,ward_facility_type,42,Grocery Store,,facility_rank_within_ward,2.0,965,351,1908,134,194,1580,235900.0,645,87,112,20.6218,1.9772,244.456,Test whether geography is really a facility-format interaction.
ward_facility_type_interaction,ward_facility_type,42,unknown,,facility_rank_within_ward,3.0,277,253,50,5,12,33,7750.0,43,5,24,10.4693,0.1805,27.9783,Test whether geography is really a facility-format interaction.
ward_facility_type_interaction,ward_facility_type,42,Catering,,facility_rank_within_ward,4.0,77,13,273,18,36,219,33700.0,48,7,16,29.8701,3.5455,437.6623,Test whether geography is really a facility-format interaction.
ward_facility_type_interaction,ward_facility_type,42,Liquor,,facility_rank_within_ward,5.0,57,36,67,16,17,34,11450.0,32,3,17,35.0877,1.1754,200.8772,Test whether geography is really a facility-format interaction.
ward_facility_type_interaction,ward_facility_type,42,Bakery,,facility_rank_within_ward,6.0,53,12,111,10,18,83,14300.0,37,5,8,24.5283,2.0943,269.8113,Test whether geography is really a facility-format interaction.
ward_facility_type_interaction,ward_facility_type,42,Children's Services Facility,,facility_rank_within_ward,7.0,40,12,97,4,14,79,10550.0,33,1,6,17.5,2.425,263.75,Test whether geography is really a facility-format interaction.
ward_facility_type_interaction,ward_facility_type,42,School,,facility_rank_within_ward,8.0,36,7,77,3,5,69,8650.0,29,1,4,13.8889,2.1389,240.2778,Test whether geography is really a facility-format interaction.
ward_facility_type_interaction,ward_facility_type,15,Restaurant,,facility_rank_within_ward,1.0,745,123,2657,136,298,2223,316400.0,475,75,111,24.9664,3.5664,424.698,Test whether geography is really a facility-format interaction.
ward_facility_type_interaction,ward_facility_type,15,Grocery Store,,facility_rank_within_ward,2.0,418,108,1655,104,285,1266,205100.0,207,38,118,37.3206,3.9593,490.6699,Test whether geography is really a facility-format interaction.
ward_facility_type_interaction,ward_facility_type,15,School,,facility_rank_within_ward,3.0,170,19,522,21,86,415,57450.0,128,6,34,23.5294,3.0706,337.9412,Test whether geography is really a facility-format interaction.
ward_facility_type_interaction,ward_facility_type,15,Bakery,,facility_rank_within_ward,4.0,54,9,190,12,29,149,22050.0,32,6,13,35.1852,3.5185,408.3333,Test whether geography is really a facility-format interaction.
ward_facility_type_interaction,ward_facility_type,15,unknown,,facility_rank_within_ward,5.0,54,50,14,6,8,0,2500.0,3,0,2,3.7037,0.2593,46.2963,Test whether geography is really a facility-format interaction.
ward_facility_type_interaction,ward_facility_type,15,Children's Services Facility,,facility_rank_within_ward,6.0,48,11,135,9,27,99,17600.0,31,1,9,20.8333,2.8125,366.6667,Test whether geography is really a facility-format interaction.
ward_facility_type_interaction,ward_facility_type,15,Mobile Food Dispenser,,facility_rank_within_ward,7.0,26,23,0,0,0,0,0.0,23,0,0,0.0,0.0,0.0,Test whether geography is really a facility-format interaction.
ward_facility_type_interaction,ward_facility_type,15,Wholesale,,facility_rank_within_ward,8.0,23,7,104,19,19,66,14850.0,14,0,9,39.1304,4.5217,645.6522,Test whether geography is really a facility-format interaction.
ward_facility_type_interaction,ward_facility_type,20,Restaurant,,facility_rank_within_ward,1.0,715,122,3033,192,395,2446,356600.0,417,66,148,29.9301,4.242,498.7413,Test whether geography is really a facility-format interaction.
ward_facility_type_interaction,ward_facility_type,20,Grocery Store,,facility_rank_within_ward,2.0,451,124,2198,137,401,1660,243700.0,213,30,152,40.3548,4.8736,540.3548,Test whether geography is really a facility-format interaction.
ward_facility_type_interaction,ward_facility_type,20,School,,facility_rank_within_ward,3.0,304,40,1078,29,150,899,117750.0,221,10,60,23.0263,3.5461,387.3355,Test whether geography is really a facility-format interaction.
ward_facility_type_interaction,ward_facility_type,20,Children's Services Facility,,facility_rank_within_ward,4.0,70,19,343,28,40,275,38450.0,42,1,22,32.8571,4.9,549.2857,Test whether geography is really a facility-format interaction.
ward_facility_type_interaction,ward_facility_type,20,unknown,,facility_rank_within_ward,5.0,46,44,0,0,0,0,0.0,1,0,3,6.5217,0.0,0.0,Test whether geography is really a facility-format interaction.
ward_facility_type_interaction,ward_facility_type,20,Daycare (2 - 6 Years),,facility_rank_within_ward,6.0,40,12,169,7,23,139,17050.0,19,1,14,37.5,4.225,426.25,Test whether geography is really a facility-format interaction.
ward_facility_type_interaction,ward_facility_type,20,Daycare Above and Under 2 Years,,facility_rank_within_ward,7.0,28,9,80,4,20,56,10150.0,18,1,5,21.4286,2.8571,362.5,Test whether geography is really a facility-format interaction.
ward_facility_type_interaction,ward_facility_type,20,Daycare Combo 1586,,facility_rank_within_ward,8.0,26,8,70,0,14,56,7650.0,16,0,5,19.2308,2.6923,294.2308,Test whether geography is really a facility-format interaction.
ward_facility_type_interaction,ward_facility_type,16,Restaurant,,facility_rank_within_ward,1.0,980,187,3682,213,487,2982,434400.0,566,74,195,27.449,3.7571,443.2653,Test whether geography is really a facility-format interaction.
ward_facility_type_interaction,ward_facility_type,16,Grocery Store,,facility_rank_within_ward,2.0,610,176,2433,200,404,1829,296100.0,302,32,194,37.0492,3.9885,485.4098,Test whether geography is really a facility-format interaction.
ward_facility_type_interaction,ward_facility_type,16,School,,facility_rank_within_ward,3.0,171,19,624,16,71,537,72600.0,126,7,33,23.3918,3.6491,424.5614,Test whether geography is really a facility-format interaction.
ward_facility_type_interaction,ward_facility_type,16,unknown,,facility_rank_within_ward,4.0,99,96,2,0,0,2,200.0,1,0,5,5.0505,0.0202,2.0202,Test whether geography is really a facility-format interaction.
ward_facility_type_interaction,ward_facility_type,16,Daycare Above and Under 2 Years,,facility_rank_within_ward,5.0,63,15,190,21,30,139,21450.0,42,1,17,28.5714,3.0159,340.4762,Test whether geography is really a facility-format interaction.
ward_facility_type_interaction,ward_facility_type,16,Daycare (2 - 6 Years),,facility_rank_within_ward,6.0,31,10,75,1,19,55,8250.0,18,2,4,19.3548,2.4194,266.129,Test whether geography is really a facility-format interaction.
ward_facility_type_interaction,ward_facility_type,16,Children's Services Facility,,facility_rank_within_ward,7.0,27,7,73,5,15,53,9850.0,18,1,7,29.6296,2.7037,364.8148,Test whether geography is really a facility-format interaction.
ward_facility_type_interaction,ward_facility_type,16,Bakery,,facility_rank_within_ward,8.0,13,4,34,0,2,32,3150.0,7,0,4,30.7692,2.6154,242.3077,Test whether geography is really a facility-format interaction.
ward_facility_type_interaction,ward_facility_type,17,Restaurant,,facility_rank_within_ward,1.0,897,162,3377,215,475,2687,419650.0,491,95,180,30.6577,3.7648,467.8372,Test whether geography is really a facility-format interaction.
ward_facility_type_interaction,ward_facility_type,17,Grocery Store,,facility_rank_within_ward,2.0,501,145,2160,109,362,1689,254100.0,259,35,148,36.5269,4.3114,507.1856,Test whether geography is really a facility-format interaction.
ward_facility_type_interaction,ward_facility_type,17,School,,facility_rank_within_ward,3.0,188,23,658,32,85,541,78800.0,129,11,37,25.5319,3.5,419.1489,Test whether geography is really a facility-format interaction.
ward_facility_type_interaction,ward_facility_type,17,Daycare (2 - 6 Years),,facility_rank_within_ward,4.0,98,24,279,12,56,211,33600.0,57,3,28,31.6327,2.8469,342.8571,Test whether geography is really a facility-format interaction.
ward_facility_type_interaction,ward_facility_type,17,unknown,,facility_rank_within_ward,5.0,78,73,14,2,0,12,1900.0,4,0,5,6.4103,0.1795,24.359,Test whether geography is really a facility-format interaction.
ward_facility_type_interaction,ward_facility_type,17,Children's Services Facility,,facility_rank_within_ward,6.0,45,12,145,8,35,102,17150.0,29,1,14,33.3333,3.2222,381.1111,Test whether geography is really a facility-format interaction.
ward_facility_type_interaction,ward_facility_type,17,Daycare Above and Under 2 Years,,facility_rank_within_ward,7.0,45,13,137,4,16,117,12400.0,32,0,10,22.2222,3.0444,275.5556,Test whether geography is really a facility-format interaction.
ward_facility_type_interaction,ward_facility_type,17,Daycare Combo 1586,,facility_rank_within_ward,8.0,40,13,106,8,20,78,14100.0,28,1,9,25.0,2.65,352.5,Test whether geography is really a facility-format interaction.
ward_facility_type_interaction,ward_facility_type,43,Restaurant,,facility_rank_within_ward,1.0,2934,540,12913,1083,1826,10004,1622350.0,1473,465,625,37.1506,4.4012,552.9482,Test whether geography is really a facility-format interaction.
ward_facility_type_interaction,ward_facility_type,43,Grocery Store,,facility_rank_within_ward,2.0,174,55,677,53,76,548,85050.0,97,29,36,37.3563,3.8908,488.7931,Test whether geography is really a facility-format interaction.
ward_facility_type_interaction,ward_facility_type,43,School,,facility_rank_within_ward,3.0,89,12,280,9,37,234,31500.0,66,6,15,23.5955,3.1461,353.9326,Test whether geography is really a facility-format interaction.
ward_facility_type_interaction,ward_facility_type,43,unknown,,facility_rank_within_ward,4.0,89,85,5,0,1,4,650.0,0,1,8,10.1124,0.0562,7.3034,Test whether geography is really a facility-format interaction.
ward_facility_type_interaction,ward_facility_type,43,Bakery,,facility_rank_within_ward,5.0,87,16,349,18,50,281,40600.0,49,12,16,32.1839,4.0115,466.6667,Test whether geography is really a facility-format interaction.
ward_facility_type_interaction,ward_facility_type,43,Long Term Care,,facility_rank_within_ward,6.0,41,11,155,8,13,134,17350.0,28,5,5,24.3902,3.7805,423.1707,Test whether geography is really a facility-format interaction.
ward_facility_type_interaction,ward_facility_type,43,Daycare Above and Under 2 Years,,facility_rank_within_ward,7.0,37,12,129,13,10,106,16200.0,22,5,7,32.4324,3.4865,437.8378,Test whether geography is really a facility-format interaction.
ward_facility_type_interaction,ward_facility_type,43,Daycare (2 - 6 Years),,facility_rank_within_ward,8.0,31,9,88,8,21,59,9750.0,18,1,10,35.4839,2.8387,314.5161,Test whether geography is really a facility-format interaction.
ward_facility_type_interaction,ward_facility_type,8,Restaurant,,facility_rank_within_ward,1.0,1103,175,4570,257,550,3763,557250.0,645,114,223,30.553,4.1432,505.2131,Test whether geography is really a facility-format interaction.
ward_facility_type_interaction,ward_facility_type,8,Grocery Store,,facility_rank_within_ward,2.0,491,121,2027,166,339,1522,262300.0,246,49,139,38.2892,4.1283,534.2159,Test whether geography is really a facility-format interaction.
ward_facility_type_interaction,ward_facility_type,8,School,,facility_rank_within_ward,3.0,247,30,984,38,167,779,119700.0,165,15,61,30.7692,3.9838,484.6154,Test whether geography is really a facility-format interaction.
ward_facility_type_interaction,ward_facility_type,8,Daycare (2 - 6 Years),,facility_rank_within_ward,4.0,115,30,420,24,40,356,42500.0,67,3,32,30.4348,3.6522,369.5652,Test whether geography is really a facility-format interaction.
ward_facility_type_interaction,ward_facility_type,8,Daycare Above and Under 2 Years,,facility_rank_within_ward,5.0,75,24,242,9,26,207,25200.0,62,2,9,14.6667,3.2267,336.0,Test whether geography is really a facility-format interaction.
ward_facility_type_interaction,ward_facility_type,8,Daycare Combo 1586,,facility_rank_within_ward,6.0,48,12,180,12,34,134,19500.0,28,3,15,37.5,3.75,406.25,Test whether geography is really a facility-format interaction.
ward_facility_type_interaction,ward_facility_type,8,unknown,,facility_rank_within_ward,7.0,48,44,0,0,0,0,0.0,1,0,9,18.75,0.0,0.0,Test whether geography is really a facility-format interaction.
ward_facility_type_interaction,ward_facility_type,8,Hospital,,facility_rank_within_ward,8.0,24,6,62,7,0,55,8600.0,18,6,0,25.0,2.5833,358.3333,Test whether geography is really a facility-format interaction.
ward_facility_type_interaction,ward_facility_type,0,School,,facility_rank_within_ward,1.0,3,1,3,0,0,3,300.0,2,0,0,0.0,1.0,100.0,Test whether geography is really a facility-format interaction.
ward_facility_type_interaction,ward_facility_type,21,Restaurant,,facility_rank_within_ward,1.0,825,139,3349,192,439,2718,426750.0,482,97,159,31.0303,4.0594,517.2727,Test whether geography is really a facility-format interaction.
ward_facility_type_interaction,ward_facility_type,21,Grocery Store,,facility_rank_within_ward,2.0,408,108,1793,102,245,1446,218950.0,230,32,110,34.8039,4.3946,536.6422,Test whether geography is really a facility-format interaction.
ward_facility_type_interaction,ward_facility_type,21,School,,facility_rank_within_ward,3.0,237,27,901,30,122,749,102000.0,163,13,52,27.4262,3.8017,430.3797,Test whether geography is really a facility-format interaction.
ward_facility_type_interaction,ward_facility_type,21,Daycare Above and Under 2 Years,,facility_rank_within_ward,4.0,112,32,378,15,48,315,43200.0,78,8,21,25.8929,3.375,385.7143,Test whether geography is really a facility-format interaction.
ward_facility_type_interaction,ward_facility_type,21,Daycare (2 - 6 Years),,facility_rank_within_ward,5.0,90,22,252,7,39,206,27750.0,53,3,23,28.8889,2.8,308.3333,Test whether geography is really a facility-format interaction.
ward_facility_type_interaction,ward_facility_type,21,unknown,,facility_rank_within_ward,6.0,59,53,22,0,4,18,2700.0,2,0,7,11.8644,0.3729,45.7627,Test whether geography is really a facility-format interaction.
ward_facility_type_interaction,ward_facility_type,21,Children's Services Facility,,facility_rank_within_ward,7.0,16,5,47,0,4,43,4500.0,15,0,1,6.25,2.9375,281.25,Test whether geography is really a facility-format interaction.
ward_facility_type_interaction,ward_facility_type,21,Daycare Combo 1586,,facility_rank_within_ward,8.0,15,3,50,2,6,42,5000.0,6,2,4,40.0,3.3333,333.3333,Test whether geography is really a facility-format interaction.
ward_facility_type_interaction,ward_facility_type,44,Restaurant,,facility_rank_within_ward,1.0,3917,722,15251,1215,2211,11825,1896600.0,2153,493,802,33.061,3.8935,484.1971,Test whether geography is really a facility-format interaction.
ward_facility_type_interaction,ward_facility_type,44,Grocery Store,,facility_rank_within_ward,2.0,311,85,920,66,130,724,109000.0,193,34,58,29.582,2.9582,350.4823,Test whether geography is really a facility-format interaction.
ward_facility_type_interaction,ward_facility_type,44,unknown,,facility_rank_within_ward,3.0,168,142,43,8,1,34,6950.0,16,3,12,8.9286,0.256,41.369,Test whether geography is really a facility-format interaction.
ward_facility_type_interaction,ward_facility_type,44,School,,facility_rank_within_ward,4.0,74,8,177,19,17,141,24000.0,56,10,7,22.973,2.3919,324.3243,Test whether geography is really a facility-format interaction.
ward_facility_type_interaction,ward_facility_type,44,Liquor,,facility_rank_within_ward,5.0,35,16,102,3,20,79,9950.0,17,2,13,42.8571,2.9143,284.2857,Test whether geography is really a facility-format interaction.
ward_facility_type_interaction,ward_facility_type,44,Children's Services Facility,,facility_rank_within_ward,6.0,34,10,69,12,9,48,10400.0,20,4,8,35.2941,2.0294,305.8824,Test whether geography is really a facility-format interaction.
ward_facility_type_interaction,ward_facility_type,44,Bakery,,facility_rank_within_ward,7.0,31,7,90,7,2,81,10050.0,21,2,3,16.129,2.9032,324.1935,Test whether geography is really a facility-format interaction.
ward_facility_type_interaction,ward_facility_type,44,ROOFTOP,,facility_rank_within_ward,8.0,28,6,55,5,5,45,6950.0,17,4,4,28.5714,1.9643,248.2143,Test whether geography is really a facility-format interaction.
ward_facility_type_interaction,ward_facility_type,46,Restaurant,,facility_rank_within_ward,1.0,1623,255,6488,554,898,5036,786550.0,860,205,375,35.7363,3.9975,484.6272,Test whether geography is really a facility-format interaction.
ward_facility_type_interaction,ward_facility_type,46,Grocery Store,,facility_rank_within_ward,2.0,329,94,1215,125,177,913,149500.0,175,47,81,38.9058,3.693,454.4073,Test whether geography is really a facility-format interaction.
ward_facility_type_interaction,ward_facility_type,46,School,,facility_rank_within_ward,3.0,123,19,359,23,49,287,41700.0,90,4,24,22.7642,2.9187,339.0244,Test whether geography is really a facility-format interaction.
ward_facility_type_interaction,ward_facility_type,46,unknown,,facility_rank_within_ward,4.0,86,79,13,0,2,11,1250.0,8,0,5,5.814,0.1512,14.5349,Test whether geography is really a facility-format interaction.
ward_facility_type_interaction,ward_facility_type,46,Daycare (2 - 6 Years),,facility_rank_within_ward,5.0,64,18,140,12,25,103,17100.0,39,4,12,25.0,2.1875,267.1875,Test whether geography is really a facility-format interaction.
ward_facility_type_interaction,ward_facility_type,46,Long Term Care,,facility_rank_within_ward,6.0,44,13,178,4,22,152,19300.0,29,7,6,29.5455,4.0455,438.6364,Test whether geography is really a facility-format interaction.
ward_facility_type_interaction,ward_facility_type,46,Hospital,,facility_rank_within_ward,7.0,18,6,69,5,8,56,7350.0,8,3,5,44.4444,3.8333,408.3333,Test whether geography is really a facility-format interaction.
ward_facility_type_interaction,ward_facility_type,46,Golden Diner,,facility_rank_within_ward,8.0,17,2,34,5,9,20,4650.0,11,1,5,35.2941,2.0,273.5294,Test whether geography is really a facility-format interaction.
ward_facility_type_interaction,ward_facility_type,48,Restaurant,,facility_rank_within_ward,1.0,2089,327,8508,653,1062,6793,1032700.0,1171,244,467,34.0354,4.0728,494.3514,Test whether geography is really a facility-format interaction.
ward_facility_type_interaction,ward_facility_type,48,Grocery Store,,facility_rank_within_ward,2.0,311,72,1147,95,121,931,147300.0,189,35,64,31.8328,3.6881,473.6334,Test whether geography is really a facility-format interaction.
ward_facility_type_interaction,ward_facility_type,48,unknown,,facility_rank_within_ward,3.0,110,107,0,0,0,0,0.0,2,0,3,2.7273,0.0,0.0,Test whether geography is really a facility-format interaction.
ward_facility_type_interaction,ward_facility_type,48,School,,facility_rank_within_ward,4.0,84,9,310,21,25,264,37750.0,63,7,12,22.619,3.6905,449.4048,Test whether geography is really a facility-format interaction.
ward_facility_type_interaction,ward_facility_type,48,Long Term Care,,facility_rank_within_ward,5.0,65,16,323,31,35,257,37650.0,34,8,19,41.5385,4.9692,579.2308,Test whether geography is really a facility-format interaction.
ward_facility_type_interaction,ward_facility_type,48,Daycare (2 - 6 Years),,facility_rank_within_ward,6.0,47,13,92,0,6,86,8650.0,35,1,4,10.6383,1.9574,184.0426,Test whether geography is really a facility-format interaction.
ward_facility_type_interaction,ward_facility_type,48,Bakery,,facility_rank_within_ward,7.0,35,7,119,7,10,102,13500.0,24,4,5,25.7143,3.4,385.7143,Test whether geography is really a facility-format interaction.
ward_facility_type_interaction,ward_facility_type,48,Golden Diner,,facility_rank_within_ward,8.0,19,4,49,3,13,33,6800.0,11,2,4,31.5789,2.5789,357.8947,Test whether geography is really a facility-format interaction.
ward_facility_type_interaction,ward_facility_type,13,Restaurant,,facility_rank_within_ward,1.0,775,126,2721,110,280,2331,301200.0,567,56,92,19.0968,3.511,388.6452,Test whether geography is really a facility-format interaction.
ward_facility_type_interaction,ward_facility_type,13,Grocery Store,,facility_rank_within_ward,2.0,219,57,786,38,114,634,90350.0,143,15,40,25.1142,3.589,412.5571,Test whether geography is really a facility-format interaction.
ward_facility_type_interaction,ward_facility_type,13,School,,facility_rank_within_ward,3.0,135,17,306,7,40,259,32850.0,109,7,16,17.037,2.2667,243.3333,Test whether geography is really a facility-format interaction.
ward_facility_type_interaction,ward_facility_type,13,unknown,,facility_rank_within_ward,4.0,24,24,0,0,0,0,0.0,0,0,1,4.1667,0.0,0.0,Test whether geography is really a facility-format interaction.
ward_facility_type_interaction,ward_facility_type,13,Bakery,,facility_rank_within_ward,5.0,22,5,78,3,6,69,9150.0,14,6,1,31.8182,3.5455,415.9091,Test whether geography is really a facility-format interaction.
ward_facility_type_interaction,ward_facility_type,13,Daycare Above and Under 2 Years,,facility_rank_within_ward,6.0,13,4,24,0,0,24,2400.0,13,0,0,0.0,1.8462,184.6154,Test whether geography is really a facility-format interaction.
ward_facility_type_interaction,ward_facility_type,13,Daycare (2 Years),,facility_rank_within_ward,7.0,11,3,6,0,0,6,600.0,11,0,0,0.0,0.5455,54.5455,Test whether geography is really a facility-format interaction.
ward_facility_type_interaction,ward_facility_type,13,Liquor,,facility_rank_within_ward,8.0,11,6,29,4,12,13,3450.0,6,0,5,45.4545,2.6364,313.6364,Test whether geography is really a facility-format interaction.
ward_facility_type_interaction,ward_facility_type,19,Restaurant,,facility_rank_within_ward,1.0,1125,179,4299,184,450,3665,519300.0,716,123,179,26.8444,3.8213,461.6,Test whether geography is really a facility-format interaction.
ward_facility_type_interaction,ward_facility_type,19,School,,facility_rank_within_ward,2.0,214,24,713,23,97,593,81600.0,160,7,43,23.3645,3.3318,381.3084,Test whether geography is really a facility-format interaction.
ward_facility_type_interaction,ward_facility_type,19,Grocery Store,,facility_rank_within_ward,3.0,174,44,728,25,67,636,83400.0,125,11,29,22.9885,4.1839,479.3103,Test whether geography is really a facility-format interaction.
ward_facility_type_interaction,ward_facility_type,19,unknown,,facility_rank_within_ward,4.0,54,54,0,0,0,0,0.0,3,0,1,1.8519,0.0,0.0,Test whether geography is really a facility-format interaction.
ward_facility_type_interaction,ward_facility_type,19,Daycare Above and Under 2 Years,,facility_rank_within_ward,5.0,41,11,168,12,35,121,20800.0,25,4,10,34.1463,4.0976,507.3171,Test whether geography is really a facility-format interaction.
ward_facility_type_interaction,ward_facility_type,19,Long Term Care,,facility_rank_within_ward,6.0,34,10,118,7,5,106,15350.0,29,3,2,14.7059,3.4706,451.4706,Test whether geography is really a facility-format interaction.
ward_facility_type_interaction,ward_facility_type,19,Daycare (2 - 6 Years),,facility_rank_within_ward,7.0,33,10,93,15,17,61,15800.0,17,1,7,24.2424,2.8182,478.7879,Test whether geography is really a facility-format interaction.
ward_facility_type_interaction,ward_facility_type,19,Bakery,,facility_rank_within_ward,8.0,32,6,111,8,12,91,13000.0,17,2,5,21.875,3.4688,406.25,Test whether geography is really a facility-format interaction.
ward_facility_type_interaction,ward_facility_type,23,Restaurant,,facility_rank_within_ward,1.0,1427,224,4447,182,451,3814,499150.0,1021,102,178,19.6216,3.1163,349.7898,Test whether geography is really a facility-format interaction.
ward_facility_type_interaction,ward_facility_type,23,Grocery Store,,facility_rank_within_ward,2.0,285,68,1053,67,145,841,125000.0,176,24,62,30.1754,3.6947,438.5965,Test whether geography is really a facility-format interaction.
ward_facility_type_interaction,ward_facility_type,23,School,,facility_rank_within_ward,3.0,86,12,174,3,16,155,18650.0,74,2,6,9.3023,2.0233,216.8605,Test whether geography is really a facility-format interaction.
ward_facility_type_interaction,ward_facility_type,23,Bakery,,facility_rank_within_ward,4.0,44,12,149,6,24,119,15950.0,27,1,8,20.4545,3.3864,362.5,Test whether geography is really a facility-format interaction.
ward_facility_type_interaction,ward_facility_type,23,unknown,,facility_rank_within_ward,5.0,32,31,0,0,0,0,0.0,3,0,1,3.125,0.0,0.0,Test whether geography is really a facility-format interaction.
ward_facility_type_interaction,ward_facility_type,23,Children's Services Facility,,facility_rank_within_ward,6.0,29,6,92,6,20,66,9100.0,21,1,7,27.5862,3.1724,313.7931,Test whether geography is really a facility-format interaction.
ward_facility_type_interaction,ward_facility_type,23,Daycare Above and Under 2 Years,,facility_rank_within_ward,7.0,24,9,22,0,3,19,2400.0,20,1,1,8.3333,0.9167,100.0,Test whether geography is really a facility-format interaction.
ward_facility_type_interaction,ward_facility_type,23,LIVE POULTRY,,facility_rank_within_ward,8.0,8,2,31,0,4,27,2300.0,5,0,2,25.0,3.875,287.5,Test whether geography is really a facility-format interaction.
ward_facility_type_interaction,ward_facility_type,26,Restaurant,,facility_rank_within_ward,1.0,1174,200,4723,247,613,3863,534950.0,693,88,235,27.5128,4.023,455.6644,Test whether geography is really a facility-format interaction.
ward_facility_type_interaction,ward_facility_type,26,Grocery Store,,facility_rank_within_ward,2.0,344,94,1501,115,194,1192,176300.0,188,37,87,36.0465,4.3634,512.5,Test whether geography is really a facility-format interaction.
ward_facility_type_interaction,ward_facility_type,26,School,,facility_rank_within_ward,3.0,196,23,707,24,108,575,76550.0,140,6,45,26.0204,3.6071,390.5612,Test whether geography is really a facility-format interaction.
ward_facility_type_interaction,ward_facility_type,26,unknown,,facility_rank_within_ward,4.0,88,85,7,2,3,2,1600.0,8,0,6,6.8182,0.0795,18.1818,Test whether geography is really a facility-format interaction.
ward_facility_type_interaction,ward_facility_type,26,Daycare (2 - 6 Years),,facility_rank_within_ward,5.0,78,22,167,3,20,144,16850.0,60,1,10,14.1026,2.141,216.0256,Test whether geography is really a facility-format interaction.
ward_facility_type_interaction,ward_facility_type,26,Bakery,,facility_rank_within_ward,6.0,75,13,295,11,30,254,30800.0,53,1,16,22.6667,3.9333,410.6667,Test whether geography is really a facility-format interaction.
ward_facility_type_interaction,ward_facility_type,26,Liquor,,facility_rank_within_ward,7.0,24,8,79,4,19,56,8450.0,10,0,11,45.8333,3.2917,352.0833,Test whether geography is really a facility-format interaction.
ward_facility_type_interaction,ward_facility_type,26,Children's Services Facility,,facility_rank_within_ward,8.0,22,6,47,9,4,34,5600.0,17,2,2,18.1818,2.1364,254.5455,Test whether geography is really a facility-format interaction.
ward_facility_type_interaction,ward_facility_type,32,Restaurant,,facility_rank_within_ward,1.0,2475,437,9654,525,1297,7832,1115250.0,1428,282,468,30.303,3.9006,450.6061,Test whether geography is really a facility-format interaction.
ward_facility_type_interaction,ward_facility_type,32,Grocery Store,,facility_rank_within_ward,2.0,212,70,650,43,84,523,80450.0,130,23,41,30.1887,3.066,379.4811,Test whether geography is really a facility-format interaction.
ward_facility_type_interaction,ward_facility_type,32,School,,facility_rank_within_ward,3.0,152,20,471,9,49,413,50550.0,116,12,20,21.0526,3.0987,332.5658,Test whether geography is really a facility-format interaction.
ward_facility_type_interaction,ward_facility_type,32,unknown,,facility_rank_within_ward,4.0,109,97,30,3,1,26,3850.0,8,2,9,10.0917,0.2752,35.3211,Test whether geography is really a facility-format interaction.
ward_facility_type_interaction,ward_facility_type,32,Bakery,,facility_rank_within_ward,5.0,61,14,221,5,40,176,23150.0,31,3,16,31.1475,3.623,379.5082,Test whether geography is really a facility-format interaction.
ward_facility_type_interaction,ward_facility_type,32,Daycare Above and Under 2 Years,,facility_rank_within_ward,6.0,49,14,144,20,48,76,21000.0,28,3,13,32.6531,2.9388,428.5714,Test whether geography is really a facility-format interaction.
ward_facility_type_interaction,ward_facility_type,32,Catering,,facility_rank_within_ward,7.0,36,8,126,9,14,103,15650.0,21,6,4,27.7778,3.5,434.7222,Test whether geography is really a facility-format interaction.
ward_facility_type_interaction,ward_facility_type,32,Daycare (2 - 6 Years),,facility_rank_within_ward,8.0,34,9,38,0,6,32,3750.0,25,0,4,11.7647,1.1176,110.2941,Test whether geography is really a facility-format interaction.
ward_facility_type_interaction,ward_facility_type,38,Restaurant,,facility_rank_within_ward,1.0,1208,192,4781,172,499,4110,511450.0,751,94,195,23.9238,3.9578,423.3858,Test whether geography is really a facility-format interaction.
ward_facility_type_interaction,ward_facility_type,38,Grocery Store,,facility_rank_within_ward,2.0,241,55,1019,41,85,893,113600.0,167,22,36,24.0664,4.2282,471.3693,Test whether geography is really a facility-format interaction.
ward_facility_type_interaction,ward_facility_type,38,School,,facility_rank_within_ward,3.0,110,13,313,3,19,291,33000.0,96,9,5,12.7273,2.8455,300.0,Test whether geography is really a facility-format interaction.
ward_facility_type_interaction,ward_facility_type,38,Children's Services Facility,,facility_rank_within_ward,4.0,99,26,261,18,32,211,31650.0,79,3,14,17.1717,2.6364,319.697,Test whether geography is really a facility-format interaction.
ward_facility_type_interaction,ward_facility_type,38,unknown,,facility_rank_within_ward,5.0,62,59,3,0,1,2,450.0,13,0,12,19.3548,0.0484,7.2581,Test whether geography is really a facility-format interaction.
ward_facility_type_interaction,ward_facility_type,38,Golden Diner,,facility_rank_within_ward,6.0,30,4,62,6,3,53,7500.0,22,1,3,13.3333,2.0667,250.0,Test whether geography is really a facility-format interaction.
ward_facility_type_interaction,ward_facility_type,38,PRIVATE SCHOOL,,facility_rank_within_ward,7.0,7,1,31,0,2,29,2750.0,5,0,1,14.2857,4.4286,392.8571,Test whether geography is really a facility-format interaction.
ward_facility_type_interaction,ward_facility_type,38,Bakery,,facility_rank_within_ward,8.0,6,1,24,0,0,24,2400.0,6,0,0,0.0,4.0,400.0,Test whether geography is really a facility-format interaction.
ward_facility_type_interaction,ward_facility_type,40,Restaurant,,facility_rank_within_ward,1.0,1777,308,7391,449,839,6103,855100.0,1032,193,345,30.2757,4.1593,481.2043,Test whether geography is really a facility-format interaction.
ward_facility_type_interaction,ward_facility_type,40,Grocery Store,,facility_rank_within_ward,2.0,273,79,1043,50,108,885,107700.0,180,21,55,27.8388,3.8205,394.5055,Test whether geography is really a facility-format interaction.
ward_facility_type_interaction,ward_facility_type,40,unknown,,facility_rank_within_ward,3.0,149,141,32,8,6,18,3850.0,6,0,7,4.698,0.2148,25.8389,Test whether geography is really a facility-format interaction.
ward_facility_type_interaction,ward_facility_type,40,School,,facility_rank_within_ward,4.0,144,15,571,27,59,485,66400.0,99,14,23,25.6944,3.9653,461.1111,Test whether geography is really a facility-format interaction.
ward_facility_type_interaction,ward_facility_type,40,Daycare (2 - 6 Years),,facility_rank_within_ward,5.0,79,20,306,11,35,260,27350.0,58,2,16,22.7848,3.8734,346.2025,Test whether geography is really a facility-format interaction.
ward_facility_type_interaction,ward_facility_type,40,Bakery,,facility_rank_within_ward,6.0,66,11,307,22,29,256,35650.0,45,5,11,24.2424,4.6515,540.1515,Test whether geography is really a facility-format interaction.
ward_facility_type_interaction,ward_facility_type,40,Long Term Care,,facility_rank_within_ward,7.0,56,18,214,9,26,179,22600.0,42,3,10,23.2143,3.8214,403.5714,Test whether geography is really a facility-format interaction.
ward_facility_type_interaction,ward_facility_type,40,Children's Services Facility,,facility_rank_within_ward,8.0,36,10,112,6,14,92,12500.0,29,1,5,16.6667,3.1111,347.2222,Test whether geography is really a facility-format interaction.
ward_facility_type_interaction,ward_facility_type,47,Restaurant,,facility_rank_within_ward,1.0,3045,539,12108,768,1361,9979,1413700.0,1801,339,510,27.8818,3.9764,464.2693,Test whether geography is really a facility-format interaction.
ward_facility_type_interaction,ward_facility_type,47,Grocery Store,,facility_rank_within_ward,2.0,350,101,1126,68,143,915,127250.0,219,25,68,26.5714,3.2171,363.5714,Test whether geography is really a facility-format interaction.
ward_facility_type_interaction,ward_facility_type,47,unknown,,facility_rank_within_ward,3.0,188,180,9,0,2,7,750.0,5,0,7,3.7234,0.0479,3.9894,Test whether geography is really a facility-format interaction.
ward_facility_type_interaction,ward_facility_type,47,School,,facility_rank_within_ward,4.0,164,20,548,26,52,470,61350.0,130,8,21,17.6829,3.3415,374.0854,Test whether geography is really a facility-format interaction.
ward_facility_type_interaction,ward_facility_type,47,Daycare (2 - 6 Years),,facility_rank_within_ward,5.0,71,23,179,6,15,158,19200.0,52,5,8,18.3099,2.5211,270.4225,Test whether geography is really a facility-format interaction.
ward_facility_type_interaction,ward_facility_type,47,Children's Services Facility,,facility_rank_within_ward,6.0,53,16,173,27,46,100,26100.0,35,3,13,30.1887,3.2642,492.4528,Test whether geography is really a facility-format interaction.
ward_facility_type_interaction,ward_facility_type,47,Bakery,,facility_rank_within_ward,7.0,45,11,110,4,15,91,11500.0,31,1,7,17.7778,2.4444,255.5556,Test whether geography is really a facility-format interaction.
ward_facility_type_interaction,ward_facility_type,47,Hospital,,facility_rank_within_ward,8.0,29,7,121,6,20,95,12950.0,16,3,9,41.3793,4.1724,446.5517,Test whether geography is really a facility-format interaction.
ward_facility_type_interaction,ward_facility_type,34,Restaurant,,facility_rank_within_ward,1.0,784,121,3583,221,491,2871,464350.0,415,118,172,36.9898,4.5702,592.2832,Test whether geography is really a facility-format interaction.
ward_facility_type_interaction,ward_facility_type,34,Grocery Store,,facility_rank_within_ward,2.0,412,113,1972,116,330,1526,249650.0,206,29,124,37.1359,4.7864,605.9466,Test whether geography is really a facility-format interaction.
ward_facility_type_interaction,ward_facility_type,34,School,,facility_rank_within_ward,3.0,256,29,1012,25,179,808,121500.0,177,11,61,28.125,3.9531,474.6094,Test whether geography is really a facility-format interaction.
ward_facility_type_interaction,ward_facility_type,34,Daycare Above and Under 2 Years,,facility_rank_within_ward,4.0,140,37,561,34,72,455,70350.0,97,9,31,28.5714,4.0071,502.5,Test whether geography is really a facility-format interaction.
ward_facility_type_interaction,ward_facility_type,34,Daycare (2 - 6 Years),,facility_rank_within_ward,5.0,71,22,224,14,46,164,26950.0,42,2,17,26.7606,3.1549,379.5775,Test whether geography is really a facility-format interaction.
ward_facility_type_interaction,ward_facility_type,34,unknown,,facility_rank_within_ward,6.0,57,54,0,0,0,0,0.0,0,0,4,7.0175,0.0,0.0,Test whether geography is really a facility-format interaction.
ward_facility_type_interaction,ward_facility_type,34,Daycare Combo 1586,,facility_rank_within_ward,7.0,24,5,71,11,9,51,10700.0,11,2,7,37.5,2.9583,445.8333,Test whether geography is really a facility-format interaction.
ward_facility_type_interaction,ward_facility_type,34,Daycare (Under 2 Years),,facility_rank_within_ward,8.0,17,4,65,15,8,42,9400.0,7,0,6,35.2941,3.8235,552.9412,Test whether geography is really a facility-format interaction.
ward_facility_type_interaction,ward_facility_type,41,Restaurant,,facility_rank_within_ward,1.0,2570,368,9506,571,938,7997,1122700.0,1739,282,377,25.642,3.6988,436.8482,Test whether geography is really a facility-format interaction.
ward_facility_type_interaction,ward_facility_type,41,Grocery Store,,facility_rank_within_ward,2.0,332,86,1047,79,114,854,123050.0,226,17,68,25.6024,3.1536,370.6325,Test whether geography is really a facility-format interaction.
ward_facility_type_interaction,ward_facility_type,41,School,,facility_rank_within_ward,3.0,215,22,720,31,90,599,81550.0,167,10,35,20.9302,3.3488,379.3023,Test whether geography is really a facility-format interaction.
ward_facility_type_interaction,ward_facility_type,41,unknown,,facility_rank_within_ward,4.0,99,92,9,1,0,8,1300.0,21,1,9,10.101,0.0909,13.1313,Test whether geography is really a facility-format interaction.
ward_facility_type_interaction,ward_facility_type,41,Daycare (2 - 6 Years),,facility_rank_within_ward,5.0,69,17,198,2,10,186,19450.0,50,2,9,15.942,2.8696,281.8841,Test whether geography is really a facility-format interaction.
ward_facility_type_interaction,ward_facility_type,41,Bakery,,facility_rank_within_ward,6.0,54,7,261,15,32,214,27700.0,37,1,14,27.7778,4.8333,512.963,Test whether geography is really a facility-format interaction.
ward_facility_type_interaction,ward_facility_type,41,Catering,,facility_rank_within_ward,7.0,40,3,189,11,23,155,21950.0,24,6,8,35.0,4.725,548.75,Test whether geography is really a facility-format interaction.
ward_facility_type_interaction,ward_facility_type,41,Long Term Care,,facility_rank_within_ward,8.0,29,9,93,0,13,80,8150.0,21,1,6,24.1379,3.2069,281.0345,Test whether geography is really a facility-format interaction.
ward_risk_interaction,ward_risk_level,10,1,,risk_rank_within_ward,1.0,1217,230,4435,252,555,3628,531700.0,733,121,223,28.2662,3.6442,436.894,Check whether local weak pockets are simply high-risk facility exposure.
ward_risk_interaction,ward_risk_level,10,2,,risk_rank_within_ward,2.0,417,100,1312,79,198,1035,158300.0,240,44,80,29.7362,3.1463,379.6163,Check whether local weak pockets are simply high-risk facility exposure.
ward_risk_interaction,ward_risk_level,10,3,,risk_rank_within_ward,3.0,115,72,282,32,57,193,39300.0,56,2,27,25.2174,2.4522,341.7391,Check whether local weak pockets are simply high-risk facility exposure.
ward_risk_interaction,ward_risk_level,10,unknown,,risk_rank_within_ward,4.0,1,1,0,0,0,0,0.0,0,0,0,0.0,0.0,0.0,Check whether local weak pockets are simply high-risk facility exposure.
ward_risk_interaction,ward_risk_level,25,1,,risk_rank_within_ward,1.0,3725,626,15823,993,2079,12751,1853800.0,2232,338,816,30.9799,4.2478,497.6644,Check whether local weak pockets are simply high-risk facility exposure.
ward_risk_interaction,ward_risk_level,25,2,,risk_rank_within_ward,2.0,824,206,2767,188,456,2123,318300.0,490,48,187,28.5194,3.358,386.2864,Check whether local weak pockets are simply high-risk facility exposure.
ward_risk_interaction,ward_risk_level,25,3,,risk_rank_within_ward,3.0,380,235,830,70,152,608,92650.0,174,3,92,25.0,2.1842,243.8158,Check whether local weak pockets are simply high-risk facility exposure.
ward_risk_interaction,ward_risk_level,25,unknown,,risk_rank_within_ward,4.0,1,1,0,0,0,0,0.0,0,0,1,100.0,0.0,0.0,Check whether local weak pockets are simply high-risk facility exposure.
ward_risk_interaction,ward_risk_level,33,1,,risk_rank_within_ward,1.0,1899,346,8215,458,798,6959,903300.0,1159,169,333,26.435,4.326,475.6714,Check whether local weak pockets are simply high-risk facility exposure.
ward_risk_interaction,ward_risk_level,33,3,,risk_rank_within_ward,2.0,446,303,725,69,74,582,81350.0,145,15,57,16.1435,1.6256,182.3991,Check whether local weak pockets are simply high-risk facility exposure.
ward_risk_interaction,ward_risk_level,33,2,,risk_rank_within_ward,3.0,422,103,1519,99,199,1221,177350.0,262,32,68,23.6967,3.5995,420.2607,Check whether local weak pockets are simply high-risk facility exposure.
ward_risk_interaction,ward_risk_level,14,1,,risk_rank_within_ward,1.0,1689,268,6541,405,822,5314,776450.0,1051,187,324,30.2546,3.8727,459.7099,Check whether local weak pockets are simply high-risk facility exposure.
ward_risk_interaction,ward_risk_level,14,2,,risk_rank_within_ward,2.0,436,108,1469,91,230,1148,171350.0,250,43,82,28.6697,3.3693,393.0046,Check whether local weak pockets are simply high-risk facility exposure.
ward_risk_interaction,ward_risk_level,14,3,,risk_rank_within_ward,3.0,150,96,357,22,71,264,40150.0,79,1,37,25.3333,2.38,267.6667,Check whether local weak pockets are simply high-risk facility exposure.
ward_risk_interaction,ward_risk_level,28,1,,risk_rank_within_ward,1.0,1950,333,8133,453,1049,6631,962700.0,1204,162,398,28.7179,4.1708,493.6923,Check whether local weak pockets are simply high-risk facility exposure.
ward_risk_interaction,ward_risk_level,28,2,,risk_rank_within_ward,2.0,1030,210,3996,234,615,3147,462700.0,549,84,250,32.4272,3.8796,449.2233,Check whether local weak pockets are simply high-risk facility exposure.
ward_risk_interaction,ward_risk_level,28,3,,risk_rank_within_ward,3.0,423,192,1343,113,276,954,153200.0,194,16,121,32.3877,3.1749,362.1749,Check whether local weak pockets are simply high-risk facility exposure.
ward_risk_interaction,ward_risk_level,29,1,,risk_rank_within_ward,1.0,1556,286,5986,309,685,4992,666900.0,951,120,287,26.1568,3.847,428.599,Check whether local weak pockets are simply high-risk facility exposure.
ward_risk_interaction,ward_risk_level,29,2,,risk_rank_within_ward,2.0,698,158,2794,152,453,2189,311800.0,365,62,166,32.6648,4.0029,446.7049,Check whether local weak pockets are simply high-risk facility exposure.
ward_risk_interaction,ward_risk_level,29,3,,risk_rank_within_ward,3.0,257,139,732,73,124,535,76150.0,113,5,77,31.9066,2.8482,296.3035,Check whether local weak pockets are simply high-risk facility exposure.
ward_risk_interaction,ward_risk_level,3,1,,risk_rank_within_ward,1.0,1782,322,6641,433,824,5384,784450.0,1108,167,350,29.0123,3.7267,440.2076,Check whether local weak pockets are simply high-risk facility exposure.
ward_risk_interaction,ward_risk_level,3,2,,risk_rank_within_ward,2.0,737,133,3053,214,497,2342,374250.0,377,105,162,36.228,4.1425,507.8019,Check whether local weak pockets are simply high-risk facility exposure.
ward_risk_interaction,ward_risk_level,3,3,,risk_rank_within_ward,3.0,268,130,881,93,135,653,103300.0,113,8,93,37.6866,3.2873,385.4478,Check whether local weak pockets are simply high-risk facility exposure.
ward_risk_interaction,ward_risk_level,4,1,,risk_rank_within_ward,1.0,2228,350,8233,552,929,6752,995800.0,1416,261,417,30.4309,3.6952,446.9479,Check whether local weak pockets are simply high-risk facility exposure.
ward_risk_interaction,ward_risk_level,4,2,,risk_rank_within_ward,2.0,1120,177,2966,168,395,2403,360850.0,687,101,149,22.3214,2.6482,322.1875,Check whether local weak pockets are simply high-risk facility exposure.
ward_risk_interaction,ward_risk_level,4,3,,risk_rank_within_ward,3.0,163,92,291,8,54,229,29300.0,87,2,35,22.6994,1.7853,179.7546,Check whether local weak pockets are simply high-risk facility exposure.
ward_risk_interaction,ward_risk_level,4,unknown,,risk_rank_within_ward,4.0,2,2,0,0,0,0,0.0,0,0,1,50.0,0.0,0.0,Check whether local weak pockets are simply high-risk facility exposure.
ward_risk_interaction,ward_risk_level,49,1,,risk_rank_within_ward,1.0,1728,300,7890,415,1001,6474,886100.0,972,155,405,32.4074,4.566,512.7894,Check whether local weak pockets are simply high-risk facility exposure.
ward_risk_interaction,ward_risk_level,49,2,,risk_rank_within_ward,2.0,372,80,1482,87,204,1191,170800.0,208,41,79,32.2581,3.9839,459.1398,Check whether local weak pockets are simply high-risk facility exposure.
ward_risk_interaction,ward_risk_level,49,3,,risk_rank_within_ward,3.0,259,149,625,24,95,506,69500.0,113,9,54,24.3243,2.4131,268.3398,Check whether local weak pockets are simply high-risk facility exposure.
ward_risk_interaction,ward_risk_level,50,1,,risk_rank_within_ward,1.0,2013,363,9791,645,1248,7898,1099950.0,1099,182,471,32.4391,4.8639,546.4232,Check whether local weak pockets are simply high-risk facility exposure.
ward_risk_interaction,ward_risk_level,50,2,,risk_rank_within_ward,2.0,514,114,2334,119,286,1929,245600.0,287,38,122,31.1284,4.5409,477.821,Check whether local weak pockets are simply high-risk facility exposure.
ward_risk_interaction,ward_risk_level,50,3,,risk_rank_within_ward,3.0,291,186,676,41,104,531,66750.0,103,3,56,20.2749,2.323,229.3814,Check whether local weak pockets are simply high-risk facility exposure.
ward_risk_interaction,ward_risk_level,2,1,,risk_rank_within_ward,1.0,3565,585,13663,1087,1856,10720,1757300.0,2035,461,714,32.9593,3.8325,492.9313,Check whether local weak pockets are simply high-risk facility exposure.
ward_risk_interaction,ward_risk_level,2,2,,risk_rank_within_ward,2.0,687,181,1554,101,318,1135,203050.0,367,109,126,34.2067,2.262,295.5604,Check whether local weak pockets are simply high-risk facility exposure.
ward_risk_interaction,ward_risk_level,2,3,,risk_rank_within_ward,3.0,272,170,402,20,92,290,49600.0,144,6,47,19.4853,1.4779,182.3529,Check whether local weak pockets are simply high-risk facility exposure.
ward_risk_interaction,ward_risk_level,2,unknown,,risk_rank_within_ward,4.0,1,1,0,0,0,0,0.0,0,0,0,0.0,0.0,0.0,Check whether local weak pockets are simply high-risk facility exposure.
ward_risk_interaction,ward_risk_level,27,1,,risk_rank_within_ward,1.0,4379,833,16714,1272,2295,13147,2127700.0,2525,505,910,32.3133,3.8169,485.8872,Check whether local weak pockets are simply high-risk facility exposure.
ward_risk_interaction,ward_risk_level,27,2,,risk_rank_within_ward,2.0,1409,352,4492,355,732,3405,563300.0,808,128,287,29.4535,3.1881,399.7871,Check whether local weak pockets are simply high-risk facility exposure.
ward_risk_interaction,ward_risk_level,27,3,,risk_rank_within_ward,3.0,561,304,1168,148,209,811,146200.0,290,12,130,25.3119,2.082,260.6061,Check whether local weak pockets are simply high-risk facility exposure.
ward_risk_interaction,ward_risk_level,30,1,,risk_rank_within_ward,1.0,1699,297,6517,320,639,5558,724400.0,1068,143,275,24.6027,3.8358,426.3685,Check whether local weak pockets are simply high-risk facility exposure.
ward_risk_interaction,ward_risk_level,30,2,,risk_rank_within_ward,2.0,332,79,1099,69,146,884,131050.0,180,33,59,27.7108,3.3102,394.7289,Check whether local weak pockets are simply high-risk facility exposure.
ward_risk_interaction,ward_risk_level,30,3,,risk_rank_within_ward,3.0,204,122,415,29,64,322,47050.0,91,9,24,16.1765,2.0343,230.6373,Check whether local weak pockets are simply high-risk facility exposure.
ward_risk_interaction,ward_risk_level,30,unknown,,risk_rank_within_ward,4.0,1,1,0,0,0,0,0.0,1,0,0,0.0,0.0,0.0,Check whether local weak pockets are simply high-risk facility exposure.
ward_risk_interaction,ward_risk_level,31,1,,risk_rank_within_ward,1.0,1410,250,5723,248,555,4920,629050.0,915,112,232,24.3972,4.0589,446.1348,Check whether local weak pockets are simply high-risk facility exposure.
ward_risk_interaction,ward_risk_level,31,2,,risk_rank_within_ward,2.0,241,47,869,36,143,690,100400.0,139,25,48,30.2905,3.6058,416.5975,Check whether local weak pockets are simply high-risk facility exposure.
ward_risk_interaction,ward_risk_level,31,3,,risk_rank_within_ward,3.0,191,113,395,23,64,308,41750.0,81,5,36,21.466,2.0681,218.5864,Check whether local weak pockets are simply high-risk facility exposure.
ward_risk_interaction,ward_risk_level,unknown,1,,risk_rank_within_ward,1.0,253,43,903,42,108,753,106350.0,167,28,42,27.668,3.5692,420.3557,Check whether local weak pockets are simply high-risk facility exposure.
ward_risk_interaction,ward_risk_level,unknown,2,,risk_rank_within_ward,2.0,92,17,297,17,32,248,35300.0,66,7,12,20.6522,3.2283,383.6957,Check whether local weak pockets are simply high-risk facility exposure.
ward_risk_interaction,ward_risk_level,unknown,3,,risk_rank_within_ward,3.0,55,38,80,19,8,53,11250.0,29,1,18,34.5455,1.4545,204.5455,Check whether local weak pockets are simply high-risk facility exposure.
ward_risk_interaction,ward_risk_level,24,1,,risk_rank_within_ward,1.0,798,139,3523,148,421,2954,393400.0,498,61,162,27.9449,4.4148,492.9825,Check whether local weak pockets are simply high-risk facility exposure.
ward_risk_interaction,ward_risk_level,24,2,,risk_rank_within_ward,2.0,658,134,3004,169,445,2390,355500.0,352,56,148,31.003,4.5653,540.2736,Check whether local weak pockets are simply high-risk facility exposure.
ward_risk_interaction,ward_risk_level,24,3,,risk_rank_within_ward,3.0,315,165,921,81,141,699,105450.0,124,8,71,25.0794,2.9238,334.7619,Check whether local weak pockets are simply high-risk facility exposure.
ward_risk_interaction,ward_risk_level,35,1,,risk_rank_within_ward,1.0,1662,293,7051,412,796,5843,786900.0,992,151,319,28.2792,4.2425,473.4657,Check whether local weak pockets are simply high-risk facility exposure.
ward_risk_interaction,ward_risk_level,35,2,,risk_rank_within_ward,2.0,379,88,1375,94,189,1092,155000.0,225,23,70,24.5383,3.628,408.971,Check whether local weak pockets are simply high-risk facility exposure.
ward_risk_interaction,ward_risk_level,35,3,,risk_rank_within_ward,3.0,354,231,690,93,91,506,78850.0,126,5,65,19.774,1.9492,222.7401,Check whether local weak pockets are simply high-risk facility exposure.
ward_risk_interaction,ward_risk_level,37,1,,risk_rank_within_ward,1.0,712,132,2840,162,358,2320,322100.0,445,52,154,28.9326,3.9888,452.3876,Check whether local weak pockets are simply high-risk facility exposure.
ward_risk_interaction,ward_risk_level,37,2,,risk_rank_within_ward,2.0,674,160,2834,135,434,2265,308100.0,349,56,161,32.1958,4.2047,457.1217,Check whether local weak pockets are simply high-risk facility exposure.
ward_risk_interaction,ward_risk_level,37,3,,risk_rank_within_ward,3.0,250,120,903,61,165,677,95700.0,110,6,76,32.8,3.612,382.8,Check whether local weak pockets are simply high-risk facility exposure.
ward_risk_interaction,ward_risk_level,12,1,,risk_rank_within_ward,1.0,1775,290,7820,434,917,6469,903400.0,1101,158,363,29.3521,4.4056,508.9577,Check whether local weak pockets are simply high-risk facility exposure.
ward_risk_interaction,ward_risk_level,12,2,,risk_rank_within_ward,2.0,491,90,1772,118,297,1357,209500.0,267,43,115,32.1792,3.609,426.6802,Check whether local weak pockets are simply high-risk facility exposure.
ward_risk_interaction,ward_risk_level,12,3,,risk_rank_within_ward,3.0,296,186,718,69,109,540,83600.0,142,9,68,26.0135,2.4257,282.4324,Check whether local weak pockets are simply high-risk facility exposure.
ward_risk_interaction,ward_risk_level,11,1,,risk_rank_within_ward,1.0,1700,279,6652,382,748,5522,776550.0,1106,165,291,26.8235,3.9129,456.7941,Check whether local weak pockets are simply high-risk facility exposure.
ward_risk_interaction,ward_risk_level,11,2,,risk_rank_within_ward,2.0,634,103,1853,169,252,1432,234800.0,416,52,117,26.6562,2.9227,370.347,Check whether local weak pockets are simply high-risk facility exposure.
ward_risk_interaction,ward_risk_level,11,3,,risk_rank_within_ward,3.0,345,228,413,66,78,269,63500.0,179,15,74,25.7971,1.1971,184.058,Check whether local weak pockets are simply high-risk facility exposure.
ward_risk_interaction,ward_risk_level,11,unknown,,risk_rank_within_ward,4.0,1,1,0,0,0,0,0.0,0,0,1,100.0,0.0,0.0,Check whether local weak pockets are simply high-risk facility exposure.
ward_risk_interaction,ward_risk_level,45,1,,risk_rank_within_ward,1.0,1946,292,7846,393,709,6744,879300.0,1293,168,292,23.6382,4.0319,451.8499,Check whether local weak pockets are simply high-risk facility exposure.
ward_risk_interaction,ward_risk_level,45,2,,risk_rank_within_ward,2.0,302,62,981,31,105,845,109200.0,211,23,31,17.8808,3.2483,361.5894,Check whether local weak pockets are simply high-risk facility exposure.
ward_risk_interaction,ward_risk_level,45,3,,risk_rank_within_ward,3.0,198,131,420,22,58,340,42550.0,88,0,37,18.6869,2.1212,214.899,Check whether local weak pockets are simply high-risk facility exposure.
ward_risk_interaction,ward_risk_level,36,1,,risk_rank_within_ward,1.0,1094,169,4659,217,532,3910,518950.0,667,117,207,29.6161,4.2587,474.3601,Check whether local weak pockets are simply high-risk facility exposure.
ward_risk_interaction,ward_risk_level,36,2,,risk_rank_within_ward,2.0,286,59,998,50,155,793,112250.0,175,27,54,28.3217,3.4895,392.4825,Check whether local weak pockets are simply high-risk facility exposure.
ward_risk_interaction,ward_risk_level,36,3,,risk_rank_within_ward,3.0,125,85,258,12,32,214,31050.0,63,6,13,15.2,2.064,248.4,Check whether local weak pockets are simply high-risk facility exposure.
ward_risk_interaction,ward_risk_level,39,1,,risk_rank_within_ward,1.0,1738,271,7281,356,764,6161,812850.0,1131,140,308,25.7768,4.1893,467.6928,Check whether local weak pockets are simply high-risk facility exposure.
ward_risk_interaction,ward_risk_level,39,2,,risk_rank_within_ward,2.0,317,59,1122,52,154,916,131450.0,184,36,53,28.0757,3.5394,414.6688,Check whether local weak pockets are simply high-risk facility exposure.
ward_risk_interaction,ward_risk_level,39,3,,risk_rank_within_ward,3.0,222,136,459,28,55,376,48650.0,97,3,47,22.5225,2.0676,219.1441,Check whether local weak pockets are simply high-risk facility exposure.
ward_risk_interaction,ward_risk_level,6,1,,risk_rank_within_ward,1.0,1160,208,4792,309,677,3806,587050.0,657,88,292,32.7586,4.131,506.0776,Check whether local weak pockets are simply high-risk facility exposure.
ward_risk_interaction,ward_risk_level,6,2,,risk_rank_within_ward,2.0,951,194,4120,223,662,3235,490300.0,490,110,221,34.8055,4.3323,515.5626,Check whether local weak pockets are simply high-risk facility exposure.
ward_risk_interaction,ward_risk_level,6,3,,risk_rank_within_ward,3.0,320,167,1103,77,192,834,127450.0,136,3,98,31.5625,3.4469,398.2813,Check whether local weak pockets are simply high-risk facility exposure.
ward_risk_interaction,ward_risk_level,5,1,,risk_rank_within_ward,1.0,1319,212,5840,402,726,4712,726450.0,780,131,316,33.8893,4.4276,550.7582,Check whether local weak pockets are simply high-risk facility exposure.
ward_risk_interaction,ward_risk_level,5,2,,risk_rank_within_ward,2.0,454,92,1831,102,294,1435,221800.0,242,47,112,35.022,4.033,488.5463,Check whether local weak pockets are simply high-risk facility exposure.
ward_risk_interaction,ward_risk_level,5,3,,risk_rank_within_ward,3.0,193,84,676,65,118,493,76500.0,91,5,62,34.715,3.5026,396.3731,Check whether local weak pockets are simply high-risk facility exposure.
ward_risk_interaction,ward_risk_level,7,1,,risk_rank_within_ward,1.0,676,137,2274,105,258,1911,266400.0,441,52,122,25.7396,3.3639,394.0828,Check whether local weak pockets are simply high-risk facility exposure.
ward_risk_interaction,ward_risk_level,7,2,,risk_rank_within_ward,2.0,468,81,1825,121,315,1389,231100.0,245,62,108,36.3248,3.8996,493.8034,Check whether local weak pockets are simply high-risk facility exposure.
ward_risk_interaction,ward_risk_level,7,3,,risk_rank_within_ward,3.0,172,68,623,52,106,465,75500.0,98,5,50,31.9767,3.6221,438.9535,Check whether local weak pockets are simply high-risk facility exposure.
ward_risk_interaction,ward_risk_level,7,unknown,,risk_rank_within_ward,4.0,3,2,0,0,0,0,0.0,0,0,0,0.0,0.0,0.0,Check whether local weak pockets are simply high-risk facility exposure.
ward_risk_interaction,ward_risk_level,9,1,,risk_rank_within_ward,1.0,766,130,3245,179,521,2545,416400.0,454,53,201,33.1593,4.2363,543.6031,Check whether local weak pockets are simply high-risk facility exposure.
ward_risk_interaction,ward_risk_level,9,2,,risk_rank_within_ward,2.0,515,93,2336,118,362,1856,292850.0,273,73,110,35.534,4.5359,568.6408,Check whether local weak pockets are simply high-risk facility exposure.
ward_risk_interaction,ward_risk_level,9,3,,risk_rank_within_ward,3.0,200,104,670,65,120,485,85250.0,79,7,53,30.0,3.35,426.25,Check whether local weak pockets are simply high-risk facility exposure.
ward_risk_interaction,ward_risk_level,1,1,,risk_rank_within_ward,1.0,3734,636,15097,989,2063,12045,1785250.0,2158,331,817,30.7445,4.0431,478.1066,Check whether local weak pockets are simply high-risk facility exposure.
ward_risk_interaction,ward_risk_level,1,2,,risk_rank_within_ward,2.0,845,201,2897,181,467,2249,341700.0,471,91,163,30.0592,3.4284,404.3787,Check whether local weak pockets are simply high-risk facility exposure.
ward_risk_interaction,ward_risk_level,1,3,,risk_rank_within_ward,3.0,368,223,767,59,119,589,82300.0,172,8,80,23.913,2.0842,223.6413,Check whether local weak pockets are simply high-risk facility exposure.
ward_risk_interaction,ward_risk_level,1,unknown,,risk_rank_within_ward,4.0,2,2,0,0,0,0,0.0,0,0,2,100.0,0.0,0.0,Check whether local weak pockets are simply high-risk facility exposure.
ward_risk_interaction,ward_risk_level,18,1,,risk_rank_within_ward,1.0,1153,215,3607,181,390,3036,417250.0,778,82,166,21.5091,3.1284,361.882,Check whether local weak pockets are simply high-risk facility exposure.
ward_risk_interaction,ward_risk_level,18,2,,risk_rank_within_ward,2.0,449,112,1412,78,141,1193,170000.0,277,46,63,24.2762,3.1448,378.6192,Check whether local weak pockets are simply high-risk facility exposure.
ward_risk_interaction,ward_risk_level,18,3,,risk_rank_within_ward,3.0,153,84,415,20,61,334,50250.0,77,6,32,24.8366,2.7124,328.4314,Check whether local weak pockets are simply high-risk facility exposure.
ward_risk_interaction,ward_risk_level,22,1,,risk_rank_within_ward,1.0,1216,207,5606,288,568,4750,656200.0,757,116,237,29.0296,4.6102,539.6382,Check whether local weak pockets are simply high-risk facility exposure.
ward_risk_interaction,ward_risk_level,22,2,,risk_rank_within_ward,2.0,377,89,1571,111,226,1234,193100.0,214,29,84,29.9735,4.1671,512.2016,Check whether local weak pockets are simply high-risk facility exposure.
ward_risk_interaction,ward_risk_level,22,3,,risk_rank_within_ward,3.0,325,174,1014,59,171,784,106750.0,147,7,77,25.8462,3.12,328.4615,Check whether local weak pockets are simply high-risk facility exposure.
ward_risk_interaction,ward_risk_level,22,unknown,,risk_rank_within_ward,4.0,1,1,0,0,0,0,0.0,0,0,0,0.0,0.0,0.0,Check whether local weak pockets are simply high-risk facility exposure.
ward_risk_interaction,ward_risk_level,42,1,,risk_rank_within_ward,1.0,12782,2193,40781,3231,4365,33185,5232850.0,8328,1749,1905,28.5871,3.1905,409.3921,Check whether local weak pockets are simply high-risk facility exposure.
ward_risk_interaction,ward_risk_level,42,2,,risk_rank_within_ward,2.0,2633,606,5730,351,730,4649,702600.0,1758,271,340,23.2055,2.1762,266.8439,Check whether local weak pockets are simply high-risk facility exposure.
ward_risk_interaction,ward_risk_level,42,3,,risk_rank_within_ward,3.0,959,617,866,72,124,670,103750.0,528,14,123,14.2857,0.903,108.1856,Check whether local weak pockets are simply high-risk facility exposure.
ward_risk_interaction,ward_risk_level,42,unknown,,risk_rank_within_ward,4.0,3,3,0,0,0,0,0.0,0,0,0,0.0,0.0,0.0,Check whether local weak pockets are simply high-risk facility exposure.
ward_risk_interaction,ward_risk_level,15,1,,risk_rank_within_ward,1.0,955,154,3494,188,429,2877,416350.0,614,80,169,26.0733,3.6586,435.9686,Check whether local weak pockets are simply high-risk facility exposure.
ward_risk_interaction,ward_risk_level,15,2,,risk_rank_within_ward,2.0,449,97,1597,101,270,1226,200000.0,253,46,90,30.2895,3.5568,445.4343,Check whether local weak pockets are simply high-risk facility exposure.
ward_risk_interaction,ward_risk_level,15,3,,risk_rank_within_ward,3.0,226,127,467,42,101,324,56900.0,94,8,58,29.2035,2.0664,251.7699,Check whether local weak pockets are simply high-risk facility exposure.
ward_risk_interaction,ward_risk_level,20,1,,risk_rank_within_ward,1.0,988,181,3973,225,545,3203,463250.0,621,66,214,28.3401,4.0213,468.8765,Check whether local weak pockets are simply high-risk facility exposure.
ward_risk_interaction,ward_risk_level,20,2,,risk_rank_within_ward,2.0,574,118,2638,172,430,2036,298400.0,286,49,155,35.5401,4.5958,519.8606,Check whether local weak pockets are simply high-risk facility exposure.
ward_risk_interaction,ward_risk_level,20,3,,risk_rank_within_ward,3.0,252,113,778,45,141,592,87350.0,108,6,80,34.127,3.0873,346.627,Check whether local weak pockets are simply high-risk facility exposure.
ward_risk_interaction,ward_risk_level,16,1,,risk_rank_within_ward,1.0,957,181,3290,188,417,2685,383450.0,605,58,179,24.7649,3.4378,400.6792,Check whether local weak pockets are simply high-risk facility exposure.
ward_risk_interaction,ward_risk_level,16,2,,risk_rank_within_ward,2.0,714,165,2889,184,439,2266,347500.0,368,59,176,32.9132,4.0462,486.6947,Check whether local weak pockets are simply high-risk facility exposure.
ward_risk_interaction,ward_risk_level,16,3,,risk_rank_within_ward,3.0,423,201,1209,103,221,885,147700.0,170,5,127,31.2057,2.8582,349.1726,Check whether local weak pockets are simply high-risk facility exposure.
ward_risk_interaction,ward_risk_level,17,1,,risk_rank_within_ward,1.0,1041,189,3684,213,514,2957,440850.0,623,70,227,28.5303,3.5389,423.487,Check whether local weak pockets are simply high-risk facility exposure.
ward_risk_interaction,ward_risk_level,17,2,,risk_rank_within_ward,2.0,616,144,2420,130,379,1911,295650.0,321,70,140,34.0909,3.9286,479.9513,Check whether local weak pockets are simply high-risk facility exposure.
ward_risk_interaction,ward_risk_level,17,3,,risk_rank_within_ward,3.0,301,158,935,62,173,700,114450.0,127,10,76,28.5714,3.1063,380.2326,Check whether local weak pockets are simply high-risk facility exposure.
ward_risk_interaction,ward_risk_level,43,1,,risk_rank_within_ward,1.0,2892,523,12912,1073,1759,10080,1615400.0,1470,448,613,36.6874,4.4647,558.5754,Check whether local weak pockets are simply high-risk facility exposure.
ward_risk_interaction,ward_risk_level,43,2,,risk_rank_within_ward,2.0,585,161,1738,125,284,1329,217000.0,301,80,112,32.8205,2.9709,370.9402,Check whether local weak pockets are simply high-risk facility exposure.
ward_risk_interaction,ward_risk_level,43,3,,risk_rank_within_ward,3.0,164,114,412,49,62,301,46900.0,70,4,37,25.0,2.5122,285.9756,Check whether local weak pockets are simply high-risk facility exposure.
ward_risk_interaction,ward_risk_level,8,1,,risk_rank_within_ward,1.0,1295,221,5200,302,681,4217,634450.0,786,107,290,30.6564,4.0154,489.9228,Check whether local weak pockets are simply high-risk facility exposure.
ward_risk_interaction,ward_risk_level,8,2,,risk_rank_within_ward,2.0,725,141,2916,176,390,2350,357050.0,401,82,155,32.6897,4.0221,492.4828,Check whether local weak pockets are simply high-risk facility exposure.
ward_risk_interaction,ward_risk_level,8,3,,risk_rank_within_ward,3.0,281,126,879,63,182,634,107400.0,130,11,88,35.2313,3.1281,382.2064,Check whether local weak pockets are simply high-risk facility exposure.
ward_risk_interaction,ward_risk_level,0,1,,risk_rank_within_ward,1.0,3,1,3,0,0,3,300.0,2,0,0,0.0,1.0,100.0,Check whether local weak pockets are simply high-risk facility exposure.
ward_risk_interaction,ward_risk_level,21,1,,risk_rank_within_ward,1.0,993,180,3707,185,481,3041,447200.0,622,81,207,29.003,3.7331,450.3525,Check whether local weak pockets are simply high-risk facility exposure.
ward_risk_interaction,ward_risk_level,21,2,,risk_rank_within_ward,2.0,580,113,2390,126,303,1961,300000.0,334,70,108,30.6897,4.1207,517.2414,Check whether local weak pockets are simply high-risk facility exposure.
ward_risk_interaction,ward_risk_level,21,3,,risk_rank_within_ward,3.0,248,118,900,46,156,698,110150.0,114,7,75,33.0645,3.629,444.1532,Check whether local weak pockets are simply high-risk facility exposure.
ward_risk_interaction,ward_risk_level,21,unknown,,risk_rank_within_ward,4.0,4,1,3,0,0,3,300.0,1,0,2,50.0,0.75,75.0,Check whether local weak pockets are simply high-risk facility exposure.
ward_risk_interaction,ward_risk_level,44,1,,risk_rank_within_ward,1.0,3689,681,14604,1166,2022,11416,1809400.0,2044,459,760,33.0442,3.9588,490.4852,Check whether local weak pockets are simply high-risk facility exposure.
ward_risk_interaction,ward_risk_level,44,2,,risk_rank_within_ward,2.0,824,183,2025,167,361,1497,263750.0,484,100,131,28.034,2.4575,320.085,Check whether local weak pockets are simply high-risk facility exposure.
ward_risk_interaction,ward_risk_level,44,3,,risk_rank_within_ward,3.0,303,206,502,39,57,406,54450.0,121,9,48,18.8119,1.6568,179.703,Check whether local weak pockets are simply high-risk facility exposure.
ward_risk_interaction,ward_risk_level,46,1,,risk_rank_within_ward,1.0,1813,304,7066,598,959,5509,859600.0,1000,219,399,34.0871,3.8974,474.1313,Check whether local weak pockets are simply high-risk facility exposure.
ward_risk_interaction,ward_risk_level,46,2,,risk_rank_within_ward,2.0,372,86,1247,89,207,951,147300.0,189,38,101,37.3656,3.3522,395.9677,Check whether local weak pockets are simply high-risk facility exposure.
ward_risk_interaction,ward_risk_level,46,3,,risk_rank_within_ward,3.0,262,148,603,72,104,427,72250.0,120,19,51,26.7176,2.3015,275.7634,Check whether local weak pockets are simply high-risk facility exposure.
ward_risk_interaction,ward_risk_level,48,1,,risk_rank_within_ward,1.0,2278,366,9333,724,1137,7472,1138750.0,1301,267,493,33.3626,4.097,499.8903,Check whether local weak pockets are simply high-risk facility exposure.
ward_risk_interaction,ward_risk_level,48,2,,risk_rank_within_ward,2.0,333,66,1133,89,122,922,138900.0,204,36,59,28.5285,3.4024,417.1171,Check whether local weak pockets are simply high-risk facility exposure.
ward_risk_interaction,ward_risk_level,48,3,,risk_rank_within_ward,3.0,274,167,512,31,73,408,57900.0,107,6,49,20.073,1.8686,211.3139,Check whether local weak pockets are simply high-risk facility exposure.
ward_risk_interaction,ward_risk_level,48,unknown,,risk_rank_within_ward,4.0,1,1,0,0,0,0,0.0,0,0,1,100.0,0.0,0.0,Check whether local weak pockets are simply high-risk facility exposure.
ward_risk_interaction,ward_risk_level,13,1,,risk_rank_within_ward,1.0,862,129,2978,102,317,2559,324200.0,650,51,108,18.4455,3.4548,376.1021,Check whether local weak pockets are simply high-risk facility exposure.
ward_risk_interaction,ward_risk_level,13,2,,risk_rank_within_ward,2.0,237,52,737,31,74,632,84350.0,159,30,24,22.7848,3.1097,355.9072,Check whether local weak pockets are simply high-risk facility exposure.
ward_risk_interaction,ward_risk_level,13,3,,risk_rank_within_ward,3.0,122,66,253,29,64,160,33700.0,61,3,26,23.7705,2.0738,276.2295,Check whether local weak pockets are simply high-risk facility exposure.
ward_risk_interaction,ward_risk_level,19,1,,risk_rank_within_ward,1.0,1173,195,4482,189,480,3813,536400.0,782,102,190,24.8934,3.821,457.289,Check whether local weak pockets are simply high-risk facility exposure.
ward_risk_interaction,ward_risk_level,19,2,,risk_rank_within_ward,2.0,509,111,1725,82,200,1443,211650.0,308,47,80,24.9509,3.389,415.8153,Check whether local weak pockets are simply high-risk facility exposure.
ward_risk_interaction,ward_risk_level,19,3,,risk_rank_within_ward,3.0,88,52,197,5,22,170,21750.0,45,2,14,18.1818,2.2386,247.1591,Check whether local weak pockets are simply high-risk facility exposure.
ward_risk_interaction,ward_risk_level,19,unknown,,risk_rank_within_ward,4.0,1,1,0,0,0,0,0.0,0,0,1,100.0,0.0,0.0,Check whether local weak pockets are simply high-risk facility exposure.
ward_risk_interaction,ward_risk_level,23,1,,risk_rank_within_ward,1.0,1406,206,4678,190,451,4037,520950.0,1028,87,174,18.5633,3.3272,370.5192,Check whether local weak pockets are simply high-risk facility exposure.
ward_risk_interaction,ward_risk_level,23,2,,risk_rank_within_ward,2.0,440,101,1138,53,170,915,131950.0,287,40,63,23.4091,2.5864,299.8864,Check whether local weak pockets are simply high-risk facility exposure.
ward_risk_interaction,ward_risk_level,23,3,,risk_rank_within_ward,3.0,129,74,224,30,56,138,28800.0,53,4,43,36.4341,1.7364,223.2558,Check whether local weak pockets are simply high-risk facility exposure.
ward_risk_interaction,ward_risk_level,26,1,,risk_rank_within_ward,1.0,1450,258,5626,309,684,4633,639150.0,904,93,282,25.8621,3.88,440.7931,Check whether local weak pockets are simply high-risk facility exposure.
ward_risk_interaction,ward_risk_level,26,2,,risk_rank_within_ward,2.0,384,79,1469,78,239,1152,168450.0,216,35,86,31.5104,3.8255,438.6719,Check whether local weak pockets are simply high-risk facility exposure.
ward_risk_interaction,ward_risk_level,26,3,,risk_rank_within_ward,3.0,255,141,703,61,120,522,75500.0,98,11,69,31.3725,2.7569,296.0784,Check whether local weak pockets are simply high-risk facility exposure.
ward_risk_interaction,ward_risk_level,32,1,,risk_rank_within_ward,1.0,2514,440,9663,561,1288,7814,1129450.0,1462,281,469,29.8329,3.8437,449.2641,Check whether local weak pockets are simply high-risk facility exposure.
ward_risk_interaction,ward_risk_level,32,2,,risk_rank_within_ward,2.0,496,122,1589,53,263,1273,180250.0,298,54,82,27.4194,3.2036,363.4073,Check whether local weak pockets are simply high-risk facility exposure.
ward_risk_interaction,ward_risk_level,32,3,,risk_rank_within_ward,3.0,275,170,544,44,86,414,60400.0,120,5,64,25.0909,1.9782,219.6364,Check whether local weak pockets are simply high-risk facility exposure.
ward_risk_interaction,ward_risk_level,32,unknown,,risk_rank_within_ward,4.0,1,1,0,0,0,0,0.0,0,0,1,100.0,0.0,0.0,Check whether local weak pockets are simply high-risk facility exposure.
ward_risk_interaction,ward_risk_level,38,1,,risk_rank_within_ward,1.0,1369,228,5229,189,475,4565,563850.0,918,99,199,21.7677,3.8196,411.87,Check whether local weak pockets are simply high-risk facility exposure.
ward_risk_interaction,ward_risk_level,38,2,,risk_rank_within_ward,2.0,311,67,1113,46,145,922,124400.0,188,30,55,27.3312,3.5788,400.0,Check whether local weak pockets are simply high-risk facility exposure.
ward_risk_interaction,ward_risk_level,38,3,,risk_rank_within_ward,3.0,120,74,249,8,24,217,25300.0,62,1,15,13.3333,2.075,210.8333,Check whether local weak pockets are simply high-risk facility exposure.
ward_risk_interaction,ward_risk_level,40,1,,risk_rank_within_ward,1.0,1964,348,8204,508,870,6826,946200.0,1185,207,367,29.2261,4.1772,481.7719,Check whether local weak pockets are simply high-risk facility exposure.
ward_risk_interaction,ward_risk_level,40,2,,risk_rank_within_ward,2.0,428,93,1513,57,198,1258,165400.0,273,33,76,25.4673,3.535,386.4486,Check whether local weak pockets are simply high-risk facility exposure.
ward_risk_interaction,ward_risk_level,40,3,,risk_rank_within_ward,3.0,326,208,694,45,107,542,72700.0,119,9,62,21.7791,2.1288,223.0061,Check whether local weak pockets are simply high-risk facility exposure.
ward_risk_interaction,ward_risk_level,47,1,,risk_rank_within_ward,1.0,3202,573,12654,829,1432,10393,1483200.0,1927,334,546,27.4828,3.9519,463.2105,Check whether local weak pockets are simply high-risk facility exposure.
ward_risk_interaction,ward_risk_level,47,2,,risk_rank_within_ward,2.0,518,114,1589,78,227,1284,186050.0,319,58,83,27.2201,3.0676,359.1699,Check whether local weak pockets are simply high-risk facility exposure.
ward_risk_interaction,ward_risk_level,47,3,,risk_rank_within_ward,3.0,414,282,652,47,82,523,68950.0,157,0,63,15.2174,1.5749,166.5459,Check whether local weak pockets are simply high-risk facility exposure.
ward_risk_interaction,ward_risk_level,47,unknown,,risk_rank_within_ward,4.0,2,1,1,0,0,1,100.0,1,0,1,50.0,0.5,50.0,Check whether local weak pockets are simply high-risk facility exposure.
ward_risk_interaction,ward_risk_level,34,1,,risk_rank_within_ward,1.0,1040,172,4288,249,616,3423,547300.0,623,110,227,32.4038,4.1231,526.25,Check whether local weak pockets are simply high-risk facility exposure.
ward_risk_interaction,ward_risk_level,34,2,,risk_rank_within_ward,2.0,570,110,2722,151,430,2141,342600.0,278,59,157,37.8947,4.7754,601.0526,Check whether local weak pockets are simply high-risk facility exposure.
ward_risk_interaction,ward_risk_level,34,3,,risk_rank_within_ward,3.0,235,126,784,52,138,594,100450.0,105,7,57,27.234,3.3362,427.4468,Check whether local weak pockets are simply high-risk facility exposure.
ward_risk_interaction,ward_risk_level,41,1,,risk_rank_within_ward,1.0,2552,351,10011,598,1039,8374,1173200.0,1714,273,430,27.547,3.9228,459.7179,Check whether local weak pockets are simply high-risk facility exposure.
ward_risk_interaction,ward_risk_level,41,2,,risk_rank_within_ward,2.0,651,127,1862,88,182,1592,211900.0,468,47,74,18.5868,2.8602,325.4992,Check whether local weak pockets are simply high-risk facility exposure.
ward_risk_interaction,ward_risk_level,41,3,,risk_rank_within_ward,3.0,297,152,342,30,33,279,41750.0,168,4,39,14.4781,1.1515,140.5724,Check whether local weak pockets are simply high-risk facility exposure.
ward_risk_interaction,ward_risk_level,41,unknown,,risk_rank_within_ward,4.0,2,1,0,0,0,0,0.0,1,0,1,50.0,0.0,0.0,Check whether local weak pockets are simply high-risk facility exposure.
ward_violation_category_mix,ward_violation_category,10,Food Maintenance,,category_rank_within_ward,1.0,3453,312,3453,0,0,3453,314000.0,2168,419,852,36.8086,1.0,90.9354,"Identify whether local issues differ by violation content, not just outcome rate."
ward_violation_category_mix,ward_violation_category,10,Food Protection,,category_rank_within_ward,2.0,1612,272,1612,187,30,1395,216000.0,931,257,417,41.8114,1.0,133.995,"Identify whether local issues differ by violation content, not just outcome rate."
ward_violation_category_mix,ward_violation_category,10,Insect and Rodent Control,,category_rank_within_ward,3.0,423,135,423,0,423,0,71500.0,176,15,228,57.4468,1.0,169.0307,"Identify whether local issues differ by violation content, not just outcome rate."
ward_violation_category_mix,ward_violation_category,10,Personnel,,category_rank_within_ward,4.0,155,83,155,0,155,0,33500.0,27,83,45,82.5806,1.0,216.129,"Identify whether local issues differ by violation content, not just outcome rate."
ward_violation_category_mix,ward_violation_category,10,Toilet and Hand Washing Facilities for Staff,,category_rank_within_ward,5.0,93,48,93,93,0,0,32000.0,29,8,56,68.8172,1.0,344.086,"Identify whether local issues differ by violation content, not just outcome rate."
ward_violation_category_mix,ward_violation_category,10,Compliance,,category_rank_within_ward,6.0,76,39,76,4,72,0,11000.0,32,11,33,57.8947,1.0,144.7368,"Identify whether local issues differ by violation content, not just outcome rate."
ward_violation_category_mix,ward_violation_category,25,Food Maintenance,,category_rank_within_ward,1.0,10352,783,10352,0,0,10352,895900.0,6263,1102,2963,39.2678,1.0,86.5437,"Identify whether local issues differ by violation content, not just outcome rate."
ward_violation_category_mix,ward_violation_category,25,Food Protection,,category_rank_within_ward,2.0,6001,685,6001,612,281,5108,764400.0,3311,856,1817,44.5426,1.0,127.3788,"Identify whether local issues differ by violation content, not just outcome rate."
ward_violation_category_mix,ward_violation_category,25,Insect and Rodent Control,,category_rank_within_ward,3.0,1374,382,1374,0,1374,0,214750.0,587,43,741,57.0597,1.0,156.2955,"Identify whether local issues differ by violation content, not just outcome rate."
ward_violation_category_mix,ward_violation_category,25,Compliance,,category_rank_within_ward,4.0,415,146,415,64,351,0,54750.0,153,47,210,61.9277,1.0,131.9277,"Identify whether local issues differ by violation content, not just outcome rate."
ward_violation_category_mix,ward_violation_category,25,Food Equipment and Utensil,,category_rank_within_ward,5.0,283,124,283,0,283,0,44250.0,113,14,155,59.7173,1.0,156.3604,"Identify whether local issues differ by violation content, not just outcome rate."
ward_violation_category_mix,ward_violation_category,25,Personnel,,category_rank_within_ward,6.0,275,152,275,0,275,0,56250.0,61,106,108,77.8182,1.0,204.5455,"Identify whether local issues differ by violation content, not just outcome rate."
ward_violation_category_mix,ward_violation_category,33,Food Maintenance,,category_rank_within_ward,1.0,5807,461,5807,0,0,5807,499100.0,3971,610,1223,31.5654,1.0,85.948,"Identify whether local issues differ by violation content, not just outcome rate."
ward_violation_category_mix,ward_violation_category,33,Food Protection,,category_rank_within_ward,2.0,3334,423,3334,308,96,2930,402150.0,2073,513,747,37.7924,1.0,120.6209,"Identify whether local issues differ by violation content, not just outcome rate."
ward_violation_category_mix,ward_violation_category,33,Insect and Rodent Control,,category_rank_within_ward,3.0,531,179,531,0,531,0,75250.0,234,15,281,55.7439,1.0,141.7137,"Identify whether local issues differ by violation content, not just outcome rate."
ward_violation_category_mix,ward_violation_category,33,Compliance,,category_rank_within_ward,4.0,163,61,163,11,152,0,23000.0,71,8,83,55.8282,1.0,141.1043,"Identify whether local issues differ by violation content, not just outcome rate."
ward_violation_category_mix,ward_violation_category,33,Toilet and Hand Washing Facilities for Staff,,category_rank_within_ward,5.0,146,84,146,146,0,0,50000.0,45,31,70,69.1781,1.0,342.4658,"Identify whether local issues differ by violation content, not just outcome rate."
ward_violation_category_mix,ward_violation_category,33,Personnel,,category_rank_within_ward,6.0,145,89,145,0,145,0,30250.0,30,57,56,77.931,1.0,208.6207,"Identify whether local issues differ by violation content, not just outcome rate."
ward_violation_category_mix,ward_violation_category,14,Food Maintenance,,category_rank_within_ward,1.0,4394,369,4394,0,0,4394,381900.0,2789,522,1079,36.436,1.0,86.914,"Identify whether local issues differ by violation content, not just outcome rate."
ward_violation_category_mix,ward_violation_category,14,Food Protection,,category_rank_within_ward,2.0,2714,325,2714,287,96,2331,353950.0,1571,447,694,42.0413,1.0,130.4164,"Identify whether local issues differ by violation content, not just outcome rate."
ward_violation_category_mix,ward_violation_category,14,Insect and Rodent Control,,category_rank_within_ward,3.0,482,155,482,0,482,0,79000.0,208,21,253,56.8465,1.0,163.9004,"Identify whether local issues differ by violation content, not just outcome rate."
ward_violation_category_mix,ward_violation_category,14,Compliance,,category_rank_within_ward,4.0,211,77,211,28,183,0,27750.0,78,36,97,63.0332,1.0,131.5166,"Identify whether local issues differ by violation content, not just outcome rate."
ward_violation_category_mix,ward_violation_category,14,Personnel,,category_rank_within_ward,5.0,159,90,159,0,159,0,34000.0,35,70,54,77.9874,1.0,213.8365,"Identify whether local issues differ by violation content, not just outcome rate."
ward_violation_category_mix,ward_violation_category,14,Food Equipment and Utensil,,category_rank_within_ward,6.0,132,63,132,0,132,0,22750.0,53,10,69,59.8485,1.0,172.3485,"Identify whether local issues differ by violation content, not just outcome rate."
ward_violation_category_mix,ward_violation_category,28,Food Maintenance,,category_rank_within_ward,1.0,7544,543,7544,0,0,7544,660700.0,4572,730,2214,39.0244,1.0,87.5795,"Identify whether local issues differ by violation content, not just outcome rate."
ward_violation_category_mix,ward_violation_category,28,Food Protection,,category_rank_within_ward,2.0,3623,476,3623,346,116,3161,456200.0,2059,442,1104,42.6718,1.0,125.9177,"Identify whether local issues differ by violation content, not just outcome rate."
ward_violation_category_mix,ward_violation_category,28,Insect and Rodent Control,,category_rank_within_ward,3.0,1085,291,1085,0,1085,0,176750.0,451,50,581,58.1567,1.0,162.9032,"Identify whether local issues differ by violation content, not just outcome rate."
ward_violation_category_mix,ward_violation_category,28,Personnel,,category_rank_within_ward,4.0,294,141,294,0,294,0,59250.0,64,106,122,77.551,1.0,201.5306,"Identify whether local issues differ by violation content, not just outcome rate."
ward_violation_category_mix,ward_violation_category,28,Compliance,,category_rank_within_ward,5.0,230,91,230,40,190,0,33000.0,84,28,117,63.0435,1.0,143.4783,"Identify whether local issues differ by violation content, not just outcome rate."
ward_violation_category_mix,ward_violation_category,28,Toilet and Hand Washing Facilities for Staff,,category_rank_within_ward,6.0,188,105,188,188,0,0,69000.0,57,27,104,69.6809,1.0,367.0213,"Identify whether local issues differ by violation content, not just outcome rate."
ward_violation_category_mix,ward_violation_category,29,Food Maintenance,,category_rank_within_ward,1.0,5376,431,5376,0,0,5376,467800.0,3368,501,1459,36.4583,1.0,87.0164,"Identify whether local issues differ by violation content, not just outcome rate."
ward_violation_category_mix,ward_violation_category,29,Food Protection,,category_rank_within_ward,2.0,2586,379,2586,201,60,2325,299100.0,1526,319,719,40.1392,1.0,115.6613,"Identify whether local issues differ by violation content, not just outcome rate."
ward_violation_category_mix,ward_violation_category,29,Insect and Rodent Control,,category_rank_within_ward,3.0,605,192,605,0,605,0,88750.0,243,33,322,58.6777,1.0,146.6942,"Identify whether local issues differ by violation content, not just outcome rate."
ward_violation_category_mix,ward_violation_category,29,Personnel,,category_rank_within_ward,4.0,228,121,228,0,228,0,45000.0,50,84,93,77.6316,1.0,197.3684,"Identify whether local issues differ by violation content, not just outcome rate."
ward_violation_category_mix,ward_violation_category,29,Compliance,,category_rank_within_ward,5.0,182,76,182,40,142,0,24000.0,61,31,89,65.9341,1.0,131.8681,"Identify whether local issues differ by violation content, not just outcome rate."
ward_violation_category_mix,ward_violation_category,29,Food Equipment and Utensil,,category_rank_within_ward,6.0,162,76,162,0,162,0,23500.0,65,3,93,59.2593,1.0,145.0617,"Identify whether local issues differ by violation content, not just outcome rate."
ward_violation_category_mix,ward_violation_category,3,Food Maintenance,,category_rank_within_ward,1.0,5896,452,5896,0,0,5896,520000.0,3452,712,1724,41.3161,1.0,88.1954,"Identify whether local issues differ by violation content, not just outcome rate."
ward_violation_category_mix,ward_violation_category,3,Food Protection,,category_rank_within_ward,2.0,2883,406,2883,330,85,2468,379250.0,1547,469,864,46.2366,1.0,131.547,"Identify whether local issues differ by violation content, not just outcome rate."
ward_violation_category_mix,ward_violation_category,3,Insect and Rodent Control,,category_rank_within_ward,3.0,731,204,731,0,731,0,115500.0,299,31,401,59.0971,1.0,158.0027,"Identify whether local issues differ by violation content, not just outcome rate."
ward_violation_category_mix,ward_violation_category,3,Personnel,,category_rank_within_ward,4.0,278,127,278,0,278,0,56750.0,58,127,93,79.1367,1.0,204.1367,"Identify whether local issues differ by violation content, not just outcome rate."
ward_violation_category_mix,ward_violation_category,3,Compliance,,category_rank_within_ward,5.0,185,76,185,51,134,0,23250.0,62,34,89,66.4865,1.0,125.6757,"Identify whether local issues differ by violation content, not just outcome rate."
ward_violation_category_mix,ward_violation_category,3,Toilet and Hand Washing Facilities for Staff,,category_rank_within_ward,6.0,185,95,185,185,0,0,66000.0,44,53,88,76.2162,1.0,356.7568,"Identify whether local issues differ by violation content, not just outcome rate."
ward_violation_category_mix,ward_violation_category,4,Food Maintenance,,category_rank_within_ward,1.0,6471,464,6471,0,0,6471,593900.0,4175,813,1475,35.3577,1.0,91.7787,"Identify whether local issues differ by violation content, not just outcome rate."
ward_violation_category_mix,ward_violation_category,4,Food Protection,,category_rank_within_ward,2.0,3358,407,3358,352,96,2910,446350.0,1934,603,820,42.3764,1.0,132.9214,"Identify whether local issues differ by violation content, not just outcome rate."
ward_violation_category_mix,ward_violation_category,4,Insect and Rodent Control,,category_rank_within_ward,3.0,725,204,725,0,725,0,114000.0,306,32,384,57.3793,1.0,157.2414,"Identify whether local issues differ by violation content, not just outcome rate."
ward_violation_category_mix,ward_violation_category,4,Personnel,,category_rank_within_ward,4.0,232,118,232,0,232,0,51250.0,32,143,56,85.7759,1.0,220.9052,"Identify whether local issues differ by violation content, not just outcome rate."
ward_violation_category_mix,ward_violation_category,4,Compliance,,category_rank_within_ward,5.0,180,73,180,47,133,0,24000.0,61,28,90,65.5556,1.0,133.3333,"Identify whether local issues differ by violation content, not just outcome rate."
ward_violation_category_mix,ward_violation_category,4,Toilet and Hand Washing Facilities for Staff,,category_rank_within_ward,6.0,154,91,154,154,0,0,60000.0,32,48,74,79.2208,1.0,389.6104,"Identify whether local issues differ by violation content, not just outcome rate."
ward_violation_category_mix,ward_violation_category,49,Food Maintenance,,category_rank_within_ward,1.0,5395,397,5395,0,0,5395,462300.0,3316,532,1526,38.1464,1.0,85.6905,"Identify whether local issues differ by violation content, not just outcome rate."
ward_violation_category_mix,ward_violation_category,49,Food Protection,,category_rank_within_ward,2.0,3198,362,3198,291,160,2747,399350.0,1785,434,966,43.7774,1.0,124.8749,"Identify whether local issues differ by violation content, not just outcome rate."
ward_violation_category_mix,ward_violation_category,49,Insect and Rodent Control,,category_rank_within_ward,3.0,605,192,605,0,605,0,93750.0,258,12,331,56.6942,1.0,154.9587,"Identify whether local issues differ by violation content, not just outcome rate."
ward_violation_category_mix,ward_violation_category,49,Compliance,,category_rank_within_ward,4.0,252,96,252,27,225,0,33250.0,110,11,130,55.9524,1.0,131.9444,"Identify whether local issues differ by violation content, not just outcome rate."
ward_violation_category_mix,ward_violation_category,49,Personnel,,category_rank_within_ward,5.0,163,81,163,0,163,0,31000.0,43,63,57,73.6196,1.0,190.184,"Identify whether local issues differ by violation content, not just outcome rate."
ward_violation_category_mix,ward_violation_category,49,Toilet and Hand Washing Facilities for Staff,,category_rank_within_ward,6.0,106,64,106,106,0,0,42500.0,24,19,63,77.3585,1.0,400.9434,"Identify whether local issues differ by violation content, not just outcome rate."
ward_violation_category_mix,ward_violation_category,50,Food Maintenance,,category_rank_within_ward,1.0,6733,449,6733,0,0,6733,548400.0,3970,660,2090,40.8436,1.0,81.4496,"Identify whether local issues differ by violation content, not just outcome rate."
ward_violation_category_mix,ward_violation_category,50,Food Protection,,category_rank_within_ward,2.0,4134,424,4134,388,148,3598,493950.0,2314,513,1299,43.8316,1.0,119.4848,"Identify whether local issues differ by violation content, not just outcome rate."
ward_violation_category_mix,ward_violation_category,50,Insect and Rodent Control,,category_rank_within_ward,3.0,866,243,866,0,866,0,129750.0,363,35,465,57.7367,1.0,149.8268,"Identify whether local issues differ by violation content, not just outcome rate."
ward_violation_category_mix,ward_violation_category,50,Compliance,,category_rank_within_ward,4.0,297,109,297,54,243,0,37750.0,121,26,149,58.9226,1.0,127.1044,"Identify whether local issues differ by violation content, not just outcome rate."
ward_violation_category_mix,ward_violation_category,50,Toilet and Hand Washing Facilities for Staff,,category_rank_within_ward,5.0,181,102,181,181,0,0,68500.0,46,44,91,74.5856,1.0,378.453,"Identify whether local issues differ by violation content, not just outcome rate."
ward_violation_category_mix,ward_violation_category,50,Personnel,,category_rank_within_ward,6.0,159,83,159,0,159,0,30500.0,41,55,63,74.2138,1.0,191.8239,"Identify whether local issues differ by violation content, not just outcome rate."
ward_violation_category_mix,ward_violation_category,2,Food Maintenance,,category_rank_within_ward,1.0,7891,637,7891,0,0,7891,696900.0,4574,1265,2033,41.7944,1.0,88.3158,"Identify whether local issues differ by violation content, not just outcome rate."
ward_violation_category_mix,ward_violation_category,2,Food Protection,,category_rank_within_ward,2.0,5206,569,5206,691,274,4241,755050.0,2612,1142,1442,49.635,1.0,145.0346,"Identify whether local issues differ by violation content, not just outcome rate."
ward_violation_category_mix,ward_violation_category,2,Insect and Rodent Control,,category_rank_within_ward,3.0,1014,291,1014,0,1014,0,180000.0,407,50,555,59.6647,1.0,177.5148,"Identify whether local issues differ by violation content, not just outcome rate."
ward_violation_category_mix,ward_violation_category,2,Compliance,,category_rank_within_ward,4.0,401,150,401,65,336,0,58000.0,150,47,204,62.5935,1.0,144.6384,"Identify whether local issues differ by violation content, not just outcome rate."
ward_violation_category_mix,ward_violation_category,2,Personnel,,category_rank_within_ward,5.0,319,172,319,0,319,0,72000.0,41,181,95,86.5204,1.0,225.7053,"Identify whether local issues differ by violation content, not just outcome rate."
ward_violation_category_mix,ward_violation_category,2,Toilet and Hand Washing Facilities for Staff,,category_rank_within_ward,6.0,199,114,199,199,0,0,83500.0,43,54,102,78.392,1.0,419.598,"Identify whether local issues differ by violation content, not just outcome rate."
ward_violation_category_mix,ward_violation_category,27,Food Maintenance,,category_rank_within_ward,1.0,11759,985,11759,0,0,11759,1037300.0,7000,1532,3195,40.199,1.0,88.2133,"Identify whether local issues differ by violation content, not just outcome rate."
ward_violation_category_mix,ward_violation_category,27,Food Protection,,category_rank_within_ward,2.0,6861,874,6861,913,372,5576,979600.0,3537,1290,2012,48.1271,1.0,142.778,"Identify whether local issues differ by violation content, not just outcome rate."
ward_violation_category_mix,ward_violation_category,27,Insect and Rodent Control,,category_rank_within_ward,3.0,1504,462,1504,0,1504,0,260250.0,624,84,791,58.1782,1.0,173.0386,"Identify whether local issues differ by violation content, not just outcome rate."
ward_violation_category_mix,ward_violation_category,27,Personnel,,category_rank_within_ward,4.0,477,246,477,0,477,0,100250.0,89,208,179,81.1321,1.0,210.1677,"Identify whether local issues differ by violation content, not just outcome rate."
ward_violation_category_mix,ward_violation_category,27,Compliance,,category_rank_within_ward,5.0,441,170,441,74,367,0,65250.0,158,57,222,63.2653,1.0,147.9592,"Identify whether local issues differ by violation content, not just outcome rate."
ward_violation_category_mix,ward_violation_category,27,Toilet and Hand Washing Facilities for Staff,,category_rank_within_ward,6.0,398,208,398,398,0,0,153500.0,110,71,214,71.608,1.0,385.6784,"Identify whether local issues differ by violation content, not just outcome rate."
ward_violation_category_mix,ward_violation_category,30,Food Maintenance,,category_rank_within_ward,1.0,4605,358,4605,0,0,4605,403200.0,3173,484,937,30.8578,1.0,87.557,"Identify whether local issues differ by violation content, not just outcome rate."
ward_violation_category_mix,ward_violation_category,30,Food Protection,,category_rank_within_ward,2.0,2396,312,2396,174,76,2146,284800.0,1551,341,501,35.1419,1.0,118.8648,"Identify whether local issues differ by violation content, not just outcome rate."
ward_violation_category_mix,ward_violation_category,30,Insect and Rodent Control,,category_rank_within_ward,3.0,375,139,375,0,375,0,61500.0,162,18,191,55.7333,1.0,164.0,"Identify whether local issues differ by violation content, not just outcome rate."
ward_violation_category_mix,ward_violation_category,30,Compliance,,category_rank_within_ward,4.0,169,69,169,22,147,0,24750.0,66,16,86,60.355,1.0,146.4497,"Identify whether local issues differ by violation content, not just outcome rate."
ward_violation_category_mix,ward_violation_category,30,Toilet and Hand Washing Facilities for Staff,,category_rank_within_ward,5.0,131,73,131,131,0,0,46500.0,38,29,63,70.229,1.0,354.9618,"Identify whether local issues differ by violation content, not just outcome rate."
ward_violation_category_mix,ward_violation_category,30,Personnel,,category_rank_within_ward,6.0,120,61,120,0,120,0,24750.0,30,50,39,74.1667,1.0,206.25,"Identify whether local issues differ by violation content, not just outcome rate."
ward_violation_category_mix,ward_violation_category,31,Food Maintenance,,category_rank_within_ward,1.0,4034,298,4034,0,0,4034,355200.0,2767,367,893,31.2345,1.0,88.0516,"Identify whether local issues differ by violation content, not just outcome rate."
ward_violation_category_mix,ward_violation_category,31,Food Protection,,category_rank_within_ward,2.0,2071,261,2071,136,62,1873,242000.0,1381,269,415,33.0275,1.0,116.8518,"Identify whether local issues differ by violation content, not just outcome rate."
ward_violation_category_mix,ward_violation_category,31,Insect and Rodent Control,,category_rank_within_ward,3.0,350,128,350,0,350,0,54500.0,145,15,190,58.5714,1.0,155.7143,"Identify whether local issues differ by violation content, not just outcome rate."
ward_violation_category_mix,ward_violation_category,31,Compliance,,category_rank_within_ward,4.0,154,66,154,21,133,0,22500.0,65,15,74,57.7922,1.0,146.1039,"Identify whether local issues differ by violation content, not just outcome rate."
ward_violation_category_mix,ward_violation_category,31,Personnel,,category_rank_within_ward,5.0,96,50,96,0,96,0,19750.0,17,44,35,82.2917,1.0,205.7292,"Identify whether local issues differ by violation content, not just outcome rate."
ward_violation_category_mix,ward_violation_category,31,Toilet and Hand Washing Facilities for Staff,,category_rank_within_ward,6.0,94,56,94,94,0,0,35500.0,26,19,49,72.3404,1.0,377.6596,"Identify whether local issues differ by violation content, not just outcome rate."
ward_violation_category_mix,ward_violation_category,unknown,Food Maintenance,,category_rank_within_ward,1.0,750,58,750,0,0,750,68800.0,493,88,169,34.2667,1.0,91.7333,"Identify whether local issues differ by violation content, not just outcome rate."
ward_violation_category_mix,ward_violation_category,unknown,Food Protection,,category_rank_within_ward,2.0,349,49,349,35,10,304,45600.0,206,66,77,40.9742,1.0,130.659,"Identify whether local issues differ by violation content, not just outcome rate."
ward_violation_category_mix,ward_violation_category,unknown,Insect and Rodent Control,,category_rank_within_ward,3.0,68,21,68,0,68,0,11750.0,26,2,40,61.7647,1.0,172.7941,"Identify whether local issues differ by violation content, not just outcome rate."
ward_violation_category_mix,ward_violation_category,unknown,Compliance,,category_rank_within_ward,4.0,30,9,30,9,21,0,4000.0,11,3,16,63.3333,1.0,133.3333,"Identify whether local issues differ by violation content, not just outcome rate."
ward_violation_category_mix,ward_violation_category,unknown,Personnel,,category_rank_within_ward,5.0,22,10,22,0,22,0,5250.0,2,16,4,90.9091,1.0,238.6364,"Identify whether local issues differ by violation content, not just outcome rate."
ward_violation_category_mix,ward_violation_category,unknown,Toilet / Hand Washing Facilities For Customers,,category_rank_within_ward,6.0,18,9,18,0,18,0,3250.0,6,0,12,66.6667,1.0,180.5556,"Identify whether local issues differ by violation content, not just outcome rate."
ward_violation_category_mix,ward_violation_category,24,Food Maintenance,,category_rank_within_ward,1.0,4310,294,4310,0,0,4310,377300.0,2693,352,1257,37.3318,1.0,87.5406,"Identify whether local issues differ by violation content, not just outcome rate."
ward_violation_category_mix,ward_violation_category,24,Food Protection,,category_rank_within_ward,2.0,1911,264,1911,159,28,1724,229750.0,1135,206,567,40.45,1.0,120.225,"Identify whether local issues differ by violation content, not just outcome rate."
ward_violation_category_mix,ward_violation_category,24,Insect and Rodent Control,,category_rank_within_ward,3.0,594,160,594,0,594,0,96750.0,236,25,331,59.9327,1.0,162.8788,"Identify whether local issues differ by violation content, not just outcome rate."
ward_violation_category_mix,ward_violation_category,24,Personnel,,category_rank_within_ward,4.0,153,69,153,0,153,0,34250.0,28,63,60,80.3922,1.0,223.8562,"Identify whether local issues differ by violation content, not just outcome rate."
ward_violation_category_mix,ward_violation_category,24,Compliance,,category_rank_within_ward,5.0,116,49,116,48,68,0,16750.0,35,20,60,68.9655,1.0,144.3966,"Identify whether local issues differ by violation content, not just outcome rate."
ward_violation_category_mix,ward_violation_category,24,Toilet and Hand Washing Facilities for Staff,,category_rank_within_ward,6.0,110,58,110,110,0,0,41500.0,30,13,65,70.9091,1.0,377.2727,"Identify whether local issues differ by violation content, not just outcome rate."
ward_violation_category_mix,ward_violation_category,35,Food Maintenance,,category_rank_within_ward,1.0,5050,399,5050,0,0,5050,426900.0,3242,539,1252,35.4653,1.0,84.5347,"Identify whether local issues differ by violation content, not just outcome rate."
ward_violation_category_mix,ward_violation_category,35,Food Protection,,category_rank_within_ward,2.0,2782,358,2782,294,110,2378,349200.0,1598,447,725,42.128,1.0,125.5212,"Identify whether local issues differ by violation content, not just outcome rate."
ward_violation_category_mix,ward_violation_category,35,Insect and Rodent Control,,category_rank_within_ward,3.0,504,159,504,0,504,0,73500.0,210,11,282,58.1349,1.0,145.8333,"Identify whether local issues differ by violation content, not just outcome rate."
ward_violation_category_mix,ward_violation_category,35,Compliance,,category_rank_within_ward,4.0,204,68,204,35,169,0,26250.0,83,10,108,57.8431,1.0,128.6765,"Identify whether local issues differ by violation content, not just outcome rate."
ward_violation_category_mix,ward_violation_category,35,Toilet and Hand Washing Facilities for Staff,,category_rank_within_ward,5.0,146,72,146,146,0,0,50000.0,44,21,81,69.863,1.0,342.4658,"Identify whether local issues differ by violation content, not just outcome rate."
ward_violation_category_mix,ward_violation_category,35,Personnel,,category_rank_within_ward,6.0,130,64,130,0,130,0,26500.0,26,54,49,79.2308,1.0,203.8462,"Identify whether local issues differ by violation content, not just outcome rate."
ward_violation_category_mix,ward_violation_category,37,Food Maintenance,,category_rank_within_ward,1.0,3801,304,3801,0,0,3801,325100.0,2256,328,1215,40.5946,1.0,85.5301,"Identify whether local issues differ by violation content, not just outcome rate."
ward_violation_category_mix,ward_violation_category,37,Food Protection,,category_rank_within_ward,2.0,1609,254,1609,114,46,1449,181500.0,897,174,538,44.2511,1.0,112.803,"Identify whether local issues differ by violation content, not just outcome rate."
ward_violation_category_mix,ward_violation_category,37,Insect and Rodent Control,,category_rank_within_ward,3.0,536,169,536,0,536,0,80750.0,218,23,291,58.5821,1.0,150.653,"Identify whether local issues differ by violation content, not just outcome rate."
ward_violation_category_mix,ward_violation_category,37,Personnel,,category_rank_within_ward,4.0,170,90,170,0,170,0,34250.0,42,62,66,75.2941,1.0,201.4706,"Identify whether local issues differ by violation content, not just outcome rate."
ward_violation_category_mix,ward_violation_category,37,Compliance,,category_rank_within_ward,5.0,118,47,118,31,87,0,15000.0,44,11,60,60.1695,1.0,127.1186,"Identify whether local issues differ by violation content, not just outcome rate."
ward_violation_category_mix,ward_violation_category,37,Toilet and Hand Washing Facilities for Staff,,category_rank_within_ward,6.0,107,60,107,107,0,0,35500.0,35,12,60,67.2897,1.0,331.7757,"Identify whether local issues differ by violation content, not just outcome rate."
ward_violation_category_mix,ward_violation_category,12,Food Maintenance,,category_rank_within_ward,1.0,5561,374,5561,0,0,5561,484900.0,3464,559,1520,37.3854,1.0,87.1965,"Identify whether local issues differ by violation content, not just outcome rate."
ward_violation_category_mix,ward_violation_category,12,Food Protection,,category_rank_within_ward,2.0,3182,363,3182,295,82,2805,396100.0,1871,416,890,41.0434,1.0,124.4815,"Identify whether local issues differ by violation content, not just outcome rate."
ward_violation_category_mix,ward_violation_category,12,Insect and Rodent Control,,category_rank_within_ward,3.0,732,205,732,0,732,0,116000.0,313,29,388,56.9672,1.0,158.4699,"Identify whether local issues differ by violation content, not just outcome rate."
ward_violation_category_mix,ward_violation_category,12,Food Equipment and Utensil,,category_rank_within_ward,4.0,167,75,167,0,167,0,26750.0,66,8,90,58.6826,1.0,160.1796,"Identify whether local issues differ by violation content, not just outcome rate."
ward_violation_category_mix,ward_violation_category,12,Compliance,,category_rank_within_ward,5.0,158,59,158,33,125,0,20750.0,57,27,73,63.2911,1.0,131.3291,"Identify whether local issues differ by violation content, not just outcome rate."
ward_violation_category_mix,ward_violation_category,12,Personnel,,category_rank_within_ward,6.0,156,87,156,0,156,0,34500.0,30,69,56,80.1282,1.0,221.1538,"Identify whether local issues differ by violation content, not just outcome rate."
ward_violation_category_mix,ward_violation_category,11,Food Maintenance,,category_rank_within_ward,1.0,4879,350,4879,0,0,4879,432200.0,3157,561,1155,35.1711,1.0,88.5837,"Identify whether local issues differ by violation content, not just outcome rate."
ward_violation_category_mix,ward_violation_category,11,Food Protection,,category_rank_within_ward,2.0,2727,332,2727,293,106,2328,360300.0,1614,420,691,40.7407,1.0,132.1232,"Identify whether local issues differ by violation content, not just outcome rate."
ward_violation_category_mix,ward_violation_category,11,Insect and Rodent Control,,category_rank_within_ward,3.0,544,177,544,0,544,0,85750.0,232,17,292,56.8015,1.0,157.6287,"Identify whether local issues differ by violation content, not just outcome rate."
ward_violation_category_mix,ward_violation_category,11,Toilet and Hand Washing Facilities for Staff,,category_rank_within_ward,4.0,172,73,172,172,0,0,66500.0,48,34,88,70.9302,1.0,386.6279,"Identify whether local issues differ by violation content, not just outcome rate."
ward_violation_category_mix,ward_violation_category,11,Personnel,,category_rank_within_ward,5.0,143,76,143,0,143,0,31500.0,28,75,40,80.4196,1.0,220.2797,"Identify whether local issues differ by violation content, not just outcome rate."
ward_violation_category_mix,ward_violation_category,11,Compliance,,category_rank_within_ward,6.0,123,52,123,19,104,0,17750.0,47,17,58,60.9756,1.0,144.3089,"Identify whether local issues differ by violation content, not just outcome rate."
ward_violation_category_mix,ward_violation_category,45,Food Maintenance,,category_rank_within_ward,1.0,5236,336,5236,0,0,5236,471500.0,3798,469,956,27.2154,1.0,90.0497,"Identify whether local issues differ by violation content, not just outcome rate."
ward_violation_category_mix,ward_violation_category,45,Food Protection,,category_rank_within_ward,2.0,3004,311,3004,219,102,2683,356750.0,2035,389,576,32.1238,1.0,118.7583,"Identify whether local issues differ by violation content, not just outcome rate."
ward_violation_category_mix,ward_violation_category,45,Insect and Rodent Control,,category_rank_within_ward,3.0,342,123,342,0,342,0,51500.0,152,9,180,55.2632,1.0,150.5848,"Identify whether local issues differ by violation content, not just outcome rate."
ward_violation_category_mix,ward_violation_category,45,Compliance,,category_rank_within_ward,4.0,210,75,210,24,186,0,29500.0,81,22,105,60.4762,1.0,140.4762,"Identify whether local issues differ by violation content, not just outcome rate."
ward_violation_category_mix,ward_violation_category,45,Toilet and Hand Washing Facilities for Staff,,category_rank_within_ward,5.0,117,65,117,117,0,0,43000.0,32,29,55,71.7949,1.0,367.5214,"Identify whether local issues differ by violation content, not just outcome rate."
ward_violation_category_mix,ward_violation_category,45,Personnel,,category_rank_within_ward,6.0,110,57,110,0,110,0,22750.0,24,51,33,76.3636,1.0,206.8182,"Identify whether local issues differ by violation content, not just outcome rate."
ward_violation_category_mix,ward_violation_category,36,Food Maintenance,,category_rank_within_ward,1.0,3303,233,3303,0,0,3303,291000.0,2173,384,733,33.8177,1.0,88.1017,"Identify whether local issues differ by violation content, not just outcome rate."
ward_violation_category_mix,ward_violation_category,36,Food Protection,,category_rank_within_ward,2.0,1801,216,1801,135,56,1610,213800.0,1097,271,428,38.8118,1.0,118.7118,"Identify whether local issues differ by violation content, not just outcome rate."
ward_violation_category_mix,ward_violation_category,36,Insect and Rodent Control,,category_rank_within_ward,3.0,318,93,318,0,318,0,50500.0,132,15,170,58.1761,1.0,158.805,"Identify whether local issues differ by violation content, not just outcome rate."
ward_violation_category_mix,ward_violation_category,36,Compliance,,category_rank_within_ward,4.0,150,56,150,29,121,0,22000.0,61,19,70,59.3333,1.0,146.6667,"Identify whether local issues differ by violation content, not just outcome rate."
ward_violation_category_mix,ward_violation_category,36,Food Equipment and Utensil,,category_rank_within_ward,5.0,103,45,103,0,103,0,15250.0,42,9,52,59.2233,1.0,148.0583,"Identify whether local issues differ by violation content, not just outcome rate."
ward_violation_category_mix,ward_violation_category,36,Personnel,,category_rank_within_ward,6.0,93,52,93,0,93,0,20500.0,14,54,25,84.9462,1.0,220.4301,"Identify whether local issues differ by violation content, not just outcome rate."
ward_violation_category_mix,ward_violation_category,39,Food Maintenance,,category_rank_within_ward,1.0,4952,332,4952,0,0,4952,441300.0,3470,449,1026,29.7859,1.0,89.1155,"Identify whether local issues differ by violation content, not just outcome rate."
ward_violation_category_mix,ward_violation_category,39,Food Protection,,category_rank_within_ward,2.0,2781,302,2781,223,90,2468,337200.0,1837,331,610,33.8367,1.0,121.2513,"Identify whether local issues differ by violation content, not just outcome rate."
ward_violation_category_mix,ward_violation_category,39,Insect and Rodent Control,,category_rank_within_ward,3.0,419,139,419,0,419,0,62750.0,181,15,221,56.3246,1.0,149.7613,"Identify whether local issues differ by violation content, not just outcome rate."
ward_violation_category_mix,ward_violation_category,39,Compliance,,category_rank_within_ward,4.0,183,71,183,20,163,0,24000.0,77,15,91,57.9235,1.0,131.1475,"Identify whether local issues differ by violation content, not just outcome rate."
ward_violation_category_mix,ward_violation_category,39,Personnel,,category_rank_within_ward,5.0,129,64,129,0,129,0,27000.0,28,61,40,78.2946,1.0,209.3023,"Identify whether local issues differ by violation content, not just outcome rate."
ward_violation_category_mix,ward_violation_category,39,Food Equipment and Utensil,,category_rank_within_ward,6.0,114,53,114,0,114,0,17000.0,44,13,57,61.4035,1.0,149.1228,"Identify whether local issues differ by violation content, not just outcome rate."
ward_violation_category_mix,ward_violation_category,6,Food Maintenance,,category_rank_within_ward,1.0,5624,415,5624,0,0,5624,505400.0,3164,602,1815,42.9765,1.0,89.8649,"Identify whether local issues differ by violation content, not just outcome rate."
ward_violation_category_mix,ward_violation_category,6,Food Protection,,category_rank_within_ward,2.0,2614,361,2614,338,56,2220,359600.0,1287,402,908,50.1148,1.0,137.5669,"Identify whether local issues differ by violation content, not just outcome rate."
ward_violation_category_mix,ward_violation_category,6,Insect and Rodent Control,,category_rank_within_ward,3.0,870,228,870,0,870,0,142750.0,345,30,485,59.1954,1.0,164.0805,"Identify whether local issues differ by violation content, not just outcome rate."
ward_violation_category_mix,ward_violation_category,6,Personnel,,category_rank_within_ward,4.0,259,122,259,0,259,0,54000.0,62,84,110,74.9035,1.0,208.4942,"Identify whether local issues differ by violation content, not just outcome rate."
ward_violation_category_mix,ward_violation_category,6,Compliance,,category_rank_within_ward,5.0,162,61,162,46,116,0,19250.0,53,23,84,66.0494,1.0,118.8272,"Identify whether local issues differ by violation content, not just outcome rate."
ward_violation_category_mix,ward_violation_category,6,Toilet and Hand Washing Facilities for Staff,,category_rank_within_ward,6.0,140,71,140,140,0,0,50000.0,35,15,88,73.5714,1.0,357.1429,"Identify whether local issues differ by violation content, not just outcome rate."
ward_violation_category_mix,ward_violation_category,5,Food Maintenance,,category_rank_within_ward,1.0,4539,319,4539,0,0,4539,411700.0,2648,476,1395,41.2205,1.0,90.7028,"Identify whether local issues differ by violation content, not just outcome rate."
ward_violation_category_mix,ward_violation_category,5,Food Protection,,category_rank_within_ward,2.0,2431,285,2431,269,66,2096,323900.0,1324,350,750,45.2489,1.0,133.2374,"Identify whether local issues differ by violation content, not just outcome rate."
ward_violation_category_mix,ward_violation_category,5,Insect and Rodent Control,,category_rank_within_ward,3.0,645,162,645,0,645,0,110250.0,262,27,353,58.9147,1.0,170.9302,"Identify whether local issues differ by violation content, not just outcome rate."
ward_violation_category_mix,ward_violation_category,5,Personnel,,category_rank_within_ward,4.0,162,86,162,0,162,0,34500.0,34,55,70,77.1605,1.0,212.963,"Identify whether local issues differ by violation content, not just outcome rate."
ward_violation_category_mix,ward_violation_category,5,Compliance,,category_rank_within_ward,5.0,149,49,149,49,100,0,20500.0,47,23,78,67.7852,1.0,137.5839,"Identify whether local issues differ by violation content, not just outcome rate."
ward_violation_category_mix,ward_violation_category,5,Toilet and Hand Washing Facilities for Staff,,category_rank_within_ward,6.0,116,61,116,116,0,0,43000.0,26,17,72,76.7241,1.0,370.6897,"Identify whether local issues differ by violation content, not just outcome rate."
ward_violation_category_mix,ward_violation_category,7,Food Maintenance,,category_rank_within_ward,1.0,2764,236,2764,0,0,2764,248900.0,1724,275,739,36.686,1.0,90.0507,"Identify whether local issues differ by violation content, not just outcome rate."
ward_violation_category_mix,ward_violation_category,7,Food Protection,,category_rank_within_ward,2.0,1152,206,1152,135,23,994,155400.0,627,182,334,44.7917,1.0,134.8958,"Identify whether local issues differ by violation content, not just outcome rate."
ward_violation_category_mix,ward_violation_category,7,Insect and Rodent Control,,category_rank_within_ward,3.0,377,114,377,0,377,0,65000.0,147,22,205,60.2122,1.0,172.4138,"Identify whether local issues differ by violation content, not just outcome rate."
ward_violation_category_mix,ward_violation_category,7,Personnel,,category_rank_within_ward,4.0,153,69,153,0,153,0,33250.0,26,57,70,83.0065,1.0,217.3203,"Identify whether local issues differ by violation content, not just outcome rate."
ward_violation_category_mix,ward_violation_category,7,Toilet and Hand Washing Facilities for Staff,,category_rank_within_ward,5.0,65,34,65,65,0,0,23000.0,17,2,46,73.8462,1.0,353.8462,"Identify whether local issues differ by violation content, not just outcome rate."
ward_violation_category_mix,ward_violation_category,7,Compliance,,category_rank_within_ward,6.0,59,29,59,15,44,0,9500.0,19,12,26,64.4068,1.0,161.0169,"Identify whether local issues differ by violation content, not just outcome rate."
ward_violation_category_mix,ward_violation_category,9,Food Maintenance,,category_rank_within_ward,1.0,3612,246,3612,0,0,3612,341300.0,2062,376,1155,42.3865,1.0,94.4906,"Identify whether local issues differ by violation content, not just outcome rate."
ward_violation_category_mix,ward_violation_category,9,Food Protection,,category_rank_within_ward,2.0,1444,218,1444,164,21,1259,197700.0,731,225,482,48.9612,1.0,136.9114,"Identify whether local issues differ by violation content, not just outcome rate."
ward_violation_category_mix,ward_violation_category,9,Insect and Rodent Control,,category_rank_within_ward,3.0,488,149,488,0,488,0,93750.0,205,13,268,57.582,1.0,192.1107,"Identify whether local issues differ by violation content, not just outcome rate."
ward_violation_category_mix,ward_violation_category,9,Compliance,,category_rank_within_ward,4.0,166,54,166,40,126,0,23000.0,59,20,87,64.4578,1.0,138.5542,"Identify whether local issues differ by violation content, not just outcome rate."
ward_violation_category_mix,ward_violation_category,9,Personnel,,category_rank_within_ward,5.0,163,74,163,0,163,0,36750.0,38,58,67,76.6871,1.0,225.4601,"Identify whether local issues differ by violation content, not just outcome rate."
ward_violation_category_mix,ward_violation_category,9,Toilet and Hand Washing Facilities for Staff,,category_rank_within_ward,6.0,103,50,103,103,0,0,35500.0,33,16,54,67.9612,1.0,344.6602,"Identify whether local issues differ by violation content, not just outcome rate."
ward_violation_category_mix,ward_violation_category,1,Food Maintenance,,category_rank_within_ward,1.0,10061,729,10061,0,0,10061,878100.0,6250,1096,2677,37.5012,1.0,87.2776,"Identify whether local issues differ by violation content, not just outcome rate."
ward_violation_category_mix,ward_violation_category,1,Food Protection,,category_rank_within_ward,2.0,5763,661,5763,620,341,4802,754400.0,3139,903,1705,45.2542,1.0,130.904,"Identify whether local issues differ by violation content, not just outcome rate."
ward_violation_category_mix,ward_violation_category,1,Insect and Rodent Control,,category_rank_within_ward,3.0,1226,346,1226,0,1226,0,187750.0,512,44,669,58.1566,1.0,153.1403,"Identify whether local issues differ by violation content, not just outcome rate."
ward_violation_category_mix,ward_violation_category,1,Compliance,,category_rank_within_ward,4.0,406,160,406,71,335,0,55000.0,164,34,208,59.6059,1.0,135.468,"Identify whether local issues differ by violation content, not just outcome rate."
ward_violation_category_mix,ward_violation_category,1,Personnel,,category_rank_within_ward,5.0,334,171,334,0,334,0,67500.0,71,137,126,78.7425,1.0,202.0958,"Identify whether local issues differ by violation content, not just outcome rate."
ward_violation_category_mix,ward_violation_category,1,Food Equipment and Utensil,,category_rank_within_ward,6.0,301,132,301,0,301,0,47250.0,121,16,162,59.1362,1.0,156.9767,"Identify whether local issues differ by violation content, not just outcome rate."
ward_violation_category_mix,ward_violation_category,18,Food Maintenance,,category_rank_within_ward,1.0,3232,325,3232,0,0,3232,298000.0,2298,322,611,28.8676,1.0,92.203,"Identify whether local issues differ by violation content, not just outcome rate."
ward_violation_category_mix,ward_violation_category,18,Food Protection,,category_rank_within_ward,2.0,1490,272,1490,142,20,1328,190450.0,970,223,296,34.8322,1.0,127.8188,"Identify whether local issues differ by violation content, not just outcome rate."
ward_violation_category_mix,ward_violation_category,18,Insect and Rodent Control,,category_rank_within_ward,3.0,279,90,279,0,279,0,49250.0,121,7,150,56.2724,1.0,176.5233,"Identify whether local issues differ by violation content, not just outcome rate."
ward_violation_category_mix,ward_violation_category,18,Personnel,,category_rank_within_ward,4.0,120,71,120,0,120,0,26250.0,21,62,36,81.6667,1.0,218.75,"Identify whether local issues differ by violation content, not just outcome rate."
ward_violation_category_mix,ward_violation_category,18,Compliance,,category_rank_within_ward,5.0,84,35,84,16,68,0,11000.0,33,7,44,60.7143,1.0,130.9524,"Identify whether local issues differ by violation content, not just outcome rate."
ward_violation_category_mix,ward_violation_category,18,Toilet and Hand Washing Facilities for Staff,,category_rank_within_ward,6.0,76,41,76,76,0,0,28500.0,26,11,39,65.7895,1.0,375.0,"Identify whether local issues differ by violation content, not just outcome rate."
ward_violation_category_mix,ward_violation_category,22,Food Maintenance,,category_rank_within_ward,1.0,4533,328,4533,0,0,4533,405000.0,2943,458,1123,34.8776,1.0,89.3448,"Identify whether local issues differ by violation content, not just outcome rate."
ward_violation_category_mix,ward_violation_category,22,Food Protection,,category_rank_within_ward,2.0,2515,286,2515,222,59,2234,313450.0,1515,345,647,39.4433,1.0,124.6322,"Identify whether local issues differ by violation content, not just outcome rate."
ward_violation_category_mix,ward_violation_category,22,Insect and Rodent Control,,category_rank_within_ward,3.0,519,165,519,0,519,0,82500.0,215,20,278,57.4181,1.0,158.9595,"Identify whether local issues differ by violation content, not just outcome rate."
ward_violation_category_mix,ward_violation_category,22,Compliance,,category_rank_within_ward,4.0,132,57,132,27,105,0,18500.0,53,14,62,57.5758,1.0,140.1515,"Identify whether local issues differ by violation content, not just outcome rate."
ward_violation_category_mix,ward_violation_category,22,Personnel,,category_rank_within_ward,5.0,127,65,127,0,127,0,27000.0,24,46,55,79.5276,1.0,212.5984,"Identify whether local issues differ by violation content, not just outcome rate."
ward_violation_category_mix,ward_violation_category,22,Food Equipment and Utensil,,category_rank_within_ward,6.0,107,53,107,0,107,0,19000.0,41,5,61,61.6822,1.0,177.5701,"Identify whether local issues differ by violation content, not just outcome rate."
ward_violation_category_mix,ward_violation_category,42,Food Maintenance,,category_rank_within_ward,1.0,25059,2324,25059,0,0,25059,2276600.0,16822,3707,4521,32.8345,1.0,90.8496,"Identify whether local issues differ by violation content, not just outcome rate."
ward_violation_category_mix,ward_violation_category,42,Food Protection,,category_rank_within_ward,2.0,16235,2156,16235,2082,720,13433,2360050.0,9470,3689,3067,41.6138,1.0,145.368,"Identify whether local issues differ by violation content, not just outcome rate."
ward_violation_category_mix,ward_violation_category,42,Insect and Rodent Control,,category_rank_within_ward,3.0,2338,830,2338,0,2338,0,389250.0,949,118,1266,59.1959,1.0,166.4885,"Identify whether local issues differ by violation content, not just outcome rate."
ward_violation_category_mix,ward_violation_category,42,Personnel,,category_rank_within_ward,4.0,822,530,822,0,822,0,188750.0,93,526,201,88.4428,1.0,229.6229,"Identify whether local issues differ by violation content, not just outcome rate."
ward_violation_category_mix,ward_violation_category,42,Toilet and Hand Washing Facilities for Staff,,category_rank_within_ward,5.0,671,417,671,671,0,0,268000.0,144,231,296,78.5395,1.0,399.4039,"Identify whether local issues differ by violation content, not just outcome rate."
ward_violation_category_mix,ward_violation_category,42,Compliance,,category_rank_within_ward,6.0,670,330,670,105,565,0,96250.0,242,102,326,63.8806,1.0,143.6567,"Identify whether local issues differ by violation content, not just outcome rate."
ward_violation_category_mix,ward_violation_category,15,Food Maintenance,,category_rank_within_ward,1.0,3037,271,3037,0,0,3037,271700.0,1912,302,800,36.2858,1.0,89.4633,"Identify whether local issues differ by violation content, not just outcome rate."
ward_violation_category_mix,ward_violation_category,15,Food Protection,,category_rank_within_ward,2.0,1588,230,1588,154,53,1381,206500.0,924,242,418,41.5617,1.0,130.0378,"Identify whether local issues differ by violation content, not just outcome rate."
ward_violation_category_mix,ward_violation_category,15,Insect and Rodent Control,,category_rank_within_ward,3.0,420,128,420,0,420,0,72000.0,177,11,227,56.6667,1.0,171.4286,"Identify whether local issues differ by violation content, not just outcome rate."
ward_violation_category_mix,ward_violation_category,15,Personnel,,category_rank_within_ward,4.0,106,56,106,0,106,0,24000.0,22,48,35,78.3019,1.0,226.4151,"Identify whether local issues differ by violation content, not just outcome rate."
ward_violation_category_mix,ward_violation_category,15,Food Equipment and Utensil,,category_rank_within_ward,5.0,97,43,97,0,97,0,18000.0,43,5,49,55.6701,1.0,185.567,"Identify whether local issues differ by violation content, not just outcome rate."
ward_violation_category_mix,ward_violation_category,15,Toilet and Hand Washing Facilities for Staff,,category_rank_within_ward,6.0,91,46,91,91,0,0,34500.0,28,11,52,69.2308,1.0,379.1209,"Identify whether local issues differ by violation content, not just outcome rate."
ward_violation_category_mix,ward_violation_category,20,Food Maintenance,,category_rank_within_ward,1.0,4132,316,4132,0,0,4132,358700.0,2434,342,1348,40.9003,1.0,86.8103,"Identify whether local issues differ by violation content, not just outcome rate."
ward_violation_category_mix,ward_violation_category,20,Food Protection,,category_rank_within_ward,2.0,1979,290,1979,235,51,1693,248650.0,1085,203,685,44.8711,1.0,125.6443,"Identify whether local issues differ by violation content, not just outcome rate."
ward_violation_category_mix,ward_violation_category,20,Insect and Rodent Control,,category_rank_within_ward,3.0,640,185,640,0,640,0,101750.0,268,20,350,57.8125,1.0,158.9844,"Identify whether local issues differ by violation content, not just outcome rate."
ward_violation_category_mix,ward_violation_category,20,Personnel,,category_rank_within_ward,4.0,166,81,166,0,166,0,34000.0,41,50,74,74.6988,1.0,204.8193,"Identify whether local issues differ by violation content, not just outcome rate."
ward_violation_category_mix,ward_violation_category,20,Compliance,,category_rank_within_ward,5.0,116,50,116,38,78,0,14750.0,43,16,56,62.069,1.0,127.1552,"Identify whether local issues differ by violation content, not just outcome rate."
ward_violation_category_mix,ward_violation_category,20,Toilet and Hand Washing Facilities for Staff,,category_rank_within_ward,6.0,94,51,94,94,0,0,34000.0,26,17,50,71.2766,1.0,361.7021,"Identify whether local issues differ by violation content, not just outcome rate."
ward_violation_category_mix,ward_violation_category,16,Food Maintenance,,category_rank_within_ward,1.0,4155,383,4155,0,0,4155,361200.0,2503,312,1317,39.2058,1.0,86.9314,"Identify whether local issues differ by violation content, not just outcome rate."
ward_violation_category_mix,ward_violation_category,16,Food Protection,,category_rank_within_ward,2.0,1929,331,1929,220,40,1669,244600.0,1101,201,617,42.4054,1.0,126.8015,"Identify whether local issues differ by violation content, not just outcome rate."
ward_violation_category_mix,ward_violation_category,16,Insect and Rodent Control,,category_rank_within_ward,3.0,653,205,653,0,653,0,112250.0,256,21,371,60.0306,1.0,171.8989,"Identify whether local issues differ by violation content, not just outcome rate."
ward_violation_category_mix,ward_violation_category,16,Personnel,,category_rank_within_ward,4.0,149,81,149,0,149,0,31250.0,34,53,60,75.8389,1.0,209.7315,"Identify whether local issues differ by violation content, not just outcome rate."
ward_violation_category_mix,ward_violation_category,16,Toilet and Hand Washing Facilities for Staff,,category_rank_within_ward,5.0,119,69,119,119,0,0,47500.0,29,15,74,74.7899,1.0,399.1597,"Identify whether local issues differ by violation content, not just outcome rate."
ward_violation_category_mix,ward_violation_category,16,Compliance,,category_rank_within_ward,6.0,96,39,96,34,62,0,11250.0,33,16,42,60.4167,1.0,117.1875,"Identify whether local issues differ by violation content, not just outcome rate."
ward_violation_category_mix,ward_violation_category,17,Food Maintenance,,category_rank_within_ward,1.0,4088,356,4088,0,0,4088,365700.0,2404,413,1262,40.9736,1.0,89.4569,"Identify whether local issues differ by violation content, not just outcome rate."
ward_violation_category_mix,ward_violation_category,17,Food Protection,,category_rank_within_ward,2.0,1720,291,1720,221,26,1473,237800.0,939,254,525,45.2907,1.0,138.2558,"Identify whether local issues differ by violation content, not just outcome rate."
ward_violation_category_mix,ward_violation_category,17,Insect and Rodent Control,,category_rank_within_ward,3.0,596,176,596,0,596,0,101750.0,252,26,314,57.047,1.0,170.7215,"Identify whether local issues differ by violation content, not just outcome rate."
ward_violation_category_mix,ward_violation_category,17,Personnel,,category_rank_within_ward,4.0,192,86,192,0,192,0,40000.0,51,63,77,72.9167,1.0,208.3333,"Identify whether local issues differ by violation content, not just outcome rate."
ward_violation_category_mix,ward_violation_category,17,Compliance,,category_rank_within_ward,5.0,124,50,124,27,97,0,18000.0,46,12,63,60.4839,1.0,145.1613,"Identify whether local issues differ by violation content, not just outcome rate."
ward_violation_category_mix,ward_violation_category,17,Toilet and Hand Washing Facilities for Staff,,category_rank_within_ward,6.0,85,45,85,85,0,0,30000.0,26,12,47,69.4118,1.0,352.9412,"Identify whether local issues differ by violation content, not just outcome rate."
ward_violation_category_mix,ward_violation_category,43,Food Maintenance,,category_rank_within_ward,1.0,7561,576,7561,0,0,7561,654200.0,4054,1398,2103,46.3034,1.0,86.5229,"Identify whether local issues differ by violation content, not just outcome rate."
ward_violation_category_mix,ward_violation_category,43,Food Protection,,category_rank_within_ward,2.0,5044,540,5044,692,221,4131,712200.0,2348,1213,1475,53.291,1.0,141.1975,"Identify whether local issues differ by violation content, not just outcome rate."
ward_violation_category_mix,ward_violation_category,43,Insect and Rodent Control,,category_rank_within_ward,3.0,878,281,878,0,878,0,141750.0,352,53,471,59.6811,1.0,161.4465,"Identify whether local issues differ by violation content, not just outcome rate."
ward_violation_category_mix,ward_violation_category,43,Compliance,,category_rank_within_ward,4.0,498,173,498,56,442,0,65250.0,194,59,242,60.4418,1.0,131.0241,"Identify whether local issues differ by violation content, not just outcome rate."
ward_violation_category_mix,ward_violation_category,43,Personnel,,category_rank_within_ward,5.0,281,173,281,0,281,0,62750.0,31,154,96,88.968,1.0,223.3096,"Identify whether local issues differ by violation content, not just outcome rate."
ward_violation_category_mix,ward_violation_category,43,Toilet and Hand Washing Facilities for Staff,,category_rank_within_ward,6.0,223,131,223,223,0,0,86500.0,47,70,106,78.9238,1.0,387.8924,"Identify whether local issues differ by violation content, not just outcome rate."
ward_violation_category_mix,ward_violation_category,8,Food Maintenance,,category_rank_within_ward,1.0,5170,381,5170,0,0,5170,471000.0,3073,532,1542,40.1161,1.0,91.1025,"Identify whether local issues differ by violation content, not just outcome rate."
ward_violation_category_mix,ward_violation_category,8,Food Protection,,category_rank_within_ward,2.0,2363,326,2363,282,65,2016,324350.0,1263,333,758,46.1701,1.0,137.262,"Identify whether local issues differ by violation content, not just outcome rate."
ward_violation_category_mix,ward_violation_category,8,Insect and Rodent Control,,category_rank_within_ward,3.0,678,190,678,0,678,0,122000.0,270,27,372,58.8496,1.0,179.941,"Identify whether local issues differ by violation content, not just outcome rate."
ward_violation_category_mix,ward_violation_category,8,Personnel,,category_rank_within_ward,4.0,207,97,207,0,207,0,45000.0,50,81,76,75.8454,1.0,217.3913,"Identify whether local issues differ by violation content, not just outcome rate."
ward_violation_category_mix,ward_violation_category,8,Compliance,,category_rank_within_ward,5.0,192,79,192,56,136,0,26500.0,66,32,92,64.5833,1.0,138.0208,"Identify whether local issues differ by violation content, not just outcome rate."
ward_violation_category_mix,ward_violation_category,8,Toilet and Hand Washing Facilities for Staff,,category_rank_within_ward,6.0,113,58,113,113,0,0,43500.0,35,12,64,67.2566,1.0,384.9558,"Identify whether local issues differ by violation content, not just outcome rate."
ward_violation_category_mix,ward_violation_category,0,Food Maintenance,,category_rank_within_ward,1.0,3,1,3,0,0,3,300.0,3,0,0,0.0,1.0,100.0,"Identify whether local issues differ by violation content, not just outcome rate."
ward_violation_category_mix,ward_violation_category,21,Food Maintenance,,category_rank_within_ward,1.0,4196,321,4196,0,0,4196,389200.0,2617,423,1118,36.7255,1.0,92.755,"Identify whether local issues differ by violation content, not just outcome rate."
ward_violation_category_mix,ward_violation_category,21,Food Protection,,category_rank_within_ward,2.0,1726,261,1726,204,22,1500,239500.0,932,267,506,44.7856,1.0,138.7601,"Identify whether local issues differ by violation content, not just outcome rate."
ward_violation_category_mix,ward_violation_category,21,Insect and Rodent Control,,category_rank_within_ward,3.0,531,150,531,0,531,0,96750.0,224,21,280,56.6855,1.0,182.2034,"Identify whether local issues differ by violation content, not just outcome rate."
ward_violation_category_mix,ward_violation_category,21,Personnel,,category_rank_within_ward,4.0,152,80,152,0,152,0,35000.0,31,69,52,79.6053,1.0,230.2632,"Identify whether local issues differ by violation content, not just outcome rate."
ward_violation_category_mix,ward_violation_category,21,Compliance,,category_rank_within_ward,5.0,121,53,121,28,93,0,15750.0,52,9,58,55.3719,1.0,130.1653,"Identify whether local issues differ by violation content, not just outcome rate."
ward_violation_category_mix,ward_violation_category,21,Food Equipment and Utensil,,category_rank_within_ward,6.0,84,34,84,0,84,0,17000.0,32,2,46,57.1429,1.0,202.381,"Identify whether local issues differ by violation content, not just outcome rate."
ward_violation_category_mix,ward_violation_category,44,Food Maintenance,,category_rank_within_ward,1.0,8798,762,8798,0,0,8798,742300.0,5217,1223,2342,40.5206,1.0,84.3714,"Identify whether local issues differ by violation content, not just outcome rate."
ward_violation_category_mix,ward_violation_category,44,Food Protection,,category_rank_within_ward,2.0,5682,686,5682,802,387,4493,822800.0,2922,1125,1628,48.4512,1.0,144.8082,"Identify whether local issues differ by violation content, not just outcome rate."
ward_violation_category_mix,ward_violation_category,44,Insect and Rodent Control,,category_rank_within_ward,3.0,968,317,968,0,968,0,152500.0,423,43,499,55.9917,1.0,157.5413,"Identify whether local issues differ by violation content, not just outcome rate."
ward_violation_category_mix,ward_violation_category,44,Compliance,,category_rank_within_ward,4.0,488,186,488,43,445,0,68500.0,200,43,243,58.6066,1.0,140.3689,"Identify whether local issues differ by violation content, not just outcome rate."
ward_violation_category_mix,ward_violation_category,44,Personnel,,category_rank_within_ward,5.0,305,169,305,0,305,0,65500.0,57,145,102,80.9836,1.0,214.7541,"Identify whether local issues differ by violation content, not just outcome rate."
ward_violation_category_mix,ward_violation_category,44,Toilet and Hand Washing Facilities for Staff,,category_rank_within_ward,6.0,239,142,239,239,0,0,98000.0,58,60,121,75.7322,1.0,410.0418,"Identify whether local issues differ by violation content, not just outcome rate."
ward_violation_category_mix,ward_violation_category,46,Food Maintenance,,category_rank_within_ward,1.0,4391,379,4391,0,0,4391,365800.0,2597,619,1173,40.8107,1.0,83.3068,"Identify whether local issues differ by violation content, not just outcome rate."
ward_violation_category_mix,ward_violation_category,46,Food Protection,,category_rank_within_ward,2.0,3048,357,3048,428,159,2461,427700.0,1543,575,921,49.0814,1.0,140.3215,"Identify whether local issues differ by violation content, not just outcome rate."
ward_violation_category_mix,ward_violation_category,46,Insect and Rodent Control,,category_rank_within_ward,3.0,577,170,577,0,577,0,83500.0,247,21,309,57.1924,1.0,144.714,"Identify whether local issues differ by violation content, not just outcome rate."
ward_violation_category_mix,ward_violation_category,46,Compliance,,category_rank_within_ward,4.0,254,96,254,30,224,0,32000.0,106,21,127,58.2677,1.0,125.9843,"Identify whether local issues differ by violation content, not just outcome rate."
ward_violation_category_mix,ward_violation_category,46,Toilet and Hand Washing Facilities for Staff,,category_rank_within_ward,5.0,148,78,148,148,0,0,55500.0,35,29,84,76.3514,1.0,375.0,"Identify whether local issues differ by violation content, not just outcome rate."
ward_violation_category_mix,ward_violation_category,46,Personnel,,category_rank_within_ward,6.0,141,78,141,0,141,0,27750.0,32,56,53,77.305,1.0,196.8085,"Identify whether local issues differ by violation content, not just outcome rate."
ward_violation_category_mix,ward_violation_category,48,Food Maintenance,,category_rank_within_ward,1.0,5636,418,5636,0,0,5636,484100.0,3458,715,1459,38.5735,1.0,85.8943,"Identify whether local issues differ by violation content, not just outcome rate."
ward_violation_category_mix,ward_violation_category,48,Food Protection,,category_rank_within_ward,2.0,3828,386,3828,492,193,3143,533350.0,2016,721,1087,47.2309,1.0,139.3286,"Identify whether local issues differ by violation content, not just outcome rate."
ward_violation_category_mix,ward_violation_category,48,Insect and Rodent Control,,category_rank_within_ward,3.0,652,204,652,0,652,0,100250.0,297,14,340,54.2945,1.0,153.7577,"Identify whether local issues differ by violation content, not just outcome rate."
ward_violation_category_mix,ward_violation_category,48,Compliance,,category_rank_within_ward,4.0,251,104,251,21,230,0,34500.0,101,29,120,59.3625,1.0,137.4502,"Identify whether local issues differ by violation content, not just outcome rate."
ward_violation_category_mix,ward_violation_category,48,Toilet and Hand Washing Facilities for Staff,,category_rank_within_ward,5.0,160,92,160,160,0,0,62000.0,43,30,87,73.125,1.0,387.5,"Identify whether local issues differ by violation content, not just outcome rate."
ward_violation_category_mix,ward_violation_category,48,Personnel,,category_rank_within_ward,6.0,123,69,123,0,123,0,26500.0,25,58,40,79.6748,1.0,215.4472,"Identify whether local issues differ by violation content, not just outcome rate."
ward_violation_category_mix,ward_violation_category,13,Food Maintenance,,category_rank_within_ward,1.0,2221,197,2221,0,0,2221,200600.0,1666,195,354,24.7186,1.0,90.3197,"Identify whether local issues differ by violation content, not just outcome rate."
ward_violation_category_mix,ward_violation_category,13,Food Protection,,category_rank_within_ward,2.0,1249,166,1249,85,34,1130,146150.0,892,140,214,28.3427,1.0,117.0136,"Identify whether local issues differ by violation content, not just outcome rate."
ward_violation_category_mix,ward_violation_category,13,Insect and Rodent Control,,category_rank_within_ward,3.0,216,67,216,0,216,0,35250.0,99,5,111,53.7037,1.0,163.1944,"Identify whether local issues differ by violation content, not just outcome rate."
ward_violation_category_mix,ward_violation_category,13,Compliance,,category_rank_within_ward,4.0,69,26,69,6,63,0,8250.0,33,3,33,52.1739,1.0,119.5652,"Identify whether local issues differ by violation content, not just outcome rate."
ward_violation_category_mix,ward_violation_category,13,Personnel,,category_rank_within_ward,5.0,55,34,55,0,55,0,12750.0,8,36,11,85.4545,1.0,231.8182,"Identify whether local issues differ by violation content, not just outcome rate."
ward_violation_category_mix,ward_violation_category,13,Toilet and Hand Washing Facilities for Staff,,category_rank_within_ward,6.0,49,26,49,49,0,0,17000.0,18,6,25,63.2653,1.0,346.9388,"Identify whether local issues differ by violation content, not just outcome rate."
ward_violation_category_mix,ward_violation_category,19,Food Maintenance,,category_rank_within_ward,1.0,3825,275,3825,0,0,3825,365900.0,2678,391,749,29.8039,1.0,95.6601,"Identify whether local issues differ by violation content, not just outcome rate."
ward_violation_category_mix,ward_violation_category,19,Food Protection,,category_rank_within_ward,2.0,1740,245,1740,128,21,1591,215650.0,1153,239,344,33.5057,1.0,123.9368,"Identify whether local issues differ by violation content, not just outcome rate."
ward_violation_category_mix,ward_violation_category,19,Insect and Rodent Control,,category_rank_within_ward,3.0,296,96,296,0,296,0,53750.0,134,7,155,54.7297,1.0,181.5878,"Identify whether local issues differ by violation content, not just outcome rate."
ward_violation_category_mix,ward_violation_category,19,Personnel,,category_rank_within_ward,4.0,145,78,145,0,145,0,33500.0,21,84,40,85.5172,1.0,231.0345,"Identify whether local issues differ by violation content, not just outcome rate."
ward_violation_category_mix,ward_violation_category,19,Compliance,,category_rank_within_ward,5.0,119,53,119,15,104,0,17500.0,47,12,58,58.8235,1.0,147.0588,"Identify whether local issues differ by violation content, not just outcome rate."
ward_violation_category_mix,ward_violation_category,19,Food Equipment and Utensil,,category_rank_within_ward,6.0,74,38,74,0,74,0,15000.0,34,2,38,54.0541,1.0,202.7027,"Identify whether local issues differ by violation content, not just outcome rate."
ward_violation_category_mix,ward_violation_category,23,Food Maintenance,,category_rank_within_ward,1.0,3262,289,3262,0,0,3262,297200.0,2403,286,569,26.2109,1.0,91.1097,"Identify whether local issues differ by violation content, not just outcome rate."
ward_violation_category_mix,ward_violation_category,23,Food Protection,,category_rank_within_ward,2.0,2013,249,2013,125,60,1828,236500.0,1425,232,355,29.1605,1.0,117.4863,"Identify whether local issues differ by violation content, not just outcome rate."
ward_violation_category_mix,ward_violation_category,23,Insect and Rodent Control,,category_rank_within_ward,3.0,307,98,307,0,307,0,46500.0,128,16,163,58.3062,1.0,151.4658,"Identify whether local issues differ by violation content, not just outcome rate."
ward_violation_category_mix,ward_violation_category,23,Compliance,,category_rank_within_ward,4.0,104,46,104,11,93,0,12500.0,38,16,47,60.5769,1.0,120.1923,"Identify whether local issues differ by violation content, not just outcome rate."
ward_violation_category_mix,ward_violation_category,23,Personnel,,category_rank_within_ward,5.0,101,49,101,0,101,0,21250.0,19,49,33,81.1881,1.0,210.396,"Identify whether local issues differ by violation content, not just outcome rate."
ward_violation_category_mix,ward_violation_category,23,Toilet and Hand Washing Facilities for Staff,,category_rank_within_ward,6.0,73,42,73,73,0,0,25500.0,23,16,34,68.4932,1.0,349.3151,"Identify whether local issues differ by violation content, not just outcome rate."
ward_violation_category_mix,ward_violation_category,26,Food Maintenance,,category_rank_within_ward,1.0,4330,332,4330,0,0,4330,374700.0,2785,356,1180,35.4734,1.0,86.5358,"Identify whether local issues differ by violation content, not just outcome rate."
ward_violation_category_mix,ward_violation_category,26,Food Protection,,category_rank_within_ward,2.0,2257,292,2257,202,84,1971,277000.0,1340,289,627,40.5848,1.0,122.7293,"Identify whether local issues differ by violation content, not just outcome rate."
ward_violation_category_mix,ward_violation_category,26,Insect and Rodent Control,,category_rank_within_ward,3.0,543,176,543,0,543,0,82500.0,224,19,297,58.1952,1.0,151.9337,"Identify whether local issues differ by violation content, not just outcome rate."
ward_violation_category_mix,ward_violation_category,26,Compliance,,category_rank_within_ward,4.0,173,64,173,40,133,0,22750.0,65,18,90,62.4277,1.0,131.5029,"Identify whether local issues differ by violation content, not just outcome rate."
ward_violation_category_mix,ward_violation_category,26,Personnel,,category_rank_within_ward,5.0,120,62,120,0,120,0,24750.0,23,50,46,80.0,1.0,206.25,"Identify whether local issues differ by violation content, not just outcome rate."
ward_violation_category_mix,ward_violation_category,26,Toilet and Hand Washing Facilities for Staff,,category_rank_within_ward,6.0,105,55,105,105,0,0,39000.0,29,14,61,71.4286,1.0,371.4286,"Identify whether local issues differ by violation content, not just outcome rate."
ward_violation_category_mix,ward_violation_category,32,Food Maintenance,,category_rank_within_ward,1.0,6205,520,6205,0,0,6205,536500.0,3931,803,1440,36.1483,1.0,86.4625,"Identify whether local issues differ by violation content, not just outcome rate."
ward_violation_category_mix,ward_violation_category,32,Food Protection,,category_rank_within_ward,2.0,3871,476,3871,382,205,3284,500300.0,2187,710,956,43.038,1.0,129.2431,"Identify whether local issues differ by violation content, not just outcome rate."
ward_violation_category_mix,ward_violation_category,32,Insect and Rodent Control,,category_rank_within_ward,3.0,721,229,721,0,721,0,109000.0,303,33,381,57.4202,1.0,151.1789,"Identify whether local issues differ by violation content, not just outcome rate."
ward_violation_category_mix,ward_violation_category,32,Compliance,,category_rank_within_ward,4.0,273,108,273,29,244,0,37500.0,109,28,135,59.707,1.0,137.3626,"Identify whether local issues differ by violation content, not just outcome rate."
ward_violation_category_mix,ward_violation_category,32,Personnel,,category_rank_within_ward,5.0,254,132,254,0,254,0,53500.0,56,106,91,77.5591,1.0,210.6299,"Identify whether local issues differ by violation content, not just outcome rate."
ward_violation_category_mix,ward_violation_category,32,Toilet and Hand Washing Facilities for Staff,,category_rank_within_ward,6.0,134,76,134,134,0,0,51000.0,34,31,69,74.6269,1.0,380.597,"Identify whether local issues differ by violation content, not just outcome rate."
ward_violation_category_mix,ward_violation_category,38,Food Maintenance,,category_rank_within_ward,1.0,3778,275,3778,0,0,3778,339800.0,2776,308,661,25.6485,1.0,89.9418,"Identify whether local issues differ by violation content, not just outcome rate."
ward_violation_category_mix,ward_violation_category,38,Food Protection,,category_rank_within_ward,2.0,2094,259,2094,122,59,1913,237900.0,1469,233,380,29.2741,1.0,113.6103,"Identify whether local issues differ by violation content, not just outcome rate."
ward_violation_category_mix,ward_violation_category,38,Insect and Rodent Control,,category_rank_within_ward,3.0,237,98,237,0,237,0,36250.0,96,13,125,58.2278,1.0,152.9536,"Identify whether local issues differ by violation content, not just outcome rate."
ward_violation_category_mix,ward_violation_category,38,Compliance,,category_rank_within_ward,4.0,133,56,133,12,121,0,19250.0,54,13,66,59.3985,1.0,144.7368,"Identify whether local issues differ by violation content, not just outcome rate."
ward_violation_category_mix,ward_violation_category,38,Personnel,,category_rank_within_ward,5.0,110,58,110,0,110,0,22000.0,24,41,43,76.3636,1.0,200.0,"Identify whether local issues differ by violation content, not just outcome rate."
ward_violation_category_mix,ward_violation_category,38,Food Equipment and Utensil,,category_rank_within_ward,6.0,80,36,80,0,80,0,12000.0,33,4,41,56.25,1.0,150.0,"Identify whether local issues differ by violation content, not just outcome rate."
ward_violation_category_mix,ward_violation_category,40,Food Maintenance,,category_rank_within_ward,1.0,5647,439,5647,0,0,5647,491100.0,3738,618,1283,33.6639,1.0,86.9665,"Identify whether local issues differ by violation content, not just outcome rate."
ward_violation_category_mix,ward_violation_category,40,Food Protection,,category_rank_within_ward,2.0,3412,404,3412,340,132,2940,434100.0,2003,581,823,41.1489,1.0,127.2274,"Identify whether local issues differ by violation content, not just outcome rate."
ward_violation_category_mix,ward_violation_category,40,Insect and Rodent Control,,category_rank_within_ward,3.0,540,192,540,0,540,0,79000.0,240,12,288,55.5556,1.0,146.2963,"Identify whether local issues differ by violation content, not just outcome rate."
ward_violation_category_mix,ward_violation_category,40,Compliance,,category_rank_within_ward,4.0,197,77,197,19,178,0,26500.0,80,17,100,59.3909,1.0,134.5178,"Identify whether local issues differ by violation content, not just outcome rate."
ward_violation_category_mix,ward_violation_category,40,Personnel,,category_rank_within_ward,5.0,141,73,141,0,141,0,29000.0,30,65,46,78.7234,1.0,205.6738,"Identify whether local issues differ by violation content, not just outcome rate."
ward_violation_category_mix,ward_violation_category,40,Food Equipment and Utensil,,category_rank_within_ward,6.0,140,63,140,0,140,0,20500.0,59,8,73,57.8571,1.0,146.4286,"Identify whether local issues differ by violation content, not just outcome rate."
ward_violation_category_mix,ward_violation_category,47,Food Maintenance,,category_rank_within_ward,1.0,7975,652,7975,0,0,7975,695900.0,5270,973,1704,33.5674,1.0,87.2602,"Identify whether local issues differ by violation content, not just outcome rate."
ward_violation_category_mix,ward_violation_category,47,Food Protection,,category_rank_within_ward,2.0,4951,599,4951,524,228,4199,642950.0,2907,871,1163,41.0826,1.0,129.8627,"Identify whether local issues differ by violation content, not just outcome rate."
ward_violation_category_mix,ward_violation_category,47,Insect and Rodent Control,,category_rank_within_ward,3.0,715,246,715,0,715,0,106000.0,310,33,369,56.2238,1.0,148.2517,"Identify whether local issues differ by violation content, not just outcome rate."
ward_violation_category_mix,ward_violation_category,47,Compliance,,category_rank_within_ward,4.0,320,136,320,29,291,0,43500.0,132,28,159,58.4375,1.0,135.9375,"Identify whether local issues differ by violation content, not just outcome rate."
ward_violation_category_mix,ward_violation_category,47,Personnel,,category_rank_within_ward,5.0,238,127,238,0,238,0,49500.0,45,112,79,80.2521,1.0,207.9832,"Identify whether local issues differ by violation content, not just outcome rate."
ward_violation_category_mix,ward_violation_category,47,Toilet and Hand Washing Facilities for Staff,,category_rank_within_ward,6.0,198,113,198,198,0,0,72500.0,63,43,91,67.6768,1.0,366.1616,"Identify whether local issues differ by violation content, not just outcome rate."
ward_violation_category_mix,ward_violation_category,34,Food Maintenance,,category_rank_within_ward,1.0,4466,329,4466,0,0,4466,419900.0,2620,483,1344,40.9091,1.0,94.0215,"Identify whether local issues differ by violation content, not just outcome rate."
ward_violation_category_mix,ward_violation_category,34,Food Protection,,category_rank_within_ward,2.0,1900,290,1900,204,27,1669,255650.0,994,299,600,47.3158,1.0,134.5526,"Identify whether local issues differ by violation content, not just outcome rate."
ward_violation_category_mix,ward_violation_category,34,Insect and Rodent Control,,category_rank_within_ward,3.0,548,165,548,0,548,0,109750.0,217,28,300,59.854,1.0,200.2737,"Identify whether local issues differ by violation content, not just outcome rate."
ward_violation_category_mix,ward_violation_category,34,Personnel,,category_rank_within_ward,4.0,219,102,219,0,219,0,50250.0,45,88,84,78.5388,1.0,229.4521,"Identify whether local issues differ by violation content, not just outcome rate."
ward_violation_category_mix,ward_violation_category,34,Compliance,,category_rank_within_ward,5.0,205,69,205,40,165,0,25750.0,70,24,109,64.878,1.0,125.6098,"Identify whether local issues differ by violation content, not just outcome rate."
ward_violation_category_mix,ward_violation_category,34,Toilet and Hand Washing Facilities for Staff,,category_rank_within_ward,6.0,121,64,121,121,0,0,47000.0,33,17,69,71.0744,1.0,388.4298,"Identify whether local issues differ by violation content, not just outcome rate."
ward_violation_category_mix,ward_violation_category,41,Food Maintenance,,category_rank_within_ward,1.0,6615,438,6615,0,0,6615,596500.0,4666,717,1232,29.4633,1.0,90.1738,"Identify whether local issues differ by violation content, not just outcome rate."
ward_violation_category_mix,ward_violation_category,41,Food Protection,,category_rank_within_ward,2.0,4252,415,4252,396,236,3620,551900.0,2743,653,856,35.4892,1.0,129.7977,"Identify whether local issues differ by violation content, not just outcome rate."
ward_violation_category_mix,ward_violation_category,41,Insect and Rodent Control,,category_rank_within_ward,3.0,496,142,496,0,496,0,75000.0,212,19,265,57.2581,1.0,151.2097,"Identify whether local issues differ by violation content, not just outcome rate."
ward_violation_category_mix,ward_violation_category,41,Compliance,,category_rank_within_ward,4.0,213,82,213,29,184,0,27250.0,85,20,108,60.0939,1.0,127.9343,"Identify whether local issues differ by violation content, not just outcome rate."
ward_violation_category_mix,ward_violation_category,41,Food Equipment and Utensil,,category_rank_within_ward,5.0,141,63,141,0,141,0,20750.0,58,8,75,58.8652,1.0,147.1631,"Identify whether local issues differ by violation content, not just outcome rate."
ward_violation_category_mix,ward_violation_category,41,Toilet and Hand Washing Facilities for Staff,,category_rank_within_ward,6.0,135,77,135,135,0,0,50000.0,30,34,71,77.7778,1.0,370.3704,"Identify whether local issues differ by violation content, not just outcome rate."
