evidence_block,grain,item,item_2,item_3,rank_label,rank_value,catalog_book_count,sold_book_count,line_count,order_count,customer_count,publisher_count,language_count,total_price,avg_price,avg_pages,share_pct,notes
author_catalog_demand,author,Stephen King,8222,,author_value_rank,1.0,70,36,50,50,50,45,5,441.54,8.8308,436.2143,0.3721,Author catalog breadth and attributed demand.
author_catalog_demand,author,Sandra Brown,7875,,author_value_rank,2.0,46,26,37,37,37,24,4,360.94,9.7551,331.807,0.3042,Author catalog breadth and attributed demand.
author_catalog_demand,author,P.G. Wodehouse,6584,,author_value_rank,3.0,45,24,37,37,37,18,2,350.98,9.4859,299.069,0.2958,Author catalog breadth and attributed demand.
author_catalog_demand,author,Roald Dahl,7388,,author_value_rank,4.0,33,20,31,31,29,20,6,325.34,10.4948,150.7727,0.2742,Author catalog breadth and attributed demand.
author_catalog_demand,author,Piers Anthony,7004,,author_value_rank,5.0,31,18,27,27,27,13,3,305.46,11.3133,354.5,0.2575,Author catalog breadth and attributed demand.
author_catalog_demand,author,William Shakespeare,9115,,author_value_rank,6.0,34,19,28,28,27,20,2,296.02,10.5721,398.1628,0.2495,Author catalog breadth and attributed demand.
author_catalog_demand,author,Mercedes Lackey,5995,,author_value_rank,7.0,43,19,28,28,28,10,3,284.4,10.1571,445.1538,0.2397,Author catalog breadth and attributed demand.
author_catalog_demand,author,Margaret Weis,5583,,author_value_rank,8.0,36,17,24,24,24,14,2,276.83,11.5346,389.7674,0.2333,Author catalog breadth and attributed demand.
author_catalog_demand,author,Orson Scott Card,6560,,author_value_rank,9.0,40,17,25,25,25,23,4,265.81,10.6324,396.3125,0.224,Author catalog breadth and attributed demand.
author_catalog_demand,author,J.R.R. Tolkien,3583,,author_value_rank,10.0,39,20,27,27,27,17,4,265.33,9.827,434.8913,0.2236,Author catalog breadth and attributed demand.
author_catalog_demand,author,Rumiko Takahashi,7761,,author_value_rank,11.0,39,15,24,24,24,5,4,261.96,10.915,223.5833,0.2208,Author catalog breadth and attributed demand.
author_catalog_demand,author,Agatha Christie,79,,author_value_rank,12.0,39,22,29,29,29,20,2,251.57,8.6748,273.9565,0.212,Author catalog breadth and attributed demand.
author_catalog_demand,author,Gordon Korman,3058,,author_value_rank,13.0,23,16,23,23,23,10,1,229.26,9.9678,172.9,0.1932,Author catalog breadth and attributed demand.
author_catalog_demand,author,Laurell K. Hamilton,5097,,author_value_rank,14.0,27,13,21,21,21,11,3,225.76,10.7505,412.5714,0.1903,Author catalog breadth and attributed demand.
author_catalog_demand,author,James Patterson,3760,,author_value_rank,15.0,39,17,24,24,24,12,2,216.12,9.005,352.7174,0.1822,Author catalog breadth and attributed demand.
author_catalog_demand,author,Tom Clancy,8692,,author_value_rank,16.0,31,16,22,22,22,7,2,211.0,9.5909,511.7568,0.1778,Author catalog breadth and attributed demand.
author_catalog_demand,author,C.S. Lewis,1020,,author_value_rank,17.0,33,17,21,21,21,17,5,208.0,9.9048,338.1351,0.1753,Author catalog breadth and attributed demand.
author_catalog_demand,author,Anne Rice,465,,author_value_rank,18.0,28,12,17,17,17,13,4,203.77,11.9865,419.5152,0.1717,Author catalog breadth and attributed demand.
author_catalog_demand,author,Tracy Hickman,8759,,author_value_rank,19.0,26,13,19,19,19,10,2,200.07,10.53,398.0938,0.1686,Author catalog breadth and attributed demand.
author_catalog_demand,author,Quentin Blake,7039,,author_value_rank,20.0,17,11,20,20,19,9,3,199.27,9.9635,107.3077,0.168,Author catalog breadth and attributed demand.
author_catalog_demand,author,Mary Higgins Clark,5844,,author_value_rank,21.0,20,14,20,20,20,8,2,194.22,9.711,272.7692,0.1637,Author catalog breadth and attributed demand.
author_catalog_demand,author,V.C. Andrews,8809,,author_value_rank,22.0,19,11,17,17,17,7,4,185.3,10.9,347.52,0.1562,Author catalog breadth and attributed demand.
author_catalog_demand,author,Ursula K. Le Guin,8803,,author_value_rank,23.0,20,15,18,18,18,14,2,183.98,10.2211,318.3913,0.1551,Author catalog breadth and attributed demand.
author_catalog_demand,author,Alan Dean Foster,107,,author_value_rank,24.0,25,13,18,18,18,12,2,179.62,9.9789,343.2667,0.1514,Author catalog breadth and attributed demand.
author_catalog_demand,author,Dr. Seuss,2170,,author_value_rank,25.0,22,12,14,14,14,11,3,172.44,12.3171,67.5833,0.1453,Author catalog breadth and attributed demand.
author_catalog_demand,author,Philip K. Dick,6956,,author_value_rank,26.0,18,11,16,16,15,11,3,171.3,10.7063,370.8696,0.1444,Author catalog breadth and attributed demand.
author_catalog_demand,author,Dick Francis,2018,,author_value_rank,27.0,29,14,16,16,15,7,2,170.91,10.6819,319.9677,0.144,Author catalog breadth and attributed demand.
author_catalog_demand,author,Sophocles,8126,,author_value_rank,28.0,18,10,16,16,16,16,3,170.33,10.6456,275.7083,0.1436,Author catalog breadth and attributed demand.
author_catalog_demand,author,Plato,7011,,author_value_rank,29.0,22,14,19,19,19,16,3,170.06,8.9505,342.6667,0.1433,Author catalog breadth and attributed demand.
author_catalog_demand,author,Clive Cussler,1453,,author_value_rank,30.0,24,13,16,16,16,13,3,168.96,10.56,479.1481,0.1424,Author catalog breadth and attributed demand.
author_catalog_demand,author,Neil Gaiman,6414,,author_value_rank,31.0,33,16,20,20,20,19,4,168.82,8.441,256.6757,0.1423,Author catalog breadth and attributed demand.
author_catalog_demand,author,Kahlil Gibran,4723,,author_value_rank,32.0,11,8,13,13,13,10,3,168.78,12.9831,205.4375,0.1423,Author catalog breadth and attributed demand.
author_catalog_demand,author,Philippa Gregory,6980,,author_value_rank,33.0,13,9,15,15,15,4,2,167.54,11.1693,522.5263,0.1412,Author catalog breadth and attributed demand.
author_catalog_demand,author,Terry Pratchett,8528,,author_value_rank,34.0,34,16,20,20,20,21,4,166.63,8.3315,322.1316,0.1404,Author catalog breadth and attributed demand.
author_catalog_demand,author,Chuck Palahniuk,1406,,author_value_rank,35.0,13,8,13,13,13,11,4,165.69,12.7454,301.5556,0.1396,Author catalog breadth and attributed demand.
author_catalog_demand,author,Gabriel García Márquez,2798,,author_value_rank,36.0,22,11,17,17,17,11,4,164.42,9.6718,209.1429,0.1386,Author catalog breadth and attributed demand.
author_catalog_demand,author,Aldous Huxley,149,,author_value_rank,37.0,14,11,17,17,16,9,3,162.18,9.54,328.85,0.1367,Author catalog breadth and attributed demand.
author_catalog_demand,author,Francine Pascal,2673,,author_value_rank,38.0,26,16,18,18,18,6,3,158.92,8.8289,190.0,0.1339,Author catalog breadth and attributed demand.
author_catalog_demand,author,Dave Eggers,1662,,author_value_rank,39.0,21,11,16,16,16,10,5,158.36,9.8975,336.8462,0.1335,Author catalog breadth and attributed demand.
author_catalog_demand,author,Robert A. Heinlein,7416,,author_value_rank,40.0,12,5,13,13,13,7,2,157.96,12.1508,318.2,0.1331,Author catalog breadth and attributed demand.
author_catalog_demand,author,Georg Wilhelm Friedrich Hegel,2901,,author_value_rank,41.0,12,8,13,13,13,12,4,155.8,11.9846,330.8235,0.1313,Author catalog breadth and attributed demand.
author_catalog_demand,author,Dan Simmons,1589,,author_value_rank,42.0,27,10,18,18,18,18,5,154.23,8.5683,608.8,0.13,Author catalog breadth and attributed demand.
author_catalog_demand,author,John Grisham,4324,,author_value_rank,43.0,18,10,14,14,14,8,2,150.9,10.7786,305.2727,0.1272,Author catalog breadth and attributed demand.
author_catalog_demand,author,Janet Evanovich,3855,,author_value_rank,44.0,21,10,13,13,13,9,2,149.5,11.5,337.8333,0.126,Author catalog breadth and attributed demand.
author_catalog_demand,author,Maeve Binchy,5479,,author_value_rank,45.0,18,8,11,11,11,13,4,148.15,13.4682,473.5714,0.1249,Author catalog breadth and attributed demand.
author_catalog_demand,author,Laura Ingalls Wilder,5083,,author_value_rank,46.0,24,9,15,15,15,9,1,146.46,9.764,130.1,0.1234,Author catalog breadth and attributed demand.
author_catalog_demand,author,Hiromu Arakawa,3352,,author_value_rank,47.0,27,14,18,18,18,3,3,143.98,7.9989,189.0323,0.1214,Author catalog breadth and attributed demand.
author_catalog_demand,author,Dean Koontz,1898,,author_value_rank,48.0,31,10,14,14,14,9,2,143.62,10.2586,415.5429,0.121,Author catalog breadth and attributed demand.
author_catalog_demand,author,Marian Keyes,5621,,author_value_rank,49.0,19,8,14,14,14,14,6,142.87,10.205,493.2,0.1204,Author catalog breadth and attributed demand.
author_catalog_demand,author,Isaac Asimov,3501,,author_value_rank,50.0,22,9,14,14,14,15,2,142.73,10.195,399.9259,0.1203,Author catalog breadth and attributed demand.
author_catalog_demand,author,William Goldman,9057,,author_value_rank,51.0,11,7,10,10,10,10,3,142.04,14.204,377.2143,0.1197,Author catalog breadth and attributed demand.
author_catalog_demand,author,Mark Twain,5749,,author_value_rank,52.0,24,11,15,15,15,19,3,140.84,9.3893,525.2857,0.1187,Author catalog breadth and attributed demand.
author_catalog_demand,author,Ray Bradbury,7137,,author_value_rank,53.0,16,10,13,13,13,12,2,140.77,10.8285,302.2632,0.1186,Author catalog breadth and attributed demand.
author_catalog_demand,author,Ernest Hemingway,2555,,author_value_rank,54.0,13,8,11,11,11,8,2,137.88,12.5345,291.125,0.1162,Author catalog breadth and attributed demand.
author_catalog_demand,author,SparkNotes,8128,,author_value_rank,55.0,11,8,13,13,13,3,1,136.29,10.4838,110.1875,0.1149,Author catalog breadth and attributed demand.
author_catalog_demand,author,Marcel Proust,5536,,author_value_rank,56.0,15,9,17,17,17,12,3,135.1,7.9471,733.3043,0.1139,Author catalog breadth and attributed demand.
author_catalog_demand,author,Christopher Hitchens,1375,,author_value_rank,57.0,19,11,18,18,18,12,3,133.92,7.44,351.5,0.1129,Author catalog breadth and attributed demand.
author_catalog_demand,author,William Sleator,9116,,author_value_rank,58.0,13,10,14,14,14,7,2,132.79,9.485,158.7059,0.1119,Author catalog breadth and attributed demand.
author_catalog_demand,author,Jodi Picoult,4166,,author_value_rank,59.0,16,8,11,11,11,10,3,130.58,11.8709,422.5263,0.1101,Author catalog breadth and attributed demand.
author_catalog_demand,author,Jack Vance,3611,,author_value_rank,60.0,17,7,10,10,10,12,3,128.14,12.814,319.7,0.108,Author catalog breadth and attributed demand.
author_catalog_demand,author,Jennifer Crusie,3994,,author_value_rank,61.0,11,7,11,11,11,7,3,127.84,11.6218,352.7333,0.1077,Author catalog breadth and attributed demand.
author_catalog_demand,author,Dante Alighieri,1635,,author_value_rank,62.0,15,8,13,13,13,7,4,127.17,9.7823,456.1,0.1072,Author catalog breadth and attributed demand.
author_catalog_demand,author,John Irving,4341,,author_value_rank,63.0,13,7,10,10,10,8,4,126.99,12.699,415.4375,0.107,Author catalog breadth and attributed demand.
author_catalog_demand,author,Peter Straub,6916,,author_value_rank,64.0,9,7,10,10,10,7,3,126.76,12.676,587.5833,0.1068,Author catalog breadth and attributed demand.
author_catalog_demand,author,Roddy Doyle,7627,,author_value_rank,65.0,13,8,11,11,11,11,4,125.83,11.4391,283.5,0.1061,Author catalog breadth and attributed demand.
author_catalog_demand,author,Raymond E. Feist,7146,,author_value_rank,66.0,12,8,13,13,13,12,3,125.67,9.6669,409.8235,0.1059,Author catalog breadth and attributed demand.
author_catalog_demand,author,Umberto Eco,8793,,author_value_rank,67.0,17,10,12,12,12,14,4,125.66,10.4717,373.2632,0.1059,Author catalog breadth and attributed demand.
author_catalog_demand,author,Emma Donoghue,2470,,author_value_rank,68.0,13,8,12,12,12,10,2,124.46,10.3717,333.8824,0.1049,Author catalog breadth and attributed demand.
author_catalog_demand,author,Stephen Jay Gould,8219,,author_value_rank,69.0,12,6,13,13,13,10,2,123.54,9.5031,406.8421,0.1041,Author catalog breadth and attributed demand.
author_catalog_demand,author,Annie Proulx,475,,author_value_rank,70.0,6,4,9,9,9,3,1,121.89,13.5433,277.5455,0.1027,Author catalog breadth and attributed demand.
author_catalog_demand,author,Robin McKinley,7616,,author_value_rank,71.0,11,7,12,12,12,9,2,120.73,10.0608,303.8125,0.1018,Author catalog breadth and attributed demand.
author_catalog_demand,author,Fred Saberhagen,2743,,author_value_rank,72.0,7,5,10,10,10,4,2,120.5,12.05,304.25,0.1016,Author catalog breadth and attributed demand.
author_catalog_demand,author,Michael Crichton,6053,,author_value_rank,73.0,17,10,10,10,10,13,5,120.29,12.029,381.2941,0.1014,Author catalog breadth and attributed demand.
author_catalog_demand,author,Jeffery Deaver,3970,,author_value_rank,74.0,16,8,10,10,10,9,3,119.08,11.908,457.5,0.1004,Author catalog breadth and attributed demand.
author_catalog_demand,author,Edith Wharton,2240,,author_value_rank,75.0,11,9,10,10,10,7,1,119.03,11.903,677.75,0.1003,Author catalog breadth and attributed demand.
author_catalog_demand,author,Euripides,2590,,author_value_rank,76.0,26,10,12,12,12,14,3,117.9,9.825,310.9643,0.0994,Author catalog breadth and attributed demand.
author_catalog_demand,author,Stephen Hawking,8209,,author_value_rank,77.0,12,9,12,12,12,9,2,117.46,9.7883,310.1333,0.099,Author catalog breadth and attributed demand.
author_catalog_demand,author,CliffsNotes,1449,,author_value_rank,78.0,19,10,13,13,13,1,2,117.06,9.0046,91.1364,0.0987,Author catalog breadth and attributed demand.
author_catalog_demand,author,William Faulkner,9050,,author_value_rank,79.0,15,10,12,12,12,10,2,115.9,9.6583,458.7059,0.0977,Author catalog breadth and attributed demand.
author_catalog_demand,author,Vladimir Nabokov,8895,,author_value_rank,80.0,18,8,9,9,9,11,1,115.79,12.8656,443.4737,0.0976,Author catalog breadth and attributed demand.
author_catalog_demand,author,Warren Ellis,8970,,author_value_rank,81.0,15,6,8,8,8,6,3,114.74,14.3425,155.1765,0.0967,Author catalog breadth and attributed demand.
author_catalog_demand,author,Georges Simenon,2967,,author_value_rank,82.0,13,8,10,10,10,7,3,114.62,11.462,178.6667,0.0966,Author catalog breadth and attributed demand.
author_catalog_demand,author,Joyce Carol Oates,4603,,author_value_rank,83.0,25,10,12,12,12,12,3,112.19,9.3492,419.7037,0.0946,Author catalog breadth and attributed demand.
author_catalog_demand,author,Robert Jordan,7506,,author_value_rank,84.0,9,4,9,9,9,5,2,111.53,12.3922,858.9286,0.094,Author catalog breadth and attributed demand.
author_catalog_demand,author,Stephen R. Covey,8246,,author_value_rank,85.0,8,5,7,7,7,4,2,110.93,15.8471,330.0,0.0935,Author catalog breadth and attributed demand.
author_catalog_demand,author,Tobias Wolff,8673,,author_value_rank,86.0,6,6,9,9,9,5,2,110.14,12.2378,276.8889,0.0928,Author catalog breadth and attributed demand.
author_catalog_demand,author,Aeschylus,77,,author_value_rank,87.0,14,5,9,9,9,10,4,110.03,12.2256,221.0556,0.0927,Author catalog breadth and attributed demand.
author_catalog_demand,author,Patrick O'Brian,6680,,author_value_rank,88.0,15,6,12,12,12,7,4,109.94,9.1617,600.0952,0.0927,Author catalog breadth and attributed demand.
author_catalog_demand,author,Richard A. Knaak,7233,,author_value_rank,89.0,13,7,10,10,10,7,3,109.03,10.903,333.0625,0.0919,Author catalog breadth and attributed demand.
author_catalog_demand,author,Simon Schama,8099,,author_value_rank,90.0,7,5,8,8,8,6,3,108.16,13.52,630.6,0.0912,Author catalog breadth and attributed demand.
author_catalog_demand,author,Terry Jones,8524,,author_value_rank,91.0,7,5,7,7,7,6,2,107.86,15.4086,277.0,0.0909,Author catalog breadth and attributed demand.
author_catalog_demand,author,Paul Bowles,6708,,author_value_rank,92.0,8,5,7,7,7,5,2,107.79,15.3986,434.1,0.0908,Author catalog breadth and attributed demand.
author_catalog_demand,author,John Steinbeck,4438,,author_value_rank,93.0,13,6,10,10,10,6,2,107.64,10.764,281.5294,0.0907,Author catalog breadth and attributed demand.
author_catalog_demand,author,Tracy Chevalier,8758,,author_value_rank,94.0,8,6,10,10,10,7,5,107.61,10.761,275.1667,0.0907,Author catalog breadth and attributed demand.
author_catalog_demand,author,جبران خليل جبران,9206,,author_value_rank,95.0,6,5,8,8,8,5,1,107.02,13.3775,183.1111,0.0902,Author catalog breadth and attributed demand.
author_catalog_demand,author,Salman Rushdie,7836,,author_value_rank,96.0,12,6,9,9,9,9,2,106.92,11.88,407.9333,0.0901,Author catalog breadth and attributed demand.
author_catalog_demand,author,Erin St. Claire,2549,,author_value_rank,97.0,11,6,11,11,11,5,2,106.83,9.7118,254.625,0.09,Author catalog breadth and attributed demand.
author_catalog_demand,author,Lois Lenski,5333,,author_value_rank,98.0,8,7,11,11,11,3,2,106.2,9.6545,127.6667,0.0895,Author catalog breadth and attributed demand.
author_catalog_demand,author,Wallace Stegner,8925,,author_value_rank,99.0,11,6,9,9,9,6,2,105.88,11.7644,351.9286,0.0892,Author catalog breadth and attributed demand.
author_catalog_demand,author,P.D. James,6583,,author_value_rank,100.0,13,5,9,9,9,10,2,104.79,11.6433,410.0,0.0883,Author catalog breadth and attributed demand.
author_collaboration_role,author_collaboration,Agatha Christie,single_author_book,,collaboration_rank_within_author,1.0,27,27,19,19,,,,170.96,8.9979,,67.9572,Single-author versus multi-author demand inside top author portfolios.
author_collaboration_role,author_collaboration,Alan Dean Foster,single_author_book,,collaboration_rank_within_author,1.0,21,21,14,14,,,,132.44,9.46,,73.7334,Single-author versus multi-author demand inside top author portfolios.
author_collaboration_role,author_collaboration,Aldous Huxley,single_author_book,,collaboration_rank_within_author,1.0,8,8,9,9,,,,83.26,9.2511,,51.338,Single-author versus multi-author demand inside top author portfolios.
author_collaboration_role,author_collaboration,Anne Rice,single_author_book,,collaboration_rank_within_author,1.0,15,15,10,10,,,,122.61,12.261,,60.1708,Single-author versus multi-author demand inside top author portfolios.
author_collaboration_role,author_collaboration,C.S. Lewis,multi_author_book,,collaboration_rank_within_author,1.0,24,24,16,16,,,,156.22,9.7638,,75.1058,Single-author versus multi-author demand inside top author portfolios.
author_collaboration_role,author_collaboration,Christopher Hitchens,multi_author_book,,collaboration_rank_within_author,1.0,11,11,10,10,,,,89.87,8.987,,67.1072,Single-author versus multi-author demand inside top author portfolios.
author_collaboration_role,author_collaboration,Chuck Palahniuk,single_author_book,,collaboration_rank_within_author,1.0,8,8,6,6,,,,93.43,15.5717,,56.3884,Single-author versus multi-author demand inside top author portfolios.
author_collaboration_role,author_collaboration,Clive Cussler,multi_author_book,,collaboration_rank_within_author,1.0,14,14,10,10,,,,106.59,10.659,,63.0859,Single-author versus multi-author demand inside top author portfolios.
author_collaboration_role,author_collaboration,Dan Simmons,single_author_book,,collaboration_rank_within_author,1.0,19,19,12,12,,,,96.11,8.0092,,62.316,Single-author versus multi-author demand inside top author portfolios.
author_collaboration_role,author_collaboration,Dave Eggers,single_author_book,,collaboration_rank_within_author,1.0,9,9,8,8,,,,86.63,10.8288,,54.7045,Single-author versus multi-author demand inside top author portfolios.
author_collaboration_role,author_collaboration,Dean Koontz,multi_author_book,,collaboration_rank_within_author,1.0,13,13,10,10,,,,102.14,10.214,,71.1182,Single-author versus multi-author demand inside top author portfolios.
author_collaboration_role,author_collaboration,Dick Francis,single_author_book,,collaboration_rank_within_author,1.0,28,28,15,15,,,,160.76,10.7173,,94.0612,Single-author versus multi-author demand inside top author portfolios.
author_collaboration_role,author_collaboration,Dr. Seuss,single_author_book,,collaboration_rank_within_author,1.0,16,16,11,11,,,,137.94,12.54,,79.993,Single-author versus multi-author demand inside top author portfolios.
author_collaboration_role,author_collaboration,Ernest Hemingway,multi_author_book,,collaboration_rank_within_author,1.0,9,9,6,6,,,,85.65,14.275,,62.1192,Single-author versus multi-author demand inside top author portfolios.
author_collaboration_role,author_collaboration,Francine Pascal,multi_author_book,,collaboration_rank_within_author,1.0,17,17,13,13,,,,107.5,8.2692,,67.6441,Single-author versus multi-author demand inside top author portfolios.
author_collaboration_role,author_collaboration,Gabriel García Márquez,single_author_book,,collaboration_rank_within_author,1.0,12,12,8,8,,,,107.45,13.4313,,65.3509,Single-author versus multi-author demand inside top author portfolios.
author_collaboration_role,author_collaboration,Georg Wilhelm Friedrich Hegel,multi_author_book,,collaboration_rank_within_author,1.0,10,10,11,11,,,,123.25,11.2045,,79.1078,Single-author versus multi-author demand inside top author portfolios.
author_collaboration_role,author_collaboration,Gordon Korman,single_author_book,,collaboration_rank_within_author,1.0,22,22,22,22,,,,212.19,9.645,,92.5543,Single-author versus multi-author demand inside top author portfolios.
author_collaboration_role,author_collaboration,Hiromu Arakawa,multi_author_book,,collaboration_rank_within_author,1.0,22,22,13,13,,,,97.34,7.4877,,67.6066,Single-author versus multi-author demand inside top author portfolios.
author_collaboration_role,author_collaboration,Isaac Asimov,single_author_book,,collaboration_rank_within_author,1.0,14,14,11,11,,,,109.37,9.9427,,76.6272,Single-author versus multi-author demand inside top author portfolios.
author_collaboration_role,author_collaboration,J.R.R. Tolkien,multi_author_book,,collaboration_rank_within_author,1.0,29,29,22,22,,,,216.97,9.8623,,81.7736,Single-author versus multi-author demand inside top author portfolios.
author_collaboration_role,author_collaboration,Jack Vance,single_author_book,,collaboration_rank_within_author,1.0,11,11,7,7,,,,103.3,14.7571,,80.615,Single-author versus multi-author demand inside top author portfolios.
author_collaboration_role,author_collaboration,James Patterson,single_author_book,,collaboration_rank_within_author,1.0,21,21,14,14,,,,117.05,8.3607,,54.1597,Single-author versus multi-author demand inside top author portfolios.
author_collaboration_role,author_collaboration,Janet Evanovich,single_author_book,,collaboration_rank_within_author,1.0,16,16,10,10,,,,116.15,11.615,,77.6923,Single-author versus multi-author demand inside top author portfolios.
author_collaboration_role,author_collaboration,Jodi Picoult,single_author_book,,collaboration_rank_within_author,1.0,15,15,11,11,,,,130.58,11.8709,,100.0,Single-author versus multi-author demand inside top author portfolios.
author_collaboration_role,author_collaboration,John Grisham,single_author_book,,collaboration_rank_within_author,1.0,14,14,10,10,,,,107.6,10.76,,71.3055,Single-author versus multi-author demand inside top author portfolios.
author_collaboration_role,author_collaboration,Kahlil Gibran,multi_author_book,,collaboration_rank_within_author,1.0,8,8,9,9,,,,126.97,14.1078,,75.2281,Single-author versus multi-author demand inside top author portfolios.
author_collaboration_role,author_collaboration,Laura Ingalls Wilder,multi_author_book,,collaboration_rank_within_author,1.0,23,23,14,14,,,,140.29,10.0207,,95.7872,Single-author versus multi-author demand inside top author portfolios.
author_collaboration_role,author_collaboration,Laurell K. Hamilton,single_author_book,,collaboration_rank_within_author,1.0,23,23,20,20,,,,218.91,10.9455,,96.9658,Single-author versus multi-author demand inside top author portfolios.
author_collaboration_role,author_collaboration,Maeve Binchy,single_author_book,,collaboration_rank_within_author,1.0,14,14,10,10,,,,130.98,13.098,,88.4104,Single-author versus multi-author demand inside top author portfolios.
author_collaboration_role,author_collaboration,Marcel Proust,multi_author_book,,collaboration_rank_within_author,1.0,13,13,12,12,,,,105.36,8.78,,77.9867,Single-author versus multi-author demand inside top author portfolios.
author_collaboration_role,author_collaboration,Margaret Weis,multi_author_book,,collaboration_rank_within_author,1.0,33,33,22,22,,,,240.83,10.9468,,86.9956,Single-author versus multi-author demand inside top author portfolios.
author_collaboration_role,author_collaboration,Marian Keyes,single_author_book,,collaboration_rank_within_author,1.0,14,14,8,8,,,,89.42,11.1775,,62.5884,Single-author versus multi-author demand inside top author portfolios.
author_collaboration_role,author_collaboration,Mark Twain,multi_author_book,,collaboration_rank_within_author,1.0,21,21,12,12,,,,119.54,9.9617,,84.8765,Single-author versus multi-author demand inside top author portfolios.
author_collaboration_role,author_collaboration,Mary Higgins Clark,single_author_book,,collaboration_rank_within_author,1.0,12,12,14,14,,,,119.32,8.5229,,61.4355,Single-author versus multi-author demand inside top author portfolios.
author_collaboration_role,author_collaboration,Mercedes Lackey,multi_author_book,,collaboration_rank_within_author,1.0,14,14,15,15,,,,171.53,11.4353,,60.3129,Single-author versus multi-author demand inside top author portfolios.
author_collaboration_role,author_collaboration,Neil Gaiman,multi_author_book,,collaboration_rank_within_author,1.0,25,25,14,14,,,,126.09,9.0064,,74.689,Single-author versus multi-author demand inside top author portfolios.
author_collaboration_role,author_collaboration,Orson Scott Card,single_author_book,,collaboration_rank_within_author,1.0,31,31,20,20,,,,212.3,10.615,,79.8691,Single-author versus multi-author demand inside top author portfolios.
author_collaboration_role,author_collaboration,P.G. Wodehouse,single_author_book,,collaboration_rank_within_author,1.0,38,38,29,29,,,,283.07,9.761,,80.6513,Single-author versus multi-author demand inside top author portfolios.
author_collaboration_role,author_collaboration,Philip K. Dick,single_author_book,,collaboration_rank_within_author,1.0,10,10,10,10,,,,126.64,12.664,,73.9288,Single-author versus multi-author demand inside top author portfolios.
author_collaboration_role,author_collaboration,Philippa Gregory,single_author_book,,collaboration_rank_within_author,1.0,10,10,11,11,,,,126.57,11.5064,,75.5461,Single-author versus multi-author demand inside top author portfolios.
author_collaboration_role,author_collaboration,Piers Anthony,single_author_book,,collaboration_rank_within_author,1.0,30,30,25,25,,,,290.37,11.6148,,95.0599,Single-author versus multi-author demand inside top author portfolios.
author_collaboration_role,author_collaboration,Plato,multi_author_book,,collaboration_rank_within_author,1.0,22,22,19,19,,,,170.06,8.9505,,100.0,Single-author versus multi-author demand inside top author portfolios.
author_collaboration_role,author_collaboration,Quentin Blake,multi_author_book,,collaboration_rank_within_author,1.0,15,15,18,18,,,,189.16,10.5089,,94.9265,Single-author versus multi-author demand inside top author portfolios.
author_collaboration_role,author_collaboration,Ray Bradbury,multi_author_book,,collaboration_rank_within_author,1.0,8,8,9,9,,,,92.98,10.3311,,66.051,Single-author versus multi-author demand inside top author portfolios.
author_collaboration_role,author_collaboration,Roald Dahl,multi_author_book,,collaboration_rank_within_author,1.0,21,21,21,21,,,,233.26,11.1076,,71.6973,Single-author versus multi-author demand inside top author portfolios.
author_collaboration_role,author_collaboration,Robert A. Heinlein,single_author_book,,collaboration_rank_within_author,1.0,11,11,12,12,,,,147.61,12.3008,,93.4477,Single-author versus multi-author demand inside top author portfolios.
author_collaboration_role,author_collaboration,Rumiko Takahashi,single_author_book,,collaboration_rank_within_author,1.0,39,39,24,24,,,,261.96,10.915,,100.0,Single-author versus multi-author demand inside top author portfolios.
author_collaboration_role,author_collaboration,Sandra Brown,single_author_book,,collaboration_rank_within_author,1.0,29,29,24,24,,,,233.1,9.7125,,64.5814,Single-author versus multi-author demand inside top author portfolios.
author_collaboration_role,author_collaboration,Sophocles,multi_author_book,,collaboration_rank_within_author,1.0,18,18,16,16,,,,170.33,10.6456,,100.0,Single-author versus multi-author demand inside top author portfolios.
author_collaboration_role,author_collaboration,SparkNotes,multi_author_book,,collaboration_rank_within_author,1.0,8,8,7,7,,,,81.5,11.6429,,59.799,Single-author versus multi-author demand inside top author portfolios.
author_collaboration_role,author_collaboration,Stephen King,multi_author_book,,collaboration_rank_within_author,1.0,48,48,34,34,,,,284.93,8.3803,,64.531,Single-author versus multi-author demand inside top author portfolios.
author_collaboration_role,author_collaboration,Terry Pratchett,single_author_book,,collaboration_rank_within_author,1.0,23,23,12,12,,,,114.3,9.525,,68.5951,Single-author versus multi-author demand inside top author portfolios.
author_collaboration_role,author_collaboration,Tom Clancy,multi_author_book,,collaboration_rank_within_author,1.0,22,22,15,15,,,,122.37,8.158,,57.9953,Single-author versus multi-author demand inside top author portfolios.
author_collaboration_role,author_collaboration,Tracy Hickman,multi_author_book,,collaboration_rank_within_author,1.0,26,26,19,19,,,,200.07,10.53,,100.0,Single-author versus multi-author demand inside top author portfolios.
author_collaboration_role,author_collaboration,Ursula K. Le Guin,multi_author_book,,collaboration_rank_within_author,1.0,11,11,11,11,,,,105.8,9.6182,,57.5063,Single-author versus multi-author demand inside top author portfolios.
author_collaboration_role,author_collaboration,V.C. Andrews,single_author_book,,collaboration_rank_within_author,1.0,15,15,16,16,,,,183.82,11.4887,,99.2013,Single-author versus multi-author demand inside top author portfolios.
author_collaboration_role,author_collaboration,William Goldman,single_author_book,,collaboration_rank_within_author,1.0,8,8,10,10,,,,142.04,14.204,,100.0,Single-author versus multi-author demand inside top author portfolios.
author_collaboration_role,author_collaboration,William Shakespeare,multi_author_book,,collaboration_rank_within_author,1.0,30,30,25,25,,,,268.15,10.726,,90.5851,Single-author versus multi-author demand inside top author portfolios.
author_collaboration_role,author_collaboration,William Sleator,single_author_book,,collaboration_rank_within_author,1.0,11,11,12,12,,,,111.48,9.29,,83.9521,Single-author versus multi-author demand inside top author portfolios.
author_collaboration_role,author_collaboration,Agatha Christie,multi_author_book,,collaboration_rank_within_author,2.0,12,12,10,10,,,,80.61,8.061,,32.0428,Single-author versus multi-author demand inside top author portfolios.
author_collaboration_role,author_collaboration,Alan Dean Foster,multi_author_book,,collaboration_rank_within_author,2.0,4,4,4,4,,,,47.18,11.795,,26.2666,Single-author versus multi-author demand inside top author portfolios.
author_collaboration_role,author_collaboration,Aldous Huxley,multi_author_book,,collaboration_rank_within_author,2.0,6,6,8,8,,,,78.92,9.865,,48.662,Single-author versus multi-author demand inside top author portfolios.
author_collaboration_role,author_collaboration,Anne Rice,multi_author_book,,collaboration_rank_within_author,2.0,13,13,7,7,,,,81.16,11.5943,,39.8292,Single-author versus multi-author demand inside top author portfolios.
author_collaboration_role,author_collaboration,C.S. Lewis,single_author_book,,collaboration_rank_within_author,2.0,9,9,5,5,,,,51.78,10.356,,24.8942,Single-author versus multi-author demand inside top author portfolios.
author_collaboration_role,author_collaboration,Christopher Hitchens,single_author_book,,collaboration_rank_within_author,2.0,8,8,8,8,,,,44.05,5.5063,,32.8928,Single-author versus multi-author demand inside top author portfolios.
author_collaboration_role,author_collaboration,Chuck Palahniuk,multi_author_book,,collaboration_rank_within_author,2.0,5,5,7,7,,,,72.26,10.3229,,43.6116,Single-author versus multi-author demand inside top author portfolios.
author_collaboration_role,author_collaboration,Clive Cussler,single_author_book,,collaboration_rank_within_author,2.0,10,10,6,6,,,,62.37,10.395,,36.9141,Single-author versus multi-author demand inside top author portfolios.
author_collaboration_role,author_collaboration,Dan Simmons,multi_author_book,,collaboration_rank_within_author,2.0,8,8,6,6,,,,58.12,9.6867,,37.684,Single-author versus multi-author demand inside top author portfolios.
author_collaboration_role,author_collaboration,Dave Eggers,multi_author_book,,collaboration_rank_within_author,2.0,12,12,8,8,,,,71.73,8.9663,,45.2955,Single-author versus multi-author demand inside top author portfolios.
author_collaboration_role,author_collaboration,Dean Koontz,single_author_book,,collaboration_rank_within_author,2.0,18,18,4,4,,,,41.48,10.37,,28.8818,Single-author versus multi-author demand inside top author portfolios.
author_collaboration_role,author_collaboration,Dick Francis,multi_author_book,,collaboration_rank_within_author,2.0,1,1,1,1,,,,10.15,10.15,,5.9388,Single-author versus multi-author demand inside top author portfolios.
author_collaboration_role,author_collaboration,Dr. Seuss,multi_author_book,,collaboration_rank_within_author,2.0,6,6,3,3,,,,34.5,11.5,,20.007,Single-author versus multi-author demand inside top author portfolios.
author_collaboration_role,author_collaboration,Ernest Hemingway,single_author_book,,collaboration_rank_within_author,2.0,4,4,5,5,,,,52.23,10.446,,37.8808,Single-author versus multi-author demand inside top author portfolios.
author_collaboration_role,author_collaboration,Francine Pascal,single_author_book,,collaboration_rank_within_author,2.0,9,9,5,5,,,,51.42,10.284,,32.3559,Single-author versus multi-author demand inside top author portfolios.
author_collaboration_role,author_collaboration,Gabriel García Márquez,multi_author_book,,collaboration_rank_within_author,2.0,10,10,9,9,,,,56.97,6.33,,34.6491,Single-author versus multi-author demand inside top author portfolios.
author_collaboration_role,author_collaboration,Georg Wilhelm Friedrich Hegel,single_author_book,,collaboration_rank_within_author,2.0,2,2,2,2,,,,32.55,16.275,,20.8922,Single-author versus multi-author demand inside top author portfolios.
author_collaboration_role,author_collaboration,Gordon Korman,multi_author_book,,collaboration_rank_within_author,2.0,1,1,1,1,,,,17.07,17.07,,7.4457,Single-author versus multi-author demand inside top author portfolios.
author_collaboration_role,author_collaboration,Hiromu Arakawa,single_author_book,,collaboration_rank_within_author,2.0,5,5,5,5,,,,46.64,9.328,,32.3934,Single-author versus multi-author demand inside top author portfolios.
author_collaboration_role,author_collaboration,Isaac Asimov,multi_author_book,,collaboration_rank_within_author,2.0,8,8,3,3,,,,33.36,11.12,,23.3728,Single-author versus multi-author demand inside top author portfolios.
author_collaboration_role,author_collaboration,J.R.R. Tolkien,single_author_book,,collaboration_rank_within_author,2.0,10,10,5,5,,,,48.36,9.672,,18.2264,Single-author versus multi-author demand inside top author portfolios.
author_collaboration_role,author_collaboration,Jack Vance,multi_author_book,,collaboration_rank_within_author,2.0,6,6,3,3,,,,24.84,8.28,,19.385,Single-author versus multi-author demand inside top author portfolios.
author_collaboration_role,author_collaboration,James Patterson,multi_author_book,,collaboration_rank_within_author,2.0,18,18,10,10,,,,99.07,9.907,,45.8403,Single-author versus multi-author demand inside top author portfolios.
author_collaboration_role,author_collaboration,Janet Evanovich,multi_author_book,,collaboration_rank_within_author,2.0,5,5,3,3,,,,33.35,11.1167,,22.3077,Single-author versus multi-author demand inside top author portfolios.
author_collaboration_role,author_collaboration,Jodi Picoult,multi_author_book,,collaboration_rank_within_author,2.0,1,1,0,0,,,,0.0,,,0.0,Single-author versus multi-author demand inside top author portfolios.
author_collaboration_role,author_collaboration,John Grisham,multi_author_book,,collaboration_rank_within_author,2.0,4,4,4,4,,,,43.3,10.825,,28.6945,Single-author versus multi-author demand inside top author portfolios.
author_collaboration_role,author_collaboration,Kahlil Gibran,single_author_book,,collaboration_rank_within_author,2.0,3,3,4,4,,,,41.81,10.4525,,24.7719,Single-author versus multi-author demand inside top author portfolios.
author_collaboration_role,author_collaboration,Laura Ingalls Wilder,single_author_book,,collaboration_rank_within_author,2.0,1,1,1,1,,,,6.17,6.17,,4.2128,Single-author versus multi-author demand inside top author portfolios.
author_collaboration_role,author_collaboration,Laurell K. Hamilton,multi_author_book,,collaboration_rank_within_author,2.0,4,4,1,1,,,,6.85,6.85,,3.0342,Single-author versus multi-author demand inside top author portfolios.
author_collaboration_role,author_collaboration,Maeve Binchy,multi_author_book,,collaboration_rank_within_author,2.0,4,4,1,1,,,,17.17,17.17,,11.5896,Single-author versus multi-author demand inside top author portfolios.
author_collaboration_role,author_collaboration,Marcel Proust,single_author_book,,collaboration_rank_within_author,2.0,2,2,5,5,,,,29.74,5.948,,22.0133,Single-author versus multi-author demand inside top author portfolios.
author_collaboration_role,author_collaboration,Margaret Weis,single_author_book,,collaboration_rank_within_author,2.0,3,3,2,2,,,,36.0,18.0,,13.0044,Single-author versus multi-author demand inside top author portfolios.
author_collaboration_role,author_collaboration,Marian Keyes,multi_author_book,,collaboration_rank_within_author,2.0,5,5,6,6,,,,53.45,8.9083,,37.4116,Single-author versus multi-author demand inside top author portfolios.
author_collaboration_role,author_collaboration,Mark Twain,single_author_book,,collaboration_rank_within_author,2.0,3,3,3,3,,,,21.3,7.1,,15.1235,Single-author versus multi-author demand inside top author portfolios.
author_collaboration_role,author_collaboration,Mary Higgins Clark,multi_author_book,,collaboration_rank_within_author,2.0,8,8,6,6,,,,74.9,12.4833,,38.5645,Single-author versus multi-author demand inside top author portfolios.
author_collaboration_role,author_collaboration,Mercedes Lackey,single_author_book,,collaboration_rank_within_author,2.0,29,29,13,13,,,,112.87,8.6823,,39.6871,Single-author versus multi-author demand inside top author portfolios.
author_collaboration_role,author_collaboration,Neil Gaiman,single_author_book,,collaboration_rank_within_author,2.0,8,8,6,6,,,,42.73,7.1217,,25.311,Single-author versus multi-author demand inside top author portfolios.
author_collaboration_role,author_collaboration,Orson Scott Card,multi_author_book,,collaboration_rank_within_author,2.0,9,9,5,5,,,,53.51,10.702,,20.1309,Single-author versus multi-author demand inside top author portfolios.
author_collaboration_role,author_collaboration,P.G. Wodehouse,multi_author_book,,collaboration_rank_within_author,2.0,7,7,8,8,,,,67.91,8.4888,,19.3487,Single-author versus multi-author demand inside top author portfolios.
author_collaboration_role,author_collaboration,Philip K. Dick,multi_author_book,,collaboration_rank_within_author,2.0,8,8,6,6,,,,44.66,7.4433,,26.0712,Single-author versus multi-author demand inside top author portfolios.
author_collaboration_role,author_collaboration,Philippa Gregory,multi_author_book,,collaboration_rank_within_author,2.0,3,3,4,4,,,,40.97,10.2425,,24.4539,Single-author versus multi-author demand inside top author portfolios.
author_collaboration_role,author_collaboration,Piers Anthony,multi_author_book,,collaboration_rank_within_author,2.0,1,1,2,2,,,,15.09,7.545,,4.9401,Single-author versus multi-author demand inside top author portfolios.
author_collaboration_role,author_collaboration,Quentin Blake,single_author_book,,collaboration_rank_within_author,2.0,2,2,2,2,,,,10.11,5.055,,5.0735,Single-author versus multi-author demand inside top author portfolios.
author_collaboration_role,author_collaboration,Ray Bradbury,single_author_book,,collaboration_rank_within_author,2.0,8,8,4,4,,,,47.79,11.9475,,33.949,Single-author versus multi-author demand inside top author portfolios.
author_collaboration_role,author_collaboration,Roald Dahl,single_author_book,,collaboration_rank_within_author,2.0,12,12,10,10,,,,92.08,9.208,,28.3027,Single-author versus multi-author demand inside top author portfolios.
author_collaboration_role,author_collaboration,Robert A. Heinlein,multi_author_book,,collaboration_rank_within_author,2.0,1,1,1,1,,,,10.35,10.35,,6.5523,Single-author versus multi-author demand inside top author portfolios.
author_collaboration_role,author_collaboration,Sandra Brown,multi_author_book,,collaboration_rank_within_author,2.0,17,17,13,13,,,,127.84,9.8338,,35.4186,Single-author versus multi-author demand inside top author portfolios.
author_collaboration_role,author_collaboration,SparkNotes,single_author_book,,collaboration_rank_within_author,2.0,3,3,6,6,,,,54.79,9.1317,,40.201,Single-author versus multi-author demand inside top author portfolios.
author_collaboration_role,author_collaboration,Stephen King,single_author_book,,collaboration_rank_within_author,2.0,22,22,16,16,,,,156.61,9.7881,,35.469,Single-author versus multi-author demand inside top author portfolios.
author_collaboration_role,author_collaboration,Terry Pratchett,multi_author_book,,collaboration_rank_within_author,2.0,11,11,8,8,,,,52.33,6.5413,,31.4049,Single-author versus multi-author demand inside top author portfolios.
author_collaboration_role,author_collaboration,Tom Clancy,single_author_book,,collaboration_rank_within_author,2.0,9,9,7,7,,,,88.63,12.6614,,42.0047,Single-author versus multi-author demand inside top author portfolios.
author_collaboration_role,author_collaboration,Ursula K. Le Guin,single_author_book,,collaboration_rank_within_author,2.0,9,9,7,7,,,,78.18,11.1686,,42.4937,Single-author versus multi-author demand inside top author portfolios.
author_collaboration_role,author_collaboration,V.C. Andrews,multi_author_book,,collaboration_rank_within_author,2.0,4,4,1,1,,,,1.48,1.48,,0.7987,Single-author versus multi-author demand inside top author portfolios.
author_collaboration_role,author_collaboration,William Goldman,multi_author_book,,collaboration_rank_within_author,2.0,3,3,0,0,,,,0.0,,,0.0,Single-author versus multi-author demand inside top author portfolios.
author_collaboration_role,author_collaboration,William Shakespeare,single_author_book,,collaboration_rank_within_author,2.0,4,4,3,3,,,,27.87,9.29,,9.4149,Single-author versus multi-author demand inside top author portfolios.
author_collaboration_role,author_collaboration,William Sleator,multi_author_book,,collaboration_rank_within_author,2.0,2,2,2,2,,,,21.31,10.655,,16.0479,Single-author versus multi-author demand inside top author portfolios.
author_language_mix,author_language,Agatha Christie,English,,language_rank_within_author,1.0,38,38,28,28,,,,250.66,8.9521,,99.6383,Language mix inside top author portfolios.
author_language_mix,author_language,Alan Dean Foster,English,,language_rank_within_author,1.0,22,22,16,16,,,,171.14,10.6963,,95.2789,Language mix inside top author portfolios.
author_language_mix,author_language,Aldous Huxley,English,,language_rank_within_author,1.0,10,10,11,11,,,,109.06,9.9145,,67.2463,Language mix inside top author portfolios.
author_language_mix,author_language,Anne Rice,English,,language_rank_within_author,1.0,21,21,10,10,,,,126.46,12.646,,62.0602,Language mix inside top author portfolios.
author_language_mix,author_language,C.S. Lewis,English,,language_rank_within_author,1.0,18,18,12,12,,,,127.8,10.65,,61.4423,Language mix inside top author portfolios.
author_language_mix,author_language,Christopher Hitchens,English,,language_rank_within_author,1.0,17,17,17,17,,,,131.16,7.7153,,97.9391,Language mix inside top author portfolios.
author_language_mix,author_language,Chuck Palahniuk,English,,language_rank_within_author,1.0,9,9,6,6,,,,77.94,12.99,,47.0397,Language mix inside top author portfolios.
author_language_mix,author_language,Clive Cussler,English,,language_rank_within_author,1.0,15,15,11,11,,,,128.23,11.6573,,75.8937,Language mix inside top author portfolios.
author_language_mix,author_language,Dan Simmons,English,,language_rank_within_author,1.0,14,14,9,9,,,,76.93,8.5478,,49.88,Language mix inside top author portfolios.
author_language_mix,author_language,Dave Eggers,English,,language_rank_within_author,1.0,14,14,11,11,,,,113.16,10.2873,,71.4574,Language mix inside top author portfolios.
author_language_mix,author_language,Dean Koontz,English,,language_rank_within_author,1.0,29,29,13,13,,,,128.21,9.8623,,89.2703,Language mix inside top author portfolios.
author_language_mix,author_language,Dick Francis,English,,language_rank_within_author,1.0,27,27,16,16,,,,170.91,10.6819,,100.0,Language mix inside top author portfolios.
author_language_mix,author_language,Dr. Seuss,English,,language_rank_within_author,1.0,20,20,13,13,,,,154.03,11.8485,,89.3238,Language mix inside top author portfolios.
author_language_mix,author_language,Ernest Hemingway,English,,language_rank_within_author,1.0,10,10,9,9,,,,110.09,12.2322,,79.8448,Language mix inside top author portfolios.
author_language_mix,author_language,Francine Pascal,English,,language_rank_within_author,1.0,23,23,14,14,,,,122.84,8.7743,,77.2968,Language mix inside top author portfolios.
author_language_mix,author_language,Gabriel García Márquez,Spanish,,language_rank_within_author,1.0,10,10,7,7,,,,99.66,14.2371,,60.6131,Language mix inside top author portfolios.
author_language_mix,author_language,Georg Wilhelm Friedrich Hegel,English,,language_rank_within_author,1.0,7,7,9,9,,,,111.93,12.4367,,71.8421,Language mix inside top author portfolios.
author_language_mix,author_language,Gordon Korman,English,,language_rank_within_author,1.0,23,23,23,23,,,,229.26,9.9678,,100.0,Language mix inside top author portfolios.
author_language_mix,author_language,Hiromu Arakawa,English,,language_rank_within_author,1.0,14,14,8,8,,,,67.73,8.4662,,47.0413,Language mix inside top author portfolios.
author_language_mix,author_language,Isaac Asimov,English,,language_rank_within_author,1.0,21,21,14,14,,,,142.73,10.195,,100.0,Language mix inside top author portfolios.
author_language_mix,author_language,J.R.R. Tolkien,English,,language_rank_within_author,1.0,32,32,20,20,,,,181.1,9.055,,68.2546,Language mix inside top author portfolios.
author_language_mix,author_language,Jack Vance,English,,language_rank_within_author,1.0,14,14,8,8,,,,100.08,12.51,,78.1021,Language mix inside top author portfolios.
author_language_mix,author_language,James Patterson,English,,language_rank_within_author,1.0,38,38,23,23,,,,208.89,9.0822,,96.6546,Language mix inside top author portfolios.
author_language_mix,author_language,Janet Evanovich,English,,language_rank_within_author,1.0,17,17,8,8,,,,90.88,11.36,,60.7893,Language mix inside top author portfolios.
author_language_mix,author_language,Jodi Picoult,English,,language_rank_within_author,1.0,12,12,9,9,,,,106.78,11.8644,,81.7736,Language mix inside top author portfolios.
author_language_mix,author_language,John Grisham,English,,language_rank_within_author,1.0,17,17,14,14,,,,150.9,10.7786,,100.0,Language mix inside top author portfolios.
author_language_mix,author_language,Kahlil Gibran,English,,language_rank_within_author,1.0,9,9,10,10,,,,131.65,13.165,,78.0009,Language mix inside top author portfolios.
author_language_mix,author_language,Laura Ingalls Wilder,English,,language_rank_within_author,1.0,24,24,15,15,,,,146.46,9.764,,100.0,Language mix inside top author portfolios.
author_language_mix,author_language,Laurell K. Hamilton,United States English,,language_rank_within_author,1.0,12,12,14,14,,,,157.24,11.2314,,69.6492,Language mix inside top author portfolios.
author_language_mix,author_language,Maeve Binchy,English,,language_rank_within_author,1.0,12,12,9,9,,,,128.94,14.3267,,87.0334,Language mix inside top author portfolios.
author_language_mix,author_language,Marcel Proust,English,,language_rank_within_author,1.0,13,13,12,12,,,,106.23,8.8525,,78.6306,Language mix inside top author portfolios.
author_language_mix,author_language,Margaret Weis,English,,language_rank_within_author,1.0,30,30,22,22,,,,248.73,11.3059,,89.8494,Language mix inside top author portfolios.
author_language_mix,author_language,Marian Keyes,English,,language_rank_within_author,1.0,8,8,5,5,,,,58.04,11.608,,40.6243,Language mix inside top author portfolios.
author_language_mix,author_language,Mark Twain,English,,language_rank_within_author,1.0,22,22,11,11,,,,114.18,10.38,,81.0707,Language mix inside top author portfolios.
author_language_mix,author_language,Mary Higgins Clark,English,,language_rank_within_author,1.0,15,15,15,15,,,,147.3,9.82,,75.8418,Language mix inside top author portfolios.
author_language_mix,author_language,Mercedes Lackey,English,,language_rank_within_author,1.0,26,26,18,18,,,,180.42,10.0233,,63.4388,Language mix inside top author portfolios.
author_language_mix,author_language,Neil Gaiman,English,,language_rank_within_author,1.0,30,30,18,18,,,,152.81,8.4894,,90.5165,Language mix inside top author portfolios.
author_language_mix,author_language,Orson Scott Card,English,,language_rank_within_author,1.0,27,27,20,20,,,,208.43,10.4215,,78.4132,Language mix inside top author portfolios.
author_language_mix,author_language,P.G. Wodehouse,English,,language_rank_within_author,1.0,42,42,36,36,,,,336.11,9.3364,,95.7633,Language mix inside top author portfolios.
author_language_mix,author_language,Philip K. Dick,English,,language_rank_within_author,1.0,14,14,13,13,,,,136.38,10.4908,,79.6147,Language mix inside top author portfolios.
author_language_mix,author_language,Philippa Gregory,English,,language_rank_within_author,1.0,10,10,10,10,,,,114.79,11.479,,68.515,Language mix inside top author portfolios.
author_language_mix,author_language,Piers Anthony,English,,language_rank_within_author,1.0,19,19,17,17,,,,207.8,12.2235,,68.0285,Language mix inside top author portfolios.
author_language_mix,author_language,Plato,English,,language_rank_within_author,1.0,17,17,16,16,,,,150.45,9.4031,,88.4688,Language mix inside top author portfolios.
author_language_mix,author_language,Quentin Blake,English,,language_rank_within_author,1.0,14,14,18,18,,,,173.7,9.65,,87.1682,Language mix inside top author portfolios.
author_language_mix,author_language,Ray Bradbury,English,,language_rank_within_author,1.0,11,11,8,8,,,,103.01,12.8763,,73.1761,Language mix inside top author portfolios.
author_language_mix,author_language,Roald Dahl,English,,language_rank_within_author,1.0,22,22,20,20,,,,188.87,9.4435,,58.0531,Language mix inside top author portfolios.
author_language_mix,author_language,Robert A. Heinlein,English,,language_rank_within_author,1.0,9,9,10,10,,,,112.47,11.247,,71.2016,Language mix inside top author portfolios.
author_language_mix,author_language,Rumiko Takahashi,United States English,,language_rank_within_author,1.0,7,7,8,8,,,,109.21,13.6513,,41.6896,Language mix inside top author portfolios.
author_language_mix,author_language,Sandra Brown,English,,language_rank_within_author,1.0,40,40,33,33,,,,303.22,9.1885,,84.0084,Language mix inside top author portfolios.
author_language_mix,author_language,Sophocles,English,,language_rank_within_author,1.0,14,14,11,11,,,,116.67,10.6064,,68.4964,Language mix inside top author portfolios.
author_language_mix,author_language,SparkNotes,English,,language_rank_within_author,1.0,11,11,13,13,,,,136.29,10.4838,,100.0,Language mix inside top author portfolios.
author_language_mix,author_language,Stephen King,English,,language_rank_within_author,1.0,49,49,35,35,,,,298.34,8.524,,67.5681,Language mix inside top author portfolios.
author_language_mix,author_language,Terry Pratchett,English,,language_rank_within_author,1.0,29,29,19,19,,,,161.32,8.4905,,96.8133,Language mix inside top author portfolios.
author_language_mix,author_language,Tom Clancy,English,,language_rank_within_author,1.0,30,30,20,20,,,,187.69,9.3845,,88.9526,Language mix inside top author portfolios.
author_language_mix,author_language,Tracy Hickman,English,,language_rank_within_author,1.0,22,22,17,17,,,,171.97,10.1159,,85.9549,Language mix inside top author portfolios.
author_language_mix,author_language,Ursula K. Le Guin,English,,language_rank_within_author,1.0,17,17,16,16,,,,167.47,10.4669,,91.0262,Language mix inside top author portfolios.
author_language_mix,author_language,V.C. Andrews,United States English,,language_rank_within_author,1.0,5,5,7,7,,,,97.15,13.8786,,52.4285,Language mix inside top author portfolios.
author_language_mix,author_language,William Goldman,English,,language_rank_within_author,1.0,8,8,8,8,,,,106.9,13.3625,,75.2605,Language mix inside top author portfolios.
author_language_mix,author_language,William Shakespeare,English,,language_rank_within_author,1.0,32,32,25,25,,,,248.51,9.9404,,83.9504,Language mix inside top author portfolios.
author_language_mix,author_language,William Sleator,English,,language_rank_within_author,1.0,11,11,11,11,,,,107.72,9.7927,,81.1206,Language mix inside top author portfolios.
author_language_mix,author_language,Agatha Christie,United States English,,language_rank_within_author,2.0,1,1,1,1,,,,0.91,0.91,,0.3617,Language mix inside top author portfolios.
author_language_mix,author_language,Alan Dean Foster,United States English,,language_rank_within_author,2.0,3,3,2,2,,,,8.48,4.24,,4.7211,Language mix inside top author portfolios.
author_language_mix,author_language,Aldous Huxley,United States English,,language_rank_within_author,2.0,3,3,4,4,,,,33.63,8.4075,,20.7362,Language mix inside top author portfolios.
author_language_mix,author_language,Anne Rice,Spanish,,language_rank_within_author,2.0,5,5,6,6,,,,61.66,10.2767,,30.2596,Language mix inside top author portfolios.
author_language_mix,author_language,C.S. Lewis,Portuguese,,language_rank_within_author,2.0,6,6,4,4,,,,41.19,10.2975,,19.8029,Language mix inside top author portfolios.
author_language_mix,author_language,Christopher Hitchens,British English,,language_rank_within_author,2.0,1,1,1,1,,,,2.76,2.76,,2.0609,Language mix inside top author portfolios.
author_language_mix,author_language,Chuck Palahniuk,Spanish,,language_rank_within_author,2.0,2,2,6,6,,,,71.19,11.865,,42.9658,Language mix inside top author portfolios.
author_language_mix,author_language,Clive Cussler,United States English,,language_rank_within_author,2.0,7,7,5,5,,,,40.73,8.146,,24.1063,Language mix inside top author portfolios.
author_language_mix,author_language,Dan Simmons,Spanish,,language_rank_within_author,2.0,1,1,3,3,,,,38.78,12.9267,,25.1443,Language mix inside top author portfolios.
author_language_mix,author_language,Dave Eggers,French,,language_rank_within_author,2.0,1,1,2,2,,,,25.61,12.805,,16.172,Language mix inside top author portfolios.
author_language_mix,author_language,Dean Koontz,United States English,,language_rank_within_author,2.0,2,2,1,1,,,,15.41,15.41,,10.7297,Language mix inside top author portfolios.
author_language_mix,author_language,Dick Francis,United States English,,language_rank_within_author,2.0,2,2,0,0,,,,0.0,,,0.0,Language mix inside top author portfolios.
author_language_mix,author_language,Dr. Seuss,Latin,,language_rank_within_author,2.0,1,1,1,1,,,,18.41,18.41,,10.6762,Language mix inside top author portfolios.
author_language_mix,author_language,Ernest Hemingway,United States English,,language_rank_within_author,2.0,3,3,2,2,,,,27.79,13.895,,20.1552,Language mix inside top author portfolios.
author_language_mix,author_language,Francine Pascal,British English,,language_rank_within_author,2.0,2,2,4,4,,,,36.08,9.02,,22.7032,Language mix inside top author portfolios.
author_language_mix,author_language,Gabriel García Márquez,English,,language_rank_within_author,2.0,10,10,10,10,,,,64.76,6.476,,39.3869,Language mix inside top author portfolios.
author_language_mix,author_language,Georg Wilhelm Friedrich Hegel,German,,language_rank_within_author,2.0,3,3,2,2,,,,32.55,16.275,,20.8922,Language mix inside top author portfolios.
author_language_mix,author_language,Hiromu Arakawa,Japanese,,language_rank_within_author,2.0,5,5,5,5,,,,46.64,9.328,,32.3934,Language mix inside top author portfolios.
author_language_mix,author_language,Isaac Asimov,United States English,,language_rank_within_author,2.0,1,1,0,0,,,,0.0,,,0.0,Language mix inside top author portfolios.
author_language_mix,author_language,J.R.R. Tolkien,United States English,,language_rank_within_author,2.0,3,3,3,3,,,,37.42,12.4733,,14.1032,Language mix inside top author portfolios.
author_language_mix,author_language,Jack Vance,United States English,,language_rank_within_author,2.0,2,2,2,2,,,,28.06,14.03,,21.8979,Language mix inside top author portfolios.
author_language_mix,author_language,James Patterson,British English,,language_rank_within_author,2.0,1,1,1,1,,,,7.23,7.23,,3.3454,Language mix inside top author portfolios.
author_language_mix,author_language,Janet Evanovich,United States English,,language_rank_within_author,2.0,4,4,5,5,,,,58.62,11.724,,39.2107,Language mix inside top author portfolios.
author_language_mix,author_language,Jodi Picoult,German,,language_rank_within_author,2.0,3,3,2,2,,,,23.8,11.9,,18.2264,Language mix inside top author portfolios.
author_language_mix,author_language,John Grisham,Spanish,,language_rank_within_author,2.0,1,1,0,0,,,,0.0,,,0.0,Language mix inside top author portfolios.
author_language_mix,author_language,Kahlil Gibran,German,,language_rank_within_author,2.0,1,1,3,3,,,,37.13,12.3767,,21.9991,Language mix inside top author portfolios.
author_language_mix,author_language,Laurell K. Hamilton,English,,language_rank_within_author,2.0,13,13,6,6,,,,49.78,8.2967,,22.05,Language mix inside top author portfolios.
author_language_mix,author_language,Maeve Binchy,United States English,,language_rank_within_author,2.0,3,3,2,2,,,,19.21,9.605,,12.9666,Language mix inside top author portfolios.
author_language_mix,author_language,Marcel Proust,United States English,,language_rank_within_author,2.0,1,1,4,4,,,,24.13,6.0325,,17.8608,Language mix inside top author portfolios.
author_language_mix,author_language,Margaret Weis,United States English,,language_rank_within_author,2.0,6,6,2,2,,,,28.1,14.05,,10.1506,Language mix inside top author portfolios.
author_language_mix,author_language,Marian Keyes,German,,language_rank_within_author,2.0,3,3,3,3,,,,33.0,11.0,,23.0979,Language mix inside top author portfolios.
author_language_mix,author_language,Mark Twain,United States English,,language_rank_within_author,2.0,1,1,3,3,,,,18.43,6.1433,,13.0858,Language mix inside top author portfolios.
author_language_mix,author_language,Mary Higgins Clark,United States English,,language_rank_within_author,2.0,5,5,5,5,,,,46.92,9.384,,24.1582,Language mix inside top author portfolios.
author_language_mix,author_language,Mercedes Lackey,United States English,,language_rank_within_author,2.0,15,15,9,9,,,,103.53,11.5033,,36.403,Language mix inside top author portfolios.
author_language_mix,author_language,Neil Gaiman,United States English,,language_rank_within_author,2.0,1,1,1,1,,,,14.43,14.43,,8.5476,Language mix inside top author portfolios.
author_language_mix,author_language,Orson Scott Card,United States English,,language_rank_within_author,2.0,10,10,4,4,,,,44.74,11.185,,16.8316,Language mix inside top author portfolios.
author_language_mix,author_language,P.G. Wodehouse,United States English,,language_rank_within_author,2.0,3,3,1,1,,,,14.87,14.87,,4.2367,Language mix inside top author portfolios.
author_language_mix,author_language,Philip K. Dick,United States English,,language_rank_within_author,2.0,3,3,3,3,,,,34.92,11.64,,20.3853,Language mix inside top author portfolios.
author_language_mix,author_language,Philippa Gregory,United States English,,language_rank_within_author,2.0,3,3,5,5,,,,52.75,10.55,,31.485,Language mix inside top author portfolios.
author_language_mix,author_language,Piers Anthony,United States English,,language_rank_within_author,2.0,11,11,9,9,,,,87.81,9.7567,,28.7468,Language mix inside top author portfolios.
author_language_mix,author_language,Plato,United States English,,language_rank_within_author,2.0,3,3,2,2,,,,17.56,8.78,,10.3258,Language mix inside top author portfolios.
author_language_mix,author_language,Quentin Blake,United States English,,language_rank_within_author,2.0,2,2,2,2,,,,25.57,12.785,,12.8318,Language mix inside top author portfolios.
author_language_mix,author_language,Ray Bradbury,United States English,,language_rank_within_author,2.0,5,5,5,5,,,,37.76,7.552,,26.8239,Language mix inside top author portfolios.
author_language_mix,author_language,Roald Dahl,United States English,,language_rank_within_author,2.0,3,3,4,4,,,,42.76,10.69,,13.1432,Language mix inside top author portfolios.
author_language_mix,author_language,Robert A. Heinlein,United States English,,language_rank_within_author,2.0,3,3,3,3,,,,45.49,15.1633,,28.7984,Language mix inside top author portfolios.
author_language_mix,author_language,Rumiko Takahashi,Japanese,,language_rank_within_author,2.0,14,14,8,8,,,,91.07,11.3838,,34.7648,Language mix inside top author portfolios.
author_language_mix,author_language,Sandra Brown,German,,language_rank_within_author,2.0,2,2,2,2,,,,33.23,16.615,,9.2065,Language mix inside top author portfolios.
author_language_mix,author_language,Sophocles,United States English,,language_rank_within_author,2.0,3,3,3,3,,,,31.85,10.6167,,18.699,Language mix inside top author portfolios.
author_language_mix,author_language,Stephen King,Spanish,,language_rank_within_author,2.0,12,12,8,8,,,,76.7,9.5875,,17.371,Language mix inside top author portfolios.
author_language_mix,author_language,Terry Pratchett,United States English,,language_rank_within_author,2.0,3,3,1,1,,,,5.31,5.31,,3.1867,Language mix inside top author portfolios.
author_language_mix,author_language,Tom Clancy,Spanish,,language_rank_within_author,2.0,1,1,2,2,,,,23.31,11.655,,11.0474,Language mix inside top author portfolios.
author_language_mix,author_language,Tracy Hickman,United States English,,language_rank_within_author,2.0,4,4,2,2,,,,28.1,14.05,,14.0451,Language mix inside top author portfolios.
author_language_mix,author_language,Ursula K. Le Guin,United States English,,language_rank_within_author,2.0,3,3,2,2,,,,16.51,8.255,,8.9738,Language mix inside top author portfolios.
author_language_mix,author_language,V.C. Andrews,English,,language_rank_within_author,2.0,10,10,9,9,,,,86.67,9.63,,46.7728,Language mix inside top author portfolios.
author_language_mix,author_language,William Goldman,United States English,,language_rank_within_author,2.0,2,2,1,1,,,,18.69,18.69,,13.1583,Language mix inside top author portfolios.
author_language_mix,author_language,William Shakespeare,United States English,,language_rank_within_author,2.0,2,2,3,3,,,,47.51,15.8367,,16.0496,Language mix inside top author portfolios.
author_language_mix,author_language,William Sleator,United States English,,language_rank_within_author,2.0,2,2,3,3,,,,25.07,8.3567,,18.8794,Language mix inside top author portfolios.
author_language_mix,author_language,Aldous Huxley,British English,,language_rank_within_author,3.0,1,1,2,2,,,,19.49,9.745,,12.0175,Language mix inside top author portfolios.
author_language_mix,author_language,Anne Rice,United States English,,language_rank_within_author,3.0,1,1,1,1,,,,15.65,15.65,,7.6802,Language mix inside top author portfolios.
author_language_mix,author_language,C.S. Lewis,United States English,,language_rank_within_author,3.0,6,6,5,5,,,,39.01,7.802,,18.7548,Language mix inside top author portfolios.
author_language_mix,author_language,Christopher Hitchens,United States English,,language_rank_within_author,3.0,1,1,0,0,,,,0.0,,,0.0,Language mix inside top author portfolios.
author_language_mix,author_language,Chuck Palahniuk,United States English,,language_rank_within_author,3.0,1,1,1,1,,,,16.56,16.56,,9.9946,Language mix inside top author portfolios.
author_language_mix,author_language,Clive Cussler,Spanish,,language_rank_within_author,3.0,2,2,0,0,,,,0.0,,,0.0,Language mix inside top author portfolios.
author_language_mix,author_language,Dan Simmons,French,,language_rank_within_author,3.0,7,7,5,5,,,,36.09,7.218,,23.4001,Language mix inside top author portfolios.
author_language_mix,author_language,Dave Eggers,United States English,,language_rank_within_author,3.0,4,4,2,2,,,,13.91,6.955,,8.7838,Language mix inside top author portfolios.
author_language_mix,author_language,Dr. Seuss,Spanish,,language_rank_within_author,3.0,1,1,0,0,,,,0.0,,,0.0,Language mix inside top author portfolios.
author_language_mix,author_language,Francine Pascal,United States English,,language_rank_within_author,3.0,1,1,0,0,,,,0.0,,,0.0,Language mix inside top author portfolios.
author_language_mix,author_language,Gabriel García Márquez,German,,language_rank_within_author,3.0,1,1,0,0,,,,0.0,,,0.0,Language mix inside top author portfolios.
author_language_mix,author_language,Georg Wilhelm Friedrich Hegel,United States English,,language_rank_within_author,3.0,1,1,2,2,,,,11.32,5.66,,7.2657,Language mix inside top author portfolios.
author_language_mix,author_language,Hiromu Arakawa,Chinese,,language_rank_within_author,3.0,8,8,5,5,,,,29.61,5.922,,20.5654,Language mix inside top author portfolios.
author_language_mix,author_language,J.R.R. Tolkien,Chinese,,language_rank_within_author,3.0,2,2,2,2,,,,26.09,13.045,,9.833,Language mix inside top author portfolios.
author_language_mix,author_language,Jack Vance,British English,,language_rank_within_author,3.0,1,1,0,0,,,,0.0,,,0.0,Language mix inside top author portfolios.
author_language_mix,author_language,Jodi Picoult,Spanish,,language_rank_within_author,3.0,1,1,0,0,,,,0.0,,,0.0,Language mix inside top author portfolios.
author_language_mix,author_language,Kahlil Gibran,French,,language_rank_within_author,3.0,1,1,0,0,,,,0.0,,,0.0,Language mix inside top author portfolios.
author_language_mix,author_language,Laurell K. Hamilton,German,,language_rank_within_author,3.0,2,2,1,1,,,,18.74,18.74,,8.3009,Language mix inside top author portfolios.
author_language_mix,author_language,Maeve Binchy,British English,,language_rank_within_author,3.0,1,1,0,0,,,,0.0,,,0.0,Language mix inside top author portfolios.
author_language_mix,author_language,Marcel Proust,French,,language_rank_within_author,3.0,1,1,1,1,,,,4.74,4.74,,3.5085,Language mix inside top author portfolios.
author_language_mix,author_language,Marian Keyes,French,,language_rank_within_author,3.0,3,3,3,3,,,,29.27,9.7567,,20.4872,Language mix inside top author portfolios.
author_language_mix,author_language,Mark Twain,Spanish,,language_rank_within_author,3.0,1,1,1,1,,,,8.23,8.23,,5.8435,Language mix inside top author portfolios.
author_language_mix,author_language,Mercedes Lackey,British English,,language_rank_within_author,3.0,2,2,1,1,,,,0.45,0.45,,0.1582,Language mix inside top author portfolios.
author_language_mix,author_language,Neil Gaiman,French,,language_rank_within_author,3.0,1,1,1,1,,,,1.58,1.58,,0.9359,Language mix inside top author portfolios.
author_language_mix,author_language,Orson Scott Card,French,,language_rank_within_author,3.0,1,1,1,1,,,,12.64,12.64,,4.7553,Language mix inside top author portfolios.
author_language_mix,author_language,Philip K. Dick,Spanish,,language_rank_within_author,3.0,1,1,0,0,,,,0.0,,,0.0,Language mix inside top author portfolios.
author_language_mix,author_language,Piers Anthony,British English,,language_rank_within_author,3.0,1,1,1,1,,,,9.85,9.85,,3.2246,Language mix inside top author portfolios.
author_language_mix,author_language,Plato,British English,,language_rank_within_author,3.0,2,2,1,1,,,,2.05,2.05,,1.2055,Language mix inside top author portfolios.
author_language_mix,author_language,Quentin Blake,French,,language_rank_within_author,3.0,1,1,0,0,,,,0.0,,,0.0,Language mix inside top author portfolios.
author_language_mix,author_language,Roald Dahl,British English,,language_rank_within_author,3.0,3,3,3,3,,,,39.26,13.0867,,12.0674,Language mix inside top author portfolios.
author_language_mix,author_language,Rumiko Takahashi,English,,language_rank_within_author,3.0,17,17,8,8,,,,61.68,7.71,,23.5456,Language mix inside top author portfolios.
author_language_mix,author_language,Sandra Brown,United States English,,language_rank_within_author,3.0,2,2,2,2,,,,24.49,12.245,,6.7851,Language mix inside top author portfolios.
author_language_mix,author_language,Sophocles,Greek,,language_rank_within_author,3.0,1,1,2,2,,,,21.81,10.905,,12.8046,Language mix inside top author portfolios.
author_language_mix,author_language,Stephen King,French,,language_rank_within_author,3.0,3,3,3,3,,,,46.45,15.4833,,10.52,Language mix inside top author portfolios.
author_language_mix,author_language,Terry Pratchett,British English,,language_rank_within_author,3.0,1,1,0,0,,,,0.0,,,0.0,Language mix inside top author portfolios.
author_language_mix,author_language,V.C. Andrews,Spanish,,language_rank_within_author,3.0,2,2,1,1,,,,1.48,1.48,,0.7987,Language mix inside top author portfolios.
author_language_mix,author_language,William Goldman,Spanish,,language_rank_within_author,3.0,1,1,1,1,,,,16.45,16.45,,11.5812,Language mix inside top author portfolios.
author_language_mix,author_language,Anne Rice,Italian,,language_rank_within_author,4.0,1,1,0,0,,,,0.0,,,0.0,Language mix inside top author portfolios.
author_language_mix,author_language,C.S. Lewis,British English,,language_rank_within_author,4.0,1,1,0,0,,,,0.0,,,0.0,Language mix inside top author portfolios.
author_language_mix,author_language,Chuck Palahniuk,French,,language_rank_within_author,4.0,1,1,0,0,,,,0.0,,,0.0,Language mix inside top author portfolios.
author_language_mix,author_language,Dan Simmons,German,,language_rank_within_author,4.0,2,2,1,1,,,,2.43,2.43,,1.5756,Language mix inside top author portfolios.
author_language_mix,author_language,Dave Eggers,Spanish,,language_rank_within_author,4.0,1,1,1,1,,,,5.68,5.68,,3.5868,Language mix inside top author portfolios.
author_language_mix,author_language,Gabriel García Márquez,Portuguese,,language_rank_within_author,4.0,1,1,0,0,,,,0.0,,,0.0,Language mix inside top author portfolios.
author_language_mix,author_language,Georg Wilhelm Friedrich Hegel,British English,,language_rank_within_author,4.0,1,1,0,0,,,,0.0,,,0.0,Language mix inside top author portfolios.
author_language_mix,author_language,J.R.R. Tolkien,French,,language_rank_within_author,4.0,2,2,2,2,,,,20.72,10.36,,7.8091,Language mix inside top author portfolios.
author_language_mix,author_language,Maeve Binchy,French,,language_rank_within_author,4.0,2,2,0,0,,,,0.0,,,0.0,Language mix inside top author portfolios.
author_language_mix,author_language,Marian Keyes,British English,,language_rank_within_author,4.0,1,1,3,3,,,,22.56,7.52,,15.7906,Language mix inside top author portfolios.
author_language_mix,author_language,Neil Gaiman,Spanish,,language_rank_within_author,4.0,1,1,0,0,,,,0.0,,,0.0,Language mix inside top author portfolios.
author_language_mix,author_language,Orson Scott Card,British English,,language_rank_within_author,4.0,2,2,0,0,,,,0.0,,,0.0,Language mix inside top author portfolios.
author_language_mix,author_language,Roald Dahl,German,,language_rank_within_author,4.0,1,1,2,2,,,,29.24,14.62,,8.9875,Language mix inside top author portfolios.
author_language_mix,author_language,Rumiko Takahashi,Spanish,,language_rank_within_author,4.0,1,1,0,0,,,,0.0,,,0.0,Language mix inside top author portfolios.
author_language_mix,author_language,Sandra Brown,Spanish,,language_rank_within_author,4.0,2,2,0,0,,,,0.0,,,0.0,Language mix inside top author portfolios.
author_language_mix,author_language,Stephen King,United States English,,language_rank_within_author,4.0,5,5,3,3,,,,19.68,6.56,,4.4571,Language mix inside top author portfolios.
author_language_mix,author_language,Terry Pratchett,Spanish,,language_rank_within_author,4.0,1,1,0,0,,,,0.0,,,0.0,Language mix inside top author portfolios.
author_language_mix,author_language,V.C. Andrews,German,,language_rank_within_author,4.0,2,2,0,0,,,,0.0,,,0.0,Language mix inside top author portfolios.
author_language_mix,author_language,C.S. Lewis,Spanish,,language_rank_within_author,5.0,2,2,0,0,,,,0.0,,,0.0,Language mix inside top author portfolios.
author_language_mix,author_language,Dan Simmons,United States English,,language_rank_within_author,5.0,3,3,0,0,,,,0.0,,,0.0,Language mix inside top author portfolios.
author_language_mix,author_language,Dave Eggers,British English,,language_rank_within_author,5.0,1,1,0,0,,,,0.0,,,0.0,Language mix inside top author portfolios.
author_language_mix,author_language,Marian Keyes,Spanish,,language_rank_within_author,5.0,2,2,0,0,,,,0.0,,,0.0,Language mix inside top author portfolios.
author_language_mix,author_language,Roald Dahl,Spanish,,language_rank_within_author,5.0,2,2,1,1,,,,13.21,13.21,,4.0604,Language mix inside top author portfolios.
author_language_mix,author_language,Stephen King,German,,language_rank_within_author,5.0,1,1,1,1,,,,0.37,0.37,,0.0838,Language mix inside top author portfolios.
author_lifecycle_mix,author_lifecycle,Agatha Christie,incomplete_or_in_progress,,lifecycle_rank_within_author,1.0,13,13,17,17,,,,146.46,8.6153,,58.6207,Lifecycle outcomes attached to top author demand.
author_lifecycle_mix,author_lifecycle,Alan Dean Foster,delivered_path,,lifecycle_rank_within_author,1.0,8,8,9,9,,,,80.04,8.8933,,50.0,Lifecycle outcomes attached to top author demand.
author_lifecycle_mix,author_lifecycle,Aldous Huxley,incomplete_or_in_progress,,lifecycle_rank_within_author,1.0,7,7,9,9,,,,78.29,8.6989,,52.9412,Lifecycle outcomes attached to top author demand.
author_lifecycle_mix,author_lifecycle,Anne Rice,incomplete_or_in_progress,,lifecycle_rank_within_author,1.0,7,7,9,9,,,,104.47,11.6078,,52.9412,Lifecycle outcomes attached to top author demand.
author_lifecycle_mix,author_lifecycle,C.S. Lewis,incomplete_or_in_progress,,lifecycle_rank_within_author,1.0,9,9,10,10,,,,101.71,10.171,,47.619,Lifecycle outcomes attached to top author demand.
author_lifecycle_mix,author_lifecycle,Christopher Hitchens,incomplete_or_in_progress,,lifecycle_rank_within_author,1.0,7,7,9,9,,,,56.43,6.27,,50.0,Lifecycle outcomes attached to top author demand.
author_lifecycle_mix,author_lifecycle,Chuck Palahniuk,incomplete_or_in_progress,,lifecycle_rank_within_author,1.0,6,6,6,6,,,,74.56,12.4267,,46.1538,Lifecycle outcomes attached to top author demand.
author_lifecycle_mix,author_lifecycle,Clive Cussler,incomplete_or_in_progress,,lifecycle_rank_within_author,1.0,8,8,8,8,,,,90.29,11.2863,,50.0,Lifecycle outcomes attached to top author demand.
author_lifecycle_mix,author_lifecycle,Dan Simmons,incomplete_or_in_progress,,lifecycle_rank_within_author,1.0,8,8,10,10,,,,87.4,8.74,,55.5556,Lifecycle outcomes attached to top author demand.
author_lifecycle_mix,author_lifecycle,Dave Eggers,incomplete_or_in_progress,,lifecycle_rank_within_author,1.0,6,6,9,9,,,,64.22,7.1356,,56.25,Lifecycle outcomes attached to top author demand.
author_lifecycle_mix,author_lifecycle,Dean Koontz,incomplete_or_in_progress,,lifecycle_rank_within_author,1.0,8,8,11,11,,,,106.57,9.6882,,78.5714,Lifecycle outcomes attached to top author demand.
author_lifecycle_mix,author_lifecycle,Dick Francis,delivered_path,,lifecycle_rank_within_author,1.0,8,8,8,8,,,,87.76,10.97,,50.0,Lifecycle outcomes attached to top author demand.
author_lifecycle_mix,author_lifecycle,Dr. Seuss,incomplete_or_in_progress,,lifecycle_rank_within_author,1.0,11,11,12,12,,,,152.87,12.7392,,85.7143,Lifecycle outcomes attached to top author demand.
author_lifecycle_mix,author_lifecycle,Ernest Hemingway,incomplete_or_in_progress,,lifecycle_rank_within_author,1.0,6,6,6,6,,,,70.74,11.79,,54.5455,Lifecycle outcomes attached to top author demand.
author_lifecycle_mix,author_lifecycle,Francine Pascal,incomplete_or_in_progress,,lifecycle_rank_within_author,1.0,8,8,9,9,,,,93.85,10.4278,,50.0,Lifecycle outcomes attached to top author demand.
author_lifecycle_mix,author_lifecycle,Gabriel García Márquez,delivered_path,,lifecycle_rank_within_author,1.0,8,8,9,9,,,,66.99,7.4433,,52.9412,Lifecycle outcomes attached to top author demand.
author_lifecycle_mix,author_lifecycle,Georg Wilhelm Friedrich Hegel,delivered_path,,lifecycle_rank_within_author,1.0,7,7,7,7,,,,87.96,12.5657,,53.8462,Lifecycle outcomes attached to top author demand.
author_lifecycle_mix,author_lifecycle,Gordon Korman,incomplete_or_in_progress,,lifecycle_rank_within_author,1.0,7,7,9,9,,,,107.96,11.9956,,39.1304,Lifecycle outcomes attached to top author demand.
author_lifecycle_mix,author_lifecycle,Hiromu Arakawa,delivered_path,,lifecycle_rank_within_author,1.0,8,8,9,9,,,,75.74,8.4156,,50.0,Lifecycle outcomes attached to top author demand.
author_lifecycle_mix,author_lifecycle,Isaac Asimov,delivered_path,,lifecycle_rank_within_author,1.0,6,6,7,7,,,,77.76,11.1086,,50.0,Lifecycle outcomes attached to top author demand.
author_lifecycle_mix,author_lifecycle,J.R.R. Tolkien,incomplete_or_in_progress,,lifecycle_rank_within_author,1.0,14,14,15,15,,,,132.64,8.8427,,55.5556,Lifecycle outcomes attached to top author demand.
author_lifecycle_mix,author_lifecycle,Jack Vance,delivered_path,,lifecycle_rank_within_author,1.0,4,4,6,6,,,,77.52,12.92,,60.0,Lifecycle outcomes attached to top author demand.
author_lifecycle_mix,author_lifecycle,James Patterson,incomplete_or_in_progress,,lifecycle_rank_within_author,1.0,11,11,13,13,,,,129.39,9.9531,,54.1667,Lifecycle outcomes attached to top author demand.
author_lifecycle_mix,author_lifecycle,Janet Evanovich,delivered_path,,lifecycle_rank_within_author,1.0,9,9,9,9,,,,103.2,11.4667,,69.2308,Lifecycle outcomes attached to top author demand.
author_lifecycle_mix,author_lifecycle,Jodi Picoult,incomplete_or_in_progress,,lifecycle_rank_within_author,1.0,6,6,6,6,,,,67.34,11.2233,,54.5455,Lifecycle outcomes attached to top author demand.
author_lifecycle_mix,author_lifecycle,John Grisham,delivered_path,,lifecycle_rank_within_author,1.0,8,8,10,10,,,,96.44,9.644,,71.4286,Lifecycle outcomes attached to top author demand.
author_lifecycle_mix,author_lifecycle,Kahlil Gibran,incomplete_or_in_progress,,lifecycle_rank_within_author,1.0,5,5,7,7,,,,97.16,13.88,,53.8462,Lifecycle outcomes attached to top author demand.
author_lifecycle_mix,author_lifecycle,Laura Ingalls Wilder,incomplete_or_in_progress,,lifecycle_rank_within_author,1.0,5,5,7,7,,,,77.2,11.0286,,46.6667,Lifecycle outcomes attached to top author demand.
author_lifecycle_mix,author_lifecycle,Laurell K. Hamilton,incomplete_or_in_progress,,lifecycle_rank_within_author,1.0,9,9,12,12,,,,129.87,10.8225,,57.1429,Lifecycle outcomes attached to top author demand.
author_lifecycle_mix,author_lifecycle,Maeve Binchy,incomplete_or_in_progress,,lifecycle_rank_within_author,1.0,4,4,6,6,,,,88.94,14.8233,,54.5455,Lifecycle outcomes attached to top author demand.
author_lifecycle_mix,author_lifecycle,Marcel Proust,incomplete_or_in_progress,,lifecycle_rank_within_author,1.0,5,5,12,12,,,,76.76,6.3967,,70.5882,Lifecycle outcomes attached to top author demand.
author_lifecycle_mix,author_lifecycle,Margaret Weis,incomplete_or_in_progress,,lifecycle_rank_within_author,1.0,12,12,15,15,,,,154.03,10.2687,,62.5,Lifecycle outcomes attached to top author demand.
author_lifecycle_mix,author_lifecycle,Marian Keyes,delivered_path,,lifecycle_rank_within_author,1.0,5,5,8,8,,,,95.9,11.9875,,57.1429,Lifecycle outcomes attached to top author demand.
author_lifecycle_mix,author_lifecycle,Mark Twain,incomplete_or_in_progress,,lifecycle_rank_within_author,1.0,9,9,10,10,,,,101.91,10.191,,66.6667,Lifecycle outcomes attached to top author demand.
author_lifecycle_mix,author_lifecycle,Mary Higgins Clark,incomplete_or_in_progress,,lifecycle_rank_within_author,1.0,11,11,12,12,,,,114.09,9.5075,,60.0,Lifecycle outcomes attached to top author demand.
author_lifecycle_mix,author_lifecycle,Mercedes Lackey,incomplete_or_in_progress,,lifecycle_rank_within_author,1.0,11,11,14,14,,,,125.03,8.9307,,50.0,Lifecycle outcomes attached to top author demand.
author_lifecycle_mix,author_lifecycle,Neil Gaiman,delivered_path,,lifecycle_rank_within_author,1.0,10,10,11,11,,,,99.0,9.0,,55.0,Lifecycle outcomes attached to top author demand.
author_lifecycle_mix,author_lifecycle,Orson Scott Card,incomplete_or_in_progress,,lifecycle_rank_within_author,1.0,11,11,13,13,,,,141.61,10.8931,,52.0,Lifecycle outcomes attached to top author demand.
author_lifecycle_mix,author_lifecycle,P.G. Wodehouse,incomplete_or_in_progress,,lifecycle_rank_within_author,1.0,17,17,22,22,,,,177.67,8.0759,,59.4595,Lifecycle outcomes attached to top author demand.
author_lifecycle_mix,author_lifecycle,Philip K. Dick,delivered_path,,lifecycle_rank_within_author,1.0,9,9,9,9,,,,108.44,12.0489,,56.25,Lifecycle outcomes attached to top author demand.
author_lifecycle_mix,author_lifecycle,Philippa Gregory,incomplete_or_in_progress,,lifecycle_rank_within_author,1.0,8,8,8,8,,,,89.96,11.245,,53.3333,Lifecycle outcomes attached to top author demand.
author_lifecycle_mix,author_lifecycle,Piers Anthony,delivered_path,,lifecycle_rank_within_author,1.0,13,13,17,17,,,,213.3,12.5471,,62.963,Lifecycle outcomes attached to top author demand.
author_lifecycle_mix,author_lifecycle,Plato,delivered_path,,lifecycle_rank_within_author,1.0,10,10,11,11,,,,99.46,9.0418,,57.8947,Lifecycle outcomes attached to top author demand.
author_lifecycle_mix,author_lifecycle,Quentin Blake,incomplete_or_in_progress,,lifecycle_rank_within_author,1.0,10,10,16,16,,,,148.59,9.2869,,80.0,Lifecycle outcomes attached to top author demand.
author_lifecycle_mix,author_lifecycle,Ray Bradbury,incomplete_or_in_progress,,lifecycle_rank_within_author,1.0,6,6,6,6,,,,69.94,11.6567,,46.1538,Lifecycle outcomes attached to top author demand.
author_lifecycle_mix,author_lifecycle,Roald Dahl,incomplete_or_in_progress,,lifecycle_rank_within_author,1.0,16,16,21,21,,,,207.86,9.8981,,67.7419,Lifecycle outcomes attached to top author demand.
author_lifecycle_mix,author_lifecycle,Robert A. Heinlein,incomplete_or_in_progress,,lifecycle_rank_within_author,1.0,5,5,7,7,,,,75.94,10.8486,,53.8462,Lifecycle outcomes attached to top author demand.
author_lifecycle_mix,author_lifecycle,Rumiko Takahashi,incomplete_or_in_progress,,lifecycle_rank_within_author,1.0,10,10,11,11,,,,121.49,11.0445,,45.8333,Lifecycle outcomes attached to top author demand.
author_lifecycle_mix,author_lifecycle,Sandra Brown,incomplete_or_in_progress,,lifecycle_rank_within_author,1.0,17,17,20,20,,,,186.63,9.3315,,54.0541,Lifecycle outcomes attached to top author demand.
author_lifecycle_mix,author_lifecycle,Sophocles,incomplete_or_in_progress,,lifecycle_rank_within_author,1.0,6,6,8,8,,,,90.63,11.3287,,50.0,Lifecycle outcomes attached to top author demand.
author_lifecycle_mix,author_lifecycle,SparkNotes,incomplete_or_in_progress,,lifecycle_rank_within_author,1.0,5,5,6,6,,,,67.96,11.3267,,46.1538,Lifecycle outcomes attached to top author demand.
author_lifecycle_mix,author_lifecycle,Stephen King,delivered_path,,lifecycle_rank_within_author,1.0,21,21,27,27,,,,231.87,8.5878,,54.0,Lifecycle outcomes attached to top author demand.
author_lifecycle_mix,author_lifecycle,Terry Pratchett,delivered_path,,lifecycle_rank_within_author,1.0,12,12,12,12,,,,110.52,9.21,,60.0,Lifecycle outcomes attached to top author demand.
author_lifecycle_mix,author_lifecycle,Tom Clancy,incomplete_or_in_progress,,lifecycle_rank_within_author,1.0,10,10,13,13,,,,143.37,11.0285,,59.0909,Lifecycle outcomes attached to top author demand.
author_lifecycle_mix,author_lifecycle,Tracy Hickman,incomplete_or_in_progress,,lifecycle_rank_within_author,1.0,10,10,12,12,,,,109.14,9.095,,63.1579,Lifecycle outcomes attached to top author demand.
author_lifecycle_mix,author_lifecycle,Ursula K. Le Guin,incomplete_or_in_progress,,lifecycle_rank_within_author,1.0,8,8,9,9,,,,94.88,10.5422,,50.0,Lifecycle outcomes attached to top author demand.
author_lifecycle_mix,author_lifecycle,V.C. Andrews,incomplete_or_in_progress,,lifecycle_rank_within_author,1.0,7,7,8,8,,,,89.5,11.1875,,47.0588,Lifecycle outcomes attached to top author demand.
author_lifecycle_mix,author_lifecycle,William Goldman,incomplete_or_in_progress,,lifecycle_rank_within_author,1.0,4,4,6,6,,,,84.15,14.025,,60.0,Lifecycle outcomes attached to top author demand.
author_lifecycle_mix,author_lifecycle,William Shakespeare,incomplete_or_in_progress,,lifecycle_rank_within_author,1.0,10,10,13,13,,,,142.43,10.9562,,46.4286,Lifecycle outcomes attached to top author demand.
author_lifecycle_mix,author_lifecycle,William Sleator,delivered_path,,lifecycle_rank_within_author,1.0,6,6,7,7,,,,67.47,9.6386,,50.0,Lifecycle outcomes attached to top author demand.
author_lifecycle_mix,author_lifecycle,Agatha Christie,delivered_path,,lifecycle_rank_within_author,2.0,10,10,11,11,,,,103.55,9.4136,,37.931,Lifecycle outcomes attached to top author demand.
author_lifecycle_mix,author_lifecycle,Alan Dean Foster,incomplete_or_in_progress,,lifecycle_rank_within_author,2.0,7,7,8,8,,,,87.07,10.8837,,44.4444,Lifecycle outcomes attached to top author demand.
author_lifecycle_mix,author_lifecycle,Aldous Huxley,delivered_path,,lifecycle_rank_within_author,2.0,6,6,7,7,,,,76.65,10.95,,41.1765,Lifecycle outcomes attached to top author demand.
author_lifecycle_mix,author_lifecycle,Anne Rice,delivered_path,,lifecycle_rank_within_author,2.0,6,6,6,6,,,,72.35,12.0583,,35.2941,Lifecycle outcomes attached to top author demand.
author_lifecycle_mix,author_lifecycle,C.S. Lewis,delivered_path,,lifecycle_rank_within_author,2.0,7,7,7,7,,,,76.1,10.8714,,33.3333,Lifecycle outcomes attached to top author demand.
author_lifecycle_mix,author_lifecycle,Christopher Hitchens,delivered_path,,lifecycle_rank_within_author,2.0,6,6,8,8,,,,74.73,9.3413,,44.4444,Lifecycle outcomes attached to top author demand.
author_lifecycle_mix,author_lifecycle,Chuck Palahniuk,delivered_path,,lifecycle_rank_within_author,2.0,4,4,6,6,,,,73.2,12.2,,46.1538,Lifecycle outcomes attached to top author demand.
author_lifecycle_mix,author_lifecycle,Clive Cussler,delivered_path,,lifecycle_rank_within_author,2.0,7,7,7,7,,,,65.15,9.3071,,43.75,Lifecycle outcomes attached to top author demand.
author_lifecycle_mix,author_lifecycle,Dan Simmons,delivered_path,,lifecycle_rank_within_author,2.0,6,6,6,6,,,,61.35,10.225,,33.3333,Lifecycle outcomes attached to top author demand.
author_lifecycle_mix,author_lifecycle,Dave Eggers,delivered_path,,lifecycle_rank_within_author,2.0,4,4,4,4,,,,50.64,12.66,,25.0,Lifecycle outcomes attached to top author demand.
author_lifecycle_mix,author_lifecycle,Dean Koontz,delivered_path,,lifecycle_rank_within_author,2.0,2,2,2,2,,,,25.41,12.705,,14.2857,Lifecycle outcomes attached to top author demand.
author_lifecycle_mix,author_lifecycle,Dick Francis,incomplete_or_in_progress,,lifecycle_rank_within_author,2.0,6,6,6,6,,,,60.7,10.1167,,37.5,Lifecycle outcomes attached to top author demand.
author_lifecycle_mix,author_lifecycle,Dr. Seuss,delivered_path,,lifecycle_rank_within_author,2.0,2,2,2,2,,,,19.57,9.785,,14.2857,Lifecycle outcomes attached to top author demand.
author_lifecycle_mix,author_lifecycle,Ernest Hemingway,delivered_path,,lifecycle_rank_within_author,2.0,5,5,5,5,,,,67.14,13.428,,45.4545,Lifecycle outcomes attached to top author demand.
author_lifecycle_mix,author_lifecycle,Francine Pascal,delivered_path,,lifecycle_rank_within_author,2.0,9,9,9,9,,,,65.07,7.23,,50.0,Lifecycle outcomes attached to top author demand.
author_lifecycle_mix,author_lifecycle,Gabriel García Márquez,incomplete_or_in_progress,,lifecycle_rank_within_author,2.0,5,5,8,8,,,,97.43,12.1788,,47.0588,Lifecycle outcomes attached to top author demand.
author_lifecycle_mix,author_lifecycle,Georg Wilhelm Friedrich Hegel,incomplete_or_in_progress,,lifecycle_rank_within_author,2.0,4,4,5,5,,,,62.46,12.492,,38.4615,Lifecycle outcomes attached to top author demand.
author_lifecycle_mix,author_lifecycle,Gordon Korman,delivered_path,,lifecycle_rank_within_author,2.0,8,8,8,8,,,,87.4,10.925,,34.7826,Lifecycle outcomes attached to top author demand.
author_lifecycle_mix,author_lifecycle,Hiromu Arakawa,incomplete_or_in_progress,,lifecycle_rank_within_author,2.0,6,6,7,7,,,,56.58,8.0829,,38.8889,Lifecycle outcomes attached to top author demand.
author_lifecycle_mix,author_lifecycle,Isaac Asimov,incomplete_or_in_progress,,lifecycle_rank_within_author,2.0,4,4,4,4,,,,23.49,5.8725,,28.5714,Lifecycle outcomes attached to top author demand.
author_lifecycle_mix,author_lifecycle,J.R.R. Tolkien,delivered_path,,lifecycle_rank_within_author,2.0,9,9,10,10,,,,116.81,11.681,,37.037,Lifecycle outcomes attached to top author demand.
author_lifecycle_mix,author_lifecycle,Jack Vance,incomplete_or_in_progress,,lifecycle_rank_within_author,2.0,2,2,3,3,,,,40.71,13.57,,30.0,Lifecycle outcomes attached to top author demand.
author_lifecycle_mix,author_lifecycle,James Patterson,delivered_path,,lifecycle_rank_within_author,2.0,8,8,8,8,,,,62.82,7.8525,,33.3333,Lifecycle outcomes attached to top author demand.
author_lifecycle_mix,author_lifecycle,Janet Evanovich,incomplete_or_in_progress,,lifecycle_rank_within_author,2.0,2,2,3,3,,,,40.1,13.3667,,23.0769,Lifecycle outcomes attached to top author demand.
author_lifecycle_mix,author_lifecycle,Jodi Picoult,delivered_path,,lifecycle_rank_within_author,2.0,4,4,5,5,,,,63.24,12.648,,45.4545,Lifecycle outcomes attached to top author demand.
author_lifecycle_mix,author_lifecycle,John Grisham,incomplete_or_in_progress,,lifecycle_rank_within_author,2.0,4,4,4,4,,,,54.46,13.615,,28.5714,Lifecycle outcomes attached to top author demand.
author_lifecycle_mix,author_lifecycle,Kahlil Gibran,delivered_path,,lifecycle_rank_within_author,2.0,5,5,6,6,,,,71.62,11.9367,,46.1538,Lifecycle outcomes attached to top author demand.
author_lifecycle_mix,author_lifecycle,Laura Ingalls Wilder,delivered_path,,lifecycle_rank_within_author,2.0,6,6,7,7,,,,65.64,9.3771,,46.6667,Lifecycle outcomes attached to top author demand.
author_lifecycle_mix,author_lifecycle,Laurell K. Hamilton,delivered_path,,lifecycle_rank_within_author,2.0,9,9,9,9,,,,95.89,10.6544,,42.8571,Lifecycle outcomes attached to top author demand.
author_lifecycle_mix,author_lifecycle,Maeve Binchy,delivered_path,,lifecycle_rank_within_author,2.0,5,5,5,5,,,,59.21,11.842,,45.4545,Lifecycle outcomes attached to top author demand.
author_lifecycle_mix,author_lifecycle,Marcel Proust,delivered_path,,lifecycle_rank_within_author,2.0,4,4,4,4,,,,38.7,9.675,,23.5294,Lifecycle outcomes attached to top author demand.
author_lifecycle_mix,author_lifecycle,Margaret Weis,delivered_path,,lifecycle_rank_within_author,2.0,6,6,7,7,,,,101.5,14.5,,29.1667,Lifecycle outcomes attached to top author demand.
author_lifecycle_mix,author_lifecycle,Marian Keyes,incomplete_or_in_progress,,lifecycle_rank_within_author,2.0,5,5,6,6,,,,46.97,7.8283,,42.8571,Lifecycle outcomes attached to top author demand.
author_lifecycle_mix,author_lifecycle,Mark Twain,delivered_path,,lifecycle_rank_within_author,2.0,4,4,5,5,,,,38.93,7.786,,33.3333,Lifecycle outcomes attached to top author demand.
author_lifecycle_mix,author_lifecycle,Mary Higgins Clark,delivered_path,,lifecycle_rank_within_author,2.0,6,6,7,7,,,,60.98,8.7114,,35.0,Lifecycle outcomes attached to top author demand.
author_lifecycle_mix,author_lifecycle,Mercedes Lackey,delivered_path,,lifecycle_rank_within_author,2.0,9,9,10,10,,,,104.27,10.427,,35.7143,Lifecycle outcomes attached to top author demand.
author_lifecycle_mix,author_lifecycle,Neil Gaiman,incomplete_or_in_progress,,lifecycle_rank_within_author,2.0,9,9,9,9,,,,69.82,7.7578,,45.0,Lifecycle outcomes attached to top author demand.
author_lifecycle_mix,author_lifecycle,Orson Scott Card,delivered_path,,lifecycle_rank_within_author,2.0,10,10,10,10,,,,111.88,11.188,,40.0,Lifecycle outcomes attached to top author demand.
author_lifecycle_mix,author_lifecycle,P.G. Wodehouse,delivered_path,,lifecycle_rank_within_author,2.0,12,12,13,13,,,,153.89,11.8377,,35.1351,Lifecycle outcomes attached to top author demand.
author_lifecycle_mix,author_lifecycle,Philip K. Dick,incomplete_or_in_progress,,lifecycle_rank_within_author,2.0,5,5,6,6,,,,53.3,8.8833,,37.5,Lifecycle outcomes attached to top author demand.
author_lifecycle_mix,author_lifecycle,Philippa Gregory,delivered_path,,lifecycle_rank_within_author,2.0,5,5,6,6,,,,64.9,10.8167,,40.0,Lifecycle outcomes attached to top author demand.
author_lifecycle_mix,author_lifecycle,Piers Anthony,incomplete_or_in_progress,,lifecycle_rank_within_author,2.0,7,7,8,8,,,,71.93,8.9913,,29.6296,Lifecycle outcomes attached to top author demand.
author_lifecycle_mix,author_lifecycle,Plato,incomplete_or_in_progress,,lifecycle_rank_within_author,2.0,7,7,7,7,,,,59.12,8.4457,,36.8421,Lifecycle outcomes attached to top author demand.
author_lifecycle_mix,author_lifecycle,Quentin Blake,delivered_path,,lifecycle_rank_within_author,2.0,3,3,3,3,,,,31.27,10.4233,,15.0,Lifecycle outcomes attached to top author demand.
author_lifecycle_mix,author_lifecycle,Ray Bradbury,delivered_path,,lifecycle_rank_within_author,2.0,6,6,6,6,,,,56.66,9.4433,,46.1538,Lifecycle outcomes attached to top author demand.
author_lifecycle_mix,author_lifecycle,Roald Dahl,delivered_path,,lifecycle_rank_within_author,2.0,8,8,9,9,,,,113.72,12.6356,,29.0323,Lifecycle outcomes attached to top author demand.
author_lifecycle_mix,author_lifecycle,Robert A. Heinlein,delivered_path,,lifecycle_rank_within_author,2.0,3,3,5,5,,,,73.52,14.704,,38.4615,Lifecycle outcomes attached to top author demand.
author_lifecycle_mix,author_lifecycle,Rumiko Takahashi,delivered_path,,lifecycle_rank_within_author,2.0,8,8,9,9,,,,113.42,12.6022,,37.5,Lifecycle outcomes attached to top author demand.
author_lifecycle_mix,author_lifecycle,Sandra Brown,delivered_path,,lifecycle_rank_within_author,2.0,14,14,15,15,,,,151.38,10.092,,40.5405,Lifecycle outcomes attached to top author demand.
author_lifecycle_mix,author_lifecycle,Sophocles,delivered_path,,lifecycle_rank_within_author,2.0,6,6,8,8,,,,79.7,9.9625,,50.0,Lifecycle outcomes attached to top author demand.
author_lifecycle_mix,author_lifecycle,SparkNotes,delivered_path,,lifecycle_rank_within_author,2.0,4,4,5,5,,,,51.62,10.324,,38.4615,Lifecycle outcomes attached to top author demand.
author_lifecycle_mix,author_lifecycle,Stephen King,incomplete_or_in_progress,,lifecycle_rank_within_author,2.0,19,19,21,21,,,,198.35,9.4452,,42.0,Lifecycle outcomes attached to top author demand.
author_lifecycle_mix,author_lifecycle,Terry Pratchett,incomplete_or_in_progress,,lifecycle_rank_within_author,2.0,6,6,6,6,,,,39.49,6.5817,,30.0,Lifecycle outcomes attached to top author demand.
author_lifecycle_mix,author_lifecycle,Tom Clancy,delivered_path,,lifecycle_rank_within_author,2.0,8,8,9,9,,,,67.63,7.5144,,40.9091,Lifecycle outcomes attached to top author demand.
author_lifecycle_mix,author_lifecycle,Tracy Hickman,delivered_path,,lifecycle_rank_within_author,2.0,5,5,6,6,,,,84.42,14.07,,31.5789,Lifecycle outcomes attached to top author demand.
author_lifecycle_mix,author_lifecycle,Ursula K. Le Guin,delivered_path,,lifecycle_rank_within_author,2.0,8,8,9,9,,,,89.1,9.9,,50.0,Lifecycle outcomes attached to top author demand.
author_lifecycle_mix,author_lifecycle,V.C. Andrews,delivered_path,,lifecycle_rank_within_author,2.0,7,7,7,7,,,,74.78,10.6829,,41.1765,Lifecycle outcomes attached to top author demand.
author_lifecycle_mix,author_lifecycle,William Goldman,delivered_path,,lifecycle_rank_within_author,2.0,4,4,4,4,,,,57.89,14.4725,,40.0,Lifecycle outcomes attached to top author demand.
author_lifecycle_mix,author_lifecycle,William Shakespeare,delivered_path,,lifecycle_rank_within_author,2.0,10,10,13,13,,,,128.73,9.9023,,46.4286,Lifecycle outcomes attached to top author demand.
author_lifecycle_mix,author_lifecycle,William Sleator,incomplete_or_in_progress,,lifecycle_rank_within_author,2.0,6,6,7,7,,,,65.32,9.3314,,50.0,Lifecycle outcomes attached to top author demand.
author_lifecycle_mix,author_lifecycle,Agatha Christie,cancelled_path,,lifecycle_rank_within_author,3.0,1,1,1,1,,,,1.56,1.56,,3.4483,Lifecycle outcomes attached to top author demand.
author_lifecycle_mix,author_lifecycle,Alan Dean Foster,cancelled_path,,lifecycle_rank_within_author,3.0,1,1,1,1,,,,12.51,12.51,,5.5556,Lifecycle outcomes attached to top author demand.
author_lifecycle_mix,author_lifecycle,Aldous Huxley,cancelled_path,,lifecycle_rank_within_author,3.0,1,1,1,1,,,,7.24,7.24,,5.8824,Lifecycle outcomes attached to top author demand.
author_lifecycle_mix,author_lifecycle,Anne Rice,cancelled_path,,lifecycle_rank_within_author,3.0,2,2,2,2,,,,26.95,13.475,,11.7647,Lifecycle outcomes attached to top author demand.
author_lifecycle_mix,author_lifecycle,C.S. Lewis,returned_path,,lifecycle_rank_within_author,3.0,2,2,2,2,,,,24.78,12.39,,9.5238,Lifecycle outcomes attached to top author demand.
author_lifecycle_mix,author_lifecycle,Christopher Hitchens,returned_path,,lifecycle_rank_within_author,3.0,1,1,1,1,,,,2.76,2.76,,5.5556,Lifecycle outcomes attached to top author demand.
author_lifecycle_mix,author_lifecycle,Chuck Palahniuk,cancelled_path,,lifecycle_rank_within_author,3.0,1,1,1,1,,,,17.93,17.93,,7.6923,Lifecycle outcomes attached to top author demand.
author_lifecycle_mix,author_lifecycle,Clive Cussler,cancelled_path,,lifecycle_rank_within_author,3.0,1,1,1,1,,,,13.52,13.52,,6.25,Lifecycle outcomes attached to top author demand.
author_lifecycle_mix,author_lifecycle,Dan Simmons,cancelled_path,,lifecycle_rank_within_author,3.0,1,1,1,1,,,,4.21,4.21,,5.5556,Lifecycle outcomes attached to top author demand.
author_lifecycle_mix,author_lifecycle,Dave Eggers,cancelled_path,,lifecycle_rank_within_author,3.0,2,2,2,2,,,,30.22,15.11,,12.5,Lifecycle outcomes attached to top author demand.
author_lifecycle_mix,author_lifecycle,Dean Koontz,cancelled_path,,lifecycle_rank_within_author,3.0,1,1,1,1,,,,11.64,11.64,,7.1429,Lifecycle outcomes attached to top author demand.
author_lifecycle_mix,author_lifecycle,Dick Francis,returned_path,,lifecycle_rank_within_author,3.0,1,1,1,1,,,,18.37,18.37,,6.25,Lifecycle outcomes attached to top author demand.
author_lifecycle_mix,author_lifecycle,Dr. Seuss,no_observed_order,,lifecycle_rank_within_author,3.0,10,10,0,0,,,,0.0,,,0.0,Lifecycle outcomes attached to top author demand.
author_lifecycle_mix,author_lifecycle,Ernest Hemingway,no_observed_order,,lifecycle_rank_within_author,3.0,5,5,0,0,,,,0.0,,,0.0,Lifecycle outcomes attached to top author demand.
author_lifecycle_mix,author_lifecycle,Francine Pascal,no_observed_order,,lifecycle_rank_within_author,3.0,10,10,0,0,,,,0.0,,,0.0,Lifecycle outcomes attached to top author demand.
author_lifecycle_mix,author_lifecycle,Gabriel García Márquez,no_observed_order,,lifecycle_rank_within_author,3.0,11,11,0,0,,,,0.0,,,0.0,Lifecycle outcomes attached to top author demand.
author_lifecycle_mix,author_lifecycle,Georg Wilhelm Friedrich Hegel,cancelled_path,,lifecycle_rank_within_author,3.0,1,1,1,1,,,,5.38,5.38,,7.6923,Lifecycle outcomes attached to top author demand.
author_lifecycle_mix,author_lifecycle,Gordon Korman,cancelled_path,,lifecycle_rank_within_author,3.0,5,5,5,5,,,,31.89,6.378,,21.7391,Lifecycle outcomes attached to top author demand.
author_lifecycle_mix,author_lifecycle,Hiromu Arakawa,returned_path,,lifecycle_rank_within_author,3.0,1,1,1,1,,,,7.48,7.48,,5.5556,Lifecycle outcomes attached to top author demand.
author_lifecycle_mix,author_lifecycle,Isaac Asimov,returned_path,,lifecycle_rank_within_author,3.0,3,3,3,3,,,,41.48,13.8267,,21.4286,Lifecycle outcomes attached to top author demand.
author_lifecycle_mix,author_lifecycle,J.R.R. Tolkien,cancelled_path,,lifecycle_rank_within_author,3.0,1,1,1,1,,,,14.94,14.94,,3.7037,Lifecycle outcomes attached to top author demand.
author_lifecycle_mix,author_lifecycle,Jack Vance,cancelled_path,,lifecycle_rank_within_author,3.0,1,1,1,1,,,,9.91,9.91,,10.0,Lifecycle outcomes attached to top author demand.
author_lifecycle_mix,author_lifecycle,James Patterson,cancelled_path,,lifecycle_rank_within_author,3.0,2,2,2,2,,,,18.04,9.02,,8.3333,Lifecycle outcomes attached to top author demand.
author_lifecycle_mix,author_lifecycle,Janet Evanovich,returned_path,,lifecycle_rank_within_author,3.0,1,1,1,1,,,,6.2,6.2,,7.6923,Lifecycle outcomes attached to top author demand.
author_lifecycle_mix,author_lifecycle,Jodi Picoult,no_observed_order,,lifecycle_rank_within_author,3.0,8,8,0,0,,,,0.0,,,0.0,Lifecycle outcomes attached to top author demand.
author_lifecycle_mix,author_lifecycle,John Grisham,no_observed_order,,lifecycle_rank_within_author,3.0,8,8,0,0,,,,0.0,,,0.0,Lifecycle outcomes attached to top author demand.
author_lifecycle_mix,author_lifecycle,Kahlil Gibran,no_observed_order,,lifecycle_rank_within_author,3.0,3,3,0,0,,,,0.0,,,0.0,Lifecycle outcomes attached to top author demand.
author_lifecycle_mix,author_lifecycle,Laura Ingalls Wilder,returned_path,,lifecycle_rank_within_author,3.0,1,1,1,1,,,,3.62,3.62,,6.6667,Lifecycle outcomes attached to top author demand.
author_lifecycle_mix,author_lifecycle,Laurell K. Hamilton,no_observed_order,,lifecycle_rank_within_author,3.0,14,14,0,0,,,,0.0,,,0.0,Lifecycle outcomes attached to top author demand.
author_lifecycle_mix,author_lifecycle,Maeve Binchy,no_observed_order,,lifecycle_rank_within_author,3.0,10,10,0,0,,,,0.0,,,0.0,Lifecycle outcomes attached to top author demand.
author_lifecycle_mix,author_lifecycle,Marcel Proust,cancelled_path,,lifecycle_rank_within_author,3.0,1,1,1,1,,,,19.64,19.64,,5.8824,Lifecycle outcomes attached to top author demand.
author_lifecycle_mix,author_lifecycle,Margaret Weis,cancelled_path,,lifecycle_rank_within_author,3.0,2,2,2,2,,,,21.3,10.65,,8.3333,Lifecycle outcomes attached to top author demand.
author_lifecycle_mix,author_lifecycle,Marian Keyes,no_observed_order,,lifecycle_rank_within_author,3.0,11,11,0,0,,,,0.0,,,0.0,Lifecycle outcomes attached to top author demand.
author_lifecycle_mix,author_lifecycle,Mark Twain,no_observed_order,,lifecycle_rank_within_author,3.0,13,13,0,0,,,,0.0,,,0.0,Lifecycle outcomes attached to top author demand.
author_lifecycle_mix,author_lifecycle,Mary Higgins Clark,cancelled_path,,lifecycle_rank_within_author,3.0,1,1,1,1,,,,19.15,19.15,,5.0,Lifecycle outcomes attached to top author demand.
author_lifecycle_mix,author_lifecycle,Mercedes Lackey,returned_path,,lifecycle_rank_within_author,3.0,3,3,3,3,,,,50.82,16.94,,10.7143,Lifecycle outcomes attached to top author demand.
author_lifecycle_mix,author_lifecycle,Neil Gaiman,no_observed_order,,lifecycle_rank_within_author,3.0,17,17,0,0,,,,0.0,,,0.0,Lifecycle outcomes attached to top author demand.
author_lifecycle_mix,author_lifecycle,Orson Scott Card,cancelled_path,,lifecycle_rank_within_author,3.0,2,2,2,2,,,,12.32,6.16,,8.0,Lifecycle outcomes attached to top author demand.
author_lifecycle_mix,author_lifecycle,P.G. Wodehouse,returned_path,,lifecycle_rank_within_author,3.0,1,1,1,1,,,,16.85,16.85,,2.7027,Lifecycle outcomes attached to top author demand.
author_lifecycle_mix,author_lifecycle,Philip K. Dick,returned_path,,lifecycle_rank_within_author,3.0,1,1,1,1,,,,9.56,9.56,,6.25,Lifecycle outcomes attached to top author demand.
author_lifecycle_mix,author_lifecycle,Philippa Gregory,returned_path,,lifecycle_rank_within_author,3.0,1,1,1,1,,,,12.68,12.68,,6.6667,Lifecycle outcomes attached to top author demand.
author_lifecycle_mix,author_lifecycle,Piers Anthony,returned_path,,lifecycle_rank_within_author,3.0,2,2,2,2,,,,20.23,10.115,,7.4074,Lifecycle outcomes attached to top author demand.
author_lifecycle_mix,author_lifecycle,Plato,returned_path,,lifecycle_rank_within_author,3.0,1,1,1,1,,,,11.48,11.48,,5.2632,Lifecycle outcomes attached to top author demand.
author_lifecycle_mix,author_lifecycle,Quentin Blake,cancelled_path,,lifecycle_rank_within_author,3.0,1,1,1,1,,,,19.41,19.41,,5.0,Lifecycle outcomes attached to top author demand.
author_lifecycle_mix,author_lifecycle,Ray Bradbury,cancelled_path,,lifecycle_rank_within_author,3.0,1,1,1,1,,,,14.17,14.17,,7.6923,Lifecycle outcomes attached to top author demand.
author_lifecycle_mix,author_lifecycle,Roald Dahl,returned_path,,lifecycle_rank_within_author,3.0,1,1,1,1,,,,3.76,3.76,,3.2258,Lifecycle outcomes attached to top author demand.
author_lifecycle_mix,author_lifecycle,Robert A. Heinlein,returned_path,,lifecycle_rank_within_author,3.0,1,1,1,1,,,,8.5,8.5,,7.6923,Lifecycle outcomes attached to top author demand.
author_lifecycle_mix,author_lifecycle,Rumiko Takahashi,cancelled_path,,lifecycle_rank_within_author,3.0,3,3,3,3,,,,25.69,8.5633,,12.5,Lifecycle outcomes attached to top author demand.
author_lifecycle_mix,author_lifecycle,Sandra Brown,cancelled_path,,lifecycle_rank_within_author,3.0,2,2,2,2,,,,22.93,11.465,,5.4054,Lifecycle outcomes attached to top author demand.
author_lifecycle_mix,author_lifecycle,Sophocles,no_observed_order,,lifecycle_rank_within_author,3.0,8,8,0,0,,,,0.0,,,0.0,Lifecycle outcomes attached to top author demand.
author_lifecycle_mix,author_lifecycle,SparkNotes,cancelled_path,,lifecycle_rank_within_author,3.0,1,1,1,1,,,,11.55,11.55,,7.6923,Lifecycle outcomes attached to top author demand.
author_lifecycle_mix,author_lifecycle,Stephen King,returned_path,,lifecycle_rank_within_author,3.0,1,1,1,1,,,,7.69,7.69,,2.0,Lifecycle outcomes attached to top author demand.
author_lifecycle_mix,author_lifecycle,Terry Pratchett,cancelled_path,,lifecycle_rank_within_author,3.0,2,2,2,2,,,,16.62,8.31,,10.0,Lifecycle outcomes attached to top author demand.
author_lifecycle_mix,author_lifecycle,Tom Clancy,no_observed_order,,lifecycle_rank_within_author,3.0,15,15,0,0,,,,0.0,,,0.0,Lifecycle outcomes attached to top author demand.
author_lifecycle_mix,author_lifecycle,Tracy Hickman,cancelled_path,,lifecycle_rank_within_author,3.0,1,1,1,1,,,,6.51,6.51,,5.2632,Lifecycle outcomes attached to top author demand.
author_lifecycle_mix,author_lifecycle,Ursula K. Le Guin,no_observed_order,,lifecycle_rank_within_author,3.0,5,5,0,0,,,,0.0,,,0.0,Lifecycle outcomes attached to top author demand.
author_lifecycle_mix,author_lifecycle,V.C. Andrews,cancelled_path,,lifecycle_rank_within_author,3.0,2,2,2,2,,,,21.02,10.51,,11.7647,Lifecycle outcomes attached to top author demand.
author_lifecycle_mix,author_lifecycle,William Goldman,no_observed_order,,lifecycle_rank_within_author,3.0,4,4,0,0,,,,0.0,,,0.0,Lifecycle outcomes attached to top author demand.
author_lifecycle_mix,author_lifecycle,William Shakespeare,cancelled_path,,lifecycle_rank_within_author,3.0,2,2,2,2,,,,24.86,12.43,,7.1429,Lifecycle outcomes attached to top author demand.
author_lifecycle_mix,author_lifecycle,William Sleator,no_observed_order,,lifecycle_rank_within_author,3.0,3,3,0,0,,,,0.0,,,0.0,Lifecycle outcomes attached to top author demand.
author_lifecycle_mix,author_lifecycle,Agatha Christie,no_observed_order,,lifecycle_rank_within_author,4.0,17,17,0,0,,,,0.0,,,0.0,Lifecycle outcomes attached to top author demand.
author_lifecycle_mix,author_lifecycle,Alan Dean Foster,no_observed_order,,lifecycle_rank_within_author,4.0,12,12,0,0,,,,0.0,,,0.0,Lifecycle outcomes attached to top author demand.
author_lifecycle_mix,author_lifecycle,Aldous Huxley,no_observed_order,,lifecycle_rank_within_author,4.0,3,3,0,0,,,,0.0,,,0.0,Lifecycle outcomes attached to top author demand.
author_lifecycle_mix,author_lifecycle,Anne Rice,no_observed_order,,lifecycle_rank_within_author,4.0,16,16,0,0,,,,0.0,,,0.0,Lifecycle outcomes attached to top author demand.
author_lifecycle_mix,author_lifecycle,C.S. Lewis,cancelled_path,,lifecycle_rank_within_author,4.0,2,2,2,2,,,,5.41,2.705,,9.5238,Lifecycle outcomes attached to top author demand.
author_lifecycle_mix,author_lifecycle,Christopher Hitchens,no_observed_order,,lifecycle_rank_within_author,4.0,8,8,0,0,,,,0.0,,,0.0,Lifecycle outcomes attached to top author demand.
author_lifecycle_mix,author_lifecycle,Chuck Palahniuk,no_observed_order,,lifecycle_rank_within_author,4.0,5,5,0,0,,,,0.0,,,0.0,Lifecycle outcomes attached to top author demand.
author_lifecycle_mix,author_lifecycle,Clive Cussler,no_observed_order,,lifecycle_rank_within_author,4.0,11,11,0,0,,,,0.0,,,0.0,Lifecycle outcomes attached to top author demand.
author_lifecycle_mix,author_lifecycle,Dan Simmons,returned_path,,lifecycle_rank_within_author,4.0,1,1,1,1,,,,1.27,1.27,,5.5556,Lifecycle outcomes attached to top author demand.
author_lifecycle_mix,author_lifecycle,Dave Eggers,returned_path,,lifecycle_rank_within_author,4.0,1,1,1,1,,,,13.28,13.28,,6.25,Lifecycle outcomes attached to top author demand.
author_lifecycle_mix,author_lifecycle,Dean Koontz,no_observed_order,,lifecycle_rank_within_author,4.0,21,21,0,0,,,,0.0,,,0.0,Lifecycle outcomes attached to top author demand.
author_lifecycle_mix,author_lifecycle,Dick Francis,cancelled_path,,lifecycle_rank_within_author,4.0,1,1,1,1,,,,4.08,4.08,,6.25,Lifecycle outcomes attached to top author demand.
author_lifecycle_mix,author_lifecycle,Georg Wilhelm Friedrich Hegel,no_observed_order,,lifecycle_rank_within_author,4.0,4,4,0,0,,,,0.0,,,0.0,Lifecycle outcomes attached to top author demand.
author_lifecycle_mix,author_lifecycle,Gordon Korman,returned_path,,lifecycle_rank_within_author,4.0,1,1,1,1,,,,2.01,2.01,,4.3478,Lifecycle outcomes attached to top author demand.
author_lifecycle_mix,author_lifecycle,Hiromu Arakawa,cancelled_path,,lifecycle_rank_within_author,4.0,1,1,1,1,,,,4.18,4.18,,5.5556,Lifecycle outcomes attached to top author demand.
author_lifecycle_mix,author_lifecycle,Isaac Asimov,no_observed_order,,lifecycle_rank_within_author,4.0,13,13,0,0,,,,0.0,,,0.0,Lifecycle outcomes attached to top author demand.
author_lifecycle_mix,author_lifecycle,J.R.R. Tolkien,returned_path,,lifecycle_rank_within_author,4.0,1,1,1,1,,,,0.94,0.94,,3.7037,Lifecycle outcomes attached to top author demand.
author_lifecycle_mix,author_lifecycle,Jack Vance,no_observed_order,,lifecycle_rank_within_author,4.0,10,10,0,0,,,,0.0,,,0.0,Lifecycle outcomes attached to top author demand.
author_lifecycle_mix,author_lifecycle,James Patterson,returned_path,,lifecycle_rank_within_author,4.0,1,1,1,1,,,,5.87,5.87,,4.1667,Lifecycle outcomes attached to top author demand.
author_lifecycle_mix,author_lifecycle,Janet Evanovich,no_observed_order,,lifecycle_rank_within_author,4.0,11,11,0,0,,,,0.0,,,0.0,Lifecycle outcomes attached to top author demand.
author_lifecycle_mix,author_lifecycle,Laura Ingalls Wilder,no_observed_order,,lifecycle_rank_within_author,4.0,15,15,0,0,,,,0.0,,,0.0,Lifecycle outcomes attached to top author demand.
author_lifecycle_mix,author_lifecycle,Marcel Proust,no_observed_order,,lifecycle_rank_within_author,4.0,6,6,0,0,,,,0.0,,,0.0,Lifecycle outcomes attached to top author demand.
author_lifecycle_mix,author_lifecycle,Margaret Weis,no_observed_order,,lifecycle_rank_within_author,4.0,19,19,0,0,,,,0.0,,,0.0,Lifecycle outcomes attached to top author demand.
author_lifecycle_mix,author_lifecycle,Mary Higgins Clark,no_observed_order,,lifecycle_rank_within_author,4.0,6,6,0,0,,,,0.0,,,0.0,Lifecycle outcomes attached to top author demand.
author_lifecycle_mix,author_lifecycle,Mercedes Lackey,cancelled_path,,lifecycle_rank_within_author,4.0,1,1,1,1,,,,4.28,4.28,,3.5714,Lifecycle outcomes attached to top author demand.
author_lifecycle_mix,author_lifecycle,Orson Scott Card,no_observed_order,,lifecycle_rank_within_author,4.0,23,23,0,0,,,,0.0,,,0.0,Lifecycle outcomes attached to top author demand.
author_lifecycle_mix,author_lifecycle,P.G. Wodehouse,cancelled_path,,lifecycle_rank_within_author,4.0,1,1,1,1,,,,2.57,2.57,,2.7027,Lifecycle outcomes attached to top author demand.
author_lifecycle_mix,author_lifecycle,Philip K. Dick,no_observed_order,,lifecycle_rank_within_author,4.0,7,7,0,0,,,,0.0,,,0.0,Lifecycle outcomes attached to top author demand.
author_lifecycle_mix,author_lifecycle,Philippa Gregory,no_observed_order,,lifecycle_rank_within_author,4.0,4,4,0,0,,,,0.0,,,0.0,Lifecycle outcomes attached to top author demand.
author_lifecycle_mix,author_lifecycle,Piers Anthony,no_observed_order,,lifecycle_rank_within_author,4.0,13,13,0,0,,,,0.0,,,0.0,Lifecycle outcomes attached to top author demand.
author_lifecycle_mix,author_lifecycle,Plato,no_observed_order,,lifecycle_rank_within_author,4.0,8,8,0,0,,,,0.0,,,0.0,Lifecycle outcomes attached to top author demand.
author_lifecycle_mix,author_lifecycle,Quentin Blake,no_observed_order,,lifecycle_rank_within_author,4.0,6,6,0,0,,,,0.0,,,0.0,Lifecycle outcomes attached to top author demand.
author_lifecycle_mix,author_lifecycle,Ray Bradbury,no_observed_order,,lifecycle_rank_within_author,4.0,6,6,0,0,,,,0.0,,,0.0,Lifecycle outcomes attached to top author demand.
author_lifecycle_mix,author_lifecycle,Roald Dahl,no_observed_order,,lifecycle_rank_within_author,4.0,13,13,0,0,,,,0.0,,,0.0,Lifecycle outcomes attached to top author demand.
author_lifecycle_mix,author_lifecycle,Robert A. Heinlein,no_observed_order,,lifecycle_rank_within_author,4.0,7,7,0,0,,,,0.0,,,0.0,Lifecycle outcomes attached to top author demand.
author_lifecycle_mix,author_lifecycle,Rumiko Takahashi,returned_path,,lifecycle_rank_within_author,4.0,1,1,1,1,,,,1.36,1.36,,4.1667,Lifecycle outcomes attached to top author demand.
author_lifecycle_mix,author_lifecycle,Sandra Brown,no_observed_order,,lifecycle_rank_within_author,4.0,20,20,0,0,,,,0.0,,,0.0,Lifecycle outcomes attached to top author demand.
author_lifecycle_mix,author_lifecycle,SparkNotes,returned_path,,lifecycle_rank_within_author,4.0,1,1,1,1,,,,5.16,5.16,,7.6923,Lifecycle outcomes attached to top author demand.
author_lifecycle_mix,author_lifecycle,Stephen King,cancelled_path,,lifecycle_rank_within_author,4.0,1,1,1,1,,,,3.63,3.63,,2.0,Lifecycle outcomes attached to top author demand.
author_lifecycle_mix,author_lifecycle,Terry Pratchett,no_observed_order,,lifecycle_rank_within_author,4.0,18,18,0,0,,,,0.0,,,0.0,Lifecycle outcomes attached to top author demand.
author_lifecycle_mix,author_lifecycle,Tracy Hickman,no_observed_order,,lifecycle_rank_within_author,4.0,13,13,0,0,,,,0.0,,,0.0,Lifecycle outcomes attached to top author demand.
author_lifecycle_mix,author_lifecycle,V.C. Andrews,no_observed_order,,lifecycle_rank_within_author,4.0,8,8,0,0,,,,0.0,,,0.0,Lifecycle outcomes attached to top author demand.
author_lifecycle_mix,author_lifecycle,William Shakespeare,no_observed_order,,lifecycle_rank_within_author,4.0,15,15,0,0,,,,0.0,,,0.0,Lifecycle outcomes attached to top author demand.
author_lifecycle_mix,author_lifecycle,C.S. Lewis,no_observed_order,,lifecycle_rank_within_author,5.0,16,16,0,0,,,,0.0,,,0.0,Lifecycle outcomes attached to top author demand.
author_lifecycle_mix,author_lifecycle,Dan Simmons,no_observed_order,,lifecycle_rank_within_author,5.0,17,17,0,0,,,,0.0,,,0.0,Lifecycle outcomes attached to top author demand.
author_lifecycle_mix,author_lifecycle,Dave Eggers,no_observed_order,,lifecycle_rank_within_author,5.0,10,10,0,0,,,,0.0,,,0.0,Lifecycle outcomes attached to top author demand.
author_lifecycle_mix,author_lifecycle,Dick Francis,no_observed_order,,lifecycle_rank_within_author,5.0,15,15,0,0,,,,0.0,,,0.0,Lifecycle outcomes attached to top author demand.
author_lifecycle_mix,author_lifecycle,Gordon Korman,no_observed_order,,lifecycle_rank_within_author,5.0,7,7,0,0,,,,0.0,,,0.0,Lifecycle outcomes attached to top author demand.
author_lifecycle_mix,author_lifecycle,Hiromu Arakawa,no_observed_order,,lifecycle_rank_within_author,5.0,13,13,0,0,,,,0.0,,,0.0,Lifecycle outcomes attached to top author demand.
author_lifecycle_mix,author_lifecycle,J.R.R. Tolkien,no_observed_order,,lifecycle_rank_within_author,5.0,19,19,0,0,,,,0.0,,,0.0,Lifecycle outcomes attached to top author demand.
author_lifecycle_mix,author_lifecycle,James Patterson,no_observed_order,,lifecycle_rank_within_author,5.0,22,22,0,0,,,,0.0,,,0.0,Lifecycle outcomes attached to top author demand.
author_lifecycle_mix,author_lifecycle,Mercedes Lackey,no_observed_order,,lifecycle_rank_within_author,5.0,24,24,0,0,,,,0.0,,,0.0,Lifecycle outcomes attached to top author demand.
author_lifecycle_mix,author_lifecycle,P.G. Wodehouse,no_observed_order,,lifecycle_rank_within_author,5.0,21,21,0,0,,,,0.0,,,0.0,Lifecycle outcomes attached to top author demand.
author_lifecycle_mix,author_lifecycle,Rumiko Takahashi,no_observed_order,,lifecycle_rank_within_author,5.0,24,24,0,0,,,,0.0,,,0.0,Lifecycle outcomes attached to top author demand.
author_lifecycle_mix,author_lifecycle,SparkNotes,no_observed_order,,lifecycle_rank_within_author,5.0,3,3,0,0,,,,0.0,,,0.0,Lifecycle outcomes attached to top author demand.
author_lifecycle_mix,author_lifecycle,Stephen King,no_observed_order,,lifecycle_rank_within_author,5.0,34,34,0,0,,,,0.0,,,0.0,Lifecycle outcomes attached to top author demand.
author_publication_era_mix,author_publication_era,Agatha Christie,2000_plus,,era_rank_within_author,1.0,33,33,24,24,,,,206.43,8.6012,,82.0567,Publication-era mix inside top author portfolios.
author_publication_era_mix,author_publication_era,Alan Dean Foster,2000_plus,,era_rank_within_author,1.0,16,16,13,13,,,,124.17,9.5515,,69.1293,Publication-era mix inside top author portfolios.
author_publication_era_mix,author_publication_era,Aldous Huxley,2000_plus,,era_rank_within_author,1.0,10,10,12,12,,,,116.81,9.7342,,72.0249,Publication-era mix inside top author portfolios.
author_publication_era_mix,author_publication_era,Anne Rice,2000_plus,,era_rank_within_author,1.0,16,16,12,12,,,,130.67,10.8892,,64.1262,Publication-era mix inside top author portfolios.
author_publication_era_mix,author_publication_era,C.S. Lewis,2000_plus,,era_rank_within_author,1.0,26,26,15,15,,,,152.97,10.198,,73.5433,Publication-era mix inside top author portfolios.
author_publication_era_mix,author_publication_era,Christopher Hitchens,2000_plus,,era_rank_within_author,1.0,15,15,16,16,,,,122.31,7.6444,,91.3306,Publication-era mix inside top author portfolios.
author_publication_era_mix,author_publication_era,Chuck Palahniuk,2000_plus,,era_rank_within_author,1.0,12,12,12,12,,,,164.62,13.7183,,99.3542,Publication-era mix inside top author portfolios.
author_publication_era_mix,author_publication_era,Clive Cussler,2000_plus,,era_rank_within_author,1.0,21,21,14,14,,,,137.94,9.8529,,81.6406,Publication-era mix inside top author portfolios.
author_publication_era_mix,author_publication_era,Dan Simmons,2000_plus,,era_rank_within_author,1.0,18,18,16,16,,,,129.89,8.1181,,84.2184,Publication-era mix inside top author portfolios.
author_publication_era_mix,author_publication_era,Dave Eggers,2000_plus,,era_rank_within_author,1.0,21,21,16,16,,,,158.36,9.8975,,100.0,Publication-era mix inside top author portfolios.
author_publication_era_mix,author_publication_era,Dean Koontz,2000_plus,,era_rank_within_author,1.0,22,22,6,6,,,,72.16,12.0267,,50.2437,Publication-era mix inside top author portfolios.
author_publication_era_mix,author_publication_era,Dick Francis,2000_plus,,era_rank_within_author,1.0,23,23,14,14,,,,157.61,11.2579,,92.2181,Publication-era mix inside top author portfolios.
author_publication_era_mix,author_publication_era,Dr. Seuss,2000_plus,,era_rank_within_author,1.0,13,13,6,6,,,,79.32,13.22,,45.9986,Publication-era mix inside top author portfolios.
author_publication_era_mix,author_publication_era,Ernest Hemingway,2000_plus,,era_rank_within_author,1.0,8,8,8,8,,,,109.91,13.7388,,79.7142,Publication-era mix inside top author portfolios.
author_publication_era_mix,author_publication_era,Francine Pascal,1980_1999,,era_rank_within_author,1.0,17,17,13,13,,,,107.5,8.2692,,67.6441,Publication-era mix inside top author portfolios.
author_publication_era_mix,author_publication_era,Gabriel García Márquez,2000_plus,,era_rank_within_author,1.0,19,19,17,17,,,,164.42,9.6718,,100.0,Publication-era mix inside top author portfolios.
author_publication_era_mix,author_publication_era,Georg Wilhelm Friedrich Hegel,1980_1999,,era_rank_within_author,1.0,6,6,6,6,,,,73.28,12.2133,,47.0347,Publication-era mix inside top author portfolios.
author_publication_era_mix,author_publication_era,Gordon Korman,2000_plus,,era_rank_within_author,1.0,19,19,18,18,,,,175.99,9.7772,,76.7644,Publication-era mix inside top author portfolios.
author_publication_era_mix,author_publication_era,Hiromu Arakawa,2000_plus,,era_rank_within_author,1.0,27,27,18,18,,,,143.98,7.9989,,100.0,Publication-era mix inside top author portfolios.
author_publication_era_mix,author_publication_era,Isaac Asimov,1980_1999,,era_rank_within_author,1.0,10,10,6,6,,,,74.28,12.38,,52.0423,Publication-era mix inside top author portfolios.
author_publication_era_mix,author_publication_era,J.R.R. Tolkien,2000_plus,,era_rank_within_author,1.0,27,27,19,19,,,,212.71,11.1953,,80.1681,Publication-era mix inside top author portfolios.
author_publication_era_mix,author_publication_era,Jack Vance,1980_1999,,era_rank_within_author,1.0,13,13,6,6,,,,83.42,13.9033,,65.1007,Publication-era mix inside top author portfolios.
author_publication_era_mix,author_publication_era,James Patterson,2000_plus,,era_rank_within_author,1.0,33,33,20,20,,,,186.69,9.3345,,86.3826,Publication-era mix inside top author portfolios.
author_publication_era_mix,author_publication_era,Janet Evanovich,2000_plus,,era_rank_within_author,1.0,19,19,12,12,,,,147.35,12.2792,,98.5619,Publication-era mix inside top author portfolios.
author_publication_era_mix,author_publication_era,Jodi Picoult,2000_plus,,era_rank_within_author,1.0,15,15,11,11,,,,130.58,11.8709,,100.0,Publication-era mix inside top author portfolios.
author_publication_era_mix,author_publication_era,John Grisham,2000_plus,,era_rank_within_author,1.0,17,17,13,13,,,,150.72,11.5938,,99.8807,Publication-era mix inside top author portfolios.
author_publication_era_mix,author_publication_era,Kahlil Gibran,2000_plus,,era_rank_within_author,1.0,6,6,10,10,,,,120.29,12.029,,71.2703,Publication-era mix inside top author portfolios.
author_publication_era_mix,author_publication_era,Laura Ingalls Wilder,2000_plus,,era_rank_within_author,1.0,12,12,11,11,,,,124.3,11.3,,84.8696,Publication-era mix inside top author portfolios.
author_publication_era_mix,author_publication_era,Laurell K. Hamilton,2000_plus,,era_rank_within_author,1.0,27,27,21,21,,,,225.76,10.7505,,100.0,Publication-era mix inside top author portfolios.
author_publication_era_mix,author_publication_era,Maeve Binchy,2000_plus,,era_rank_within_author,1.0,16,16,11,11,,,,148.15,13.4682,,100.0,Publication-era mix inside top author portfolios.
author_publication_era_mix,author_publication_era,Marcel Proust,1980_1999,,era_rank_within_author,1.0,7,7,11,11,,,,78.77,7.1609,,58.305,Publication-era mix inside top author portfolios.
author_publication_era_mix,author_publication_era,Margaret Weis,2000_plus,,era_rank_within_author,1.0,21,21,18,18,,,,199.85,11.1028,,72.1923,Publication-era mix inside top author portfolios.
author_publication_era_mix,author_publication_era,Marian Keyes,2000_plus,,era_rank_within_author,1.0,19,19,14,14,,,,142.87,10.205,,100.0,Publication-era mix inside top author portfolios.
author_publication_era_mix,author_publication_era,Mark Twain,2000_plus,,era_rank_within_author,1.0,16,16,11,11,,,,104.97,9.5427,,74.5314,Publication-era mix inside top author portfolios.
author_publication_era_mix,author_publication_era,Mary Higgins Clark,2000_plus,,era_rank_within_author,1.0,16,16,14,14,,,,135.26,9.6614,,69.6427,Publication-era mix inside top author portfolios.
author_publication_era_mix,author_publication_era,Mercedes Lackey,2000_plus,,era_rank_within_author,1.0,26,26,18,18,,,,174.36,9.6867,,61.308,Publication-era mix inside top author portfolios.
author_publication_era_mix,author_publication_era,Neil Gaiman,2000_plus,,era_rank_within_author,1.0,21,21,13,13,,,,89.68,6.8985,,53.1217,Publication-era mix inside top author portfolios.
author_publication_era_mix,author_publication_era,Orson Scott Card,2000_plus,,era_rank_within_author,1.0,28,28,15,15,,,,149.43,9.962,,56.2168,Publication-era mix inside top author portfolios.
author_publication_era_mix,author_publication_era,P.G. Wodehouse,2000_plus,,era_rank_within_author,1.0,39,39,32,32,,,,314.99,9.8434,,89.7459,Publication-era mix inside top author portfolios.
author_publication_era_mix,author_publication_era,Philip K. Dick,2000_plus,,era_rank_within_author,1.0,12,12,14,14,,,,143.14,10.2243,,83.561,Publication-era mix inside top author portfolios.
author_publication_era_mix,author_publication_era,Philippa Gregory,2000_plus,,era_rank_within_author,1.0,12,12,13,13,,,,146.06,11.2354,,87.1792,Publication-era mix inside top author portfolios.
author_publication_era_mix,author_publication_era,Piers Anthony,1980_1999,,era_rank_within_author,1.0,23,23,19,19,,,,203.35,10.7026,,66.5717,Publication-era mix inside top author portfolios.
author_publication_era_mix,author_publication_era,Plato,2000_plus,,era_rank_within_author,1.0,11,11,7,7,,,,84.66,12.0943,,49.7824,Publication-era mix inside top author portfolios.
author_publication_era_mix,author_publication_era,Quentin Blake,2000_plus,,era_rank_within_author,1.0,15,15,18,18,,,,189.16,10.5089,,94.9265,Publication-era mix inside top author portfolios.
author_publication_era_mix,author_publication_era,Ray Bradbury,2000_plus,,era_rank_within_author,1.0,11,11,11,11,,,,123.01,11.1827,,87.3837,Publication-era mix inside top author portfolios.
author_publication_era_mix,author_publication_era,Roald Dahl,2000_plus,,era_rank_within_author,1.0,25,25,24,24,,,,254.7,10.6125,,78.2873,Publication-era mix inside top author portfolios.
author_publication_era_mix,author_publication_era,Robert A. Heinlein,1980_1999,,era_rank_within_author,1.0,4,4,8,8,,,,88.98,11.1225,,56.3307,Publication-era mix inside top author portfolios.
author_publication_era_mix,author_publication_era,Rumiko Takahashi,2000_plus,,era_rank_within_author,1.0,28,28,19,19,,,,199.57,10.5037,,76.1834,Publication-era mix inside top author portfolios.
author_publication_era_mix,author_publication_era,Sandra Brown,2000_plus,,era_rank_within_author,1.0,29,29,23,23,,,,257.62,11.2009,,71.3747,Publication-era mix inside top author portfolios.
author_publication_era_mix,author_publication_era,Sophocles,1980_1999,,era_rank_within_author,1.0,4,4,6,6,,,,62.63,10.4383,,36.7698,Publication-era mix inside top author portfolios.
author_publication_era_mix,author_publication_era,SparkNotes,2000_plus,,era_rank_within_author,1.0,11,11,13,13,,,,136.29,10.4838,,100.0,Publication-era mix inside top author portfolios.
author_publication_era_mix,author_publication_era,Stephen King,2000_plus,,era_rank_within_author,1.0,39,39,32,32,,,,279.07,8.7209,,63.2038,Publication-era mix inside top author portfolios.
author_publication_era_mix,author_publication_era,Terry Pratchett,2000_plus,,era_rank_within_author,1.0,29,29,17,17,,,,139.71,8.2182,,83.8444,Publication-era mix inside top author portfolios.
author_publication_era_mix,author_publication_era,Tom Clancy,2000_plus,,era_rank_within_author,1.0,20,20,18,18,,,,174.15,9.675,,82.5355,Publication-era mix inside top author portfolios.
author_publication_era_mix,author_publication_era,Tracy Hickman,2000_plus,,era_rank_within_author,1.0,16,16,14,14,,,,137.88,9.8486,,68.9159,Publication-era mix inside top author portfolios.
author_publication_era_mix,author_publication_era,Ursula K. Le Guin,2000_plus,,era_rank_within_author,1.0,13,13,12,12,,,,123.21,10.2675,,66.9692,Publication-era mix inside top author portfolios.
author_publication_era_mix,author_publication_era,V.C. Andrews,2000_plus,,era_rank_within_author,1.0,14,14,12,12,,,,146.71,12.2258,,79.1743,Publication-era mix inside top author portfolios.
author_publication_era_mix,author_publication_era,William Goldman,2000_plus,,era_rank_within_author,1.0,7,7,7,7,,,,94.67,13.5243,,66.6502,Publication-era mix inside top author portfolios.
author_publication_era_mix,author_publication_era,William Shakespeare,2000_plus,,era_rank_within_author,1.0,28,28,25,25,,,,267.08,10.6832,,90.2236,Publication-era mix inside top author portfolios.
author_publication_era_mix,author_publication_era,William Sleator,1980_1999,,era_rank_within_author,1.0,7,7,7,7,,,,75.43,10.7757,,56.804,Publication-era mix inside top author portfolios.
author_publication_era_mix,author_publication_era,Agatha Christie,1980_1999,,era_rank_within_author,2.0,6,6,5,5,,,,45.14,9.028,,17.9433,Publication-era mix inside top author portfolios.
author_publication_era_mix,author_publication_era,Alan Dean Foster,1980_1999,,era_rank_within_author,2.0,7,7,4,4,,,,55.33,13.8325,,30.8039,Publication-era mix inside top author portfolios.
author_publication_era_mix,author_publication_era,Aldous Huxley,1980_1999,,era_rank_within_author,2.0,4,4,5,5,,,,45.37,9.074,,27.9751,Publication-era mix inside top author portfolios.
author_publication_era_mix,author_publication_era,Anne Rice,1980_1999,,era_rank_within_author,2.0,12,12,5,5,,,,73.1,14.62,,35.8738,Publication-era mix inside top author portfolios.
author_publication_era_mix,author_publication_era,C.S. Lewis,1980_1999,,era_rank_within_author,2.0,5,5,5,5,,,,47.83,9.566,,22.9952,Publication-era mix inside top author portfolios.
author_publication_era_mix,author_publication_era,Christopher Hitchens,1980_1999,,era_rank_within_author,2.0,4,4,2,2,,,,11.61,5.805,,8.6694,Publication-era mix inside top author portfolios.
author_publication_era_mix,author_publication_era,Chuck Palahniuk,1980_1999,,era_rank_within_author,2.0,1,1,1,1,,,,1.07,1.07,,0.6458,Publication-era mix inside top author portfolios.
author_publication_era_mix,author_publication_era,Clive Cussler,1980_1999,,era_rank_within_author,2.0,3,3,2,2,,,,31.02,15.51,,18.3594,Publication-era mix inside top author portfolios.
author_publication_era_mix,author_publication_era,Dan Simmons,1980_1999,,era_rank_within_author,2.0,9,9,2,2,,,,24.34,12.17,,15.7816,Publication-era mix inside top author portfolios.
author_publication_era_mix,author_publication_era,Dean Koontz,1980_1999,,era_rank_within_author,2.0,9,9,8,8,,,,71.46,8.9325,,49.7563,Publication-era mix inside top author portfolios.
author_publication_era_mix,author_publication_era,Dick Francis,1980_1999,,era_rank_within_author,2.0,6,6,2,2,,,,13.3,6.65,,7.7819,Publication-era mix inside top author portfolios.
author_publication_era_mix,author_publication_era,Dr. Seuss,1980_1999,,era_rank_within_author,2.0,6,6,6,6,,,,75.03,12.505,,43.5108,Publication-era mix inside top author portfolios.
author_publication_era_mix,author_publication_era,Ernest Hemingway,1980_1999,,era_rank_within_author,2.0,5,5,3,3,,,,27.97,9.3233,,20.2858,Publication-era mix inside top author portfolios.
author_publication_era_mix,author_publication_era,Francine Pascal,2000_plus,,era_rank_within_author,2.0,9,9,5,5,,,,51.42,10.284,,32.3559,Publication-era mix inside top author portfolios.
author_publication_era_mix,author_publication_era,Gabriel García Márquez,1980_1999,,era_rank_within_author,2.0,3,3,0,0,,,,0.0,,,0.0,Publication-era mix inside top author portfolios.
author_publication_era_mix,author_publication_era,Georg Wilhelm Friedrich Hegel,2000_plus,,era_rank_within_author,2.0,3,3,5,5,,,,58.1,11.62,,37.2914,Publication-era mix inside top author portfolios.
author_publication_era_mix,author_publication_era,Gordon Korman,1980_1999,,era_rank_within_author,2.0,4,4,5,5,,,,53.27,10.654,,23.2356,Publication-era mix inside top author portfolios.
author_publication_era_mix,author_publication_era,Isaac Asimov,2000_plus,,era_rank_within_author,2.0,9,9,7,7,,,,60.47,8.6386,,42.3667,Publication-era mix inside top author portfolios.
author_publication_era_mix,author_publication_era,J.R.R. Tolkien,1980_1999,,era_rank_within_author,2.0,12,12,8,8,,,,52.62,6.5775,,19.8319,Publication-era mix inside top author portfolios.
author_publication_era_mix,author_publication_era,Jack Vance,2000_plus,,era_rank_within_author,2.0,4,4,4,4,,,,44.72,11.18,,34.8993,Publication-era mix inside top author portfolios.
author_publication_era_mix,author_publication_era,James Patterson,1980_1999,,era_rank_within_author,2.0,6,6,4,4,,,,29.43,7.3575,,13.6174,Publication-era mix inside top author portfolios.
author_publication_era_mix,author_publication_era,Janet Evanovich,1980_1999,,era_rank_within_author,2.0,2,2,1,1,,,,2.15,2.15,,1.4381,Publication-era mix inside top author portfolios.
author_publication_era_mix,author_publication_era,Jodi Picoult,1980_1999,,era_rank_within_author,2.0,1,1,0,0,,,,0.0,,,0.0,Publication-era mix inside top author portfolios.
author_publication_era_mix,author_publication_era,John Grisham,1980_1999,,era_rank_within_author,2.0,1,1,1,1,,,,0.18,0.18,,0.1193,Publication-era mix inside top author portfolios.
author_publication_era_mix,author_publication_era,Kahlil Gibran,1980_1999,,era_rank_within_author,2.0,4,4,2,2,,,,38.78,19.39,,22.9767,Publication-era mix inside top author portfolios.
author_publication_era_mix,author_publication_era,Laura Ingalls Wilder,1980_1999,,era_rank_within_author,2.0,11,11,4,4,,,,22.16,5.54,,15.1304,Publication-era mix inside top author portfolios.
author_publication_era_mix,author_publication_era,Maeve Binchy,1980_1999,,era_rank_within_author,2.0,2,2,0,0,,,,0.0,,,0.0,Publication-era mix inside top author portfolios.
author_publication_era_mix,author_publication_era,Marcel Proust,2000_plus,,era_rank_within_author,2.0,8,8,6,6,,,,56.33,9.3883,,41.695,Publication-era mix inside top author portfolios.
author_publication_era_mix,author_publication_era,Margaret Weis,1980_1999,,era_rank_within_author,2.0,15,15,6,6,,,,76.98,12.83,,27.8077,Publication-era mix inside top author portfolios.
author_publication_era_mix,author_publication_era,Mark Twain,1980_1999,,era_rank_within_author,2.0,8,8,4,4,,,,35.87,8.9675,,25.4686,Publication-era mix inside top author portfolios.
author_publication_era_mix,author_publication_era,Mary Higgins Clark,1980_1999,,era_rank_within_author,2.0,4,4,6,6,,,,58.96,9.8267,,30.3573,Publication-era mix inside top author portfolios.
author_publication_era_mix,author_publication_era,Mercedes Lackey,1980_1999,,era_rank_within_author,2.0,17,17,10,10,,,,110.04,11.004,,38.692,Publication-era mix inside top author portfolios.
author_publication_era_mix,author_publication_era,Neil Gaiman,1980_1999,,era_rank_within_author,2.0,12,12,7,7,,,,79.14,11.3057,,46.8783,Publication-era mix inside top author portfolios.
author_publication_era_mix,author_publication_era,Orson Scott Card,1980_1999,,era_rank_within_author,2.0,12,12,10,10,,,,116.38,11.638,,43.7832,Publication-era mix inside top author portfolios.
author_publication_era_mix,author_publication_era,P.G. Wodehouse,1980_1999,,era_rank_within_author,2.0,6,6,5,5,,,,35.99,7.198,,10.2541,Publication-era mix inside top author portfolios.
author_publication_era_mix,author_publication_era,Philip K. Dick,1980_1999,,era_rank_within_author,2.0,5,5,2,2,,,,28.16,14.08,,16.439,Publication-era mix inside top author portfolios.
author_publication_era_mix,author_publication_era,Philippa Gregory,1980_1999,,era_rank_within_author,2.0,1,1,2,2,,,,21.48,10.74,,12.8208,Publication-era mix inside top author portfolios.
author_publication_era_mix,author_publication_era,Piers Anthony,2000_plus,,era_rank_within_author,2.0,7,7,7,7,,,,89.61,12.8014,,29.3361,Publication-era mix inside top author portfolios.
author_publication_era_mix,author_publication_era,Plato,1980_1999,,era_rank_within_author,2.0,9,9,11,11,,,,82.82,7.5291,,48.7005,Publication-era mix inside top author portfolios.
author_publication_era_mix,author_publication_era,Quentin Blake,1980_1999,,era_rank_within_author,2.0,2,2,2,2,,,,10.11,5.055,,5.0735,Publication-era mix inside top author portfolios.
author_publication_era_mix,author_publication_era,Ray Bradbury,1980_1999,,era_rank_within_author,2.0,5,5,2,2,,,,17.76,8.88,,12.6163,Publication-era mix inside top author portfolios.
author_publication_era_mix,author_publication_era,Roald Dahl,1980_1999,,era_rank_within_author,2.0,7,7,7,7,,,,70.64,10.0914,,21.7127,Publication-era mix inside top author portfolios.
author_publication_era_mix,author_publication_era,Robert A. Heinlein,2000_plus,,era_rank_within_author,2.0,8,8,5,5,,,,68.98,13.796,,43.6693,Publication-era mix inside top author portfolios.
author_publication_era_mix,author_publication_era,Rumiko Takahashi,1980_1999,,era_rank_within_author,2.0,11,11,5,5,,,,62.39,12.478,,23.8166,Publication-era mix inside top author portfolios.
author_publication_era_mix,author_publication_era,Sandra Brown,1980_1999,,era_rank_within_author,2.0,17,17,14,14,,,,103.32,7.38,,28.6253,Publication-era mix inside top author portfolios.
author_publication_era_mix,author_publication_era,Sophocles,pre_1980,,era_rank_within_author,2.0,5,5,5,5,,,,59.63,11.926,,35.0085,Publication-era mix inside top author portfolios.
author_publication_era_mix,author_publication_era,Stephen King,1980_1999,,era_rank_within_author,2.0,31,31,18,18,,,,162.47,9.0261,,36.7962,Publication-era mix inside top author portfolios.
author_publication_era_mix,author_publication_era,Terry Pratchett,1980_1999,,era_rank_within_author,2.0,5,5,3,3,,,,26.92,8.9733,,16.1556,Publication-era mix inside top author portfolios.
author_publication_era_mix,author_publication_era,Tom Clancy,1980_1999,,era_rank_within_author,2.0,11,11,4,4,,,,36.85,9.2125,,17.4645,Publication-era mix inside top author portfolios.
author_publication_era_mix,author_publication_era,Tracy Hickman,1980_1999,,era_rank_within_author,2.0,10,10,5,5,,,,62.19,12.438,,31.0841,Publication-era mix inside top author portfolios.
author_publication_era_mix,author_publication_era,Ursula K. Le Guin,1980_1999,,era_rank_within_author,2.0,7,7,6,6,,,,60.77,10.1283,,33.0308,Publication-era mix inside top author portfolios.
author_publication_era_mix,author_publication_era,V.C. Andrews,1980_1999,,era_rank_within_author,2.0,5,5,5,5,,,,38.59,7.718,,20.8257,Publication-era mix inside top author portfolios.
author_publication_era_mix,author_publication_era,William Goldman,1980_1999,,era_rank_within_author,2.0,3,3,3,3,,,,47.37,15.79,,33.3498,Publication-era mix inside top author portfolios.
author_publication_era_mix,author_publication_era,William Shakespeare,pre_1980,,era_rank_within_author,2.0,4,4,3,3,,,,28.94,9.6467,,9.7764,Publication-era mix inside top author portfolios.
author_publication_era_mix,author_publication_era,William Sleator,2000_plus,,era_rank_within_author,2.0,5,5,7,7,,,,57.36,8.1943,,43.196,Publication-era mix inside top author portfolios.
author_publication_era_mix,author_publication_era,Alan Dean Foster,pre_1980,,era_rank_within_author,3.0,2,2,1,1,,,,0.12,0.12,,0.0668,Publication-era mix inside top author portfolios.
author_publication_era_mix,author_publication_era,C.S. Lewis,pre_1980,,era_rank_within_author,3.0,2,2,1,1,,,,7.2,7.2,,3.4615,Publication-era mix inside top author portfolios.
author_publication_era_mix,author_publication_era,Dr. Seuss,pre_1980,,era_rank_within_author,3.0,3,3,2,2,,,,18.09,9.045,,10.4906,Publication-era mix inside top author portfolios.
author_publication_era_mix,author_publication_era,Georg Wilhelm Friedrich Hegel,pre_1980,,era_rank_within_author,3.0,3,3,2,2,,,,24.42,12.21,,15.6739,Publication-era mix inside top author portfolios.
author_publication_era_mix,author_publication_era,Isaac Asimov,pre_1980,,era_rank_within_author,3.0,3,3,1,1,,,,7.98,7.98,,5.591,Publication-era mix inside top author portfolios.
author_publication_era_mix,author_publication_era,Kahlil Gibran,pre_1980,,era_rank_within_author,3.0,1,1,1,1,,,,9.71,9.71,,5.7531,Publication-era mix inside top author portfolios.
author_publication_era_mix,author_publication_era,Laura Ingalls Wilder,pre_1980,,era_rank_within_author,3.0,1,1,0,0,,,,0.0,,,0.0,Publication-era mix inside top author portfolios.
author_publication_era_mix,author_publication_era,Philip K. Dick,pre_1980,,era_rank_within_author,3.0,1,1,0,0,,,,0.0,,,0.0,Publication-era mix inside top author portfolios.
author_publication_era_mix,author_publication_era,Piers Anthony,pre_1980,,era_rank_within_author,3.0,1,1,1,1,,,,12.5,12.5,,4.0922,Publication-era mix inside top author portfolios.
author_publication_era_mix,author_publication_era,Plato,pre_1980,,era_rank_within_author,3.0,2,2,1,1,,,,2.58,2.58,,1.5171,Publication-era mix inside top author portfolios.
author_publication_era_mix,author_publication_era,Roald Dahl,pre_1980,,era_rank_within_author,3.0,1,1,0,0,,,,0.0,,,0.0,Publication-era mix inside top author portfolios.
author_publication_era_mix,author_publication_era,Sophocles,2000_plus,,era_rank_within_author,3.0,9,9,5,5,,,,48.07,9.614,,28.2217,Publication-era mix inside top author portfolios.
author_publication_era_mix,author_publication_era,William Goldman,pre_1980,,era_rank_within_author,3.0,1,1,0,0,,,,0.0,,,0.0,Publication-era mix inside top author portfolios.
author_publication_era_mix,author_publication_era,William Shakespeare,1980_1999,,era_rank_within_author,3.0,2,2,0,0,,,,0.0,,,0.0,Publication-era mix inside top author portfolios.
author_publication_era_mix,author_publication_era,William Sleator,pre_1980,,era_rank_within_author,3.0,1,1,0,0,,,,0.0,,,0.0,Publication-era mix inside top author portfolios.
author_publisher_mix,author_publisher,Agatha Christie,Black Dog & Leventhal Publishers,,publisher_rank_within_author,1.0,7,7,6,6,,,,63.22,10.5367,,25.1302,Publisher spread inside top author portfolios.
author_publisher_mix,author_publisher,Alan Dean Foster,Del Rey Books,,publisher_rank_within_author,1.0,10,10,9,9,,,,69.79,7.7544,,38.8542,Publisher spread inside top author portfolios.
author_publisher_mix,author_publisher,Aldous Huxley,Harper Perennial Modern Classics,,publisher_rank_within_author,1.0,4,4,5,5,,,,43.03,8.606,,26.5322,Publisher spread inside top author portfolios.
author_publisher_mix,author_publisher,Anne Rice,Ballantine Books,,publisher_rank_within_author,1.0,9,9,5,5,,,,63.73,12.746,,31.2755,Publisher spread inside top author portfolios.
author_publisher_mix,author_publisher,C.S. Lewis,HarperOne,,publisher_rank_within_author,1.0,6,6,4,4,,,,42.78,10.695,,20.5673,Publisher spread inside top author portfolios.
author_publisher_mix,author_publisher,Christopher Hitchens,Penguin Classics,,publisher_rank_within_author,1.0,4,4,3,3,,,,46.63,15.5433,,34.8193,Publisher spread inside top author portfolios.
author_publisher_mix,author_publisher,Chuck Palahniuk,Mondadori,,publisher_rank_within_author,1.0,2,2,6,6,,,,71.19,11.865,,42.9658,Publisher spread inside top author portfolios.
author_publisher_mix,author_publisher,Clive Cussler,Pocket Books,,publisher_rank_within_author,1.0,4,4,3,3,,,,36.46,12.1533,,21.5791,Publisher spread inside top author portfolios.
author_publisher_mix,author_publisher,Dan Simmons,Ediciones B,,publisher_rank_within_author,1.0,1,1,3,3,,,,38.78,12.9267,,25.1443,Publisher spread inside top author portfolios.
author_publisher_mix,author_publisher,Dave Eggers,McSweeney's,,publisher_rank_within_author,1.0,9,9,5,5,,,,47.93,9.586,,30.2665,Publisher spread inside top author portfolios.
author_publisher_mix,author_publisher,Dean Koontz,Random House Audio Publishing Group,,publisher_rank_within_author,1.0,3,3,5,5,,,,54.81,10.962,,38.1632,Publisher spread inside top author portfolios.
author_publisher_mix,author_publisher,Dick Francis,G.P. Putnam's Sons,,publisher_rank_within_author,1.0,20,20,12,12,,,,126.19,10.5158,,73.8342,Publisher spread inside top author portfolios.
author_publisher_mix,author_publisher,Dr. Seuss,Random House Books for Young Readers,,publisher_rank_within_author,1.0,9,9,9,9,,,,112.47,12.4967,,65.2227,Publisher spread inside top author portfolios.
author_publisher_mix,author_publisher,Ernest Hemingway,Scribner,,publisher_rank_within_author,1.0,4,4,2,2,,,,30.4,15.2,,22.0482,Publisher spread inside top author portfolios.
author_publisher_mix,author_publisher,Francine Pascal,Bantam Books,,publisher_rank_within_author,1.0,10,10,7,7,,,,70.6,10.0857,,44.4249,Publisher spread inside top author portfolios.
author_publisher_mix,author_publisher,Gabriel García Márquez,Harper Perennial Modern Classics,,publisher_rank_within_author,1.0,3,3,7,7,,,,48.72,6.96,,29.6314,Publisher spread inside top author portfolios.
author_publisher_mix,author_publisher,Georg Wilhelm Friedrich Hegel,Princeton University Press,,publisher_rank_within_author,1.0,1,1,3,3,,,,46.78,15.5933,,30.0257,Publisher spread inside top author portfolios.
author_publisher_mix,author_publisher,Gordon Korman,Scholastic,,publisher_rank_within_author,1.0,7,7,9,9,,,,104.04,11.56,,45.3808,Publisher spread inside top author portfolios.
author_publisher_mix,author_publisher,Hiromu Arakawa,VIZ Media LLC,,publisher_rank_within_author,1.0,14,14,8,8,,,,67.73,8.4662,,47.0413,Publisher spread inside top author portfolios.
author_publisher_mix,author_publisher,Isaac Asimov,Spectra,,publisher_rank_within_author,1.0,4,4,3,3,,,,32.59,10.8633,,22.8333,Publisher spread inside top author portfolios.
author_publisher_mix,author_publisher,J.R.R. Tolkien,Mariner Books,,publisher_rank_within_author,1.0,5,5,5,5,,,,57.1,11.42,,21.5204,Publisher spread inside top author portfolios.
author_publisher_mix,author_publisher,Jack Vance,Tor Books,,publisher_rank_within_author,1.0,5,5,6,6,,,,88.95,14.825,,69.4163,Publisher spread inside top author portfolios.
author_publisher_mix,author_publisher,James Patterson,Grand Central Publishing,,publisher_rank_within_author,1.0,12,12,8,8,,,,99.15,12.3938,,45.8773,Publisher spread inside top author portfolios.
author_publisher_mix,author_publisher,Janet Evanovich,St. Martin's Press,,publisher_rank_within_author,1.0,10,10,8,8,,,,81.19,10.1488,,54.3077,Publisher spread inside top author portfolios.
author_publisher_mix,author_publisher,Jodi Picoult,Washington Square Press,,publisher_rank_within_author,1.0,5,5,4,4,,,,45.7,11.425,,34.9977,Publisher spread inside top author portfolios.
author_publisher_mix,author_publisher,John Grisham,Delta,,publisher_rank_within_author,1.0,10,10,8,8,,,,84.04,10.505,,55.6925,Publisher spread inside top author portfolios.
author_publisher_mix,author_publisher,Kahlil Gibran,Rupa & Co,,publisher_rank_within_author,1.0,1,1,4,4,,,,60.72,15.18,,35.9758,Publisher spread inside top author portfolios.
author_publisher_mix,author_publisher,Laura Ingalls Wilder,HarperCollins,,publisher_rank_within_author,1.0,10,10,7,7,,,,53.16,7.5943,,36.2966,Publisher spread inside top author portfolios.
author_publisher_mix,author_publisher,Laurell K. Hamilton,Berkley Books,,publisher_rank_within_author,1.0,6,6,6,6,,,,61.69,10.2817,,27.3255,Publisher spread inside top author portfolios.
author_publisher_mix,author_publisher,Maeve Binchy,Arrow,,publisher_rank_within_author,1.0,5,5,4,4,,,,47.39,11.8475,,31.9879,Publisher spread inside top author portfolios.
author_publisher_mix,author_publisher,Marcel Proust,ComicsLit,,publisher_rank_within_author,1.0,1,1,3,3,,,,35.12,11.7067,,25.9956,Publisher spread inside top author portfolios.
author_publisher_mix,author_publisher,Margaret Weis,Wizards of the Coast,,publisher_rank_within_author,1.0,17,17,18,18,,,,208.0,11.5556,,75.1364,Publisher spread inside top author portfolios.
author_publisher_mix,author_publisher,Marian Keyes,Pocket,,publisher_rank_within_author,1.0,3,3,3,3,,,,29.27,9.7567,,20.4872,Publisher spread inside top author portfolios.
author_publisher_mix,author_publisher,Mark Twain,Harper Perennial Modern Classics,,publisher_rank_within_author,1.0,1,1,3,3,,,,28.2,9.4,,20.0227,Publisher spread inside top author portfolios.
author_publisher_mix,author_publisher,Mary Higgins Clark,Pocket Books,,publisher_rank_within_author,1.0,12,12,11,11,,,,121.98,11.0891,,62.8051,Publisher spread inside top author portfolios.
author_publisher_mix,author_publisher,Mercedes Lackey,Baen,,publisher_rank_within_author,1.0,8,8,12,12,,,,130.13,10.8442,,45.756,Publisher spread inside top author portfolios.
author_publisher_mix,author_publisher,Neil Gaiman,Vertigo,,publisher_rank_within_author,1.0,10,10,5,5,,,,59.32,11.864,,35.138,Publisher spread inside top author portfolios.
author_publisher_mix,author_publisher,Orson Scott Card,Tor Books,,publisher_rank_within_author,1.0,12,12,8,8,,,,79.82,9.9775,,30.029,Publisher spread inside top author portfolios.
author_publisher_mix,author_publisher,P.G. Wodehouse,Harry N. Abrams,,publisher_rank_within_author,1.0,16,16,10,10,,,,91.49,9.149,,26.067,Publisher spread inside top author portfolios.
author_publisher_mix,author_publisher,Philip K. Dick,Gollancz,,publisher_rank_within_author,1.0,3,3,4,4,,,,57.0,14.25,,33.275,Publisher spread inside top author portfolios.
author_publisher_mix,author_publisher,Philippa Gregory,Washington Square Press,,publisher_rank_within_author,1.0,6,6,6,6,,,,72.88,12.1467,,43.5001,Publisher spread inside top author portfolios.
author_publisher_mix,author_publisher,Piers Anthony,Tor Fantasy,,publisher_rank_within_author,1.0,7,7,8,8,,,,103.93,12.9913,,34.0241,Publisher spread inside top author portfolios.
author_publisher_mix,author_publisher,Plato,Hackett Publishing Company Inc.,,publisher_rank_within_author,1.0,4,4,3,3,,,,45.77,15.2567,,26.914,Publisher spread inside top author portfolios.
author_publisher_mix,author_publisher,Quentin Blake,Puffin Books,,publisher_rank_within_author,1.0,5,5,7,7,,,,85.13,12.1614,,42.7209,Publisher spread inside top author portfolios.
author_publisher_mix,author_publisher,Ray Bradbury,Dragonfly Books,,publisher_rank_within_author,1.0,1,1,3,3,,,,33.35,11.1167,,23.6911,Publisher spread inside top author portfolios.
author_publisher_mix,author_publisher,Roald Dahl,Puffin Books,,publisher_rank_within_author,1.0,8,8,7,7,,,,85.13,12.1614,,26.1665,Publisher spread inside top author portfolios.
author_publisher_mix,author_publisher,Robert A. Heinlein,Ace Books,,publisher_rank_within_author,1.0,2,2,4,4,,,,55.84,13.96,,35.3507,Publisher spread inside top author portfolios.
author_publisher_mix,author_publisher,Rumiko Takahashi,VIZ Media LLC,,publisher_rank_within_author,1.0,12,12,9,9,,,,111.68,12.4089,,42.6325,Publisher spread inside top author portfolios.
author_publisher_mix,author_publisher,Sandra Brown,Grand Central Publishing (Formerly Warner Books),,publisher_rank_within_author,1.0,2,2,3,3,,,,42.36,14.12,,11.736,Publisher spread inside top author portfolios.
author_publisher_mix,author_publisher,Sophocles,Plume,,publisher_rank_within_author,1.0,1,1,2,2,,,,28.67,14.335,,16.832,Publisher spread inside top author portfolios.
author_publisher_mix,author_publisher,SparkNotes,SparkNotes,,publisher_rank_within_author,1.0,9,9,8,8,,,,78.75,9.8438,,57.7812,Publisher spread inside top author portfolios.
author_publisher_mix,author_publisher,Stephen King,Laffont,,publisher_rank_within_author,1.0,1,1,3,3,,,,46.45,15.4833,,10.52,Publisher spread inside top author portfolios.
author_publisher_mix,author_publisher,Terry Pratchett,HarperCollins,,publisher_rank_within_author,1.0,3,3,2,2,,,,35.52,17.76,,21.3167,Publisher spread inside top author portfolios.
author_publisher_mix,author_publisher,Tom Clancy,Berkley,,publisher_rank_within_author,1.0,19,19,12,12,,,,90.14,7.5117,,42.7204,Publisher spread inside top author portfolios.
author_publisher_mix,author_publisher,Tracy Hickman,Wizards of the Coast,,publisher_rank_within_author,1.0,12,12,13,13,,,,131.24,10.0954,,65.597,Publisher spread inside top author portfolios.
author_publisher_mix,author_publisher,Ursula K. Le Guin,Gallery / Saga Press,,publisher_rank_within_author,1.0,1,1,3,3,,,,38.27,12.7567,,20.8012,Publisher spread inside top author portfolios.
author_publisher_mix,author_publisher,V.C. Andrews,Pocket Books,,publisher_rank_within_author,1.0,11,11,11,11,,,,120.83,10.9845,,65.2078,Publisher spread inside top author portfolios.
author_publisher_mix,author_publisher,William Goldman,Dell,,publisher_rank_within_author,1.0,1,1,3,3,,,,47.37,15.79,,33.3498,Publisher spread inside top author portfolios.
author_publisher_mix,author_publisher,William Shakespeare,Bloomsbury Arden Shakespeare,,publisher_rank_within_author,1.0,4,4,6,6,,,,56.53,9.4217,,19.0967,Publisher spread inside top author portfolios.
author_publisher_mix,author_publisher,William Sleator,Puffin Books,,publisher_rank_within_author,1.0,5,5,4,4,,,,35.05,8.7625,,26.3951,Publisher spread inside top author portfolios.
author_publisher_mix,author_publisher,Agatha Christie,HarperCollins Publishers,,publisher_rank_within_author,2.0,5,5,3,3,,,,33.61,11.2033,,13.3601,Publisher spread inside top author portfolios.
author_publisher_mix,author_publisher,Alan Dean Foster,Severn House Publishers,,publisher_rank_within_author,2.0,2,2,2,2,,,,29.94,14.97,,16.6685,Publisher spread inside top author portfolios.
author_publisher_mix,author_publisher,Aldous Huxley,Ivan R. Dee Publisher,,publisher_rank_within_author,2.0,3,3,4,4,,,,30.93,7.7325,,19.0714,Publisher spread inside top author portfolios.
author_publisher_mix,author_publisher,Anne Rice,Ediciones B,,publisher_rank_within_author,2.0,4,4,5,5,,,,50.91,10.182,,24.9841,Publisher spread inside top author portfolios.
author_publisher_mix,author_publisher,C.S. Lewis,Editorial Presença,,publisher_rank_within_author,2.0,6,6,4,4,,,,41.19,10.2975,,19.8029,Publisher spread inside top author portfolios.
author_publisher_mix,author_publisher,Christopher Hitchens,Atlas Books/HarperCollins Publishers,,publisher_rank_within_author,2.0,1,1,4,4,,,,24.03,6.0075,,17.9435,Publisher spread inside top author portfolios.
author_publisher_mix,author_publisher,Chuck Palahniuk,Anchor,,publisher_rank_within_author,2.0,2,2,3,3,,,,54.25,18.0833,,32.7419,Publisher spread inside top author portfolios.
author_publisher_mix,author_publisher,Clive Cussler,G.P. Putnam's Sons,,publisher_rank_within_author,2.0,7,7,3,3,,,,20.78,6.9267,,12.2988,Publisher spread inside top author portfolios.
author_publisher_mix,author_publisher,Dan Simmons,HarperTorch,,publisher_rank_within_author,2.0,3,3,5,5,,,,29.39,5.878,,19.056,Publisher spread inside top author portfolios.
author_publisher_mix,author_publisher,Dave Eggers,Vintage,,publisher_rank_within_author,2.0,4,4,4,4,,,,36.2,9.05,,22.8593,Publisher spread inside top author portfolios.
author_publisher_mix,author_publisher,Dean Koontz,Headline Feature,,publisher_rank_within_author,2.0,1,1,2,2,,,,23.99,11.995,,16.7038,Publisher spread inside top author portfolios.
author_publisher_mix,author_publisher,Dick Francis,Michael Joseph,,publisher_rank_within_author,2.0,1,1,1,1,,,,18.44,18.44,,10.7893,Publisher spread inside top author portfolios.
author_publisher_mix,author_publisher,Dr. Seuss,Bolchazy-Carducci Publishers,,publisher_rank_within_author,2.0,1,1,1,1,,,,18.41,18.41,,10.6762,Publisher spread inside top author portfolios.
author_publisher_mix,author_publisher,Ernest Hemingway,Simon Schuster Audio,,publisher_rank_within_author,2.0,2,2,2,2,,,,29.09,14.545,,21.0981,Publisher spread inside top author portfolios.
author_publisher_mix,author_publisher,Francine Pascal,Simon & Schuster Childrens Books,,publisher_rank_within_author,2.0,5,5,3,3,,,,30.35,10.1167,,19.0977,Publisher spread inside top author portfolios.
author_publisher_mix,author_publisher,Gabriel García Márquez,Vintage Espanol,,publisher_rank_within_author,2.0,2,2,2,2,,,,33.48,16.74,,20.3625,Publisher spread inside top author portfolios.
author_publisher_mix,author_publisher,Georg Wilhelm Friedrich Hegel,Hackett Publishing Company Inc.,,publisher_rank_within_author,2.0,1,1,2,2,,,,23.22,11.61,,14.9037,Publisher spread inside top author portfolios.
author_publisher_mix,author_publisher,Gordon Korman,Turtleback Books,,publisher_rank_within_author,2.0,3,3,3,3,,,,47.1,15.7,,20.5444,Publisher spread inside top author portfolios.
author_publisher_mix,author_publisher,Hiromu Arakawa,ガンガンコミックス,,publisher_rank_within_author,2.0,5,5,5,5,,,,46.64,9.328,,32.3934,Publisher spread inside top author portfolios.
author_publisher_mix,author_publisher,Isaac Asimov,Penguin,,publisher_rank_within_author,2.0,1,1,2,2,,,,27.15,13.575,,19.0219,Publisher spread inside top author portfolios.
author_publisher_mix,author_publisher,J.R.R. Tolkien,HarperCollins,,publisher_rank_within_author,2.0,6,6,3,3,,,,44.39,14.7967,,16.7301,Publisher spread inside top author portfolios.
author_publisher_mix,author_publisher,Jack Vance,Ace,,publisher_rank_within_author,2.0,2,2,2,2,,,,24.26,12.13,,18.9324,Publisher spread inside top author portfolios.
author_publisher_mix,author_publisher,James Patterson,Headline,,publisher_rank_within_author,2.0,1,1,2,2,,,,30.1,15.05,,13.9274,Publisher spread inside top author portfolios.
author_publisher_mix,author_publisher,Janet Evanovich,HarperTorch,,publisher_rank_within_author,2.0,3,3,2,2,,,,37.31,18.655,,24.9565,Publisher spread inside top author portfolios.
author_publisher_mix,author_publisher,Jodi Picoult,Atria Books,,publisher_rank_within_author,2.0,3,3,2,2,,,,24.57,12.285,,18.8161,Publisher spread inside top author portfolios.
author_publisher_mix,author_publisher,John Grisham,Addison Wesley Publishing Company,,publisher_rank_within_author,2.0,1,1,2,2,,,,24.66,12.33,,16.3419,Publisher spread inside top author portfolios.
author_publisher_mix,author_publisher,Kahlil Gibran,Benziger,,publisher_rank_within_author,2.0,1,1,3,3,,,,37.13,12.3767,,21.9991,Publisher spread inside top author portfolios.
author_publisher_mix,author_publisher,Laura Ingalls Wilder,Thomas Nelson,,publisher_rank_within_author,2.0,1,1,3,3,,,,41.36,13.7867,,28.2398,Publisher spread inside top author portfolios.
author_publisher_mix,author_publisher,Laurell K. Hamilton,Berkley Hardcover,,publisher_rank_within_author,2.0,3,3,4,4,,,,48.72,12.18,,21.5804,Publisher spread inside top author portfolios.
author_publisher_mix,author_publisher,Maeve Binchy,New Island Books,,publisher_rank_within_author,2.0,1,1,2,2,,,,37.18,18.59,,25.0962,Publisher spread inside top author portfolios.
author_publisher_mix,author_publisher,Marcel Proust,Chatto and Windus,,publisher_rank_within_author,2.0,1,1,4,4,,,,25.0,6.25,,18.5048,Publisher spread inside top author portfolios.
author_publisher_mix,author_publisher,Margaret Weis,Spectra Books,,publisher_rank_within_author,2.0,2,2,2,2,,,,31.37,15.685,,11.3319,Publisher spread inside top author portfolios.
author_publisher_mix,author_publisher,Marian Keyes,Heyne,,publisher_rank_within_author,2.0,2,2,2,2,,,,26.77,13.385,,18.7373,Publisher spread inside top author portfolios.
author_publisher_mix,author_publisher,Mark Twain,Library of America,,publisher_rank_within_author,2.0,4,4,4,4,,,,24.57,6.1425,,17.4453,Publisher spread inside top author portfolios.
author_publisher_mix,author_publisher,Mary Higgins Clark,Doubleday,,publisher_rank_within_author,2.0,1,1,1,1,,,,16.26,16.26,,8.3719,Publisher spread inside top author portfolios.
author_publisher_mix,author_publisher,Mercedes Lackey,DAW,,publisher_rank_within_author,2.0,14,14,7,7,,,,66.07,9.4386,,23.2314,Publisher spread inside top author portfolios.
author_publisher_mix,author_publisher,Neil Gaiman,Soft Skull Press,,publisher_rank_within_author,2.0,1,1,3,3,,,,22.58,7.5267,,13.3752,Publisher spread inside top author portfolios.
author_publisher_mix,author_publisher,Orson Scott Card,Writer's Digest Books,,publisher_rank_within_author,2.0,1,1,2,2,,,,28.32,14.16,,10.6542,Publisher spread inside top author portfolios.
author_publisher_mix,author_publisher,P.G. Wodehouse,Hard Press,,publisher_rank_within_author,2.0,2,2,4,4,,,,40.84,10.21,,11.636,Publisher spread inside top author portfolios.
author_publisher_mix,author_publisher,Philip K. Dick,Citadel,,publisher_rank_within_author,2.0,3,3,5,5,,,,39.13,7.826,,22.843,Publisher spread inside top author portfolios.
author_publisher_mix,author_publisher,Philippa Gregory,HarperCollins Publishers,,publisher_rank_within_author,2.0,3,3,4,4,,,,53.62,13.405,,32.0043,Publisher spread inside top author portfolios.
author_publisher_mix,author_publisher,Piers Anthony,Ace Books,,publisher_rank_within_author,2.0,2,2,5,5,,,,58.36,11.672,,19.1056,Publisher spread inside top author portfolios.
author_publisher_mix,author_publisher,Plato,Penguin Classics,,publisher_rank_within_author,2.0,4,4,5,5,,,,35.45,7.09,,20.8456,Publisher spread inside top author portfolios.
author_publisher_mix,author_publisher,Quentin Blake,Puffin,,publisher_rank_within_author,2.0,4,4,6,6,,,,46.77,7.795,,23.4707,Publisher spread inside top author portfolios.
author_publisher_mix,author_publisher,Ray Bradbury,Tor Books,,publisher_rank_within_author,2.0,2,2,2,2,,,,25.85,12.925,,18.3633,Publisher spread inside top author portfolios.
author_publisher_mix,author_publisher,Roald Dahl,Puffin,,publisher_rank_within_author,2.0,7,7,7,7,,,,58.79,8.3986,,18.0703,Publisher spread inside top author portfolios.
author_publisher_mix,author_publisher,Robert A. Heinlein,Tor Books,,publisher_rank_within_author,2.0,2,2,3,3,,,,44.84,14.9467,,28.3869,Publisher spread inside top author portfolios.
author_publisher_mix,author_publisher,Rumiko Takahashi,小学館,,publisher_rank_within_author,2.0,13,13,8,8,,,,91.07,11.3838,,34.7648,Publisher spread inside top author portfolios.
author_publisher_mix,author_publisher,Sandra Brown,Hachette Books,,publisher_rank_within_author,2.0,3,3,3,3,,,,40.37,13.4567,,11.1847,Publisher spread inside top author portfolios.
author_publisher_mix,author_publisher,Sophocles,Oxford University Press,,publisher_rank_within_author,2.0,1,1,3,3,,,,27.01,9.0033,,15.8575,Publisher spread inside top author portfolios.
author_publisher_mix,author_publisher,SparkNotes,Spark Publishing,,publisher_rank_within_author,2.0,1,1,3,3,,,,30.77,10.2567,,22.5769,Publisher spread inside top author portfolios.
author_publisher_mix,author_publisher,Stephen King,Vintage,,publisher_rank_within_author,2.0,1,1,4,4,,,,34.26,8.565,,7.7592,Publisher spread inside top author portfolios.
author_publisher_mix,author_publisher,Terry Pratchett,Corgi,,publisher_rank_within_author,2.0,8,8,3,3,,,,19.06,6.3533,,11.4385,Publisher spread inside top author portfolios.
author_publisher_mix,author_publisher,Tom Clancy,Berkley Books,,publisher_rank_within_author,2.0,7,7,4,4,,,,39.42,9.855,,18.6825,Publisher spread inside top author portfolios.
author_publisher_mix,author_publisher,Tracy Hickman,Spectra Books,,publisher_rank_within_author,2.0,2,2,2,2,,,,31.37,15.685,,15.6795,Publisher spread inside top author portfolios.
author_publisher_mix,author_publisher,Ursula K. Le Guin,Ace,,publisher_rank_within_author,2.0,2,2,2,2,,,,28.66,14.33,,15.5778,Publisher spread inside top author portfolios.
author_publisher_mix,author_publisher,V.C. Andrews,Pocket Star,,publisher_rank_within_author,2.0,2,2,3,3,,,,42.08,14.0267,,22.7091,Publisher spread inside top author portfolios.
author_publisher_mix,author_publisher,William Goldman,Del Rey,,publisher_rank_within_author,2.0,1,1,2,2,,,,32.11,16.055,,22.6063,Publisher spread inside top author portfolios.
author_publisher_mix,author_publisher,William Shakespeare,W. W. Norton & Company,,publisher_rank_within_author,2.0,2,2,3,3,,,,53.39,17.7967,,18.0359,Publisher spread inside top author portfolios.
author_publisher_mix,author_publisher,William Sleator,Hodder Children's Books,,publisher_rank_within_author,2.0,1,1,2,2,,,,21.36,10.68,,16.0855,Publisher spread inside top author portfolios.
author_publisher_mix,author_publisher,Agatha Christie,Signet,,publisher_rank_within_author,3.0,3,3,4,4,,,,26.24,6.56,,10.4305,Publisher spread inside top author portfolios.
author_publisher_mix,author_publisher,Alan Dean Foster,DAW,,publisher_rank_within_author,3.0,1,1,2,2,,,,29.59,14.795,,16.4737,Publisher spread inside top author portfolios.
author_publisher_mix,author_publisher,Aldous Huxley,HarperCollins,,publisher_rank_within_author,3.0,1,1,2,2,,,,23.37,11.685,,14.4099,Publisher spread inside top author portfolios.
author_publisher_mix,author_publisher,Anne Rice,Arrow,,publisher_rank_within_author,3.0,3,3,3,3,,,,35.69,11.8967,,17.5148,Publisher spread inside top author portfolios.
author_publisher_mix,author_publisher,C.S. Lewis,HarperCollins,,publisher_rank_within_author,3.0,5,5,3,3,,,,35.89,11.9633,,17.2548,Publisher spread inside top author portfolios.
author_publisher_mix,author_publisher,Christopher Hitchens,HarperCollins,,publisher_rank_within_author,3.0,1,1,2,2,,,,23.37,11.685,,17.4507,Publisher spread inside top author portfolios.
author_publisher_mix,author_publisher,Chuck Palahniuk,Doubleday Books,,publisher_rank_within_author,3.0,1,1,1,1,,,,16.97,16.97,,10.242,Publisher spread inside top author portfolios.
author_publisher_mix,author_publisher,Clive Cussler,Penguin Books,,publisher_rank_within_author,3.0,1,1,1,1,,,,19.72,19.72,,11.6714,Publisher spread inside top author portfolios.
author_publisher_mix,author_publisher,Dan Simmons,Denoël,,publisher_rank_within_author,3.0,2,2,4,4,,,,25.93,6.4825,,16.8126,Publisher spread inside top author portfolios.
author_publisher_mix,author_publisher,Dave Eggers,Penguin,,publisher_rank_within_author,3.0,1,1,2,2,,,,29.03,14.515,,18.3316,Publisher spread inside top author portfolios.
author_publisher_mix,author_publisher,Dean Koontz,Berkley Books,,publisher_rank_within_author,3.0,2,2,2,2,,,,22.48,11.24,,15.6524,Publisher spread inside top author portfolios.
author_publisher_mix,author_publisher,Dick Francis,Putnam Publishing Group,,publisher_rank_within_author,3.0,1,1,1,1,,,,12.98,12.98,,7.5946,Publisher spread inside top author portfolios.
author_publisher_mix,author_publisher,Dr. Seuss,London : Collins 2004.,,publisher_rank_within_author,3.0,1,1,1,1,,,,15.99,15.99,,9.2728,Publisher spread inside top author portfolios.
author_publisher_mix,author_publisher,Ernest Hemingway,Caedmon,,publisher_rank_within_author,3.0,1,1,2,2,,,,27.79,13.895,,20.1552,Publisher spread inside top author portfolios.
author_publisher_mix,author_publisher,Francine Pascal,Bantam,,publisher_rank_within_author,3.0,7,7,5,5,,,,28.28,5.656,,17.7951,Publisher spread inside top author portfolios.
author_publisher_mix,author_publisher,Gabriel García Márquez,Vintage,,publisher_rank_within_author,3.0,5,5,4,4,,,,23.84,5.96,,14.4995,Publisher spread inside top author portfolios.
author_publisher_mix,author_publisher,Georg Wilhelm Friedrich Hegel,Cambridge University Press,,publisher_rank_within_author,3.0,1,1,2,2,,,,19.26,9.63,,12.362,Publisher spread inside top author portfolios.
author_publisher_mix,author_publisher,Gordon Korman,Hyperion Paperbacks,,publisher_rank_within_author,3.0,1,1,2,2,,,,23.57,11.785,,10.2809,Publisher spread inside top author portfolios.
author_publisher_mix,author_publisher,Hiromu Arakawa,東立,,publisher_rank_within_author,3.0,8,8,5,5,,,,29.61,5.922,,20.5654,Publisher spread inside top author portfolios.
author_publisher_mix,author_publisher,Isaac Asimov,Bantam,,publisher_rank_within_author,3.0,3,3,3,3,,,,25.01,8.3367,,17.5226,Publisher spread inside top author portfolios.
author_publisher_mix,author_publisher,J.R.R. Tolkien,Houghton Mifflin,,publisher_rank_within_author,3.0,5,5,4,4,,,,33.79,8.4475,,12.7351,Publisher spread inside top author portfolios.
author_publisher_mix,author_publisher,Jack Vance,St. Martin's Griffin,,publisher_rank_within_author,3.0,1,1,1,1,,,,8.18,8.18,,6.3836,Publisher spread inside top author portfolios.
author_publisher_mix,author_publisher,James Patterson,Little Brown and Company,,publisher_rank_within_author,3.0,9,9,2,2,,,,26.0,13.0,,12.0304,Publisher spread inside top author portfolios.
author_publisher_mix,author_publisher,Janet Evanovich,MacMillan Audio,,publisher_rank_within_author,3.0,1,1,1,1,,,,15.78,15.78,,10.5552,Publisher spread inside top author portfolios.
author_publisher_mix,author_publisher,Jodi Picoult,Allen & Ulwin,,publisher_rank_within_author,3.0,1,1,2,2,,,,22.93,11.465,,17.5601,Publisher spread inside top author portfolios.
author_publisher_mix,author_publisher,John Grisham,Bantam,,publisher_rank_within_author,3.0,1,1,2,2,,,,23.56,11.78,,15.613,Publisher spread inside top author portfolios.
author_publisher_mix,author_publisher,Kahlil Gibran,Knopf,,publisher_rank_within_author,3.0,2,2,2,2,,,,30.36,15.18,,17.9879,Publisher spread inside top author portfolios.
author_publisher_mix,author_publisher,Laura Ingalls Wilder,Tommy Nelson,,publisher_rank_within_author,3.0,2,2,3,3,,,,35.72,11.9067,,24.3889,Publisher spread inside top author portfolios.
author_publisher_mix,author_publisher,Laurell K. Hamilton,Ballantine Books,,publisher_rank_within_author,3.0,3,3,2,2,,,,28.78,14.39,,12.7481,Publisher spread inside top author portfolios.
author_publisher_mix,author_publisher,Maeve Binchy,Signet,,publisher_rank_within_author,3.0,2,2,2,2,,,,31.92,15.96,,21.5457,Publisher spread inside top author portfolios.
author_publisher_mix,author_publisher,Marcel Proust,Vintage,,publisher_rank_within_author,3.0,1,1,4,4,,,,24.13,6.0325,,17.8608,Publisher spread inside top author portfolios.
author_publisher_mix,author_publisher,Margaret Weis,Spectra,,publisher_rank_within_author,3.0,3,3,3,3,,,,30.82,10.2733,,11.1332,Publisher spread inside top author portfolios.
author_publisher_mix,author_publisher,Marian Keyes,Vintage,,publisher_rank_within_author,3.0,1,1,2,2,,,,24.66,12.33,,17.2604,Publisher spread inside top author portfolios.
author_publisher_mix,author_publisher,Mark Twain,Signet Classics,,publisher_rank_within_author,3.0,1,1,1,1,,,,18.42,18.42,,13.0787,Publisher spread inside top author portfolios.
author_publisher_mix,author_publisher,Mary Higgins Clark,Simon and Schuster,,publisher_rank_within_author,3.0,1,1,2,2,,,,14.66,7.33,,7.5481,Publisher spread inside top author portfolios.
author_publisher_mix,author_publisher,Mercedes Lackey,Daw Books,,publisher_rank_within_author,3.0,8,8,5,5,,,,56.72,11.344,,19.9437,Publisher spread inside top author portfolios.
author_publisher_mix,author_publisher,Neil Gaiman,Del Rey,,publisher_rank_within_author,3.0,2,2,2,2,,,,17.25,8.625,,10.218,Publisher spread inside top author portfolios.
author_publisher_mix,author_publisher,Orson Scott Card,F & W Publications Inc.,,publisher_rank_within_author,3.0,1,1,2,2,,,,24.59,12.295,,9.251,Publisher spread inside top author portfolios.
author_publisher_mix,author_publisher,P.G. Wodehouse,AudioGO,,publisher_rank_within_author,3.0,3,3,3,3,,,,38.45,12.8167,,10.955,Publisher spread inside top author portfolios.
author_publisher_mix,author_publisher,Philip K. Dick,Citadel Press,,publisher_rank_within_author,3.0,1,1,2,2,,,,28.28,14.14,,16.509,Publisher spread inside top author portfolios.
author_publisher_mix,author_publisher,Philippa Gregory,Chicago Review Press,,publisher_rank_within_author,3.0,3,3,4,4,,,,40.97,10.2425,,24.4539,Publisher spread inside top author portfolios.
author_publisher_mix,author_publisher,Piers Anthony,Tor Books,,publisher_rank_within_author,3.0,7,7,3,3,,,,29.71,9.9033,,9.7263,Publisher spread inside top author portfolios.
author_publisher_mix,author_publisher,Plato,Basic Books,,publisher_rank_within_author,3.0,1,1,2,2,,,,27.78,13.89,,16.3354,Publisher spread inside top author portfolios.
author_publisher_mix,author_publisher,Quentin Blake,Viking Children's Books,,publisher_rank_within_author,3.0,1,1,2,2,,,,25.57,12.785,,12.8318,Publisher spread inside top author portfolios.
author_publisher_mix,author_publisher,Ray Bradbury,iBooks,,publisher_rank_within_author,3.0,1,1,2,2,,,,22.9,11.45,,16.2677,Publisher spread inside top author portfolios.
author_publisher_mix,author_publisher,Roald Dahl,Samuel French Ltd,,publisher_rank_within_author,3.0,1,1,3,3,,,,39.26,13.0867,,12.0674,Publisher spread inside top author portfolios.
author_publisher_mix,author_publisher,Robert A. Heinlein,Del Rey,,publisher_rank_within_author,3.0,3,3,5,5,,,,43.49,8.698,,27.5323,Publisher spread inside top author portfolios.
author_publisher_mix,author_publisher,Rumiko Takahashi,VIZ Media,,publisher_rank_within_author,3.0,12,12,7,7,,,,59.21,8.4586,,22.6027,Publisher spread inside top author portfolios.
author_publisher_mix,author_publisher,Sandra Brown,Bantam,,publisher_rank_within_author,3.0,7,7,3,3,,,,31.98,10.66,,8.8602,Publisher spread inside top author portfolios.
author_publisher_mix,author_publisher,Sophocles,Hackett Publishing Company Inc.,,publisher_rank_within_author,3.0,1,1,2,2,,,,24.9,12.45,,14.6187,Publisher spread inside top author portfolios.
author_publisher_mix,author_publisher,SparkNotes,Oxford University Press USA,,publisher_rank_within_author,3.0,1,1,2,2,,,,26.77,13.385,,19.6419,Publisher spread inside top author portfolios.
author_publisher_mix,author_publisher,Stephen King,Berkley,,publisher_rank_within_author,3.0,1,1,3,3,,,,29.45,9.8167,,6.6698,Publisher spread inside top author portfolios.
author_publisher_mix,author_publisher,Terry Pratchett,HarperTorch,,publisher_rank_within_author,3.0,2,2,1,1,,,,18.08,18.08,,10.8504,Publisher spread inside top author portfolios.
author_publisher_mix,author_publisher,Tom Clancy,Penguin Books Ltd.,,publisher_rank_within_author,3.0,1,1,3,3,,,,38.75,12.9167,,18.3649,Publisher spread inside top author portfolios.
author_publisher_mix,author_publisher,Tracy Hickman,Spectra,,publisher_rank_within_author,3.0,3,3,3,3,,,,30.82,10.2733,,15.4046,Publisher spread inside top author portfolios.
author_publisher_mix,author_publisher,Ursula K. Le Guin,Random House Value Publishing,,publisher_rank_within_author,3.0,1,1,2,2,,,,20.33,10.165,,11.0501,Publisher spread inside top author portfolios.
author_publisher_mix,author_publisher,V.C. Andrews,Wheeler Publishing,,publisher_rank_within_author,3.0,1,1,2,2,,,,20.91,10.455,,11.2844,Publisher spread inside top author portfolios.
author_publisher_mix,author_publisher,William Goldman,Ballantine Books,,publisher_rank_within_author,3.0,2,2,2,2,,,,21.1,10.55,,14.855,Publisher spread inside top author portfolios.
author_publisher_mix,author_publisher,William Shakespeare,Simon Schuster,,publisher_rank_within_author,3.0,3,3,3,3,,,,42.82,14.2733,,14.4652,Publisher spread inside top author portfolios.
author_publisher_mix,author_publisher,William Sleator,Dutton Books,,publisher_rank_within_author,3.0,2,2,2,2,,,,21.31,10.655,,16.0479,Publisher spread inside top author portfolios.
author_publisher_mix,author_publisher,Agatha Christie,Random House Audio,,publisher_rank_within_author,4.0,1,1,2,2,,,,21.86,10.93,,8.6894,Publisher spread inside top author portfolios.
author_publisher_mix,author_publisher,Alan Dean Foster,Warner Books,,publisher_rank_within_author,4.0,1,1,1,1,,,,18.94,18.94,,10.5445,Publisher spread inside top author portfolios.
author_publisher_mix,author_publisher,Aldous Huxley,Dalkey Archive Press,,publisher_rank_within_author,4.0,1,1,2,2,,,,22.47,11.235,,13.855,Publisher spread inside top author portfolios.
author_publisher_mix,author_publisher,Anne Rice,Knopf Publishing Group,,publisher_rank_within_author,4.0,1,1,2,2,,,,28.09,14.045,,13.7851,Publisher spread inside top author portfolios.
author_publisher_mix,author_publisher,C.S. Lewis,B&H Publishing Group,,publisher_rank_within_author,4.0,1,1,2,2,,,,28.86,14.43,,13.875,Publisher spread inside top author portfolios.
author_publisher_mix,author_publisher,Christopher Hitchens,Verso,,publisher_rank_within_author,4.0,5,5,4,4,,,,20.02,5.005,,14.9492,Publisher spread inside top author portfolios.
author_publisher_mix,author_publisher,Chuck Palahniuk,Crown Journeys/Crown Publishers/Crown Publishing Group/Random House,,publisher_rank_within_author,4.0,1,1,1,1,,,,16.56,16.56,,9.9946,Publisher spread inside top author portfolios.
author_publisher_mix,author_publisher,Clive Cussler,Berkley Books,,publisher_rank_within_author,4.0,1,1,1,1,,,,19.4,19.4,,11.482,Publisher spread inside top author portfolios.
author_publisher_mix,author_publisher,Dan Simmons,Harper Voyager,,publisher_rank_within_author,4.0,2,2,1,1,,,,16.45,16.45,,10.6659,Publisher spread inside top author portfolios.
author_publisher_mix,author_publisher,Dave Eggers,J'ai Lu,,publisher_rank_within_author,4.0,1,1,2,2,,,,25.61,12.805,,16.172,Publisher spread inside top author portfolios.
author_publisher_mix,author_publisher,Dean Koontz,Berkley,,publisher_rank_within_author,4.0,10,10,3,3,,,,15.56,5.1867,,10.8341,Publisher spread inside top author portfolios.
author_publisher_mix,author_publisher,Dick Francis,Fawcett,,publisher_rank_within_author,4.0,2,2,1,1,,,,10.15,10.15,,5.9388,Publisher spread inside top author portfolios.
author_publisher_mix,author_publisher,Dr. Seuss,Listening Library (Audio),,publisher_rank_within_author,4.0,1,1,1,1,,,,13.8,13.8,,8.0028,Publisher spread inside top author portfolios.
author_publisher_mix,author_publisher,Ernest Hemingway,Vintage,,publisher_rank_within_author,4.0,1,1,2,2,,,,25.68,12.84,,18.6249,Publisher spread inside top author portfolios.
author_publisher_mix,author_publisher,Francine Pascal,Sweet Valley,,publisher_rank_within_author,4.0,2,2,2,2,,,,21.98,10.99,,13.8309,Publisher spread inside top author portfolios.
author_publisher_mix,author_publisher,Gabriel García Márquez,Plaza y Janes,,publisher_rank_within_author,4.0,5,5,2,2,,,,23.45,11.725,,14.2623,Publisher spread inside top author portfolios.
author_publisher_mix,author_publisher,Georg Wilhelm Friedrich Hegel,Harper Perennial,,publisher_rank_within_author,4.0,1,1,1,1,,,,17.42,17.42,,11.181,Publisher spread inside top author portfolios.
author_publisher_mix,author_publisher,Gordon Korman,Scholastic Audio Books,,publisher_rank_within_author,4.0,1,1,1,1,,,,17.07,17.07,,7.4457,Publisher spread inside top author portfolios.
author_publisher_mix,author_publisher,Isaac Asimov,Random House Value Publishing,,publisher_rank_within_author,4.0,2,2,2,2,,,,23.01,11.505,,16.1213,Publisher spread inside top author portfolios.
author_publisher_mix,author_publisher,J.R.R. Tolkien,聯經出版事業股份有限公司,,publisher_rank_within_author,4.0,2,2,2,2,,,,26.09,13.045,,9.833,Publisher spread inside top author portfolios.
author_publisher_mix,author_publisher,Jack Vance,British Library,,publisher_rank_within_author,4.0,1,1,1,1,,,,6.75,6.75,,5.2677,Publisher spread inside top author portfolios.
author_publisher_mix,author_publisher,James Patterson,Vision,,publisher_rank_within_author,4.0,7,7,5,5,,,,12.98,2.596,,6.0059,Publisher spread inside top author portfolios.
author_publisher_mix,author_publisher,Janet Evanovich,Headline,,publisher_rank_within_author,4.0,1,1,1,1,,,,14.88,14.88,,9.9532,Publisher spread inside top author portfolios.
author_publisher_mix,author_publisher,Jodi Picoult,Piper,,publisher_rank_within_author,4.0,1,1,1,1,,,,17.91,17.91,,13.7157,Publisher spread inside top author portfolios.
author_publisher_mix,author_publisher,John Grisham,Random House Audio,,publisher_rank_within_author,4.0,2,2,1,1,,,,18.46,18.46,,12.2333,Publisher spread inside top author portfolios.
author_publisher_mix,author_publisher,Kahlil Gibran,Penguin Books,,publisher_rank_within_author,4.0,1,1,1,1,,,,19.95,19.95,,11.8201,Publisher spread inside top author portfolios.
author_publisher_mix,author_publisher,Laura Ingalls Wilder,HarperTrophy,,publisher_rank_within_author,4.0,6,6,2,2,,,,16.22,8.11,,11.0747,Publisher spread inside top author portfolios.
author_publisher_mix,author_publisher,Laurell K. Hamilton,Berkley,,publisher_rank_within_author,4.0,4,4,3,3,,,,28.42,9.4733,,12.5886,Publisher spread inside top author portfolios.
author_publisher_mix,author_publisher,Maeve Binchy,Delacorte Press,,publisher_rank_within_author,4.0,1,1,1,1,,,,17.17,17.17,,11.5896,Publisher spread inside top author portfolios.
author_publisher_mix,author_publisher,Marcel Proust,Nantier Beall Minoustchine Publishing,,publisher_rank_within_author,4.0,1,1,1,1,,,,15.56,15.56,,11.5174,Publisher spread inside top author portfolios.
author_publisher_mix,author_publisher,Margaret Weis,Harper Voyager,,publisher_rank_within_author,4.0,1,1,1,1,,,,6.64,6.64,,2.3986,Publisher spread inside top author portfolios.
author_publisher_mix,author_publisher,Marian Keyes,HarperCollins,,publisher_rank_within_author,4.0,1,1,3,3,,,,22.56,7.52,,15.7906,Publisher spread inside top author portfolios.
author_publisher_mix,author_publisher,Mark Twain,University of Wisconsin Press,,publisher_rank_within_author,4.0,1,1,1,1,,,,16.66,16.66,,11.829,Publisher spread inside top author portfolios.
author_publisher_mix,author_publisher,Mary Higgins Clark,Scribner,,publisher_rank_within_author,4.0,1,1,1,1,,,,12.87,12.87,,6.6265,Publisher spread inside top author portfolios.
author_publisher_mix,author_publisher,Mercedes Lackey,Luna Books,,publisher_rank_within_author,4.0,3,3,4,4,,,,31.48,7.87,,11.0689,Publisher spread inside top author portfolios.
author_publisher_mix,author_publisher,Neil Gaiman,William Morrow Paperbacks,,publisher_rank_within_author,4.0,2,2,2,2,,,,14.95,7.475,,8.8556,Publisher spread inside top author portfolios.
author_publisher_mix,author_publisher,Orson Scott Card,Legend,,publisher_rank_within_author,4.0,1,1,2,2,,,,21.34,10.67,,8.0283,Publisher spread inside top author portfolios.
author_publisher_mix,author_publisher,P.G. Wodehouse,Everyman,,publisher_rank_within_author,4.0,3,3,4,4,,,,37.78,9.445,,10.7641,Publisher spread inside top author portfolios.
author_publisher_mix,author_publisher,Philip K. Dick,Vintage,,publisher_rank_within_author,4.0,3,3,1,1,,,,12.79,12.79,,7.4664,Publisher spread inside top author portfolios.
author_publisher_mix,author_publisher,Philippa Gregory,Atria Books,,publisher_rank_within_author,4.0,1,1,1,1,,,,0.07,0.07,,0.0418,Publisher spread inside top author portfolios.
author_publisher_mix,author_publisher,Piers Anthony,Del Rey Books,,publisher_rank_within_author,4.0,1,1,2,2,,,,27.54,13.77,,9.0159,Publisher spread inside top author portfolios.
author_publisher_mix,author_publisher,Plato,University of Chicago Press,,publisher_rank_within_author,4.0,1,1,1,1,,,,16.89,16.89,,9.9318,Publisher spread inside top author portfolios.
author_publisher_mix,author_publisher,Quentin Blake,David R. Godine,,publisher_rank_within_author,4.0,2,2,3,3,,,,20.49,6.83,,10.2825,Publisher spread inside top author portfolios.
author_publisher_mix,author_publisher,Ray Bradbury,Earthlight,,publisher_rank_within_author,4.0,1,1,1,1,,,,17.46,17.46,,12.4032,Publisher spread inside top author portfolios.
author_publisher_mix,author_publisher,Roald Dahl,Rowohlt Taschenbuch Verlag GmbH,,publisher_rank_within_author,4.0,1,1,2,2,,,,29.24,14.62,,8.9875,Publisher spread inside top author portfolios.
author_publisher_mix,author_publisher,Robert A. Heinlein,Pocket Books,,publisher_rank_within_author,4.0,2,2,1,1,,,,13.79,13.79,,8.7301,Publisher spread inside top author portfolios.
author_publisher_mix,author_publisher,Rumiko Takahashi,Glénat,,publisher_rank_within_author,4.0,1,1,0,0,,,,0.0,,,0.0,Publisher spread inside top author portfolios.
author_publisher_mix,author_publisher,Sandra Brown,Grand Central Publishing,,publisher_rank_within_author,4.0,6,6,3,3,,,,30.77,10.2567,,8.525,Publisher spread inside top author portfolios.
author_publisher_mix,author_publisher,Sophocles,Cambridge University Press,,publisher_rank_within_author,4.0,1,1,2,2,,,,21.81,10.905,,12.8046,Publisher spread inside top author portfolios.
author_publisher_mix,author_publisher,Stephen King,Simon & Schuster Audio,,publisher_rank_within_author,4.0,3,3,2,2,,,,29.12,14.56,,6.5951,Publisher spread inside top author portfolios.
author_publisher_mix,author_publisher,Terry Pratchett,Orbit,,publisher_rank_within_author,4.0,1,1,2,2,,,,15.09,7.545,,9.056,Publisher spread inside top author portfolios.
author_publisher_mix,author_publisher,Tom Clancy,Planeta Publishing,,publisher_rank_within_author,4.0,1,1,2,2,,,,23.31,11.655,,11.0474,Publisher spread inside top author portfolios.
author_publisher_mix,author_publisher,Tracy Hickman,Harper Voyager,,publisher_rank_within_author,4.0,1,1,1,1,,,,6.64,6.64,,3.3188,Publisher spread inside top author portfolios.
author_publisher_mix,author_publisher,Ursula K. Le Guin,Shambhala,,publisher_rank_within_author,4.0,2,2,1,1,,,,17.02,17.02,,9.251,Publisher spread inside top author portfolios.
author_publisher_mix,author_publisher,V.C. Andrews,Debolsillo,,publisher_rank_within_author,4.0,1,1,1,1,,,,1.48,1.48,,0.7987,Publisher spread inside top author portfolios.
author_publisher_mix,author_publisher,William Goldman,Applause Books,,publisher_rank_within_author,4.0,1,1,1,1,,,,18.69,18.69,,13.1583,Publisher spread inside top author portfolios.
author_publisher_mix,author_publisher,William Shakespeare,SparkNotes,,publisher_rank_within_author,4.0,4,4,4,4,,,,35.07,8.7675,,11.8472,Publisher spread inside top author portfolios.
author_publisher_mix,author_publisher,William Sleator,Dutton Juvenile,,publisher_rank_within_author,4.0,1,1,1,1,,,,19.07,19.07,,14.361,Publisher spread inside top author portfolios.
author_publisher_mix,author_publisher,Agatha Christie,BBC Audiobooks,,publisher_rank_within_author,5.0,1,1,2,2,,,,21.44,10.72,,8.5225,Publisher spread inside top author portfolios.
author_publisher_mix,author_publisher,Alan Dean Foster,Firebird,,publisher_rank_within_author,5.0,1,1,2,2,,,,17.59,8.795,,9.7929,Publisher spread inside top author portfolios.
author_publisher_mix,author_publisher,Aldous Huxley,Vintage Classics,,publisher_rank_within_author,5.0,1,1,2,2,,,,19.37,9.685,,11.9435,Publisher spread inside top author portfolios.
author_publisher_mix,author_publisher,Anne Rice,Penguin Books,,publisher_rank_within_author,5.0,2,2,1,1,,,,14.6,14.6,,7.1649,Publisher spread inside top author portfolios.
author_publisher_mix,author_publisher,C.S. Lewis,Blackstone Audiobooks,,publisher_rank_within_author,5.0,1,1,1,1,,,,17.88,17.88,,8.5962,Publisher spread inside top author portfolios.
author_publisher_mix,author_publisher,Christopher Hitchens,Harper Perennial Modern Classics,,publisher_rank_within_author,5.0,1,1,2,2,,,,13.05,6.525,,9.7446,Publisher spread inside top author portfolios.
author_publisher_mix,author_publisher,Chuck Palahniuk,Jonathan Cape,,publisher_rank_within_author,5.0,1,1,1,1,,,,5.65,5.65,,3.41,Publisher spread inside top author portfolios.
author_publisher_mix,author_publisher,Clive Cussler,Berkley Trade,,publisher_rank_within_author,5.0,1,1,2,2,,,,17.97,8.985,,10.6357,Publisher spread inside top author portfolios.
author_publisher_mix,author_publisher,Dan Simmons,Spectra,,publisher_rank_within_author,5.0,1,1,1,1,,,,16.33,16.33,,10.5881,Publisher spread inside top author portfolios.
author_publisher_mix,author_publisher,Dave Eggers,NYRB Classics,,publisher_rank_within_author,5.0,1,1,1,1,,,,13.76,13.76,,8.6891,Publisher spread inside top author portfolios.
author_publisher_mix,author_publisher,Dean Koontz,Bantam,,publisher_rank_within_author,5.0,7,7,1,1,,,,15.14,15.14,,10.5417,Publisher spread inside top author portfolios.
author_publisher_mix,author_publisher,Dick Francis,Putnam Adult,,publisher_rank_within_author,5.0,1,1,1,1,,,,3.15,3.15,,1.8431,Publisher spread inside top author portfolios.
author_publisher_mix,author_publisher,Dr. Seuss,HarperCollinsChildren’sBooks,,publisher_rank_within_author,5.0,4,4,2,2,,,,11.77,5.885,,6.8256,Publisher spread inside top author portfolios.
author_publisher_mix,author_publisher,Ernest Hemingway,Picador USA,,publisher_rank_within_author,5.0,1,1,1,1,,,,12.86,12.86,,9.327,Publisher spread inside top author portfolios.
author_publisher_mix,author_publisher,Francine Pascal,Simon Pulse,,publisher_rank_within_author,5.0,1,1,1,1,,,,7.71,7.71,,4.8515,Publisher spread inside top author portfolios.
author_publisher_mix,author_publisher,Gabriel García Márquez,Plaza & Janés,,publisher_rank_within_author,5.0,1,1,1,1,,,,18.13,18.13,,11.0266,Publisher spread inside top author portfolios.
author_publisher_mix,author_publisher,Georg Wilhelm Friedrich Hegel,Springer,,publisher_rank_within_author,5.0,1,1,1,1,,,,15.67,15.67,,10.0578,Publisher spread inside top author portfolios.
author_publisher_mix,author_publisher,Gordon Korman,Scholastic Inc,,publisher_rank_within_author,5.0,1,1,1,1,,,,16.82,16.82,,7.3366,Publisher spread inside top author portfolios.
author_publisher_mix,author_publisher,Isaac Asimov,Millenium,,publisher_rank_within_author,5.0,1,1,1,1,,,,11.73,11.73,,8.2183,Publisher spread inside top author portfolios.
author_publisher_mix,author_publisher,J.R.R. Tolkien,Pocket,,publisher_rank_within_author,5.0,2,2,2,2,,,,20.72,10.36,,7.8091,Publisher spread inside top author portfolios.
author_publisher_mix,author_publisher,Jack Vance,Ace Books,,publisher_rank_within_author,5.0,1,1,0,0,,,,0.0,,,0.0,Publisher spread inside top author portfolios.
author_publisher_mix,author_publisher,James Patterson,Little Brown & Company,,publisher_rank_within_author,5.0,3,3,3,3,,,,12.58,4.1933,,5.8208,Publisher spread inside top author portfolios.
author_publisher_mix,author_publisher,Janet Evanovich,Scribner,,publisher_rank_within_author,5.0,1,1,1,1,,,,0.34,0.34,,0.2274,Publisher spread inside top author portfolios.
author_publisher_mix,author_publisher,Jodi Picoult,Puffin Group,,publisher_rank_within_author,5.0,1,1,1,1,,,,13.58,13.58,,10.3998,Publisher spread inside top author portfolios.
author_publisher_mix,author_publisher,John Grisham,Island,,publisher_rank_within_author,5.0,1,1,1,1,,,,0.18,0.18,,0.1193,Publisher spread inside top author portfolios.
author_publisher_mix,author_publisher,Kahlil Gibran,Alfred A.Knopf,,publisher_rank_within_author,5.0,1,1,1,1,,,,9.71,9.71,,5.7531,Publisher spread inside top author portfolios.
author_publisher_mix,author_publisher,Laura Ingalls Wilder,Doubleday Books for Young Readers,,publisher_rank_within_author,5.0,1,1,0,0,,,,0.0,,,0.0,Publisher spread inside top author portfolios.
author_publisher_mix,author_publisher,Laurell K. Hamilton,Blanvalet Taschenbuch Verlag,,publisher_rank_within_author,5.0,2,2,1,1,,,,18.74,18.74,,8.3009,Publisher spread inside top author portfolios.
author_publisher_mix,author_publisher,Maeve Binchy,Knopf Publishing Group,,publisher_rank_within_author,5.0,1,1,2,2,,,,14.49,7.245,,9.7806,Publisher spread inside top author portfolios.
author_publisher_mix,author_publisher,Marcel Proust,Carroll & Graf Publishers,,publisher_rank_within_author,5.0,1,1,1,1,,,,13.31,13.31,,9.852,Publisher spread inside top author portfolios.
author_publisher_mix,author_publisher,Margaret Weis,Ace Trade,,publisher_rank_within_author,5.0,1,1,0,0,,,,0.0,,,0.0,Publisher spread inside top author portfolios.
author_publisher_mix,author_publisher,Marian Keyes,Penguin UK,,publisher_rank_within_author,5.0,1,1,1,1,,,,13.32,13.32,,9.3232,Publisher spread inside top author portfolios.
author_publisher_mix,author_publisher,Mark Twain,Hungry Minds,,publisher_rank_within_author,5.0,1,1,1,1,,,,16.56,16.56,,11.758,Publisher spread inside top author portfolios.
author_publisher_mix,author_publisher,Mary Higgins Clark,Simon & Schuster Audio,,publisher_rank_within_author,5.0,1,1,1,1,,,,12.5,12.5,,6.436,Publisher spread inside top author portfolios.
author_publisher_mix,author_publisher,Mercedes Lackey,Aspect,,publisher_rank_within_author,5.0,1,1,0,0,,,,0.0,,,0.0,Publisher spread inside top author portfolios.
author_publisher_mix,author_publisher,Neil Gaiman,HarperCollins,,publisher_rank_within_author,5.0,1,1,1,1,,,,14.43,14.43,,8.5476,Publisher spread inside top author portfolios.
author_publisher_mix,author_publisher,Orson Scott Card,Random House Value Publishing,,publisher_rank_within_author,5.0,1,1,2,2,,,,19.51,9.755,,7.3398,Publisher spread inside top author portfolios.
author_publisher_mix,author_publisher,P.G. Wodehouse,Everyman's Library,,publisher_rank_within_author,5.0,3,3,4,4,,,,28.85,7.2125,,8.2198,Publisher spread inside top author portfolios.
author_publisher_mix,author_publisher,Philip K. Dick,Tor Books,,publisher_rank_within_author,5.0,2,2,1,1,,,,12.75,12.75,,7.4431,Publisher spread inside top author portfolios.
author_publisher_mix,author_publisher,Piers Anthony,Ace,,publisher_rank_within_author,5.0,5,5,3,3,,,,24.15,8.05,,7.9061,Publisher spread inside top author portfolios.
author_publisher_mix,author_publisher,Plato,Signet,,publisher_rank_within_author,5.0,1,1,1,1,,,,14.98,14.98,,8.8087,Publisher spread inside top author portfolios.
author_publisher_mix,author_publisher,Quentin Blake,Festival Books,,publisher_rank_within_author,5.0,1,1,1,1,,,,19.41,19.41,,9.7406,Publisher spread inside top author portfolios.
author_publisher_mix,author_publisher,Ray Bradbury,William Morrow Paperbacks,,publisher_rank_within_author,5.0,2,2,1,1,,,,16.37,16.37,,11.6289,Publisher spread inside top author portfolios.
author_publisher_mix,author_publisher,Roald Dahl,Viking Children's Books,,publisher_rank_within_author,5.0,1,1,2,2,,,,25.57,12.785,,7.8595,Publisher spread inside top author portfolios.
author_publisher_mix,author_publisher,Robert A. Heinlein,Ace,,publisher_rank_within_author,5.0,1,1,0,0,,,,0.0,,,0.0,Publisher spread inside top author portfolios.
author_publisher_mix,author_publisher,Rumiko Takahashi,小学館 [Shōgakukan],,publisher_rank_within_author,5.0,1,1,0,0,,,,0.0,,,0.0,Publisher spread inside top author portfolios.
author_publisher_mix,author_publisher,Sandra Brown,Mira,,publisher_rank_within_author,5.0,4,4,3,3,,,,22.68,7.56,,6.2836,Publisher spread inside top author portfolios.
author_publisher_mix,author_publisher,Sophocles,Signet Books (NY),,publisher_rank_within_author,5.0,1,1,1,1,,,,19.04,19.04,,11.1783,Publisher spread inside top author portfolios.
author_publisher_mix,author_publisher,Stephen King,New English Library,,publisher_rank_within_author,5.0,1,1,2,2,,,,24.27,12.135,,5.4967,Publisher spread inside top author portfolios.
author_publisher_mix,author_publisher,Terry Pratchett,Turtleback Books,,publisher_rank_within_author,5.0,1,1,3,3,,,,12.41,4.1367,,7.4476,Publisher spread inside top author portfolios.
author_publisher_mix,author_publisher,Tom Clancy,G.P. Putnam's Sons,,publisher_rank_within_author,5.0,1,1,1,1,,,,19.38,19.38,,9.1848,Publisher spread inside top author portfolios.
author_publisher_mix,author_publisher,Tracy Hickman,Del Rey,,publisher_rank_within_author,5.0,1,1,0,0,,,,0.0,,,0.0,Publisher spread inside top author portfolios.
author_publisher_mix,author_publisher,Ursula K. Le Guin,Ace Books,,publisher_rank_within_author,5.0,2,2,2,2,,,,14.78,7.39,,8.0335,Publisher spread inside top author portfolios.
author_publisher_mix,author_publisher,V.C. Andrews,Gallery Books,,publisher_rank_within_author,5.0,1,1,0,0,,,,0.0,,,0.0,Publisher spread inside top author portfolios.
author_publisher_mix,author_publisher,William Goldman,Planeta Publishing,,publisher_rank_within_author,5.0,1,1,1,1,,,,16.45,16.45,,11.5812,Publisher spread inside top author portfolios.
author_publisher_mix,author_publisher,William Shakespeare,Longman Publishing Group,,publisher_rank_within_author,5.0,1,1,2,2,,,,26.04,13.02,,8.7967,Publisher spread inside top author portfolios.
author_publisher_mix,author_publisher,William Sleator,Firebird,,publisher_rank_within_author,5.0,1,1,2,2,,,,15.13,7.565,,11.3939,Publisher spread inside top author portfolios.
author_title_concentration,author_title,Agatha Christie,"The Mystery of the Blue Train (Hercule Poirot  #6)",Black Dog & Leventhal Publishers,title_rank_within_author,1.0,1,1,2,2,2,,,29.61,14.805,,11.7701,Title concentration inside top author portfolios.
author_title_concentration,author_title,Alan Dean Foster,Star Wars: The Approaching Storm,Del Rey Books,title_rank_within_author,1.0,1,1,4,4,4,,,38.25,9.5625,,21.295,Title concentration inside top author portfolios.
author_title_concentration,author_title,Aldous Huxley,Brave New World Revisited,Harper Perennial Modern Classics,title_rank_within_author,1.0,1,1,2,2,2,,,26.65,13.325,,16.4324,Title concentration inside top author portfolios.
author_title_concentration,author_title,Anne Rice,"Cántico de sangre (Crónicas Vampíricas  #10)",Ediciones B,title_rank_within_author,1.0,1,1,3,3,3,,,32.06,10.6867,,15.7334,Title concentration inside top author portfolios.
author_title_concentration,author_title,C.S. Lewis,Letters to Children,B&H Publishing Group,title_rank_within_author,1.0,1,1,2,2,2,,,28.86,14.43,,13.875,Title concentration inside top author portfolios.
author_title_concentration,author_title,Christopher Hitchens,Black Lamb and Grey Falcon,Penguin Classics,title_rank_within_author,1.0,1,1,2,2,2,,,31.29,15.645,,23.3647,Title concentration inside top author portfolios.
author_title_concentration,author_title,Chuck Palahniuk,Error humano,Mondadori,title_rank_within_author,1.0,1,1,3,3,3,,,46.08,15.36,,27.811,Title concentration inside top author portfolios.
author_title_concentration,author_title,Clive Cussler,Clive Cussler and Dirk Pitt Revealed,Pocket Books,title_rank_within_author,1.0,1,1,2,2,2,,,31.02,15.51,,18.3594,Title concentration inside top author portfolios.
author_title_concentration,author_title,Dan Simmons,"Hyperion (Los Cantos de Hyperion  #1)",Ediciones B,title_rank_within_author,1.0,1,1,3,3,3,,,38.78,12.9267,,25.1443,Title concentration inside top author portfolios.
author_title_concentration,author_title,Dave Eggers,You Shall Know Our Velocity,Penguin,title_rank_within_author,1.0,1,1,2,2,2,,,29.03,14.515,,18.3316,Title concentration inside top author portfolios.
author_title_concentration,author_title,Dean Koontz,"Seize the Night (Moonlight Bay  #2)",Random House Audio Publishing Group,title_rank_within_author,1.0,1,1,3,3,3,,,24.13,8.0433,,16.8013,Title concentration inside top author portfolios.
author_title_concentration,author_title,Dick Francis,"Come to Grief (Sid Halley  #3)",G.P. Putnam's Sons,title_rank_within_author,1.0,1,1,1,1,1,,,19.48,19.48,,11.3978,Title concentration inside top author portfolios.
author_title_concentration,author_title,Dr. Seuss,Dr. Seuss's ABC (Book & CD),Random House Books for Young Readers,title_rank_within_author,1.0,1,1,1,1,1,,,19.35,19.35,,11.2213,Title concentration inside top author portfolios.
author_title_concentration,author_title,Ernest Hemingway,The Ernest Hemingway Audio Collection,Caedmon,title_rank_within_author,1.0,1,1,2,2,2,,,27.79,13.895,,20.1552,Title concentration inside top author portfolios.
author_title_concentration,author_title,Francine Pascal,"Taking Sides (Sweet Valley High  #31)",Bantam Books,title_rank_within_author,1.0,1,1,3,3,3,,,33.27,11.09,,20.9351,Title concentration inside top author portfolios.
author_title_concentration,author_title,Gabriel García Márquez,Crónica de una muerte anunciada,Vintage Espanol,title_rank_within_author,1.0,1,1,2,2,2,,,33.48,16.74,,20.3625,Title concentration inside top author portfolios.
author_title_concentration,author_title,Georg Wilhelm Friedrich Hegel,Preface to the Phenomenology of Spirit,Princeton University Press,title_rank_within_author,1.0,1,1,3,3,3,,,46.78,15.5933,,30.0257,Title concentration inside top author portfolios.
author_title_concentration,author_title,Gordon Korman,"The Zucchini Warriors (Macdonald Hall  #5)",Scholastic,title_rank_within_author,1.0,1,1,4,4,4,,,52.39,13.0975,,22.8518,Title concentration inside top author portfolios.
author_title_concentration,author_title,Hiromu Arakawa,"Fullmetal Alchemist  Vol. 5 (Fullmetal Alchemist  #5)",VIZ Media LLC,title_rank_within_author,1.0,1,1,2,2,2,,,38.44,19.22,,26.6982,Title concentration inside top author portfolios.
author_title_concentration,author_title,Isaac Asimov,"I  Robot (Robot  #0.1)",Spectra,title_rank_within_author,1.0,1,1,3,3,3,,,32.59,10.8633,,22.8333,Title concentration inside top author portfolios.
author_title_concentration,author_title,J.R.R. Tolkien,J.R.R. Tolkien: Artist and Illustrator,Mariner Books,title_rank_within_author,1.0,1,1,3,3,3,,,37.42,12.4733,,14.1032,Title concentration inside top author portfolios.
author_title_concentration,author_title,Jack Vance,Ports of Call,Tor Books,title_rank_within_author,1.0,1,1,2,2,2,,,33.96,16.98,,26.5023,Title concentration inside top author portfolios.
author_title_concentration,author_title,James Patterson,"Along Came a Spider (Alex Cross  #1)",Grand Central Publishing,title_rank_within_author,1.0,1,1,2,2,2,,,30.23,15.115,,13.9876,Title concentration inside top author portfolios.
author_title_concentration,author_title,Janet Evanovich,"Seven Up (Stephanie Plum  #7)",St. Martin's Press,title_rank_within_author,1.0,1,1,2,2,2,,,35.49,17.745,,23.7391,Title concentration inside top author portfolios.
author_title_concentration,author_title,Jodi Picoult,Songs of the Humpback Whale,Washington Square Press,title_rank_within_author,1.0,1,1,3,3,3,,,31.86,10.62,,24.3988,Title concentration inside top author portfolios.
author_title_concentration,author_title,John Grisham,The Client,Delta,title_rank_within_author,1.0,1,1,2,2,2,,,26.31,13.155,,17.4354,Title concentration inside top author portfolios.
author_title_concentration,author_title,Kahlil Gibran,The Prophet,Rupa & Co,title_rank_within_author,1.0,1,1,4,4,4,,,60.72,15.18,,35.9758,Title concentration inside top author portfolios.
author_title_concentration,author_title,Laura Ingalls Wilder,"Writings to Young Women on Laura Ingalls Wilder: As Told By Her Family  Friends  and Neighbors (Writings to Young Women on Laura Ingalls Wilder #3)",Thomas Nelson,title_rank_within_author,1.0,1,1,3,3,3,,,41.36,13.7867,,28.2398,Title concentration inside top author portfolios.
author_title_concentration,author_title,Laurell K. Hamilton,"Micah (Anita Blake  Vampire Hunter  #13)",Berkley Books,title_rank_within_author,1.0,1,1,3,3,3,,,32.72,10.9067,,14.4933,Title concentration inside top author portfolios.
author_title_concentration,author_title,Maeve Binchy,The Builders,New Island Books,title_rank_within_author,1.0,1,1,2,2,2,,,37.18,18.59,,25.0962,Title concentration inside top author portfolios.
author_title_concentration,author_title,Marcel Proust,"Within a Budding Grove  Volume 2 (Remembrance of Things Past  #3)",ComicsLit,title_rank_within_author,1.0,1,1,3,3,3,,,35.12,11.7067,,25.9956,Title concentration inside top author portfolios.
author_title_concentration,author_title,Margaret Weis,"Time of the Twins (Dragonlance: Legends  #1)",Wizards of the Coast,title_rank_within_author,1.0,1,1,4,4,4,,,36.73,9.1825,,13.2681,Title concentration inside top author portfolios.
author_title_concentration,author_title,Marian Keyes,Une vie de rêve,Pocket,title_rank_within_author,1.0,1,1,3,3,3,,,29.27,9.7567,,20.4872,Title concentration inside top author portfolios.
author_title_concentration,author_title,Mark Twain,Letters from the Earth: Uncensored Writings,Harper Perennial Modern Classics,title_rank_within_author,1.0,1,1,3,3,3,,,28.2,9.4,,20.0227,Title concentration inside top author portfolios.
author_title_concentration,author_title,Mary Higgins Clark,All Through the Night,Pocket Books,title_rank_within_author,1.0,1,1,3,3,3,,,32.26,10.7533,,16.61,Title concentration inside top author portfolios.
author_title_concentration,author_title,Mercedes Lackey,"Ring of Fire (Ring of Fire Anthology  #1)",Baen,title_rank_within_author,1.0,1,1,4,4,4,,,49.91,12.4775,,17.5492,Title concentration inside top author portfolios.
author_title_concentration,author_title,Neil Gaiman,The Good Fairies of New York,Soft Skull Press,title_rank_within_author,1.0,1,1,3,3,3,,,22.58,7.5267,,13.3752,Title concentration inside top author portfolios.
author_title_concentration,author_title,Orson Scott Card,"The Worthing Saga (Worthing  #1-3)",Tor Books,title_rank_within_author,1.0,1,1,3,3,3,,,31.95,10.65,,12.0199,Title concentration inside top author portfolios.
author_title_concentration,author_title,P.G. Wodehouse,"Right Ho  Jeeves (Jeeves  #6)",Hard Press,title_rank_within_author,1.0,1,1,2,2,2,,,31.54,15.77,,8.9863,Title concentration inside top author portfolios.
author_title_concentration,author_title,Philip K. Dick,The Minority Report (Collected Stories of Philip K. Dick),Citadel Press,title_rank_within_author,1.0,1,1,2,2,2,,,28.28,14.14,,16.509,Title concentration inside top author portfolios.
author_title_concentration,author_title,Philippa Gregory,The Wise Woman,HarperCollins Publishers,title_rank_within_author,1.0,1,1,2,2,2,,,32.14,16.07,,19.1835,Title concentration inside top author portfolios.
author_title_concentration,author_title,Piers Anthony,"Unicorn Point (Apprentice Adept #6)",Ace Books,title_rank_within_author,1.0,1,1,3,3,3,,,40.03,13.3433,,13.1048,Title concentration inside top author portfolios.
author_title_concentration,author_title,Plato,The Republic of Plato,Basic Books,title_rank_within_author,1.0,1,1,2,2,2,,,27.78,13.89,,16.3354,Title concentration inside top author portfolios.
author_title_concentration,author_title,Quentin Blake,"Charlie and the Chocolate Factory (Charlie Bucket  #1)",Puffin Books,title_rank_within_author,1.0,1,1,3,3,3,,,34.69,11.5633,,17.4085,Title concentration inside top author portfolios.
author_title_concentration,author_title,Ray Bradbury,Switch on the Night,Dragonfly Books,title_rank_within_author,1.0,1,1,3,3,3,,,33.35,11.1167,,23.6911,Title concentration inside top author portfolios.
author_title_concentration,author_title,Roald Dahl,Fantastic Mr Fox,Samuel French Ltd,title_rank_within_author,1.0,1,1,3,3,3,,,39.26,13.0867,,12.0674,Title concentration inside top author portfolios.
author_title_concentration,author_title,Robert A. Heinlein,The Cat Who Walks Through Walls (The World As Myth),Ace Books,title_rank_within_author,1.0,1,1,3,3,3,,,45.49,15.1633,,28.7984,Title concentration inside top author portfolios.
author_title_concentration,author_title,Rumiko Takahashi,犬夜叉 17,小学館,title_rank_within_author,1.0,1,1,4,4,4,,,42.19,10.5475,,16.1055,Title concentration inside top author portfolios.
author_title_concentration,author_title,Sandra Brown,Seduction by Design,Grand Central Publishing (Formerly Warner Books),title_rank_within_author,1.0,1,1,3,3,3,,,42.36,14.12,,11.736,Title concentration inside top author portfolios.
author_title_concentration,author_title,Sophocles,The Oedipus Plays of Sophocles: Oedipus the King; Oedipus at Colonus; Antigone,Plume,title_rank_within_author,1.0,1,1,2,2,2,,,28.67,14.335,,16.832,Title concentration inside top author portfolios.
author_title_concentration,author_title,SparkNotes,A Tale of Two Cities: Charles Dickens,Spark Publishing,title_rank_within_author,1.0,1,1,3,3,3,,,30.77,10.2567,,22.5769,Title concentration inside top author portfolios.
author_title_concentration,author_title,Stephen King,"Territoires (Le talisman des territoires  #2)",Laffont,title_rank_within_author,1.0,1,1,3,3,3,,,46.45,15.4833,,10.52,Title concentration inside top author portfolios.
author_title_concentration,author_title,Terry Pratchett,"Truckers (Bromeliad Trilogy  #1)",HarperCollins,title_rank_within_author,1.0,1,1,1,1,1,,,18.15,18.15,,10.8924,Title concentration inside top author portfolios.
author_title_concentration,author_title,Tom Clancy,"The Teeth of the Tiger (Jack Ryan Universe  #12)",Penguin Books Ltd.,title_rank_within_author,1.0,1,1,3,3,3,,,38.75,12.9167,,18.3649,Title concentration inside top author portfolios.
author_title_concentration,author_title,Tracy Hickman,"Time of the Twins (Dragonlance: Legends  #1)",Wizards of the Coast,title_rank_within_author,1.0,1,1,4,4,4,,,36.73,9.1825,,18.3586,Title concentration inside top author portfolios.
author_title_concentration,author_title,Ursula K. Le Guin,"The Tombs of Atuan (Earthsea Cycle  #2)",Gallery / Saga Press,title_rank_within_author,1.0,1,1,3,3,3,,,38.27,12.7567,,20.8012,Title concentration inside top author portfolios.
author_title_concentration,author_title,V.C. Andrews,"Hidden Leaves (De Beers  #5)",Pocket Star,title_rank_within_author,1.0,1,1,3,3,3,,,42.08,14.0267,,22.7091,Title concentration inside top author portfolios.
author_title_concentration,author_title,William Goldman,Tinsel,Dell,title_rank_within_author,1.0,1,1,3,3,3,,,47.37,15.79,,33.3498,Title concentration inside top author portfolios.
author_title_concentration,author_title,William Shakespeare,I Henry IV,W. W. Norton & Company,title_rank_within_author,1.0,1,1,2,2,2,,,36.96,18.48,,12.4856,Title concentration inside top author portfolios.
author_title_concentration,author_title,William Sleator,"Interstellar Pig (Interstellar Pig #1)",Hodder Children's Books,title_rank_within_author,1.0,1,1,2,2,2,,,21.36,10.68,,16.0855,Title concentration inside top author portfolios.
author_title_concentration,author_title,Agatha Christie,4:50 from Paddington / A Pocket Full of Rye (BBC Presents: Two Miss Marple Dramas),Random House Audio,title_rank_within_author,2.0,1,1,2,2,2,,,21.86,10.93,,8.6894,Title concentration inside top author portfolios.
author_title_concentration,author_title,Alan Dean Foster,Fantasy Gone Wrong,DAW,title_rank_within_author,2.0,1,1,2,2,2,,,29.59,14.795,,16.4737,Title concentration inside top author portfolios.
author_title_concentration,author_title,Aldous Huxley,Brave New World and Brave New World Revisited,HarperCollins,title_rank_within_author,2.0,1,1,2,2,2,,,23.37,11.685,,14.4099,Title concentration inside top author portfolios.
author_title_concentration,author_title,Anne Rice,"Vittorio the Vampire (New Tales of the Vampires  #2)",Knopf Publishing Group,title_rank_within_author,2.0,1,1,2,2,2,,,28.09,14.045,,13.7851,Title concentration inside top author portfolios.
author_title_concentration,author_title,C.S. Lewis,The Collected Letters of C.S. Lewis  Volume 3: Narnia  Cambridge  and Joy  1950 - 1963,HarperOne,title_rank_within_author,2.0,1,1,2,2,2,,,21.32,10.66,,10.25,Title concentration inside top author portfolios.
author_title_concentration,author_title,Christopher Hitchens,Thomas Jefferson: Author of America,Atlas Books/HarperCollins Publishers,title_rank_within_author,2.0,1,1,4,4,4,,,24.03,6.0075,,17.9435,Title concentration inside top author portfolios.
author_title_concentration,author_title,Chuck Palahniuk,Diary,Anchor,title_rank_within_author,2.0,1,1,2,2,2,,,34.29,17.145,,20.6953,Title concentration inside top author portfolios.
author_title_concentration,author_title,Clive Cussler,"Golden Buddha (Oregon Files  #1)",Penguin Books,title_rank_within_author,2.0,1,1,1,1,1,,,19.72,19.72,,11.6714,Title concentration inside top author portfolios.
author_title_concentration,author_title,Dan Simmons,L'Échiquier du mal,Denoël,title_rank_within_author,2.0,1,1,4,4,4,,,25.93,6.4825,,16.8126,Title concentration inside top author portfolios.
author_title_concentration,author_title,Dave Eggers,"McSweeney's #24",McSweeney's,title_rank_within_author,2.0,1,1,3,3,3,,,26.53,8.8433,,16.753,Title concentration inside top author portfolios.
author_title_concentration,author_title,Dean Koontz,The Servants of Twilight,Headline Feature,title_rank_within_author,2.0,1,1,2,2,2,,,23.99,11.995,,16.7038,Title concentration inside top author portfolios.
author_title_concentration,author_title,Dick Francis,Banker,Michael Joseph,title_rank_within_author,2.0,1,1,1,1,1,,,18.44,18.44,,10.7893,Title concentration inside top author portfolios.
author_title_concentration,author_title,Dr. Seuss,The 500 Hats of Bartholomew Cubbins,Random House Books for Young Readers,title_rank_within_author,2.0,1,1,2,2,2,,,18.49,9.245,,10.7226,Title concentration inside top author portfolios.
author_title_concentration,author_title,Ernest Hemingway,A Moveable Feast,Vintage,title_rank_within_author,2.0,1,1,2,2,2,,,25.68,12.84,,18.6249,Title concentration inside top author portfolios.
author_title_concentration,author_title,Francine Pascal,"Fear (Fearless  #23)",Simon & Schuster Childrens Books,title_rank_within_author,2.0,1,1,1,1,1,,,15.74,15.74,,9.9044,Title concentration inside top author portfolios.
author_title_concentration,author_title,Gabriel García Márquez,Collected Novellas,Harper Perennial Modern Classics,title_rank_within_author,2.0,1,1,5,5,5,,,32.0,6.4,,19.4624,Title concentration inside top author portfolios.
author_title_concentration,author_title,Georg Wilhelm Friedrich Hegel,Introduction to the Philosophy of History with Selections from The Philosophy of Right,Hackett Publishing Company Inc.,title_rank_within_author,2.0,1,1,2,2,2,,,23.22,11.61,,14.9037,Title concentration inside top author portfolios.
author_title_concentration,author_title,Gordon Korman,"Public Enemies (On The Run  #5)",Scholastic,title_rank_within_author,2.0,1,1,2,2,2,,,33.89,16.945,,14.7823,Title concentration inside top author portfolios.
author_title_concentration,author_title,Hiromu Arakawa,鋼之鍊金術師 4,東立,title_rank_within_author,2.0,1,1,2,2,2,,,21.7,10.85,,15.0715,Title concentration inside top author portfolios.
author_title_concentration,author_title,Isaac Asimov,Asimov's New Guide to Science,Penguin,title_rank_within_author,2.0,1,1,2,2,2,,,27.15,13.575,,19.0219,Title concentration inside top author portfolios.
author_title_concentration,author_title,J.R.R. Tolkien,Pictures by J.R.R. Tolkien,Houghton Mifflin,title_rank_within_author,2.0,1,1,2,2,2,,,23.72,11.86,,8.9398,Title concentration inside top author portfolios.
author_title_concentration,author_title,Jack Vance,Lurulu,Tor Books,title_rank_within_author,2.0,1,1,2,2,2,,,28.06,14.03,,21.8979,Title concentration inside top author portfolios.
author_title_concentration,author_title,James Patterson,The Jester,Headline,title_rank_within_author,2.0,1,1,2,2,2,,,30.1,15.05,,13.9274,Title concentration inside top author portfolios.
author_title_concentration,author_title,Janet Evanovich,"More Plums in One (Stephanie Plum  #4-6)",St. Martin's Press,title_rank_within_author,2.0,1,1,2,2,2,,,20.44,10.22,,13.6722,Title concentration inside top author portfolios.
author_title_concentration,author_title,Jodi Picoult,The Tenth Circle,Allen & Ulwin,title_rank_within_author,2.0,1,1,2,2,2,,,22.93,11.465,,17.5601,Title concentration inside top author portfolios.
author_title_concentration,author_title,John Grisham,The Firm,Addison Wesley Publishing Company,title_rank_within_author,2.0,1,1,2,2,2,,,24.66,12.33,,16.3419,Title concentration inside top author portfolios.
author_title_concentration,author_title,Kahlil Gibran,Der Prophet,Benziger,title_rank_within_author,2.0,1,1,3,3,3,,,37.13,12.3767,,21.9991,Title concentration inside top author portfolios.
author_title_concentration,author_title,Laura Ingalls Wilder,"Writings to Young Women from Laura Ingalls Wilder: On Wisdom and Virtues (Writings to Young Women on Laura Ingalls Wilder #1)",Tommy Nelson,title_rank_within_author,2.0,1,1,3,3,3,,,35.72,11.9067,,24.3889,Title concentration inside top author portfolios.
author_title_concentration,author_title,Laurell K. Hamilton,"The Killing Dance (Anita Blake  Vampire Hunter  #6)",Berkley Hardcover,title_rank_within_author,2.0,1,1,3,3,3,,,31.99,10.6633,,14.1699,Title concentration inside top author portfolios.
author_title_concentration,author_title,Maeve Binchy,Scarlet Feather,Signet,title_rank_within_author,2.0,1,1,2,2,2,,,31.92,15.96,,21.5457,Title concentration inside top author portfolios.
author_title_concentration,author_title,Marcel Proust,"Swanns Way (In Search of Lost Time #1)",Chatto and Windus,title_rank_within_author,2.0,1,1,4,4,4,,,25.0,6.25,,18.5048,Title concentration inside top author portfolios.
author_title_concentration,author_title,Margaret Weis,"Night of Blood (Dragonlance: The Minotaur Wars  #1)",Wizards of the Coast,title_rank_within_author,2.0,1,1,2,2,2,,,25.97,12.985,,9.3812,Title concentration inside top author portfolios.
author_title_concentration,author_title,Marian Keyes,Pusteblume,Heyne,title_rank_within_author,2.0,1,1,2,2,2,,,26.77,13.385,,18.7373,Title concentration inside top author portfolios.
author_title_concentration,author_title,Mark Twain,Huck Finn/Pudd'nhead Wilson/No 44 Mysterious Stranger other Writings,Library of America,title_rank_within_author,2.0,1,1,3,3,3,,,18.43,6.1433,,13.0858,Title concentration inside top author portfolios.
author_title_concentration,author_title,Mary Higgins Clark,Mount Vernon Love Story: A Novel of George and Martha Washington,Pocket Books,title_rank_within_author,2.0,1,1,2,2,2,,,28.67,14.335,,14.7616,Title concentration inside top author portfolios.
author_title_concentration,author_title,Mercedes Lackey,"Bedlam's Edge (Bedlam's Bard  #8)",Baen,title_rank_within_author,2.0,1,1,3,3,3,,,31.48,10.4933,,11.0689,Title concentration inside top author portfolios.
author_title_concentration,author_title,Neil Gaiman,"Death: The Time of Your Life (Death of the Endless  #2)",Vertigo,title_rank_within_author,2.0,1,1,2,2,2,,,20.06,10.03,,11.8825,Title concentration inside top author portfolios.
author_title_concentration,author_title,Orson Scott Card,"Children of the Mind (Ender's Saga  #4)",Tor Books,title_rank_within_author,2.0,1,1,3,3,3,,,29.11,9.7033,,10.9514,Title concentration inside top author portfolios.
author_title_concentration,author_title,P.G. Wodehouse,Thank You  Jeeves,AudioGO,title_rank_within_author,2.0,1,1,2,2,2,,,27.88,13.94,,7.9435,Title concentration inside top author portfolios.
author_title_concentration,author_title,Philip K. Dick,A Scanner Darkly,Gollancz,title_rank_within_author,2.0,1,1,2,2,2,,,27.26,13.63,,15.9136,Title concentration inside top author portfolios.
author_title_concentration,author_title,Philippa Gregory,"The Virgin's Lover (The Plantagenet and Tudor Novels  #13)",Washington Square Press,title_rank_within_author,2.0,1,1,2,2,2,,,27.73,13.865,,16.5513,Title concentration inside top author portfolios.
author_title_concentration,author_title,Piers Anthony,"Vale of the Vole (Xanth #10)",Tor Fantasy,title_rank_within_author,2.0,1,1,3,3,3,,,38.75,12.9167,,12.6858,Title concentration inside top author portfolios.
author_title_concentration,author_title,Plato,The Symposium,Penguin Classics,title_rank_within_author,2.0,1,1,2,2,2,,,17.97,8.985,,10.5669,Title concentration inside top author portfolios.
author_title_concentration,author_title,Quentin Blake,Dirty Beasts,Puffin Books,title_rank_within_author,2.0,1,1,2,2,2,,,29.72,14.86,,14.9144,Title concentration inside top author portfolios.
author_title_concentration,author_title,Ray Bradbury,The Best of Ray Bradbury,iBooks,title_rank_within_author,2.0,1,1,2,2,2,,,22.9,11.45,,16.2677,Title concentration inside top author portfolios.
author_title_concentration,author_title,Roald Dahl,"Charlie and the Chocolate Factory (Charlie Bucket  #1)",Puffin Books,title_rank_within_author,2.0,1,1,3,3,3,,,34.69,11.5633,,10.6627,Title concentration inside top author portfolios.
author_title_concentration,author_title,Robert A. Heinlein,"Time for the Stars (Heinlein's Juveniles  #10)",Tor Books,title_rank_within_author,2.0,1,1,3,3,3,,,44.84,14.9467,,28.3869,Title concentration inside top author portfolios.
author_title_concentration,author_title,Rumiko Takahashi,"Maison Ikkoku  Volume 9 (Maison Ikkoku  #9)",VIZ Media LLC,title_rank_within_author,2.0,1,1,2,2,2,,,36.2,18.1,,13.8189,Title concentration inside top author portfolios.
author_title_concentration,author_title,Sandra Brown,Charade,Hachette Books,title_rank_within_author,2.0,1,1,2,2,2,,,24.49,12.245,,6.7851,Title concentration inside top author portfolios.
author_title_concentration,author_title,Sophocles,Antigone; Oedipus the Kingn; Electra,Oxford University Press,title_rank_within_author,2.0,1,1,3,3,3,,,27.01,9.0033,,15.8575,Title concentration inside top author portfolios.
author_title_concentration,author_title,SparkNotes,Julius Caesar,Oxford University Press USA,title_rank_within_author,2.0,1,1,2,2,2,,,26.77,13.385,,19.6419,Title concentration inside top author portfolios.
author_title_concentration,author_title,Stephen King,Now and on Earth,Vintage,title_rank_within_author,2.0,1,1,4,4,4,,,34.26,8.565,,7.7592,Title concentration inside top author portfolios.
author_title_concentration,author_title,Terry Pratchett,"The Light Fantastic (Discworld  #2; Rincewind #2)",HarperTorch,title_rank_within_author,2.0,1,1,1,1,1,,,18.08,18.08,,10.8504,Title concentration inside top author portfolios.
author_title_concentration,author_title,Tom Clancy,"The Archimedes Effect (Tom Clancy's Net Force  #10)",Berkley,title_rank_within_author,2.0,1,1,2,2,2,,,31.12,15.56,,14.7488,Title concentration inside top author portfolios.
author_title_concentration,author_title,Tracy Hickman,Dragons in the Archives: The Best of Weis & Hickman (Dragonlance Anthology),Wizards of the Coast,title_rank_within_author,2.0,1,1,2,2,2,,,21.98,10.99,,10.9862,Title concentration inside top author portfolios.
author_title_concentration,author_title,Ursula K. Le Guin,Five Complete Novels,Random House Value Publishing,title_rank_within_author,2.0,1,1,2,2,2,,,20.33,10.165,,11.0501,Title concentration inside top author portfolios.
author_title_concentration,author_title,V.C. Andrews,"Ruby (Landry  #1)",Wheeler Publishing,title_rank_within_author,2.0,1,1,2,2,2,,,20.91,10.455,,11.2844,Title concentration inside top author portfolios.
author_title_concentration,author_title,William Goldman,The Silent Gondoliers,Del Rey,title_rank_within_author,2.0,1,1,2,2,2,,,32.11,16.055,,22.6063,Title concentration inside top author portfolios.
author_title_concentration,author_title,William Shakespeare,Richard III,Simon Schuster,title_rank_within_author,2.0,1,1,2,2,2,,,36.04,18.02,,12.1749,Title concentration inside top author portfolios.
author_title_concentration,author_title,William Sleator,That's Silly,Dutton Books,title_rank_within_author,2.0,1,1,2,2,2,,,21.31,10.655,,16.0479,Title concentration inside top author portfolios.
author_title_concentration,author_title,Agatha Christie,Hercule Poirot's Christmas: A BBC Radio 4 Full-Cast Dramatisation,BBC Audiobooks,title_rank_within_author,3.0,1,1,2,2,2,,,21.44,10.72,,8.5225,Title concentration inside top author portfolios.
author_title_concentration,author_title,Alan Dean Foster,The Dig,Severn House Publishers,title_rank_within_author,3.0,1,1,1,1,1,,,20.0,20.0,,11.1346,Title concentration inside top author portfolios.
author_title_concentration,author_title,Aldous Huxley,Point Counter Point,Dalkey Archive Press,title_rank_within_author,3.0,1,1,2,2,2,,,22.47,11.235,,13.855,Title concentration inside top author portfolios.
author_title_concentration,author_title,Anne Rice,"Interview with the Vampire (The Vampire Chronicles  #1)",Ballantine Books,title_rank_within_author,3.0,1,1,2,2,2,,,18.94,9.47,,9.2948,Title concentration inside top author portfolios.
author_title_concentration,author_title,C.S. Lewis,What Christians Believe,HarperOne,title_rank_within_author,3.0,1,1,1,1,1,,,19.9,19.9,,9.5673,Title concentration inside top author portfolios.
author_title_concentration,author_title,Christopher Hitchens,Brave New World and Brave New World Revisited,HarperCollins,title_rank_within_author,3.0,1,1,2,2,2,,,23.37,11.685,,17.4507,Title concentration inside top author portfolios.
author_title_concentration,author_title,Chuck Palahniuk,Fantasmas,Mondadori,title_rank_within_author,3.0,1,1,3,3,3,,,25.11,8.37,,15.1548,Title concentration inside top author portfolios.
author_title_concentration,author_title,Clive Cussler,"Iceberg (Dirk Pitt  #3)",Berkley Books,title_rank_within_author,3.0,1,1,1,1,1,,,19.4,19.4,,11.482,Title concentration inside top author portfolios.
author_title_concentration,author_title,Dan Simmons,The Crook Factory,HarperTorch,title_rank_within_author,3.0,1,1,3,3,3,,,25.2,8.4,,16.3392,Title concentration inside top author portfolios.
author_title_concentration,author_title,Dave Eggers,Une oeuvre déchirante d'un génie renversant,J'ai Lu,title_rank_within_author,3.0,1,1,2,2,2,,,25.61,12.805,,16.172,Title concentration inside top author portfolios.
author_title_concentration,author_title,Dean Koontz,The Key to Midnight,Berkley Books,title_rank_within_author,3.0,1,1,2,2,2,,,22.48,11.24,,15.6524,Title concentration inside top author portfolios.
author_title_concentration,author_title,Dick Francis,Blood Sport,G.P. Putnam's Sons,title_rank_within_author,3.0,1,1,1,1,1,,,18.37,18.37,,10.7483,Title concentration inside top author portfolios.
author_title_concentration,author_title,Dr. Seuss,Cattus Petasatus: The Cat in the Hat in Latin,Bolchazy-Carducci Publishers,title_rank_within_author,3.0,1,1,1,1,1,,,18.41,18.41,,10.6762,Title concentration inside top author portfolios.
author_title_concentration,author_title,Ernest Hemingway,The Old Man and the Sea,Simon Schuster Audio,title_rank_within_author,3.0,1,1,1,1,1,,,17.86,17.86,,12.9533,Title concentration inside top author portfolios.
author_title_concentration,author_title,Francine Pascal,"The Secret of Fantasy Forest (Sweet Valley Kids #67)",Sweet Valley,title_rank_within_author,3.0,1,1,1,1,1,,,15.22,15.22,,9.5771,Title concentration inside top author portfolios.
author_title_concentration,author_title,Gabriel García Márquez,Los funerales de la Mamá Grande,Plaza y Janes,title_rank_within_author,3.0,1,1,1,1,1,,,18.53,18.53,,11.2699,Title concentration inside top author portfolios.
author_title_concentration,author_title,Georg Wilhelm Friedrich Hegel,Elements of the Philosophy of Right,Cambridge University Press,title_rank_within_author,3.0,1,1,2,2,2,,,19.26,9.63,,12.362,Title concentration inside top author portfolios.
author_title_concentration,author_title,Gordon Korman,"Hollywood Hustle (Son of the Mob  #2)",Hyperion Paperbacks,title_rank_within_author,3.0,1,1,2,2,2,,,23.57,11.785,,10.2809,Title concentration inside top author portfolios.
author_title_concentration,author_title,Hiromu Arakawa,鋼の錬金術師 8 (Fullmetal Alchemist 8),ガンガンコミックス,title_rank_within_author,3.0,1,1,1,1,1,,,19.11,19.11,,13.2727,Title concentration inside top author portfolios.
author_title_concentration,author_title,Isaac Asimov,I. Asimov,Bantam,title_rank_within_author,3.0,1,1,2,2,2,,,24.12,12.06,,16.899,Title concentration inside top author portfolios.
author_title_concentration,author_title,J.R.R. Tolkien,The Monsters and the Critics and Other Essays,HarperCollins,title_rank_within_author,3.0,1,1,1,1,1,,,19.94,19.94,,7.5152,Title concentration inside top author portfolios.
author_title_concentration,author_title,Jack Vance,Galactic Effectuator,Ace,title_rank_within_author,3.0,1,1,2,2,2,,,24.26,12.13,,18.9324,Title concentration inside top author portfolios.
author_title_concentration,author_title,James Patterson,"Step on a Crack (Michael Bennett  #1)",Little Brown and Company,title_rank_within_author,3.0,1,1,2,2,2,,,26.0,13.0,,12.0304,Title concentration inside top author portfolios.
author_title_concentration,author_title,Janet Evanovich,"Twelve Sharp (Stephanie Plum  #12)",St. Martin's Press,title_rank_within_author,3.0,1,1,2,2,2,,,20.42,10.21,,13.6589,Title concentration inside top author portfolios.
author_title_concentration,author_title,Jodi Picoult,In einer regnerischen Nacht.,Piper,title_rank_within_author,3.0,1,1,1,1,1,,,17.91,17.91,,13.7157,Title concentration inside top author portfolios.
author_title_concentration,author_title,John Grisham,The Street Lawyer,Bantam,title_rank_within_author,3.0,1,1,2,2,2,,,23.56,11.78,,15.613,Title concentration inside top author portfolios.
author_title_concentration,author_title,Kahlil Gibran,The Beloved: Reflections on the Path of the Heart,Penguin Books,title_rank_within_author,3.0,1,1,1,1,1,,,19.95,19.95,,11.8201,Title concentration inside top author portfolios.
author_title_concentration,author_title,Laura Ingalls Wilder,Summertime in the Big Woods,HarperCollins,title_rank_within_author,3.0,1,1,2,2,2,,,24.83,12.415,,16.9534,Title concentration inside top author portfolios.
author_title_concentration,author_title,Laurell K. Hamilton,"A Stroke of Midnight (Merry Gentry  #4)",Ballantine Books,title_rank_within_author,3.0,1,1,2,2,2,,,28.78,14.39,,12.7481,Title concentration inside top author portfolios.
author_title_concentration,author_title,Maeve Binchy,Victoria Line  Central Line,Arrow,title_rank_within_author,3.0,1,1,1,1,1,,,19.75,19.75,,13.3311,Title concentration inside top author portfolios.
author_title_concentration,author_title,Marcel Proust,Remembrance of Things Past: Volume II - The Guermantes Way & Cities of the Plain,Vintage,title_rank_within_author,3.0,1,1,4,4,4,,,24.13,6.0325,,17.8608,Title concentration inside top author portfolios.
author_title_concentration,author_title,Margaret Weis,Dragons in the Archives: The Best of Weis & Hickman (Dragonlance Anthology),Wizards of the Coast,title_rank_within_author,3.0,1,1,2,2,2,,,21.98,10.99,,7.9399,Title concentration inside top author portfolios.
author_title_concentration,author_title,Marian Keyes,Yeats Is Dead,Vintage,title_rank_within_author,3.0,1,1,2,2,2,,,24.66,12.33,,17.2604,Title concentration inside top author portfolios.
author_title_concentration,author_title,Mark Twain,The Adventures of Tom Sawyer and Adventures of Huckleberry Finn,Signet Classics,title_rank_within_author,3.0,1,1,1,1,1,,,18.42,18.42,,13.0787,Title concentration inside top author portfolios.
author_title_concentration,author_title,Mary Higgins Clark,Where Are the Children?,Pocket Books,title_rank_within_author,3.0,1,1,1,1,1,,,19.29,19.29,,9.932,Title concentration inside top author portfolios.
author_title_concentration,author_title,Mercedes Lackey,"Sword of Ice and Other Tales of Valdemar (Tales of Valdemar #1)",Daw Books,title_rank_within_author,3.0,1,1,2,2,2,,,30.31,15.155,,10.6575,Title concentration inside top author portfolios.
author_title_concentration,author_title,Neil Gaiman,"World's End (The Sandman  #8)",Vertigo,title_rank_within_author,3.0,1,1,1,1,1,,,15.7,15.7,,9.2998,Title concentration inside top author portfolios.
author_title_concentration,author_title,Orson Scott Card,How to Write Science Fiction & Fantasy,Writer's Digest Books,title_rank_within_author,3.0,1,1,2,2,2,,,28.32,14.16,,10.6542,Title concentration inside top author portfolios.
author_title_concentration,author_title,P.G. Wodehouse,"Jeeves in the Offing (Jeeves  #12)",Everyman,title_rank_within_author,3.0,1,1,2,2,2,,,23.04,11.52,,6.5645,Title concentration inside top author portfolios.
author_title_concentration,author_title,Philip K. Dick,The Philip K. Dick Reader,Citadel,title_rank_within_author,3.0,1,1,2,2,1,,,19.23,9.615,,11.2259,Title concentration inside top author portfolios.
author_title_concentration,author_title,Philippa Gregory,The Winthrop Woman,Chicago Review Press,title_rank_within_author,3.0,1,1,2,2,2,,,22.42,11.21,,13.3819,Title concentration inside top author portfolios.
author_title_concentration,author_title,Piers Anthony,On a Pale Horse,Del Rey Books,title_rank_within_author,3.0,1,1,2,2,2,,,27.54,13.77,,9.0159,Title concentration inside top author portfolios.
author_title_concentration,author_title,Plato,Five Dialogues: Euthyphro  Apology  Crito  Meno  Phaedo,Hackett Publishing Company Inc.,title_rank_within_author,3.0,1,1,1,1,1,,,17.66,17.66,,10.3846,Title concentration inside top author portfolios.
author_title_concentration,author_title,Quentin Blake,The Giraffe and the Pelly and Me,Puffin,title_rank_within_author,3.0,1,1,2,2,2,,,26.21,13.105,,13.153,Title concentration inside top author portfolios.
author_title_concentration,author_title,Ray Bradbury,One More For The Road,Earthlight,title_rank_within_author,3.0,1,1,1,1,1,,,17.46,17.46,,12.4032,Title concentration inside top author portfolios.
author_title_concentration,author_title,Roald Dahl,Dirty Beasts,Puffin Books,title_rank_within_author,3.0,1,1,2,2,2,,,29.72,14.86,,9.1351,Title concentration inside top author portfolios.
author_title_concentration,author_title,Robert A. Heinlein,The Door Into Summer,Del Rey,title_rank_within_author,3.0,1,1,5,5,5,,,43.49,8.698,,27.5323,Title concentration inside top author portfolios.
author_title_concentration,author_title,Rumiko Takahashi,"Maison Ikkoku  Volume 15 (Maison Ikkoku  #15)",VIZ Media LLC,title_rank_within_author,3.0,1,1,2,2,2,,,28.33,14.165,,10.8146,Title concentration inside top author portfolios.
author_title_concentration,author_title,Sandra Brown,Temperatures Rising,Bantam Books,title_rank_within_author,3.0,1,1,1,1,1,,,19.46,19.46,,5.3915,Title concentration inside top author portfolios.
author_title_concentration,author_title,Sophocles,Theban Plays,Hackett Publishing Company Inc.,title_rank_within_author,3.0,1,1,2,2,2,,,24.9,12.45,,14.6187,Title concentration inside top author portfolios.
author_title_concentration,author_title,SparkNotes,Romeo and Juliet (SparkNotes Literature Guide),SparkNotes,title_rank_within_author,3.0,1,1,2,2,2,,,21.76,10.88,,15.966,Title concentration inside top author portfolios.
author_title_concentration,author_title,Stephen King,Danse Macabre,Berkley,title_rank_within_author,3.0,1,1,3,3,3,,,29.45,9.8167,,6.6698,Title concentration inside top author portfolios.
author_title_concentration,author_title,Terry Pratchett,"The Amazing Maurice and His Educated Rodents (Discworld  #28)",HarperCollins,title_rank_within_author,3.0,1,1,1,1,1,,,17.37,17.37,,10.4243,Title concentration inside top author portfolios.
author_title_concentration,author_title,Tom Clancy,"Debt of Honor (Jack Ryan  #7)",Berkley Books,title_rank_within_author,3.0,1,1,2,2,2,,,24.94,12.47,,11.8199,Title concentration inside top author portfolios.
author_title_concentration,author_title,Tracy Hickman,"The Players of Gilean (Dragonlance: Tales from the War of Souls  #2)",Wizards of the Coast,title_rank_within_author,3.0,1,1,3,3,3,,,20.19,6.73,,10.0915,Title concentration inside top author portfolios.
author_title_concentration,author_title,Ursula K. Le Guin,Lao Tzu: Tao Te Ching: A Book about the Way and the Power of the Way,Shambhala,title_rank_within_author,3.0,1,1,1,1,1,,,17.02,17.02,,9.251,Title concentration inside top author portfolios.
author_title_concentration,author_title,V.C. Andrews,"Honey (Shooting Stars  #4)",Pocket Books,title_rank_within_author,3.0,1,1,1,1,1,,,19.65,19.65,,10.6044,Title concentration inside top author portfolios.
author_title_concentration,author_title,William Goldman,William Goldman: Four Screenplays,Applause Books,title_rank_within_author,3.0,1,1,1,1,1,,,18.69,18.69,,13.1583,Title concentration inside top author portfolios.
author_title_concentration,author_title,William Shakespeare,Hamlet  The Texts of 1603 and 1623,Bloomsbury Arden Shakespeare,title_rank_within_author,3.0,1,1,3,3,3,,,28.83,9.61,,9.7392,Title concentration inside top author portfolios.
author_title_concentration,author_title,William Sleator,Boltzmon!,Dutton Juvenile,title_rank_within_author,3.0,1,1,1,1,1,,,19.07,19.07,,14.361,Title concentration inside top author portfolios.
author_title_concentration,author_title,Agatha Christie,"Nemesis (Miss Marple  #12)",Signet,title_rank_within_author,4.0,1,1,3,3,3,,,20.44,6.8133,,8.125,Title concentration inside top author portfolios.
author_title_concentration,author_title,Alan Dean Foster,Alien Nation,Warner Books,title_rank_within_author,4.0,1,1,1,1,1,,,18.94,18.94,,10.5445,Title concentration inside top author portfolios.
author_title_concentration,author_title,Aldous Huxley,Complete Essays 1  1920-25,Ivan R. Dee Publisher,title_rank_within_author,4.0,1,1,2,2,2,,,19.49,9.745,,12.0175,Title concentration inside top author portfolios.
author_title_concentration,author_title,Anne Rice,El Mesías: El niño judío,Ediciones B,title_rank_within_author,4.0,1,1,2,2,2,,,18.85,9.425,,9.2506,Title concentration inside top author portfolios.
author_title_concentration,author_title,C.S. Lewis,The Screwtape Letters,HarperCollins,title_rank_within_author,4.0,1,1,1,1,1,,,18.99,18.99,,9.1298,Title concentration inside top author portfolios.
author_title_concentration,author_title,Christopher Hitchens,Orient Express,Penguin Classics,title_rank_within_author,4.0,1,1,1,1,1,,,15.34,15.34,,11.4546,Title concentration inside top author portfolios.
author_title_concentration,author_title,Chuck Palahniuk,Stranger than Fiction,Anchor,title_rank_within_author,4.0,1,1,1,1,1,,,19.96,19.96,,12.0466,Title concentration inside top author portfolios.
author_title_concentration,author_title,Clive Cussler,"Atlantis Found (Dirk Pitt  #15)",Berkley Trade,title_rank_within_author,4.0,1,1,2,2,2,,,17.97,8.985,,10.6357,Title concentration inside top author portfolios.
author_title_concentration,author_title,Dan Simmons,Worlds Enough & Time: Five Tales of Speculative Fiction,Harper Voyager,title_rank_within_author,4.0,1,1,1,1,1,,,16.45,16.45,,10.6659,Title concentration inside top author portfolios.
author_title_concentration,author_title,Dave Eggers,A Heartbreaking Work of Staggering Genius,Vintage,title_rank_within_author,4.0,1,1,1,1,1,,,19.19,19.19,,12.118,Title concentration inside top author portfolios.
author_title_concentration,author_title,Dean Koontz,From the Corner of His Eye,Random House Audio Publishing Group,title_rank_within_author,4.0,1,1,1,1,1,,,15.41,15.41,,10.7297,Title concentration inside top author portfolios.
author_title_concentration,author_title,Dick Francis,"Odds Against (Sid Halley  #1)",G.P. Putnam's Sons,title_rank_within_author,4.0,1,1,2,2,2,,,15.96,7.98,,9.3382,Title concentration inside top author portfolios.
author_title_concentration,author_title,Dr. Seuss,McElligot's Pool,Random House Books for Young Readers,title_rank_within_author,4.0,1,1,2,2,2,,,18.09,9.045,,10.4906,Title concentration inside top author portfolios.
author_title_concentration,author_title,Ernest Hemingway,The Complete Short Stories of Ernest Hemingway,Scribner,title_rank_within_author,4.0,1,1,1,1,1,,,15.91,15.91,,11.539,Title concentration inside top author portfolios.
author_title_concentration,author_title,Francine Pascal,"Double Love (Sweet Valley High  #1)",Bantam Books,title_rank_within_author,4.0,1,1,1,1,1,,,15.16,15.16,,9.5394,Title concentration inside top author portfolios.
author_title_concentration,author_title,Gabriel García Márquez,El coronel no tiene quien le escriba,Plaza & Janés,title_rank_within_author,4.0,1,1,1,1,1,,,18.13,18.13,,11.0266,Title concentration inside top author portfolios.
author_title_concentration,author_title,Georg Wilhelm Friedrich Hegel,The Essential Writings,Harper Perennial,title_rank_within_author,4.0,1,1,1,1,1,,,17.42,17.42,,11.181,Title concentration inside top author portfolios.
author_title_concentration,author_title,Gordon Korman,The Climb (Everest Trilogy),Turtleback Books,title_rank_within_author,4.0,1,1,1,1,1,,,18.17,18.17,,7.9255,Title concentration inside top author portfolios.
author_title_concentration,author_title,Hiromu Arakawa,"Fullmetal Alchemist  Vol. 9 (Fullmetal Alchemist  #9)",VIZ Media LLC,title_rank_within_author,4.0,1,1,1,1,1,,,11.99,11.99,,8.3275,Title concentration inside top author portfolios.
author_title_concentration,author_title,Isaac Asimov,The Annotated Gulliver's Travels,Random House Value Publishing,title_rank_within_author,4.0,1,1,2,2,2,,,23.01,11.505,,16.1213,Title concentration inside top author portfolios.
author_title_concentration,author_title,J.R.R. Tolkien,魔戒二部曲：雙城奇謀,聯經出版事業股份有限公司,title_rank_within_author,4.0,1,1,1,1,1,,,19.93,19.93,,7.5114,Title concentration inside top author portfolios.
author_title_concentration,author_title,Jack Vance,The Demon Princes  Volume Two: The Face  The Book of Dreams,Tor Books,title_rank_within_author,4.0,1,1,1,1,1,,,17.02,17.02,,13.2823,Title concentration inside top author portfolios.
author_title_concentration,author_title,James Patterson,"Kiss the Girls (Alex Cross  #2)",Grand Central Publishing,title_rank_within_author,4.0,1,1,1,1,1,,,19.74,19.74,,9.1338,Title concentration inside top author portfolios.
author_title_concentration,author_title,Janet Evanovich,Thanksgiving,HarperTorch,title_rank_within_author,4.0,1,1,1,1,1,,,19.99,19.99,,13.3712,Title concentration inside top author portfolios.
author_title_concentration,author_title,Jodi Picoult,Perfect Match,Atria Books,title_rank_within_author,4.0,1,1,1,1,1,,,16.32,16.32,,12.4981,Title concentration inside top author portfolios.
author_title_concentration,author_title,John Grisham,The Pelican Brief,Delta,title_rank_within_author,4.0,1,1,2,2,2,,,20.29,10.145,,13.446,Title concentration inside top author portfolios.
author_title_concentration,author_title,Kahlil Gibran,Jesus the Son of Man,Knopf,title_rank_within_author,4.0,1,1,1,1,1,,,18.83,18.83,,11.1565,Title concentration inside top author portfolios.
author_title_concentration,author_title,Laura Ingalls Wilder,"The Long Winter (Little House  #6)",HarperTrophy,title_rank_within_author,4.0,1,1,1,1,1,,,12.6,12.6,,8.603,Title concentration inside top author portfolios.
author_title_concentration,author_title,Laurell K. Hamilton,"Cerulean Sins (Anita Blake  Vampire Hunter  #11)",Berkley Books,title_rank_within_author,4.0,1,1,2,2,2,,,19.71,9.855,,8.7305,Title concentration inside top author portfolios.
author_title_concentration,author_title,Maeve Binchy,Aches & Pains,Delacorte Press,title_rank_within_author,4.0,1,1,1,1,1,,,17.17,17.17,,11.5896,Title concentration inside top author portfolios.
author_title_concentration,author_title,Marcel Proust,"Combray (Remembrance of Things Past  #1)",Nantier Beall Minoustchine Publishing,title_rank_within_author,4.0,1,1,1,1,1,,,15.56,15.56,,11.5174,Title concentration inside top author portfolios.
author_title_concentration,author_title,Margaret Weis,"The Players of Gilean (Dragonlance: Tales from the War of Souls  #2)",Wizards of the Coast,title_rank_within_author,4.0,1,1,3,3,3,,,20.19,6.73,,7.2933,Title concentration inside top author portfolios.
author_title_concentration,author_title,Marian Keyes,Girls' Night In,HarperCollins,title_rank_within_author,4.0,1,1,3,3,3,,,22.56,7.52,,15.7906,Title concentration inside top author portfolios.
author_title_concentration,author_title,Mark Twain,Mark Twain's Own Autobiography: The Chapters from the North American Review,University of Wisconsin Press,title_rank_within_author,4.0,1,1,1,1,1,,,16.66,16.66,,11.829,Title concentration inside top author portfolios.
author_title_concentration,author_title,Mary Higgins Clark,On the Street Where You Live,Pocket Books,title_rank_within_author,4.0,1,1,1,1,1,,,18.61,18.61,,9.5819,Title concentration inside top author portfolios.
author_title_concentration,author_title,Mercedes Lackey,"Winter Moon (Walker Papers  #1.5)",Luna Books,title_rank_within_author,4.0,1,1,2,2,2,,,26.96,13.48,,9.4796,Title concentration inside top author portfolios.
author_title_concentration,author_title,Neil Gaiman,"Neverwhere (London Below  #1)",William Morrow Paperbacks,title_rank_within_author,4.0,1,1,2,2,2,,,14.95,7.475,,8.8556,Title concentration inside top author portfolios.
author_title_concentration,author_title,Orson Scott Card,How to Write Science Fiction and Fantasy,F & W Publications Inc.,title_rank_within_author,4.0,1,1,2,2,2,,,24.59,12.295,,9.251,Title concentration inside top author portfolios.
author_title_concentration,author_title,P.G. Wodehouse,Indiscretions of Archie,Classic Books,title_rank_within_author,4.0,1,1,2,2,2,,,22.78,11.39,,6.4904,Title concentration inside top author portfolios.
author_title_concentration,author_title,Philip K. Dick,Martian Time-Slip,Gollancz,title_rank_within_author,4.0,1,1,1,1,1,,,15.37,15.37,,8.9726,Title concentration inside top author portfolios.
author_title_concentration,author_title,Philippa Gregory,The Little House,HarperCollins Publishers,title_rank_within_author,4.0,1,1,2,2,2,,,21.48,10.74,,12.8208,Title concentration inside top author portfolios.
author_title_concentration,author_title,Piers Anthony,"Demons Don't Dream (Xanth #16)",Tor Fantasy,title_rank_within_author,4.0,1,1,2,2,2,,,23.26,11.63,,7.6147,Title concentration inside top author portfolios.
author_title_concentration,author_title,Plato,On Love: Lysis/Symposium/Phaedrus/Alcibiades/Selections from Republic & Laws,Hackett Publishing Company Inc.,title_rank_within_author,4.0,1,1,1,1,1,,,17.06,17.06,,10.0318,Title concentration inside top author portfolios.
author_title_concentration,author_title,Quentin Blake,D is for Dahl: A gloriumptious A-Z guide to the world of Roald Dahl,Viking Children's Books,title_rank_within_author,4.0,1,1,2,2,2,,,25.57,12.785,,12.8318,Title concentration inside top author portfolios.
author_title_concentration,author_title,Ray Bradbury,The Cat's Pajamas,William Morrow Paperbacks,title_rank_within_author,4.0,1,1,1,1,1,,,16.37,16.37,,11.6289,Title concentration inside top author portfolios.
author_title_concentration,author_title,Roald Dahl,Konfetti Ungemütliches + Ungezogenes,Rowohlt Taschenbuch Verlag GmbH,title_rank_within_author,4.0,1,1,2,2,2,,,29.24,14.62,,8.9875,Title concentration inside top author portfolios.
author_title_concentration,author_title,Robert A. Heinlein,"Tunnel in the Sky (Heinlein's Juveniles  #9)",Pocket Books,title_rank_within_author,4.0,1,1,1,1,1,,,13.79,13.79,,8.7301,Title concentration inside top author portfolios.
author_title_concentration,author_title,Rumiko Takahashi,犬夜叉 28,小学館,title_rank_within_author,4.0,1,1,2,2,2,,,22.19,11.095,,8.4708,Title concentration inside top author portfolios.
author_title_concentration,author_title,Sandra Brown,22 Indigo Place,Bantam (Fanfare),title_rank_within_author,4.0,1,1,2,2,2,,,19.26,9.63,,5.3361,Title concentration inside top author portfolios.
author_title_concentration,author_title,Sophocles,Oedipus Rex (Greek and Latin Classics),Cambridge University Press,title_rank_within_author,4.0,1,1,2,2,2,,,21.81,10.905,,12.8046,Title concentration inside top author portfolios.
author_title_concentration,author_title,SparkNotes,One Flew Over the Cuckoo's Nest (SparkNotes Literature Guide),SparkNotes,title_rank_within_author,4.0,1,1,1,1,1,,,19.66,19.66,,14.4251,Title concentration inside top author portfolios.
author_title_concentration,author_title,Stephen King,On Writing: A Memoir,New English Library,title_rank_within_author,4.0,1,1,2,2,2,,,24.27,12.135,,5.4967,Title concentration inside top author portfolios.
author_title_concentration,author_title,Terry Pratchett,The Flying Sorcerers: More Comic Tales of Fantasy,Orbit,title_rank_within_author,4.0,1,1,2,2,2,,,15.09,7.545,,9.056,Title concentration inside top author portfolios.
author_title_concentration,author_title,Tom Clancy,"Clave Red Rabbit (Jack Ryan  #2)",Planeta Publishing,title_rank_within_author,4.0,1,1,2,2,2,,,23.31,11.655,,11.0474,Title concentration inside top author portfolios.
author_title_concentration,author_title,Tracy Hickman,Love and War: Tales  Volume Three (Dragonlance: Tales),Wizards of the Coast,title_rank_within_author,4.0,1,1,1,1,1,,,19.54,19.54,,9.7666,Title concentration inside top author portfolios.
author_title_concentration,author_title,Ursula K. Le Guin,Changing Planes,Ace,title_rank_within_author,4.0,1,1,1,1,1,,,16.88,16.88,,9.1749,Title concentration inside top author portfolios.
author_title_concentration,author_title,V.C. Andrews,"Ice (Shooting Stars  #2)",Pocket Books,title_rank_within_author,4.0,1,1,1,1,1,,,19.43,19.43,,10.4857,Title concentration inside top author portfolios.
author_title_concentration,author_title,William Goldman,La princesa prometida,Planeta Publishing,title_rank_within_author,4.0,1,1,1,1,1,,,16.45,16.45,,11.5812,Title concentration inside top author portfolios.
author_title_concentration,author_title,William Shakespeare,The Necessary Shakespeare,Longman Publishing Group,title_rank_within_author,4.0,1,1,2,2,2,,,26.04,13.02,,8.7967,Title concentration inside top author portfolios.
author_title_concentration,author_title,William Sleator,House of Stairs,Puffin Books,title_rank_within_author,4.0,1,1,2,2,2,,,15.65,7.825,,11.7855,Title concentration inside top author portfolios.
author_title_concentration,author_title,Agatha Christie,"Mrs. McGinty's Dead (Hercule Poirot  #30)",HarperCollins Publishers,title_rank_within_author,5.0,1,1,1,1,1,,,19.49,19.49,,7.7473,Title concentration inside top author portfolios.
author_title_concentration,author_title,Alan Dean Foster,Firebirds Rising: An Anthology of Original Science Fiction and Fantasy,Firebird,title_rank_within_author,5.0,1,1,2,2,2,,,17.59,8.795,,9.7929,Title concentration inside top author portfolios.
author_title_concentration,author_title,Aldous Huxley,Grey Eminence,Vintage Classics,title_rank_within_author,5.0,1,1,2,2,2,,,19.37,9.685,,11.9435,Title concentration inside top author portfolios.
author_title_concentration,author_title,Anne Rice,"Blood And Gold (The Vampire Chronicles  #8)",Arrow,title_rank_within_author,5.0,1,1,1,1,1,,,17.98,17.98,,8.8237,Title concentration inside top author portfolios.
author_title_concentration,author_title,C.S. Lewis,Mere Christianity: Abolition of Man (Bonus Feature),Blackstone Audiobooks,title_rank_within_author,5.0,1,1,1,1,1,,,17.88,17.88,,8.5962,Title concentration inside top author portfolios.
author_title_concentration,author_title,Christopher Hitchens,Brave New World / Brave New World Revisited,Harper Perennial Modern Classics,title_rank_within_author,5.0,1,1,2,2,2,,,13.05,6.525,,9.7446,Title concentration inside top author portfolios.
author_title_concentration,author_title,Chuck Palahniuk,Rant,Doubleday Books,title_rank_within_author,5.0,1,1,1,1,1,,,16.97,16.97,,10.242,Title concentration inside top author portfolios.
author_title_concentration,author_title,Clive Cussler,"The Mediterranean Caper (Dirk Pitt  #2)",G.P. Putnam's Sons,title_rank_within_author,5.0,1,1,1,1,1,,,16.53,16.53,,9.7834,Title concentration inside top author portfolios.
author_title_concentration,author_title,Dan Simmons,"The Rise of Endymion (Hyperion Cantos  #4)",Spectra,title_rank_within_author,5.0,1,1,1,1,1,,,16.33,16.33,,10.5881,Title concentration inside top author portfolios.
author_title_concentration,author_title,Dave Eggers,How We Are Hungry: Stories,McSweeney's,title_rank_within_author,5.0,1,1,1,1,1,,,15.19,15.19,,9.5921,Title concentration inside top author portfolios.
author_title_concentration,author_title,Dean Koontz,"Odd Thomas (Odd Thomas #1)",Random House Audio Publishing Group,title_rank_within_author,5.0,1,1,1,1,1,,,15.27,15.27,,10.6322,Title concentration inside top author portfolios.
author_title_concentration,author_title,Dick Francis,Forfeit,G.P. Putnam's Sons,title_rank_within_author,5.0,1,1,1,1,1,,,15.03,15.03,,8.7941,Title concentration inside top author portfolios.
author_title_concentration,author_title,Dr. Seuss,The Lorax,Random House Books for Young Readers,title_rank_within_author,5.0,1,1,1,1,1,,,16.12,16.12,,9.3482,Title concentration inside top author portfolios.
author_title_concentration,author_title,Ernest Hemingway,Islands in the Stream,Scribner,title_rank_within_author,5.0,1,1,1,1,1,,,14.49,14.49,,10.5091,Title concentration inside top author portfolios.
author_title_concentration,author_title,Francine Pascal,"Alone in the Crowd (Sweet Valley High  #28)",Bantam Books,title_rank_within_author,5.0,1,1,1,1,1,,,14.37,14.37,,9.0423,Title concentration inside top author portfolios.
author_title_concentration,author_title,Gabriel García Márquez,"Me Alquilo Para Soñar (Taller de Guión  #62)",Debolsillo,title_rank_within_author,5.0,1,1,1,1,1,,,16.8,16.8,,10.2177,Title concentration inside top author portfolios.
author_title_concentration,author_title,Georg Wilhelm Friedrich Hegel,The Berlin Phenomenology,Springer,title_rank_within_author,5.0,1,1,1,1,1,,,15.67,15.67,,10.0578,Title concentration inside top author portfolios.
author_title_concentration,author_title,Gordon Korman,Shipwreck (Island I),Scholastic Audio Books,title_rank_within_author,5.0,1,1,1,1,1,,,17.07,17.07,,7.4457,Title concentration inside top author portfolios.
author_title_concentration,author_title,Hiromu Arakawa,"鋼の錬金術師 3 (Fullmetal Alchemist  #3)",ガンガンコミックス,title_rank_within_author,5.0,1,1,2,2,2,,,11.66,5.83,,8.0983,Title concentration inside top author portfolios.
author_title_concentration,author_title,Isaac Asimov,The Gods Themselves,Millenium,title_rank_within_author,5.0,1,1,1,1,1,,,11.73,11.73,,8.2183,Title concentration inside top author portfolios.
author_title_concentration,author_title,J.R.R. Tolkien,Letters from Father Christmas,Mariner Books,title_rank_within_author,5.0,1,1,2,2,2,,,19.68,9.84,,7.4172,Title concentration inside top author portfolios.
author_title_concentration,author_title,Jack Vance,The SFWA Grand Masters 3,Tor Books,title_rank_within_author,5.0,1,1,1,1,1,,,9.91,9.91,,7.7337,Title concentration inside top author portfolios.
author_title_concentration,author_title,James Patterson,"3rd Degree (Women's Murder Club  #3)",Grand Central Publishing,title_rank_within_author,5.0,1,1,1,1,1,,,18.21,18.21,,8.4259,Title concentration inside top author portfolios.
author_title_concentration,author_title,Janet Evanovich,Manhunt,HarperTorch,title_rank_within_author,5.0,1,1,1,1,1,,,17.32,17.32,,11.5853,Title concentration inside top author portfolios.
author_title_concentration,author_title,Jodi Picoult,Vanishing Acts,Washington Square Press,title_rank_within_author,5.0,1,1,1,1,1,,,13.84,13.84,,10.5989,Title concentration inside top author portfolios.
author_title_concentration,author_title,John Grisham,John Grisham Value Collection: A Time to Kill  The Firm  The Client,Random House Audio,title_rank_within_author,5.0,1,1,1,1,1,,,18.46,18.46,,12.2333,Title concentration inside top author portfolios.
author_title_concentration,author_title,Kahlil Gibran,Sand and Foam,Knopf,title_rank_within_author,5.0,1,1,1,1,1,,,11.53,11.53,,6.8314,Title concentration inside top author portfolios.
author_title_concentration,author_title,Laura Ingalls Wilder,"Little House Friends (Little House Chapter Books: Laura  #9)",HarperCollins,title_rank_within_author,5.0,1,1,2,2,2,,,10.52,5.26,,7.1828,Title concentration inside top author portfolios.
author_title_concentration,author_title,Laurell K. Hamilton,"Schattenkuss (Meredith Gentry  #1)",Blanvalet Taschenbuch Verlag,title_rank_within_author,5.0,1,1,1,1,1,,,18.74,18.74,,8.3009,Title concentration inside top author portfolios.
author_title_concentration,author_title,Maeve Binchy,Light a Penny Candle,Arrow,title_rank_within_author,5.0,1,1,1,1,1,,,15.79,15.79,,10.6581,Title concentration inside top author portfolios.
author_title_concentration,author_title,Marcel Proust,Marcel Proust: On Art and Literature 1896-1919,Carroll & Graf Publishers,title_rank_within_author,5.0,1,1,1,1,1,,,13.31,13.31,,9.852,Title concentration inside top author portfolios.
author_title_concentration,author_title,Margaret Weis,Love and War: Tales  Volume Three (Dragonlance: Tales),Wizards of the Coast,title_rank_within_author,5.0,1,1,1,1,1,,,19.54,19.54,,7.0585,Title concentration inside top author portfolios.
author_title_concentration,author_title,Marian Keyes,Under the Duvet,Penguin UK,title_rank_within_author,5.0,1,1,1,1,1,,,13.32,13.32,,9.3232,Title concentration inside top author portfolios.
author_title_concentration,author_title,Mark Twain,Mark Twain's Adventures of Huckleberry Finn,Hungry Minds,title_rank_within_author,5.0,1,1,1,1,1,,,16.56,16.56,,11.758,Title concentration inside top author portfolios.
author_title_concentration,author_title,Mary Higgins Clark,"The Christmas Thief (Regan Reilly Mysteries  #9)",Doubleday,title_rank_within_author,5.0,1,1,1,1,1,,,16.26,16.26,,8.3719,Title concentration inside top author portfolios.
author_title_concentration,author_title,Mercedes Lackey,"Beyond World's End (Bedlam's Bard  #4)",Baen,title_rank_within_author,5.0,1,1,1,1,1,,,19.36,19.36,,6.8073,Title concentration inside top author portfolios.
author_title_concentration,author_title,Neil Gaiman,The Day I Swapped My Dad for Two Goldfish,HarperCollins,title_rank_within_author,5.0,1,1,1,1,1,,,14.43,14.43,,8.5476,Title concentration inside top author portfolios.
author_title_concentration,author_title,Orson Scott Card,The Abyss,Legend,title_rank_within_author,5.0,1,1,2,2,2,,,21.34,10.67,,8.0283,Title concentration inside top author portfolios.
author_title_concentration,author_title,P.G. Wodehouse,Cocktail Time,Harry N. Abrams,title_rank_within_author,5.0,1,1,2,2,2,,,22.43,11.215,,6.3907,Title concentration inside top author portfolios.
author_title_concentration,author_title,Philip K. Dick,Flow My Tears  the Policeman Said,Gollancz,title_rank_within_author,5.0,1,1,1,1,1,,,14.37,14.37,,8.3888,Title concentration inside top author portfolios.
author_title_concentration,author_title,Philippa Gregory,"The Favored Child (The Wideacre Trilogy  #2)",Washington Square Press,title_rank_within_author,5.0,1,1,2,2,2,,,21.41,10.705,,12.779,Title concentration inside top author portfolios.
author_title_concentration,author_title,Piers Anthony,"Vision of Tarot (Tarot  #2)",Ace Books,title_rank_within_author,5.0,1,1,2,2,2,,,18.33,9.165,,6.0008,Title concentration inside top author portfolios.
author_title_concentration,author_title,Plato,Plato's Symposium,University of Chicago Press,title_rank_within_author,5.0,1,1,1,1,1,,,16.89,16.89,,9.9318,Title concentration inside top author portfolios.
author_title_concentration,author_title,Quentin Blake,The Twits,Puffin Books,title_rank_within_author,5.0,1,1,2,2,1,,,20.72,10.36,,10.398,Title concentration inside top author portfolios.
author_title_concentration,author_title,Ray Bradbury,The Dark Descent,Tor Books,title_rank_within_author,5.0,1,1,1,1,1,,,13.88,13.88,,9.8601,Title concentration inside top author portfolios.
author_title_concentration,author_title,Roald Dahl,The Giraffe and the Pelly and Me,Puffin,title_rank_within_author,5.0,1,1,2,2,2,,,26.21,13.105,,8.0562,Title concentration inside top author portfolios.
author_title_concentration,author_title,Robert A. Heinlein,Masterpieces: The Best Science Fiction of the Twentieth Century,Ace Books,title_rank_within_author,5.0,1,1,1,1,1,,,10.35,10.35,,6.5523,Title concentration inside top author portfolios.
author_title_concentration,author_title,Rumiko Takahashi,"Ranma 1/2  Vol. 27 (Ranma ½ (US 2nd)  #27)",VIZ Media LLC,title_rank_within_author,5.0,1,1,2,2,2,,,19.23,9.615,,7.3408,Title concentration inside top author portfolios.
author_title_concentration,author_title,Sandra Brown,"Fanta C (Mason Sisters  #1)",Fanfare,title_rank_within_author,5.0,1,1,1,1,1,,,19.19,19.19,,5.3167,Title concentration inside top author portfolios.
author_title_concentration,author_title,Sophocles,The Oedipus Plays of Sophocles,Signet Books (NY),title_rank_within_author,5.0,1,1,1,1,1,,,19.04,19.04,,11.1783,Title concentration inside top author portfolios.
author_title_concentration,author_title,SparkNotes,A Streetcar Named Desire (SparkNotes Literature Guide),SparkNotes,title_rank_within_author,5.0,1,1,2,2,2,,,12.47,6.235,,9.1496,Title concentration inside top author portfolios.
author_title_concentration,author_title,Stephen King,The Mist,Simon & Schuster Audio,title_rank_within_author,5.0,1,1,1,1,1,,,19.77,19.77,,4.4775,Title concentration inside top author portfolios.
author_title_concentration,author_title,Terry Pratchett,"Guards! Guards! (Discworld  #8)",Turtleback Books,title_rank_within_author,5.0,1,1,3,3,3,,,12.41,4.1367,,7.4476,Title concentration inside top author portfolios.
author_title_concentration,author_title,Tom Clancy,"Cybernation (Tom Clancy's Net Force  #6)",Berkley,title_rank_within_author,5.0,1,1,2,2,2,,,19.4,9.7,,9.1943,Title concentration inside top author portfolios.
author_title_concentration,author_title,Tracy Hickman,"Into the Labyrinth (The Death Gate Cycle  #6)",Spectra Books,title_rank_within_author,5.0,1,1,1,1,1,,,19.24,19.24,,9.6166,Title concentration inside top author portfolios.
author_title_concentration,author_title,Ursula K. Le Guin,Selected Stories,Vintage,title_rank_within_author,5.0,1,1,1,1,1,,,14.7,14.7,,7.99,Title concentration inside top author portfolios.
author_title_concentration,author_title,V.C. Andrews,"Shooting Stars (Shooting Stars  #1-4)",Pocket Books,title_rank_within_author,5.0,1,1,1,1,1,,,18.17,18.17,,9.8057,Title concentration inside top author portfolios.
author_title_concentration,author_title,William Goldman,The Princess Bride,Ballantine Books,title_rank_within_author,5.0,1,1,1,1,1,,,10.94,10.94,,7.7021,Title concentration inside top author portfolios.
author_title_concentration,author_title,William Shakespeare,Romeo and Juliet (SparkNotes Literature Guide),SparkNotes,title_rank_within_author,5.0,1,1,2,2,2,,,21.76,10.88,,7.3509,Title concentration inside top author portfolios.
author_title_concentration,author_title,William Sleator,"Parasite Pig (Interstellar Pig #2)",Firebird,title_rank_within_author,5.0,1,1,2,2,2,,,15.13,7.565,,11.3939,Title concentration inside top author portfolios.
